path	original	line	comment
ACTIONFAIL.GENERIC.ITEMMIMIC	好吧，这就不太方便了。	8	暂无注释
ACTIONFAIL.ACTIVATE.LOCKED_GATE	大门锁上了。	12	远古钥匙
ACTIONFAIL.ACTIVATE.HOSTBUSY	他现在好像有点忙。	13	鸦年华 良羽鸦在忙
ACTIONFAIL.ACTIVATE.CARNIVAL_HOST_HERE	他就在附近。	14	良羽鸦的 取消了 不会被调用
ACTIONFAIL.ACTIVATE.NOCARNIVAL	鸟儿看起来都飞走了。	15	激活良羽鸦树苗 但是没找到良羽鸦
ACTIONFAIL.ACTIVATE.EMPTY_CATCOONDEN	糟糕，我还以为里面肯定会有好东西呢！	16	洗劫空心树桩 但是没有藏品了
ACTIONFAIL.ACTIVATE.KITCOON_HIDEANDSEEK_NOT_ENOUGH_HIDERS	应该不会这么容易，要是再多几个小家伙就好了……	17	浣猫年 和猫玩耍 猫不够
ACTIONFAIL.ACTIVATE.KITCOON_HIDEANDSEEK_NOT_ENOUGH_HIDING_SPOTS	周围没有很多地方可供它们藏身。	18	浣猫年 和猫玩耍 没有足够位置捉迷藏
ACTIONFAIL.ACTIVATE.KITCOON_HIDEANDSEEK_ONE_GAME_PER_DAY	我想今天就到此为止吧。	19	浣猫年 和猫玩耍 一天只能玩一次
ACTIONFAIL.ACTIVATE.MANNEQUIN_EQUIPSWAPFAILED	他应该穿不上。	20	假人不能装备这个装备
ACTIONFAIL.ACTIVATE.PILLOWFIGHT_NO_HANDPILLOW	我需要一个枕头来战斗！	21	枕头大战 没有枕头
ACTIONFAIL.ACTIVATE.NOTMYBERNIE	我的毛绒玩具可没那么可怕。	22	博尼小熊  不能被不是威洛的人激活
ACTIONFAIL.ACTIVATE.NOTMERM	只有鱼人才能召唤鱼人。	23	激活XX  不是鱼人
ACTIONFAIL.APPLYELIXIR.TOO_SUPER	这个味道有点大了。	29	暂无注释
ACTIONFAIL.APPRAISE.NOTNOW	人家忙着呢。	39	给牛评价 时间不对
ACTIONFAIL.ATTUNE.NOHEALTH	我感觉不够好。	43	制造肉雕像血量不足
ACTIONFAIL.BATHBOMB.GLASSED	不行，表面都变玻璃了。	47	月岛池子 里面已经有玻璃了
ACTIONFAIL.BATHBOMB.ALREADY_BOMBED	别浪费沐浴球。	48	月岛池子 已经有人放进去沐浴球了
ACTIONFAIL.BUILD.MOUNTED	放不下。	63	建造失败（骑乘状态）
ACTIONFAIL.BUILD.HASPET	我已经有一只宠物了。	64	建造失败（已经有一个宠物了）
ACTIONFAIL.BUILD.TICOON	我对自己的大虎专一投入，眼里根本没别人。	65	制作浣猫年 大虎失败
ACTIONFAIL.BUILD.BUSY_STATION	我得再等等。	66	暂无注释
ACTIONFAIL.CARNIVALGAME_FEED.TOO_LATE	我得快一点！	70	鸦年华活动 喂食太慢
ACTIONFAIL.CHANGEIN.GENERIC	我现在不想换。	100	换装失败 
ACTIONFAIL.CHANGEIN.BURNING	现在太危险了！	101	换装失败-着火了
ACTIONFAIL.CHANGEIN.INUSE	它一次只能进行一种风格转变。	102	衣橱有人占用
ACTIONFAIL.CHANGEIN.NOTENOUGHHAIR	皮毛不够用来装扮。	103	给牛换装 牛毛被刮光了
ACTIONFAIL.CHANGEIN.NOOCCUPANT	得在上面栓点东西。	104	给牛换装 没牛？
ACTIONFAIL.CHARGE_FROM.NOT_ENOUGH_CHARGE	难怪我不来电，早就没电了！	108	WX-78从发电机充电 没有电
ACTIONFAIL.CHARGE_FROM.CHARGE_FULL	满电状态！	109	WX-78从发电机充电 电已经满了
ACTIONFAIL.COMPARE_WEIGHABLE.FISH_TOO_SMALL	这家伙太小了。	113	鱼秤 手上的没鱼缸里的大
ACTIONFAIL.COMPARE_WEIGHABLE.OVERSIZEDVEGGIES_TOO_SMALL	还不够沉。	114	蔬菜秤 手上的没秤上的大
ACTIONFAIL.CONSTRUCT.INUSE	有人抢先了。	118	建筑正在使用
ACTIONFAIL.CONSTRUCT.NOTALLOWED	不匹配。	119	建筑不允许使用
ACTIONFAIL.CONSTRUCT.EMPTY	我需要一些建造材料。	120	建筑空了
ACTIONFAIL.CONSTRUCT.MISMATCH	哎呀，计划错误。	121	升级套件错误（目前用不到）
ACTIONFAIL.CONSTRUCT.NOTREADY	情况稳定下来之后它可能会出现。	122	建造建筑-没有准备好
ACTIONFAIL.COOK.GENERIC	我现在做不了饭。	126	做饭失败
ACTIONFAIL.COOK.INUSE	好像我们有一样的想法。	127	做饭失败-别人在用锅
ACTIONFAIL.COOK.TOOFAR	太远了！	128	做饭失败-太远
ACTIONFAIL.DEPLOY.HERMITCRAB_RELOCATE	空的。我准贝一会儿再试试。	132	暂无注释
ACTIONFAIL.DISMANTLE.COOKING	煮着东西呢，不能这样。	140	拆便携的物品-正在做饭
ACTIONFAIL.DISMANTLE.INUSE	科学告诉我，我该等轮到我。	141	拆便携的物品-正在使用
ACTIONFAIL.DISMANTLE.NOTEMPTY	我得先把里面的东西弄走。	142	拆便携的物品-里面有物品
ACTIONFAIL.DRAW.NOIMAGE	如果我面前有这东西，就比较容易了。	150	画图缺乏图像
ACTIONFAIL.FILL_OCEAN.UNSUITABLE_FOR_PLANTS	出于某些原因，植物不喜欢咸水。	163	水壶在海里灌水
ACTIONFAIL.FISH_OCEAN.TOODEEP	不是海钓竿，不适合深海海钓。	167	拿普通鱼竿去深海钓鱼
ACTIONFAIL.GIVE.GENERIC	那东西没有去那里。	171	给予失败
ACTIONFAIL.GIVE.DEAD	也许我该留着这个。	172	给予 -目标死亡
ACTIONFAIL.GIVE.SLEEPING	不省人事，无心牵挂。	173	给予--目标睡觉
ACTIONFAIL.GIVE.BUSY	我马上再试试。	174	给予--目标正忙
ACTIONFAIL.GIVE.ABIGAILHEART	这值得一试。	175	给阿比盖尔 救赎之心
ACTIONFAIL.GIVE.GHOSTHEART	或许，这不是好主意。	176	给鬼魂 救赎之心
ACTIONFAIL.GIVE.NOTGEM	我不会把那东西粘上去的！	177	给的不是宝石
ACTIONFAIL.GIVE.WRONGGEM	这个宝石在这里不起作用。	178	给错了宝石
ACTIONFAIL.GIVE.NOGENERATORSKILL	我不会把那东西粘上去的！	179	女工 没点技能不能用纯粹辉煌/纯粹恐惧
ACTIONFAIL.GIVE.NOTSTAFF	它的形状有些不对。	180	给月石祭坛的物品不是法杖
ACTIONFAIL.GIVE.MUSHROOMFARM_NEEDSSHROOM	一颗蘑菇可能会有更多的用处。	181	蘑菇农场需要蘑菇
ACTIONFAIL.GIVE.MUSHROOMFARM_NEEDSLOG	一块活木头可能会有更多的用处。	182	蘑菇农场需要活木
ACTIONFAIL.GIVE.MUSHROOMFARM_NOMOONALLOWED	这些蘑菇好像不愿意被种下去！	183	蘑菇农场里放入月蘑菇
ACTIONFAIL.GIVE.SLOTFULL	我们已经把一些东西放在那里了。	184	已经放了材料后，再给雕像桌子再给一个材料
ACTIONFAIL.GIVE.FOODFULL	这儿已经有一顿饭了。	185	没调用
ACTIONFAIL.GIVE.NOTDISH	它肯定不想吃那个。	186	没调用
ACTIONFAIL.GIVE.DUPLICATE	我们已经知道那个了。	187	给雕像桌子已经学习过的图纸
ACTIONFAIL.GIVE.NOTSCULPTABLE	即使是科学也不能把那玩意变成雕像。	188	给陶艺圆盘的东西不对
ACTIONFAIL.GIVE.NOTATRIUMKEY	它的形状有些不对。	189	中庭钥匙不对
ACTIONFAIL.GIVE.CANTSHADOWREVIVE	它不会复活。	190	中庭仍在CD
ACTIONFAIL.GIVE.WRONGSHADOWFORM	组装不对。	191	没调用
ACTIONFAIL.GIVE.NOMOON	我需要看到月亮才行。	192	洞穴里建造月石科技
ACTIONFAIL.GIVE.PIGKINGGAME_MESSY	我得先清理一下。	193	猪王旁边有建筑，不能开始抢元宝
ACTIONFAIL.GIVE.PIGKINGGAME_DANGER	现在这样太危险了。	194	危险，不能开始抢元宝
ACTIONFAIL.GIVE.PIGKINGGAME_TOOLATE	现在已经太晚了。	195	不是白天，不能开始抢元宝
ACTIONFAIL.GIVE.CARNIVALGAME_INVALID_ITEM	我需要去买代币。	196	鸦年华活动 给无效的物品
ACTIONFAIL.GIVE.CARNIVALGAME_ALREADY_PLAYING	已经有游戏在进行中了。	197	鸦年华活动 已经开始游戏了
ACTIONFAIL.GIVE.SPIDERNOHAT	我的口袋不能同时装下它们	198	喂食蜘蛛 没带蜘蛛帽
ACTIONFAIL.GIVE.TERRARIUM_REFUSE	也许我应该用不同种类的燃料进行实验……	199	盒中泰拉 拒绝这个物品
ACTIONFAIL.GIVE.TERRARIUM_COOLDOWN	树没长回来之前应该给不了东西。	200	盒中泰拉 在CD
ACTIONFAIL.GIVE.NOTAMONKEY	我不会说猴话。	201	不是芜猴 已弃用
ACTIONFAIL.GIVE.QUEENBUSY	她好像在忙。	202	猴子女王在忙
ACTIONFAIL.GIVE_TACKLESKETCH.DUPLICATE	不对，不对。	206	给陶盘已经有的图纸
ACTIONFAIL.GIVETOPLAYER.FULL	你的口袋太满了！	210	给玩家一个东西 -但是背包满了
ACTIONFAIL.GIVETOPLAYER.DEAD	也许我该留着这个。	211	给死亡的玩家一个东西
ACTIONFAIL.GIVETOPLAYER.SLEEPING	不省人事，无心牵挂。	212	给睡觉的玩家一个东西
ACTIONFAIL.GIVETOPLAYER.BUSY	我马上再试试。	213	给忙碌的玩家一个东西
ACTIONFAIL.GIVEALLTOPLAYER.FULL	你的口袋太满了！	217	给人一组东西 但是背包满了
ACTIONFAIL.GIVEALLTOPLAYER.DEAD	也许我该留着这个。	218	给于死去的玩家一组物品
ACTIONFAIL.GIVEALLTOPLAYER.SLEEPING	不省人事了。	219	给于正在睡觉的玩家一组物品
ACTIONFAIL.GIVEALLTOPLAYER.BUSY	我马上再试试。	220	给于正在忙碌的玩家一组物品
ACTIONFAIL.HARVEST.DOER_ISNT_MODULE_OWNER	它似乎对科学讨论没有兴趣。	224	暂无注释
ACTIONFAIL.HEAL.NOT_MERM	我猜它只对鱼人有效。	228	暂无注释
ACTIONFAIL.HERD_FOLLOWERS.WEBBERONLY	虽然它们不听我的，但是可能会听韦伯的。	232	不是韦伯，无法召集蜘蛛
ACTIONFAIL.HITCHUP.NEEDBEEF	有铃铛就能和皮弗娄牛交友了。	236	将牛拴起来 没有牛
ACTIONFAIL.HITCHUP.NEEDBEEF_CLOSER	我的皮弗娄牛伙计离我太远了。	237	将牛拴起来 牛太远
ACTIONFAIL.HITCHUP.BEEF_HITCHED	我的皮弗娄牛已经拴好了。	238	将牛拴起来 牛已经被拴起来了
ACTIONFAIL.HITCHUP.INMOOD	我的皮弗娄牛看起来太好动了。	239	将牛拴起来 牛在发情
ACTIONFAIL.LOWER_SAIL_FAIL[0]	哎呦！	250	降帆失败
ACTIONFAIL.LOWER_SAIL_FAIL[1]	根本慢不下来！	251	降帆失败
ACTIONFAIL.LOWER_SAIL_FAIL[2]	失败是成功的进行时！	252	降帆失败
ACTIONFAIL.MARK.ALREADY_MARKED	我已经选好了。	256	选择牛 已经选择了
ACTIONFAIL.MARK.NOT_PARTICIPANT	我没有选手参赛。	257	选择牛 不是参与者（已经开始了）?
ACTIONFAIL.MOUNT.TARGETINCOMBAT	我还没笨到去惹一头愤怒的皮弗娄牛！	261	骑乘，牛正在战斗
ACTIONFAIL.MOUNT.INUSE	有人抢先骑上去了！	262	骑乘（牛被占据）
ACTIONFAIL.MOUNT.SLEEPING	该醒醒了！	263	上牛  牛在睡觉
ACTIONFAIL.OCEAN_FISHING_POND.WRONGGEAR	这根钓竿不适合在池塘钓鱼。	267	拿深海鱼竿去普通的池子里钓鱼
ACTIONFAIL.OPEN_CRAFTING.PROFESSIONALCHEF	烹饪水平还不够。	271	别人无法通过 点击便携调料站 点开制作面板
ACTIONFAIL.OPEN_CRAFTING.SHADOWMAGIC	那可不是科学。	272	别人无法通过 打开老麦的暗影制作面板
ACTIONFAIL.PICK.NOTHING_INSIDE	它是空的。	276	暂无注释
ACTIONFAIL.PICK.STUCK	卡住了。	277	暂无注释
ACTIONFAIL.PICKUP.RESTRICTION	技能不够熟练，用不了。	281	熔炉模式下捡起错误的武器
ACTIONFAIL.PICKUP.INUSE	科学告诉我，我该等轮到我。	282	捡起已经打开的容器
ACTIONFAIL.PICKUP.NOTMINE_YOTC[0]	你可不是我的胡萝卜鼠。	286	捡起别人的胡萝卜鼠
ACTIONFAIL.PICKUP.NOTMINE_YOTC[1]	噢，它咬我！	287	捡起别人的胡萝卜鼠
ACTIONFAIL.PICKUP.FULL_OF_CURSES	我才不要碰。	290	捡起诅咒时 诅咒已满
ACTIONFAIL.PLANTREGISTRY_RESEARCH_FAIL.GENERIC	不剩什么需要学的了。	294	研究作物失败
ACTIONFAIL.PLANTREGISTRY_RESEARCH_FAIL.FERTILIZER	我不想知道太多细节。	295	研究肥料失败
ACTIONFAIL.POUR_WATER.OUT_OF_WATER	糟糕，没水了。	299	水壶空了
ACTIONFAIL.POUR_WATER_GROUNDTILE.OUT_OF_WATER	我的浇水壶干了。	303	水壶空了
ACTIONFAIL.REPAIR.WRONGPIECE	那不太对吧。	334	化石骨架拼接错误
ACTIONFAIL.REPLATE.MISMATCH	它需要另一种碟子。	338	暴食-换盘子换错了 比如用碗换碟子
ACTIONFAIL.REPLATE.SAMEDISH	我只需要用一个碟子。	339	暴食-换盘子已经换了
ACTIONFAIL.ROW_FAIL.BAD_TIMING0	太快了！	343	划船失败 第1次
ACTIONFAIL.ROW_FAIL.BAD_TIMING1	时机不对！	344	划船失败 第2次
ACTIONFAIL.ROW_FAIL.BAD_TIMING2	别再犯了！	345	划船失败 第3次
ACTIONFAIL.RUMMAGE.GENERIC	我不能那么做。	349	打开箱子失败
ACTIONFAIL.RUMMAGE.INUSE	他们在垃圾里埋头寻找。	350	打开箱子 正在使用
ACTIONFAIL.RUMMAGE.NOTMASTERCHEF	烹饪水平还不够。	351	非厨师尝试打开便携锅
ACTIONFAIL.RUMMAGE.NOTAMERM	我不认为鱼人会为此感到高兴。	352	往只有鱼人能用的箱子里放东西 但是你不是鱼人
ACTIONFAIL.RUMMAGE.NOTSOULJARHANDLER	此非我杯茶。	353	暂无注释
ACTIONFAIL.RUMMAGE.RESTRICTED	调查终止……我无能为力。	354	暂无注释
ACTIONFAIL.SADDLE.TARGETINCOMBAT	它生气时决不允许我那样做。	358	给战斗状态的牛上鞍
ACTIONFAIL.SHAVE.AWAKEBEEFALO	我才不会在他醒着时去弄。	362	给醒着的牛刮毛
ACTIONFAIL.SHAVE.GENERIC	我不能给那个剃毛！	363	刮牛毛失败
ACTIONFAIL.SHAVE.NOBITS	光的连毛茬子也不剩！	364	给没毛的牛刮毛
ACTIONFAIL.SHAVE.SOMEONEELSESBEEFALO	我才不薅别人家皮弗娄牛的毛！	366	给别人的牛刮毛
ACTIONFAIL.SLAUGHTER.TOOFAR	它逃走了。	374	屠杀？？ 因为太远而失败
ACTIONFAIL.START_CARRAT_RACE.NO_RACERS	我肯定是漏掉了什么东西。	378	试图开始胡萝卜鼠比赛 但是没有放胡萝卜鼠
ACTIONFAIL.STORE.GENERIC	装满了。	382	存放东西失败
ACTIONFAIL.STORE.NOTALLOWED	这东西不能装进那里。	383	存放东西--不被允许
ACTIONFAIL.STORE.INUSE	我应该等轮到我的时候。	384	别人正在用箱子
ACTIONFAIL.STORE.NOTMASTERCHEF	烹饪水平还不够。	385	非厨师尝试往便携锅里塞东西
ACTIONFAIL.STORE.NOTSOULJARHANDLER	我玩不了灵魂。	386	暂无注释
ACTIONFAIL.STORE.RESTRICTED	调查终止……我无能为力。	387	暂无注释
ACTIONFAIL.TEACH.KNOWN	我已经知道那个了。	391	学习已经知道的蓝图
ACTIONFAIL.TEACH.CANTLEARN	我无法学习那个。	392	学习无法学习的蓝图
ACTIONFAIL.TEACH.WRONGWORLD	这地图在这用不了。	393	学习另外一个世界的地图
ACTIONFAIL.TEACH.MESSAGEBOTTLEMANAGER_NOT_FOUND	光线太暗，我什么都看不到！	394	在地下使用漂流瓶
ACTIONFAIL.TEACH.STASH_MAP_NOT_FOUND	没看到“X就是地点的标志”。那帮家伙准是忘记画了。	395	宝藏图纸没有宝藏
ACTIONFAIL.UNLOCK.WRONGKEY	我做不到。	405	暂无注释
ACTIONFAIL.USEITEMON.BEEF_BELL_INVALID_TARGET	我不可能做到！	413	对无效目标使用牛铃铛
ACTIONFAIL.USEITEMON.BEEF_BELL_ALREADY_USED	这头弗娄牛已经属于别人了。	414	对已有主人的牛使用牛铃铛
ACTIONFAIL.USEITEMON.BEEF_BELL_HAS_BEEF_ALREADY	我不需要整个牛群。	415	已有牛 使用牛铃铛
ACTIONFAIL.USEITEMON.NOT_MINE	这是别人的。	416	暂无注释
ACTIONFAIL.USEITEMON.CANNOT_FIX_DRONE	损坏太严重，无法修复。	417	暂无注释
ACTIONFAIL.USEKLAUSSACKKEY.WRONGKEY	哎呀！那不对。	421	使用克劳斯钥匙
ACTIONFAIL.USEKLAUSSACKKEY.KLAUS	我有点忙！！	422	克劳斯
ACTIONFAIL.WRAPBUNDLE.EMPTY	我需要有东西来打包。	426	打包纸是空的
ACTIONFAIL.WRITE.GENERIC	我觉得它现在这样挺好。	430	写字失败
ACTIONFAIL.WRITE.INUSE	只有能容纳一个涂鸦者的空间。	431	写字 正在使用中
ACTIONFAIL.YOTB_STARTCONTEST.DOESNTWORK	看来这里并不支持艺术。	435	牛年活动 NPC不在工作
ACTIONFAIL.YOTB_STARTCONTEST.ALREADYACTIVE	他可能忙着比别的比赛呢。	436	牛年活动 NPC已经激活
ACTIONFAIL.YOTB_STARTCONTEST.NORESPONSE	他一定是游荡到别处去了。	437	暂无注释
ACTIONFAIL.YOTB_STARTCONTEST.RIGHTTHERE	他忙着。	438	暂无注释
ACTIONFAIL.YOTB_UNLOCKSKIN.ALREADYKNOWN	一个熟悉的样式……这个我已经掌握了！	442	牛年活动 解锁已知皮肤
ACTIONFAIL.CARVEPUMPKIN.INUSE	好像我们有一样的想法。	446	暂无注释
ACTIONFAIL.CARVEPUMPKIN.BURNING	火焰正在灼伤我。	447	暂无注释
ACTIONFAIL.DECORATESNOWMAN.INUSE	有人占着雪人呢！	451	暂无注释
ACTIONFAIL.DECORATESNOWMAN.HASHAT	雪人可不能双戴帽！	452	暂无注释
ACTIONFAIL.DECORATESNOWMAN.STACKEDTOOHIGH	它太高了！	453	暂无注释
ACTIONFAIL.DECORATESNOWMAN.MELTING	我做不到！快要融化了！	454	暂无注释
ACTIONFAIL.POUNCECAPTURE.MISSED	可恶，我漏掉了。	470	暂无注释
ACTIONFAIL.DIVEGRAB.MISSED	可恶，我漏掉了。	474	暂无注释
ACTIONFAIL.SOAKIN.NOSPACE	无法置换位置。	478	there's someone in that space. there's no room there.  --暂无注释
ANNOUNCE_CANNOT_BUILD.NO_INGREDIENTS	我似乎缺少一些重要组件。	483	暂无注释
ANNOUNCE_CANNOT_BUILD.NO_TECH	这个需要投入更多科研！	484	暂无注释
ANNOUNCE_CANNOT_BUILD.NO_STATION	我现在制作不了。	485	暂无注释
ACTIONFAIL_GENERIC	我做不到。	487	动作失败
ANNOUNCE_BOAT_LEAK	水越来越多了。	488	船撞了个洞
ANNOUNCE_BOAT_SINK	我不想淹死！	489	船漏水
ANNOUNCE_PREFALLINVOID	我感觉到事态的严重性！	490	暂无注释
ANNOUNCE_DIG_DISEASE_WARNING	它看起来已经好多了。	491	挖起生病的植物
ANNOUNCE_PICK_DISEASE_WARNING	嗯啊，本来就是那味道吗？	492	（植物生病）
ANNOUNCE_ADVENTUREFAIL	这次不太顺利。我必须再试一次。	493	没调用（废案）
ANNOUNCE_MOUNT_LOWHEALTH	这野兽似乎受伤了。	494	牛血量过低
ANNOUNCE_BEES	蜜蜂！！！！	513	戴养蜂帽被蜜蜂蛰
ANNOUNCE_BOOMERANG	噢！我应该尽量接住它！	514	回旋镖
ANNOUNCE_CHARLIE	那情景...好熟悉！你好？	515	查理即将攻击
ANNOUNCE_CHARLIE_ATTACK	噢！有东西咬我！	516	被查理攻击
ANNOUNCE_COLD	好冷！	518	过冷
ANNOUNCE_HOT	需要...冰...或...阴凉处！	519	过热
ANNOUNCE_CRAFTING_FAIL	缺少一些关键成分。	520	没调用
ANNOUNCE_DEERCLOPS	听上去是个大家伙！	521	boss来袭
ANNOUNCE_CAVEIN	天花板在晃动！	522	要地震了？？？
ANNOUNCE_ANTLION_SINKHOLE[0]	地面在晃动！	525	蚁狮地震
ANNOUNCE_ANTLION_SINKHOLE[1]	地震！	526	蚁狮地震
ANNOUNCE_ANTLION_SINKHOLE[2]	可怕的地震波！	527	蚁狮地震
ANNOUNCE_ANTLION_TRIBUTE[0]	请允许我致敬。	531	向蚁狮致敬
ANNOUNCE_ANTLION_TRIBUTE[1]	给你的贡品，伟大的蚁狮。	532	给蚁狮上供
ANNOUNCE_ANTLION_TRIBUTE[2]	那会暂时让它安静...	533	给蚁狮上供
ANNOUNCE_SACREDCHEST_YES	我认为我值得。	535	远古宝箱物品正确给出蓝图
ANNOUNCE_SACREDCHEST_NO	它不喜欢那个。	536	远古宝箱
ANNOUNCE_DUSK	不早了。天马上就黑了。	537	进入黄昏
ANNOUNCE_EAT.GENERIC	好吃！	555	吃东西
ANNOUNCE_EAT.PAINFUL	我感觉不太好。	556	吃怪物肉
ANNOUNCE_EAT.SPOILED	呸！太难吃了！	557	吃腐烂食物
ANNOUNCE_EAT.STALE	我觉得它开始变质了。	558	吃黄色食物
ANNOUNCE_EAT.INVALID	我不吃那玩意！	559	拒吃
ANNOUNCE_EAT.YUCKY	把那个放进嘴里太恶心了！	560	吃红色食物
ANNOUNCE_ENCUMBERED[0]	气喘...吁吁...	575	搬运雕像、可疑的大理石
ANNOUNCE_ENCUMBERED[1]	我应该制造...一台起重机...	576	搬运雕像、可疑的大理石
ANNOUNCE_ENCUMBERED[2]	抬起来...用你的背...	577	搬运雕像、可疑的大理石
ANNOUNCE_ENCUMBERED[3]	这不是...绅士该做的...工作...	578	搬运雕像、可疑的大理石
ANNOUNCE_ENCUMBERED[4]	为了...科学！	579	搬运雕像、可疑的大理石
ANNOUNCE_ENCUMBERED[5]	这东西...正把我头发弄得一团糟吗？	580	搬运雕像、可疑的大理石
ANNOUNCE_ENCUMBERED[6]	哼...！	581	搬运雕像、可疑的大理石
ANNOUNCE_ENCUMBERED[7]	气喘...吁吁...	582	搬运雕像、可疑的大理石
ANNOUNCE_ENCUMBERED[8]	这是最糟糕的...实验...	583	搬运雕像、可疑的大理石
ANNOUNCE_ATRIUM_DESTABILIZING[0]	我该走了！	587	中庭击杀boss后即将刷新
ANNOUNCE_ATRIUM_DESTABILIZING[1]	那是什么？！	588	中庭震动
ANNOUNCE_ATRIUM_DESTABILIZING[2]	这里不安全。	589	中庭击杀boss后即将刷新
ANNOUNCE_RUINS_RESET	所有的怪兽都回来了！	591	地下重置
ANNOUNCE_SNARED	尖锐！尖锐的骨头！！	592	远古嘤嘤怪的骨笼
ANNOUNCE_SNARED_IVY	救命啊！花园正在反击!	593	被针刺旋花攻击
ANNOUNCE_REPELLED	它有保护！	594	嘤嘤怪保护状态
ANNOUNCE_ENTER_DARK	伸手不见五指！	595	进入黑暗
ANNOUNCE_ENTER_LIGHT	我又可以看到东西了！	596	进入光源
ANNOUNCE_FREEDOM	我自由了！我终于自由了！	597	没调用（废案）
ANNOUNCE_HIGHRESEARCH	感觉我现在太聪明了！	598	没调用（废案）
ANNOUNCE_HOUNDS	你听到了吗？	599	猎犬将至
ANNOUNCE_WORMS	你感觉到了吗？	600	蠕虫袭击
ANNOUNCE_WORMS_BOSS	听起来不太妙？	601	暂无注释
ANNOUNCE_ACIDBATS	你听到了吗？	602	暂无注释
ANNOUNCE_HUNGRY	我好饿！	603	饥饿
ANNOUNCE_HUNT_BEAST_NEARBY	新鲜的足迹，那只野兽肯定就在附近。	604	即将找到野兽
ANNOUNCE_HUNT_LOST_TRAIL	野兽的足迹到这里就没了。	605	猎物（大象脚印丢失）
ANNOUNCE_HUNT_LOST_TRAIL_SPRING	这种湿土留不下脚印。	606	大猎物丢失踪迹
ANNOUNCE_HUNT_START_FORK	这个踪迹看起来有危险。	607	暂无注释
ANNOUNCE_HUNT_SUCCESSFUL_FORK	没有野兽能与我的智慧匹敌！	608	暂无注释
ANNOUNCE_HUNT_WRONG_FORK	我感到有东西在看着我。	609	暂无注释
ANNOUNCE_HUNT_AVOID_FORK	这个踪迹看起来安全些了。	610	暂无注释
ANNOUNCE_INV_FULL	我拿不了更多的东西了！	611	身上的物品满了
ANNOUNCE_KNOCKEDOUT	嗷，我的头！	612	被催眠
ANNOUNCE_LOWRESEARCH	我没从那儿学到什么。	613	没调用（废案）
ANNOUNCE_MOSQUITOS	啊！滚开！	614	没调用
ANNOUNCE_NOWARDROBEONFIRE	它着火了，我换不了衣服！	615	橱柜着火
ANNOUNCE_NODANGERGIFT	怪物在四周，我无法拆礼物！	616	周围有危险的情况下打开礼物
ANNOUNCE_NOMOUNTEDGIFT	我得先从皮弗娄牛身上下来。	617	骑牛的时候打开礼物
ANNOUNCE_NODANGERSLEEP	我很害怕就这样睡死过去！	618	危险，不能睡觉
ANNOUNCE_NODAYSLEEP	光线太亮了。	619	白天睡帐篷
ANNOUNCE_NODAYSLEEP_CAVE	我不累。	620	洞穴里白天睡帐篷
ANNOUNCE_NOHUNGERSLEEP	我太饿了，睡不着，我肚子的咕咕叫声会让我一直醒着的！	621	饿了无法睡觉
ANNOUNCE_NOSLEEPONFIRE	我没有在那里面睡觉的强烈欲望。	622	营帐着火无法睡觉
ANNOUNCE_NODANGERSIESTA	现在午休太危险了！	624	危险，不能午睡
ANNOUNCE_NONIGHTSIESTA	晚上该睡觉，而不是午休。	625	夜晚睡凉棚
ANNOUNCE_NONIGHTSIESTA_CAVE	我不认为我在这里能真正放松下来。	626	在洞穴里夜晚睡凉棚
ANNOUNCE_NOHUNGERSIESTA	我太饿了，没法午休！	627	饱度不足无法午睡
ANNOUNCE_NO_TRAP	好吧，挺简单的。	628	没有陷阱？？？没调用
ANNOUNCE_PECKED	噢！停下！	629	被小高鸟啄
ANNOUNCE_QUAKE	听起来不妙。	630	地震
ANNOUNCE_RESEARCH	活到老学到老！	631	没调用
ANNOUNCE_SHELTER	大树，多谢你保护我免受自然侵害！	632	下雨天躲树下
ANNOUNCE_THORNS	噢！	633	玫瑰、仙人掌、荆棘扎手
ANNOUNCE_BURNT	呀！好烫！	634	烧完了
ANNOUNCE_TORCH_OUT	火灭了！	635	火把用完了
ANNOUNCE_THURIBLE_OUT	它消耗殆尽了。	636	香炉燃尽
ANNOUNCE_FAN_OUT	我的风扇已随风消逝。	637	小风车停了
ANNOUNCE_COMPASS_OUT	这个指南针再也指不了方向了。	638	指南针用完了
ANNOUNCE_TRAP_WENT_OFF	哎呀。	639	触发陷阱（例如冬季陷阱）
ANNOUNCE_UNIMPLEMENTED	噢！这应该还没准备好。	640	没调用
ANNOUNCE_WORMHOLE	头脑正常的人可不会干那事。	641	跳虫洞
ANNOUNCE_TOWNPORTALTELEPORT	我不确定那是不是科学。	643	豪华传送
ANNOUNCE_CANFIX	\n我觉得我能修好这个！	644	墙壁可以修理
ANNOUNCE_ACCOMPLISHMENT	我觉得好有成就感！	645	没调用
ANNOUNCE_ACCOMPLISHMENT_DONE	如果我的朋友现在能看到我就好了...	646	没调用
ANNOUNCE_INSUFFICIENTFERTILIZER	你还饿吗，植物？	647	土地肥力不足
ANNOUNCE_TOOL_SLIP	哦，那工具太滑手了！	648	工具滑出
ANNOUNCE_LIGHTNING_DAMAGE_AVOIDED	躲过了那可怕的闪电！	649	规避闪电
ANNOUNCE_TOADESCAPING	癞蛤蟆正在失去兴趣。	650	蟾蜍正在逃跑
ANNOUNCE_TOADESCAPED	癞蛤蟆逃走了。	651	蟾蜍逃走了
ANNOUNCE_DAMP	哦，水。	652	潮湿（1级）
ANNOUNCE_WET	我的衣服好像会渗水。	653	潮湿（2级）
ANNOUNCE_WETTER	漫漫水路！	654	潮湿（3级）
ANNOUNCE_SOAKED	我快达到饱和点了。	655	潮湿（4级）
ANNOUNCE_WASHED_ASHORE	衣服弄湿了，但是还活着。	656	落水被冲上岸
ANNOUNCE_DESPAWN	我能看见光!	657	下线
ANNOUNCE_BECOMEGHOST	呜呜呜呜呜！！	658	变成鬼魂
ANNOUNCE_GHOSTDRAIN	我的人性要开始流失了...	659	队友死亡掉san
ANNOUNCE_PETRIFED_TREES	我刚刚听到树在尖叫吗？	660	石化树
ANNOUNCE_KLAUS_ENRAGE	现在没有办法打败它了！！	661	克劳斯被激怒（杀死了鹿）
ANNOUNCE_KLAUS_UNCHAINED	它的链条松开了！	662	克劳斯-未上锁的  猜测是死亡准备变身？
ANNOUNCE_KLAUS_CALLFORHELP	它在求救！	663	克劳斯召唤小偷
ANNOUNCE_MOONALTAR_MINE.GLASS_MED	里面有东西。	666	月岛科技三个部分被挖开
ANNOUNCE_MOONALTAR_MINE.GLASS_LOW	快挖出来了。	667	月岛科技三个部分被挖开
ANNOUNCE_MOONALTAR_MINE.GLASS_REVEAL	你自由了！	668	月岛科技三个部分被挖开
ANNOUNCE_MOONALTAR_MINE.IDOL_MED	里面有东西。	669	月岛科技三个部分被挖开
ANNOUNCE_MOONALTAR_MINE.IDOL_LOW	快挖出来了。	670	月岛科技三个部分被挖开
ANNOUNCE_MOONALTAR_MINE.IDOL_REVEAL	你自由了！	671	月岛科技三个部分被挖开
ANNOUNCE_MOONALTAR_MINE.SEED_MED	里面有东西。	672	月岛科技三个部分被挖开
ANNOUNCE_MOONALTAR_MINE.SEED_LOW	快挖出来了。	673	月岛科技三个部分被挖开
ANNOUNCE_MOONALTAR_MINE.SEED_REVEAL	你自由了！	674	月岛科技三个部分被挖开
ANNOUNCE_SPOOKED	啊！	676	被吓到
ANNOUNCE_BRAVERY_POTION	那些树看上去没那么可怕了。	677	勇气药剂
ANNOUNCE_MOONPOTION_FAILED	可能没泡够时间……	678	万圣节月亮药水 对不能变化的物品使用
ANNOUNCE_EATING_NOT_FEASTING	我应该跟其他人分享的。	679	冬季盛宴的植物 单人吃（但是没调用）
ANNOUNCE_WINTERS_FEAST_BUFF	满满的节日精神！	680	冬季盛宴食物buff开始
ANNOUNCE_IS_FEASTING	冬季盛宴快乐！	681	冬季盛宴 大家一起吃
ANNOUNCE_WINTERS_FEAST_BUFF_OVER	节过的真快……	682	冬季盛宴食物buff结束
ANNOUNCE_REVIVING_CORPSE	让我帮帮你。	683	没调用（熔炉）
ANNOUNCE_REVIVED_OTHER_CORPSE	焕然一新！	684	没调用（熔炉）
ANNOUNCE_REVIVED_FROM_CORPSE	好多了，谢谢啦。	685	没调用（熔炉）
ANNOUNCE_FLARE_SEEN	是谁发出的信号？	686	看见信号弹
ANNOUNCE_MEGA_FLARE_SEEN	那个闪光会带来麻烦。	687	暂无注释
ANNOUNCE_OCEAN_SILHOUETTE_INCOMING	不好，海怪！	688	深海 轮廓？ 没调用
ANNOUNCE_ROYALTY[0]	陛下。	829	向带着蜂王帽的队友鞠躬
ANNOUNCE_ROYALTY[1]	殿下。	830	向带着蜂王帽的队友鞠躬
ANNOUNCE_ROYALTY[2]	我的君主！	831	向带着蜂王帽的队友鞠躬
ANNOUNCE_ROYALTY_JOKER[0]	“陛下”。	835	暂无注释
ANNOUNCE_ROYALTY_JOKER[1]	“殿下”。	836	暂无注释
ANNOUNCE_ROYALTY_JOKER[2]	“大王”！	837	暂无注释
ANNOUNCE_ATTACH_BUFF_ELECTRICATTACK	我带的是正电！	839	获得电击buff
ANNOUNCE_ATTACH_BUFF_ATTACK	动手打！	840	获得攻击加强的buff(目前是指辣椒粉料理)
ANNOUNCE_ATTACH_BUFF_PLAYERABSORPTION	我现在感觉安全多了！	841	获得防御加强的buff(目前是指大蒜粉料理)
ANNOUNCE_ATTACH_BUFF_WORKEFFECTIVENESS	生产力提高！	842	获得工作效率加强的buff(目前是指蜂蜜粉料理)
ANNOUNCE_ATTACH_BUFF_MOISTUREIMMUNITY	干的像薇克巴顿的讲义！	843	获得潮湿免疫的buff(目前是指蓝带鱼排)
ANNOUNCE_ATTACH_BUFF_SLEEPRESISTANCE	顿时觉得神清气爽，再也不累了！	844	获得睡眠减缓的buff(目前是指月蘑菇料理)
ANNOUNCE_DETACH_BUFF_ELECTRICATTACK	电没了，但是还残存静电。	845	失去电击buff
ANNOUNCE_DETACH_BUFF_ATTACK	肌肉紧实的感觉很快就消失了。	846	失去攻击加强的buff(目前是指辣椒粉料理)
ANNOUNCE_DETACH_BUFF_PLAYERABSORPTION	虽然时间不长，但是还不错。	847	失去防御加强的buff(目前是指大蒜粉料理)
ANNOUNCE_DETACH_BUFF_WORKEFFECTIVENESS	拖延症又回来了...	848	失去工作效率加强的buff(目前是指蜂蜜粉料理)
ANNOUNCE_DETACH_BUFF_MOISTUREIMMUNITY	我的干旱期结束了。	849	失去潮湿免疫的buff(目前是指蓝带鱼排)
ANNOUNCE_DETACH_BUFF_SLEEPRESISTANCE	我……（哈欠）再也……不累了……	850	失去睡眠减缓的buff(目前是指月蘑菇料理)
ANNOUNCE_OCEANFISHING_LINESNAP	所有辛苦，都被折断。	851	海钓 线崩断了
ANNOUNCE_OCEANFISHING_LINETOOLOOSE	收线也许管用。	852	海钓失败 渔具丢失
ANNOUNCE_OCEANFISHING_GOTAWAY	它逃走了。	853	海钓 鱼跑远了
ANNOUNCE_OCEANFISHING_BADCAST	甩竿技术有待提高……	854	海钓 抛竿扔地面上去了
ANNOUNCE_OCEANFISHING_IDLE_QUOTE[0]	鱼呢？	857	海钓 没上钩的时候闲聊
ANNOUNCE_OCEANFISHING_IDLE_QUOTE[1]	也许该换个鱼多的地方钓。	858	海钓 没上钩的时候闲聊
ANNOUNCE_OCEANFISHING_IDLE_QUOTE[2]	我还以为海里到处都是鱼呢！	859	海钓 没上钩的时候闲聊
ANNOUNCE_OCEANFISHING_IDLE_QUOTE[3]	我现在明明可以做更科学的事情……	860	海钓 没上钩的时候闲聊
ANNOUNCE_WEIGHT	重量：{weight}	862	称重 
ANNOUNCE_WEIGHT_HEAVY	重量: {weight}\n我是重量级的钓手!	863	称重 大鱼
ANNOUNCE_WINCH_CLAW_MISS	好像没对准。	864	绞绞吸盘 没命中
ANNOUNCE_WINCH_CLAW_NO_ITEM	得！两手空空。	865	绞绞吸盘 没东西
ANNOUNCE_WEAK_RAT	这只胡萝卜鼠不在训练的状态。	892	试图训练快饿死的胡萝卜鼠
ANNOUNCE_CARRAT_START_RACE	实验——，比赛开始！	893	胡萝卜鼠开始比赛
ANNOUNCE_CARRAT_ERROR_WRONG_WAY[0]	不，不！方向错了！	896	胡萝卜鼠比赛 跑错方向
ANNOUNCE_CARRAT_ERROR_WRONG_WAY[1]	掉头，你什么眼神啊！	897	胡萝卜鼠比赛 跑错方向
ANNOUNCE_CARRAT_ERROR_FELL_ASLEEP	你敢给我睡！起来，我们要赢比赛！	899	起床了，蠢胡萝卜鼠！
ANNOUNCE_CARRAT_ERROR_WALKING	不要用走，跑！	900	胡萝卜鼠比赛 走的慢
ANNOUNCE_CARRAT_ERROR_STUNNED	站起来！冲，冲！	901	胡萝卜鼠比赛 惊呆了
ANNOUNCE_POCKETWATCH_PORTAL	没有人告诉我时间旅行完后屁股会这么痛……	934	暂无注释
ANNOUNCE_ARCHIVE_NEW_KNOWLEDGE	来自远古的新知识拓宽了我的思维！	939	地下月岛遗迹 解锁新知识
ANNOUNCE_ARCHIVE_OLD_KNOWLEDGE	我早就知道了。	940	地下月岛遗迹 解锁旧知识
ANNOUNCE_ARCHIVE_NO_POWER	得给它供点能。	941	地下月岛遗迹 没能量
ANNOUNCE_PLANT_RESEARCHED[0]	我对这种植物的知识在增长！	944	研究植物
ANNOUNCE_PLANT_RANDOMSEED	不知道会长成什么。	946	种下随机种子
ANNOUNCE_FERTILIZER_RESEARCHED	我从未想过会把我的科学思想用在……这东西上。	947	研究肥料
ANNOUNCE_FIRENETTLE_TOXIN[0]	我的五脏六腑都在燃烧！	950	烈火荨麻 buff开始
ANNOUNCE_FIRENETTLE_TOXIN[1]	哎哟，太热了！	951	烈火荨麻 buff开始
ANNOUNCE_FIRENETTLE_TOXIN_DONE	写给自己的笔记：不要再用火荨麻毒素进行试验。	953	烈火荨麻 buff结束
ANNOUNCE_TALK_TO_PLANTS[0]	生长吧，植物，生长吧！	956	和植物聊天
ANNOUNCE_TALK_TO_PLANTS[1]	我一直想要一株像你这样的植物。	957	和植物聊天
ANNOUNCE_TALK_TO_PLANTS[2]	你好，植物，我来给你提供每日的社交剂量了！	958	和植物聊天
ANNOUNCE_TALK_TO_PLANTS[3]	你真是一株好植物啊。	959	和植物聊天
ANNOUNCE_TALK_TO_PLANTS[4]	植物，你真是一个好的聆听者。	960	和植物聊天
ANNOUNCE_KITCOON_HIDEANDSEEK_START	3,2,1……不管你有没有藏好，我都要开始找！	962	暂无注释
ANNOUNCE_KITCOON_HIDEANDSEEK_JOIN	嗷，它们在玩捉迷藏呢。	963	暂无注释
ANNOUNCE_KITCOON_HIDANDSEEK_FOUND[0]	找到你了！	966	暂无注释
ANNOUNCE_KITCOON_HIDANDSEEK_FOUND[1]	你在这。	967	暂无注释
ANNOUNCE_KITCOON_HIDANDSEEK_FOUND[2]	我就知道你会藏在那！	968	暂无注释
ANNOUNCE_KITCOON_HIDANDSEEK_FOUND[3]	能看见你！	969	暂无注释
ANNOUNCE_KITCOON_HIDANDSEEK_FOUND_ONE_MORE	所以最后一个藏在哪里呢？	971	暂无注释
ANNOUNCE_KITCOON_HIDANDSEEK_FOUND_LAST_ONE	我找到最后一个了！	972	暂无注释
ANNOUNCE_KITCOON_HIDANDSEEK_FOUND_LAST_ONE_TEAM	{name}找到了最后一个！	973	暂无注释
ANNOUNCE_KITCOON_HIDANDSEEK_TIME_ALMOST_UP	那些小家伙们估计不耐烦了……	974	暂无注释
ANNOUNCE_KITCOON_HIDANDSEEK_LOSEGAME	看来它们不想玩了……	975	暂无注释
ANNOUNCE_KITCOON_HIDANDSEEK_TOOFAR	它们大概率不会躲在这么远的地方，对吧？	976	暂无注释
ANNOUNCE_KITCOON_HIDANDSEEK_TOOFAR_RETURN	小浣猫们应该就在附近。	977	暂无注释
ANNOUNCE_KITCOON_FOUND_IN_THE_WILD	我就说刚刚看到了那边有什么东西在藏着！	978	暂无注释
ANNOUNCE_TICOON_START_TRACKING	他捕捉到了气味！	979	暂无注释
ANNOUNCE_TICOON_NOTHING_TO_TRACK	看来他什么都没找到。	980	暂无注释
ANNOUNCE_TICOON_WAITING_FOR_LEADER	我应该跟着他！	981	暂无注释
ANNOUNCE_TICOON_GET_LEADER_ATTENTION	他很想让我跟着。	982	暂无注释
ANNOUNCE_TICOON_NEAR_KITCOON	他一定是发现了什么！	983	暂无注释
ANNOUNCE_TICOON_LOST_KITCOON	看来别人找到了他要找的东西。	984	暂无注释
ANNOUNCE_TICOON_ABANDONED	我会自己找到那些小家伙的。	985	暂无注释
ANNOUNCE_TICOON_DEAD	可怜的家伙……他原本想把我带到哪里呢？	986	暂无注释
ANNOUNCE_CALL_BEEF	你给我过来！	987	把牛拴好
ANNOUNCE_CANTBUILDHERE_YOTB_POST	放在这里裁判是看不到我的皮弗娄牛的。	988	建造牛舞台 离裁判太远
ANNOUNCE_YOTB_LEARN_NEW_PATTERN	我满满都是皮弗娄牛造型的灵感！	989	牛年活动 学到了新组件
ANNOUNCE_EYEOFTERROR_ARRIVE	那是什么——漂浮巨眼？！	990	暂无注释
ANNOUNCE_EYEOFTERROR_FLYBACK	终于好了！	991	暂无注释
ANNOUNCE_EYEOFTERROR_FLYAWAY	回来，我跟你没完！	992	暂无注释
ANNOUNCE_CANT_ESCAPE_CURSE	当然不会那么轻松。	993	暂无注释
ANNOUNCE_MONKEY_CURSE_1	开始有芜猴的感觉了……	994	暂无注释
ANNOUNCE_MONKEY_CURSE_CHANGE	呀！我的头发怎么了？！	995	暂无注释
ANNOUNCE_MONKEY_CURSE_CHANGEBACK	总算从猴身解脱了！	996	暂无注释
ANNOUNCE_PIRATES_ARRIVE	那个号子声只意味着一件事...	997	暂无注释
ANNOUNCE_OFF_SCRIPT	我感觉剧本里没写那句。	999	暂无注释
ANNOUNCE_COZY_SLEEP	我感觉神清气爽！	1000	暂无注释
ANNOUNCE_TOOL_TOOWEAK	我需要一把更结实的工具！	1001	暂无注释
ANNOUNCE_LUNAR_RIFT_MAX	那道闪光！那是月光吗？	1002	暂无注释
ANNOUNCE_SHADOW_RIFT_MAX	有些阴险的家伙即将到来。	1003	暂无注释
ANNOUNCE_SCRAPBOOK_FULL	这些我都有了。	1004	暂无注释
ANNOUNCE_CHAIR_ON_FIRE	没事儿。	1005	暂无注释
ANNOUNCE_HEALINGSALVE_ACIDBUFF_DONE	是时候再抹点驱酸剂了。	1006	暂无注释
ANNOUNCE_YOTD_NOBOATS	我得把船移到离起点塔更近的地方。	1029	暂无注释
ANNOUNCE_YOTD_NOCHECKPOINTS	我该先立几个检查点。	1030	暂无注释
ANNOUNCE_YOTD_NOTENOUGHBOATS	不够空间容纳其余选手了。	1031	暂无注释
ANNOUNCE_OTTERBOAT_OUTOFSHALLOWS	我的心在下沉，当初应该待在浅水区的。	1032	暂无注释
ANNOUNCE_OTTERBOAT_DENBROKEN	打掉那个窝点可能引发了连锁反应……	1033	暂无注释
ANNOUNCE_GATHER_MERM	可能是鱼人的传统。	1034	暂无注释
ANNOUNCE_EXIT_GELBLOB	我被那些......东西淹没了！	1035	暂无注释
ANNOUNCE_SHADOWTHRALL_STEALTH	我被咬了！它去哪儿了？！	1036	暂无注释
ANNOUNCE_RABBITKING_AGGRESSIVE	有些东西正在慢慢掘出表面。	1037	暂无注释
ANNOUNCE_RABBITKING_PASSIVE	有东西在地下轻轻地蠕动。	1038	暂无注释
ANNOUNCE_RABBITKING_LUCKY	这个兔子长得好奇怪！	1039	暂无注释
ANNOUNCE_RABBITKING_LUCKYCAUGHT	抓到你啦！	1040	暂无注释
ANNOUNCE_RABBITKINGHORN_BADSPAWNPOINT	兔子们也许不喜欢这个地方。	1041	暂无注释
ANNOUNCE_NOPUMPKINCARVINGONFIRE	这南瓜都烤熟了。	1042	暂无注释
ANNOUNCE_SNOWBALL_TOO_BIG	不会再大了。	1043	暂无注释
ANNOUNCE_SNOWBALL_NO_SNOW	地上的雪不够多。	1044	暂无注释
ANNOUNCE_WORTOX_REVIVER_FAILTELEPORT	呣。哪里出错了？	1047	暂无注释
ANNOUNCE_ELIXIR_BOOSTED	简直就是阴间版强心针。	1049	暂无注释
ANNOUNCE_ELIXIR_GHOSTVISION	我感觉一阵恐惧袭来。	1050	暂无注释
ANNOUNCE_ELIXIR_PLAYER_SPEED	我举着马跑都不会慢。	1051	暂无注释
ANNOUNCE_ELIXIR_TOO_SUPER	这个味道有点大了。	1052	暂无注释
ANNOUNCE_LUNARGUARDIAN_INCOMING	它回来了！	1053	暂无注释
ANNOUNCE_FLOATER_HELD	本来我正忙着溺水呢，结果我脑海中就浮现……我就浮起来了！	1054	暂无注释
ANNOUNCE_FLOATER_LETGO	我讨厌被吊——	1055	暂无注释
ANNOUNCE_LUNARHAIL_BIRD_SOUNDS	原来鸦群被杀死是这样的声音。	1056	暂无注释
ANNOUNCE_LUNARHAIL_BIRD_CORPSES	像鸟一样掉了下来。	1057	暂无注释
ANNOUNCE_FLOAT_SWIM_TIRED	我太累了。	1058	暂无注释
ANOUNCE_MUTATED_BIRD_ATTACK	有鸟!	1059	暂无注释
ANNOUNCE_WEAPON_TOOWEAK	给我个结实点的东西！	1060	暂无注释
ANNOUNCE_VAULT_TELEPORTER_DOES_NOTHING	是不是另一边出故障了？	1061	暂无注释
ANNOUNCE_LIGHTSOUT_SHADOWHAND	等一下，那东西在这下面做什么？	1062	暂无注释
ANNOUNCE_MUTATED_BUZZARD_ARRIVAL	走开！我们还没死呢！等等，这些家伙发生了变异。	1063	暂无注释
ANNOUNCE_HERMITCRAB_SHELL_BADTELEPORTPOINT	我怎么还在这里？	1064	暂无注释
ANNOUNCE_HERMITCRAB_SHELL_ARRIVE	我有晕船的感觉！	1065	暂无注释
ANNOUNCE_YOTH_ONCOOLDOWN	他们多半是在忙着瞎胡闹。	1066	暂无注释
BATTLECRY.GENERIC	受死吧！	1069	战斗
BATTLECRY.PIG	到这儿来，小猪！	1070	战斗 猪人
BATTLECRY.PREY	我要灭了你！	1071	战斗 猎物？？大象？
BATTLECRY.SPIDER	我要踩死你！	1072	战斗 蜘蛛
BATTLECRY.SPIDER_WARRIOR	你死好过我死！	1073	战斗 蜘蛛战士
BATTLECRY.DEER	去死吧，鹿！	1074	战斗 无眼鹿
COMBAT_QUIT.GENERIC	他肯定尝到我的厉害了！	1078	攻击目标被卡住，无法攻击
COMBAT_QUIT.PIG	这次姑且放过他。	1079	退出战斗-猪人
COMBAT_QUIT.PREY	他速度太快了！	1080	退出战斗 猎物？？大象？
COMBAT_QUIT.SPIDER	不管怎么说，他真是太恶心了。	1081	退出战斗 蜘蛛
COMBAT_QUIT.SPIDER_WARRIOR	嘘…你这个讨厌的家伙！	1082	退出战斗 蜘蛛战士
DESCRIBE.MULTIPLAYER_PORTAL	这在科学上说不通。	1086	物品名:"绚丽之门"
DESCRIBE.MULTIPLAYER_PORTAL_MOONROCK	我想这是有科学道理的。	1087	物品名:"天体传送门"
DESCRIBE.MOONROCKIDOL	我只崇拜科学。	1088	物品名:"月岩雕像" 制造描述:"重要人物。"
DESCRIBE.CONSTRUCTION_PLANS	科学用品！	1089	物品名:未找到
DESCRIBE.ANTLION.GENERIC	我身上有它想要的东西。	1092	物品名:"蚁狮"->默认
DESCRIBE.ANTLION.VERYHAPPY	看起来跟我关系不错。	1093	物品名:"蚁狮"
DESCRIBE.ANTLION.UNHAPPY	看起来很生气。	1094	物品名:"蚁狮"
DESCRIBE.ANTLIONTRINKET	有人可能对此感兴趣。	1096	物品名:"沙滩玩具"
DESCRIBE.SANDSPIKE	我原本会被刺穿的！	1097	物品名:"沙刺"
DESCRIBE.SANDBLOCK	真是坚持不懈！	1098	物品名:"沙堡"
DESCRIBE.GLASSSPIKE	我还没有被刺穿时的记忆。	1099	物品名:"玻璃尖刺"
DESCRIBE.GLASSBLOCK	这份科学送给你。	1100	物品名:"玻璃城堡"
DESCRIBE.ABIGAIL_FLOWER.GENERIC	太漂亮了，让人流连忘返。	1103	物品名:"阿比盖尔之花"->默认 制造描述:"一个神奇的纪念品。"
DESCRIBE.ABIGAIL_FLOWER.LEVEL1	你想一个人待着吗？	1104	物品名:"阿比盖尔之花" 制造描述:"一个神奇的纪念品。"
DESCRIBE.ABIGAIL_FLOWER.LEVEL2	她准备跟我们吐露心扉了。	1105	物品名:"阿比盖尔之花" 制造描述:"一个神奇的纪念品。"
DESCRIBE.ABIGAIL_FLOWER.LEVEL3	精神头真足啊！	1106	物品名:"阿比盖尔之花" 制造描述:"一个神奇的纪念品。"
DESCRIBE.ABIGAIL_FLOWER.LONG	看到那东西时，我的灵魂受伤了。	1107	物品名:"阿比盖尔之花"->还需要很久 制造描述:"一个神奇的纪念品。"
DESCRIBE.ABIGAIL_FLOWER.MEDIUM	这让我毛骨悚然。	1108	物品名:"阿比盖尔之花" 制造描述:"一个神奇的纪念品。"
DESCRIBE.ABIGAIL_FLOWER.SOON	那朵花有情况！	1109	物品名:"阿比盖尔之花" 制造描述:"一个神奇的纪念品。"
DESCRIBE.ABIGAIL_FLOWER.HAUNTED_POCKET	我该放下它。	1110	物品名:"阿比盖尔之花" 制造描述:"一个神奇的纪念品。"
DESCRIBE.ABIGAIL_FLOWER.HAUNTED_GROUND	我会查明它到底做了些什么。	1111	物品名:"阿比盖尔之花" 制造描述:"一个神奇的纪念品。"
DESCRIBE.BALLOONS_EMPTY	看起来像小丑货币。	1113	物品名:"一堆气球" 制造描述:"要是有更简单的方法该多好。"
DESCRIBE.BALLOON	他们怎么漂浮的？	1114	物品名:"气球" 制造描述:"谁不喜欢气球呢？"
DESCRIBE.BALLOONPARTY	他怎么把小气球放进去的？	1115	物品名:"派对气球" 制造描述:"散播一点欢笑。"
DESCRIBE.BALLOONSPEED.DEFLATED	所有气球都一样。	1118	物品名:"迅捷气球" 制造描述:"让你的脚步变得轻盈。"
DESCRIBE.BALLOONSPEED.GENERIC	中间的孔让它更符合空气动力学，经典的物理学原理！	1119	物品名:"迅捷气球"->默认 制造描述:"让你的脚步变得轻盈。"
DESCRIBE.BALLOONVEST	即使鲜艳的颜色不会引来可怕的生物，它吱吱的声音也会。	1121	物品名:"充气背心" 制造描述:"划船时带上这些艳丽的气球。"
DESCRIBE.BALLOONHAT	静电把我的头发弄得很可怕。	1122	物品名:"气球帽" 制造描述:"开启对话的出色工具！"
DESCRIBE.BERNIE_INACTIVE.BROKEN	它最终土崩瓦解。	1125	物品名:"伯尼" 制造描述:"这个疯狂的世界总有你熟悉的人。"
DESCRIBE.BERNIE_INACTIVE.GENERIC	它全烧焦了。	1126	物品名:"伯尼"->默认 制造描述:"这个疯狂的世界总有你熟悉的人。"
DESCRIBE.BERNIE_ACTIVE	泰迪熊在四处溜达。好好玩。	1128	物品名:"伯尼"
DESCRIBE.BERNIE_BIG	千万不要惹薇洛。	1129	物品名:"伯尼！"
DESCRIBE.BOOKSTATION.GENERIC	能做实验谁要学习？	1132	物品名:"书架"->默认 制造描述:"所有图书均须遵循杜威十进制分类法整理。"
DESCRIBE.BOOKSTATION.BURNT	看来图书馆关门了。	1133	物品名:"书架"->烧焦的 制造描述:"所有图书均须遵循杜威十进制分类法整理。"
DESCRIBE.BOOK_BIRDS	一本鸟书。	1135	物品名:"世界鸟类大全" 制造描述:"涵盖1000个物种：习性、栖息地及叫声。"
DESCRIBE.BOOK_TENTACLES	有人会被拖着去读这本书。	1136	物品名:"触手的召唤" 制造描述:"让我们来了解一下地下的朋友们！"
DESCRIBE.BOOK_GARDENING	读了半天没看到一个农场。	1137	物品名:"应用园艺学" 制造描述:"讲述培育和照料植物的相关知识。"
DESCRIBE.BOOK_SILVICULTURE	我还是坚持自己的实验吧。	1138	物品名:"应用造林学" 制造描述:"分支管理的指引。"
DESCRIBE.BOOK_HORTICULTURE	读了半天没看到一个农场。	1139	物品名:"园艺学简编版" 制造描述:"讲述培育和照料植物的相关知识。"
DESCRIBE.BOOK_SLEEP	奇怪，这只是五百页的电报码。	1140	物品名:"睡前故事" 制造描述:"送你入梦的睡前故事。"
DESCRIBE.BOOK_BRIMSTONE	开头很无聊，但将近结尾就变好了。	1141	物品名:"末日将至！" 制造描述:"世界将在火焰和灾难中终结！"
DESCRIBE.BOOK_FISH	它并没有让我上钩。	1142	物品名:"垂钓者生存指南" 制造描述:"让捕鱼变得简单！"
DESCRIBE.BOOK_FIRE	并没有心急火燎的阅读冲动。	1143	物品名:"意念控火术详解" 制造描述:"使用这些简单的技巧来化解任何火爆的场面。"
DESCRIBE.BOOK_WEB	我不怕蜘蛛的！我不怕！	1144	物品名:"克服蛛形纲恐惧症" 制造描述:"要在对方的网络里行走过一里路才能算真正了解一个人。"
DESCRIBE.BOOK_TEMPERATURE	我对它的想法不温不火。	1145	物品名:"控温学" 制造描述:"通过这些简单的步骤完全控制你的个人气候。"
DESCRIBE.BOOK_LIGHT	写这本书的人头脑相当灵光。	1146	物品名:"永恒之光" 制造描述:"阅读后能启迪出智慧的光芒。"
DESCRIBE.BOOK_RAIN	听上去不是十分科学。	1147	物品名:"实用求雨仪式" 制造描述:"留着防备雨天，你来决定哪天是雨天。"
DESCRIBE.BOOK_MOON	所有这些对月亮的兴趣可能只是阶段性的。	1148	物品名:"月之魔典" 制造描述:"召唤月亮的力量。"
DESCRIBE.BOOK_BEES	我不理解这本书为什么会嗡嗡响。	1149	物品名:"养蜂笔记" 制造描述:"学习养蜂的基本知识。"
DESCRIBE.BOOK_HORTICULTURE_UPGRADED	书中内容大约和盯着草长高一样精彩。	1150	物品名:"园艺学扩展版" 制造描述:"专家分析如何进行高级农作物护理。"
DESCRIBE.BOOK_RESEARCH_STATION	薇克巴顿喜欢跟随书籍的指导。	1151	物品名:"万物百科" 制造描述:"万事万物从A到Z的完整指南。"
DESCRIBE.BOOK_LIGHT_UPGRADED	光芒万丈！	1152	物品名:"永恒之光之复兴" 制造描述:"全本比之前的简本散发出更闪耀的光芒。"
DESCRIBE.FIREPEN	趁热打笔！	1153	物品名:"火焰笔" 制造描述:"小小的笔身中潜藏着暴躁的火焰。"
DESCRIBE.PLAYER.GENERIC	你好，%s！	1156	物品名:未找到
DESCRIBE.PLAYER.ATTACKER	%s 看着很善变...	1157	物品名:未找到
DESCRIBE.PLAYER.MURDERER	谋杀犯！	1158	物品名:未找到
DESCRIBE.PLAYER.REVIVER	%s，鬼魂的朋友。	1159	物品名:"告密的心" 制造描述:"鬼魂朋友复活了，好可怕。"
DESCRIBE.PLAYER.GHOST	%s 可以使用一颗心。	1160	物品名:"幽灵"
DESCRIBE.PLAYER.FIRESTARTER	烧掉这个并不科学，%s。	1161	物品名:未找到
DESCRIBE.WILSON.GENERIC	星星和原子！你是我的分身吗？	1165	物品名:"威尔逊"->默认
DESCRIBE.WILSON.ATTACKER	是的。我总是看起来很吓人吗？	1166	物品名:"威尔逊"
DESCRIBE.WILSON.MURDERER	你的存在触犯了科学规律，%s！	1167	物品名:"威尔逊"
DESCRIBE.WILSON.REVIVER	%s很专业地将我们的理论付诸实现。	1168	物品名:"告密的心" 制造描述:"鬼魂朋友复活了，好可怕。"
DESCRIBE.WILSON.GHOST	最好弄个复活设备。不能让另一个科学人漂着。	1169	物品名:"幽灵"
DESCRIBE.WILSON.FIRESTARTER	烧掉这个并不科学，%s。	1170	物品名:"威尔逊"
DESCRIBE.WOLFGANG.GENERIC	很高兴见到你，%s！	1174	物品名:"沃尔夫冈"->默认
DESCRIBE.WOLFGANG.ATTACKER	不要和强者挑起战斗...	1175	物品名:"沃尔夫冈"
DESCRIBE.WOLFGANG.MURDERER	谋杀犯！我能抓到你！	1176	物品名:"沃尔夫冈"
DESCRIBE.WOLFGANG.REVIVER	%s只是一只巨型泰迪熊。	1177	物品名:"告密的心" 制造描述:"鬼魂朋友复活了，好可怕。"
DESCRIBE.WOLFGANG.GHOST	我跟你说过不要硬拉那个大石头了。数值都不对。	1178	物品名:"幽灵"
DESCRIBE.WOLFGANG.FIRESTARTER	你是没法打倒火的，%s！	1179	物品名:"沃尔夫冈"
DESCRIBE.WAXWELL.GENERIC	日安，%s！	1183	物品名:"麦斯威尔"->默认
DESCRIBE.WAXWELL.ATTACKER	你似乎从“说话干净利落”变成“粘舌”。	1184	物品名:"麦斯威尔"
DESCRIBE.WAXWELL.MURDERER	我要教教你逻辑和推理...这是我的强项！	1185	物品名:"麦斯威尔"
DESCRIBE.WAXWELL.REVIVER	%s他把能力用在正义的事业。	1186	物品名:"告密的心" 制造描述:"鬼魂朋友复活了，好可怕。"
DESCRIBE.WAXWELL.GHOST	不要那样看我，%s！我在努力！	1187	物品名:"幽灵"
DESCRIBE.WAXWELL.FIRESTARTER	%s只求火烤。	1188	物品名:"麦斯威尔"
DESCRIBE.WX78.GENERIC	日安，%s！	1192	物品名:"WX-78"->默认
DESCRIBE.WX78.ATTACKER	%s，我想我们得调整你的首要指令...	1193	物品名:"WX-78"
DESCRIBE.WX78.MURDERER	%s！你已经违反了第一律法！	1194	物品名:"WX-78"
DESCRIBE.WX78.REVIVER	我猜是%s让感同身受组件启动并运行。	1195	物品名:"告密的心" 制造描述:"鬼魂朋友复活了，好可怕。"
DESCRIBE.WX78.GHOST	我一直认为%s该长点心。现在，我很确定！	1196	物品名:"幽灵"
DESCRIBE.WX78.FIRESTARTER	%s！你看起来快融化了。发生什么事？	1197	物品名:"WX-78"
DESCRIBE.WILLOW.GENERIC	日安，%s！	1201	物品名:"薇洛"->默认
DESCRIBE.WILLOW.ATTACKER	%s紧紧抓住那个打火机...	1202	物品名:"薇洛"
DESCRIBE.WILLOW.MURDERER	谋杀犯！纵火犯！	1203	物品名:"薇洛"
DESCRIBE.WILLOW.REVIVER	%s，鬼魂的朋友。	1204	物品名:"告密的心" 制造描述:"鬼魂朋友复活了，好可怕。"
DESCRIBE.WILLOW.GHOST	%s，我敢肯定你渴望有一颗心。	1205	物品名:"幽灵"
DESCRIBE.WILLOW.FIRESTARTER	再来？	1206	物品名:"薇洛"
DESCRIBE.WENDY.GENERIC	你好，%s！	1210	物品名:"温蒂"->默认
DESCRIBE.WENDY.ATTACKER	%s没有尖锐的东西，有吗？	1211	物品名:"温蒂"
DESCRIBE.WENDY.MURDERER	谋杀犯！	1212	物品名:"温蒂"
DESCRIBE.WENDY.REVIVER	%s视鬼魂为家人。	1213	物品名:"告密的心" 制造描述:"鬼魂朋友复活了，好可怕。"
DESCRIBE.WENDY.GHOST	我看到两个！我最好给%s制造一颗心。	1214	物品名:"幽灵"
DESCRIBE.WENDY.FIRESTARTER	我知道是你点的那些火焰，%s。	1215	物品名:"温蒂"
DESCRIBE.WOODIE.GENERIC	你好，%s！	1219	物品名:"伍迪"->默认
DESCRIBE.WOODIE.ATTACKER	%s最近有点活力...	1220	物品名:"伍迪"
DESCRIBE.WOODIE.MURDERER	凶手！来把斧子，我们砍起来！	1221	物品名:"伍迪"
DESCRIBE.WOODIE.REVIVER	%s救下了大家的培根。	1222	物品名:"告密的心" 制造描述:"鬼魂朋友复活了，好可怕。"
DESCRIBE.WOODIE.GHOST	%s，“宇宙”包括虚无吗？	1223	物品名:"幽灵"
DESCRIBE.WOODIE.BEAVER	%s在疯狂的砍树，根本停不下来！	1224	物品名:"伍迪"
DESCRIBE.WOODIE.BEAVERGHOST	%s，如果我不复活你，你会生气吗？	1225	物品名:"伍迪"
DESCRIBE.WOODIE.MOOSE	天老爷啊，这是一头鹿！	1226	物品名:"伍迪"
DESCRIBE.WOODIE.MOOSEGHOST	那一定很不舒服吧。	1227	物品名:"伍迪"
DESCRIBE.WOODIE.GOOSE	瞧瞧这玩意！	1228	物品名:"伍迪"
DESCRIBE.WOODIE.GOOSEGHOST	以后长点心，你这头蠢鹅！	1229	物品名:"伍迪"
DESCRIBE.WOODIE.FIRESTARTER	%s，别把自己烧了。	1230	物品名:"伍迪"
DESCRIBE.WICKERBOTTOM.GENERIC	日安，%s！	1234	物品名:"薇克巴顿"->默认
DESCRIBE.WICKERBOTTOM.ATTACKER	我感觉%s准备拿书丢我。	1235	物品名:"薇克巴顿"
DESCRIBE.WICKERBOTTOM.MURDERER	同行评审来了！	1236	物品名:"薇克巴顿"
DESCRIBE.WICKERBOTTOM.REVIVER	我对%s的实践原理深怀敬意。	1237	物品名:"告密的心" 制造描述:"鬼魂朋友复活了，好可怕。"
DESCRIBE.WICKERBOTTOM.GHOST	这似乎不太科学，不是吗，%s？	1238	物品名:"幽灵"
DESCRIBE.WICKERBOTTOM.FIRESTARTER	我相信你很有理由才点火。	1239	物品名:"薇克巴顿"
DESCRIBE.WES.GENERIC	你好，%s！	1243	物品名:"韦斯"->默认
DESCRIBE.WES.ATTACKER	%s死寂般沉默...	1244	物品名:"韦斯"
DESCRIBE.WES.MURDERER	用哑剧表达这个！	1245	物品名:"韦斯"
DESCRIBE.WES.REVIVER	%s突破固有的思维模式。	1246	物品名:"告密的心" 制造描述:"鬼魂朋友复活了，好可怕。"
DESCRIBE.WES.GHOST	怎样用哑剧动作表示“我要弄个复活装备”？	1247	物品名:"幽灵"
DESCRIBE.WES.FIRESTARTER	等等，不要跟我说。火是你点的。	1248	物品名:"韦斯"
DESCRIBE.WEBBER.GENERIC	日安，%s！	1252	物品名:"韦伯"->默认
DESCRIBE.WEBBER.ATTACKER	我会卷起一张纸莎草报纸，以防万一。	1253	物品名:"韦伯"
DESCRIBE.WEBBER.MURDERER	杀人凶手！我要灭了你，%s！	1254	物品名:"韦伯"
DESCRIBE.WEBBER.REVIVER	%s和其他人打成一片。	1255	物品名:"告密的心" 制造描述:"鬼魂朋友复活了，好可怕。"
DESCRIBE.WEBBER.GHOST	%s真的很想让我给它一颗心。	1256	物品名:"幽灵"
DESCRIBE.WEBBER.FIRESTARTER	我们得开个防火安全群组会议。	1257	物品名:"韦伯"
DESCRIBE.WATHGRITHR.GENERIC	日安，%s！	1261	物品名:"薇格弗德"->默认
DESCRIBE.WATHGRITHR.ATTACKER	有可能的话，我会躲开%s的拳头。	1262	物品名:"薇格弗德"
DESCRIBE.WATHGRITHR.MURDERER	%s变得狂暴！	1263	物品名:"薇格弗德"
DESCRIBE.WATHGRITHR.REVIVER	%s精神饱满。	1264	物品名:"告密的心" 制造描述:"鬼魂朋友复活了，好可怕。"
DESCRIBE.WATHGRITHR.GHOST	做的不错。你还没逃离英灵殿呢，%s。	1265	物品名:"幽灵"
DESCRIBE.WATHGRITHR.FIRESTARTER	%s是个加热好手。	1266	物品名:"薇格弗德"
DESCRIBE.WINONA.GENERIC	日安，%s！	1270	物品名:"薇诺娜"->默认
DESCRIBE.WINONA.ATTACKER	%s是安全隐患.	1271	物品名:"薇诺娜"
DESCRIBE.WINONA.MURDERER	到此为止了，%s！	1272	物品名:"薇诺娜"
DESCRIBE.WINONA.REVIVER	你可真是方便好用啊，%s。	1273	物品名:"告密的心" 制造描述:"鬼魂朋友复活了，好可怕。"
DESCRIBE.WINONA.GHOST	好像有人在给你的计划泼冷水呢。	1274	物品名:"幽灵"
DESCRIBE.WINONA.FIRESTARTER	工厂的东西烧起来了。	1275	物品名:"薇诺娜"
DESCRIBE.WORTOX.GENERIC	你好，%s！	1279	物品名:"沃拓克斯"->默认
DESCRIBE.WORTOX.ATTACKER	我就知道%s不可信！	1280	物品名:"沃拓克斯"
DESCRIBE.WORTOX.MURDERER	是时候正面对抗这个长角的恶魔了！	1281	物品名:"沃拓克斯"
DESCRIBE.WORTOX.REVIVER	多谢你的援助之爪%s。	1282	物品名:"告密的心" 制造描述:"鬼魂朋友复活了，好可怕。"
DESCRIBE.WORTOX.GHOST	我拒绝接受有鬼魂和恶魔的现实。	1283	物品名:"幽灵"
DESCRIBE.WORTOX.FIRESTARTER	%s正在变成一个生存的负担。	1284	物品名:"沃拓克斯"
DESCRIBE.WORMWOOD.GENERIC	你好，%s！	1288	物品名:"沃姆伍德"->默认
DESCRIBE.WORMWOOD.ATTACKER	%s今天似乎比平时更多刺。	1289	物品名:"沃姆伍德"
DESCRIBE.WORMWOOD.MURDERER	准备被除草吧，小杂草，%s!	1290	物品名:"沃姆伍德"
DESCRIBE.WORMWOOD.REVIVER	%s从来不会放弃他的朋友。	1291	物品名:"告密的心" 制造描述:"鬼魂朋友复活了，好可怕。"
DESCRIBE.WORMWOOD.GHOST	需要一些帮助吧，小伙伴？	1292	物品名:"幽灵"
DESCRIBE.WORMWOOD.FIRESTARTER	我以为你讨厌火，%s.	1293	物品名:"沃姆伍德"
DESCRIBE.WARLY.GENERIC	你好，%s！	1297	物品名:"沃利"->默认
DESCRIBE.WARLY.ATTACKER	酝酿着灾难。	1298	物品名:"沃利"
DESCRIBE.WARLY.MURDERER	别打杀我的主意！	1299	物品名:"沃利"
DESCRIBE.WARLY.REVIVER	总是可以指望%s来做一个计划。	1300	物品名:"告密的心" 制造描述:"鬼魂朋友复活了，好可怕。"
DESCRIBE.WARLY.GHOST	它现在用幽灵辣椒做饭吧。	1301	物品名:"幽灵"
DESCRIBE.WARLY.FIRESTARTER	他会把这个地方都烧了！	1302	物品名:"沃利"
DESCRIBE.WURT.GENERIC	日安，%s！	1306	物品名:"沃特"->默认
DESCRIBE.WURT.ATTACKER	%s今天一副凶神恶煞的样子……	1307	物品名:"沃特"
DESCRIBE.WURT.MURDERER	你是条杀人鱼！	1308	物品名:"沃特"
DESCRIBE.WURT.REVIVER	为什么要谢你，%s！	1309	物品名:"告密的心" 制造描述:"鬼魂朋友复活了，好可怕。"
DESCRIBE.WURT.GHOST	%s鱼鳃周围比平时更绿了。	1310	物品名:"幽灵"
DESCRIBE.WURT.FIRESTARTER	就没人教你别玩火吗？！	1311	物品名:"沃特"
DESCRIBE.WALTER.GENERIC	日安，%s！	1315	物品名:"沃尔特"->默认
DESCRIBE.WALTER.ATTACKER	这是松树先锋队员该做的事吗？	1316	物品名:"沃尔特"
DESCRIBE.WALTER.MURDERER	你的故事素材用完了吗，%s？	1317	物品名:"沃尔特"
DESCRIBE.WALTER.REVIVER	%s永远靠谱。	1318	物品名:"告密的心" 制造描述:"鬼魂朋友复活了，好可怕。"
DESCRIBE.WALTER.GHOST	我知道你玩的很开心，但是我们要去找一颗心。	1319	物品名:"幽灵"
DESCRIBE.WALTER.FIRESTARTER	那个看起来可不像是营火，%s。	1320	物品名:"沃尔特"
DESCRIBE.WANDA.GENERIC	日安，%s！	1324	物品名:"旺达"->默认
DESCRIBE.WANDA.ATTACKER	不要这么不分时间，不分场合，%s！	1325	物品名:"旺达"
DESCRIBE.WANDA.MURDERER	杀人犯！我绝不会给你第二次机会的！	1326	物品名:"旺达"
DESCRIBE.WANDA.REVIVER	要不是%s，我就成为历史了！	1327	物品名:"告密的心" 制造描述:"鬼魂朋友复活了，好可怕。"
DESCRIBE.WANDA.GHOST	赶紧去找颗心脏。	1328	物品名:"幽灵"
DESCRIBE.WANDA.FIRESTARTER	让我猜猜，这与“保存时间线”有关？	1329	物品名:"旺达"
DESCRIBE.WONKEY.GENERIC	是只猴子。	1333	物品名:"芜猴"->默认
DESCRIBE.WONKEY.ATTACKER	嘿，别像猴子一样胡闹了！	1334	物品名:"芜猴"
DESCRIBE.WONKEY.MURDERER	它们发猴疯了！	1335	物品名:"芜猴"
DESCRIBE.WONKEY.REVIVER	我的命居然是……猴子救的？	1336	物品名:"告密的心" 制造描述:"鬼魂朋友复活了，好可怕。"
DESCRIBE.WONKEY.GHOST	那只猴子真吓人。	1337	物品名:"幽灵"
DESCRIBE.WONKEY.FIRESTARTER	恐龙当时是不是就是这种感觉？	1338	物品名:"芜猴"
DESCRIBE.GLOMMER.GENERIC	恶趣味，确又不失可爱。	1345	物品名:"格罗姆"->默认
DESCRIBE.GLOMMER.SLEEPING	这虫子过的真不错。	1346	物品名:"格罗姆"->睡着了
DESCRIBE.GLOMMERFLOWER.GENERIC	花瓣微微发亮。	1350	物品名:"格罗姆花"->默认
DESCRIBE.GLOMMERFLOWER.DEAD	花瓣枯萎，微微发亮。	1351	物品名:"格罗姆花"->死了
DESCRIBE.GLOMMERWINGS	这些装在头盔上好看极了！	1353	物品名:"格罗姆翅膀"
DESCRIBE.GLOMMERFUEL	这团糊糊恶臭无比。	1354	物品名:"格罗姆的黏液"
DESCRIBE.BELL	叮呤呤。	1355	物品名:"远古铃铛" 制造描述:"这可不是普通的铃铛。"
DESCRIBE.STATUEGLOMMER.GENERIC	我不确定那是什么东西。	1358	物品名:"格罗姆雕像"->默认
DESCRIBE.STATUEGLOMMER.EMPTY	打碎了，那是为了科学。	1359	物品名:"格罗姆雕像"
DESCRIBE.LAVA_POND_ROCK	这地不赖啊。	1361	物品名:"岩石"
DESCRIBE.WEBBERSKULL	可怜的小家伙。应该为他举办一个体面的葬礼。	1362	物品名:"韦伯的头骨"
DESCRIBE.WORMLIGHT	看起来很好吃。	1363	物品名:"发光浆果"
DESCRIBE.WORMLIGHT_LESSER	有点皱巴巴的。	1364	物品名:"小发光浆果"
DESCRIBE.WORM.PLANT	我觉得挺安全。	1367	物品名:"洞穴蠕虫"
DESCRIBE.WORM.DIRT	看起来就像一堆土。	1368	物品名:"洞穴蠕虫"
DESCRIBE.WORM.WORM	它是一只蠕虫！	1369	物品名:"洞穴蠕虫"
DESCRIBE.WORMLIGHT_PLANT	我觉得挺安全。	1371	物品名:"神秘植物"
DESCRIBE.MOLE.HELD	没什么可挖的了，我的朋友。	1374	物品名:"鼹鼠"->拿在手里
DESCRIBE.MOLE.UNDERGROUND	下面有个正在寻找矿物的家伙。	1375	物品名:"鼹鼠"
DESCRIBE.MOLE.ABOVEGROUND	我想像打地鼠那样敲昏那只鼹鼠...	1376	物品名:"鼹鼠"
DESCRIBE.MOLEHILL	多么美好舒适的地洞啊！	1378	物品名:"鼹鼠丘"
DESCRIBE.MOLEHAT	散发着讨厌的恶臭，但视野极佳。	1379	物品名:"鼹鼠帽" 制造描述:"为穿戴者提供夜视能力。"
DESCRIBE.EEL	这能做一道好菜。	1380	物品名:"鳗鱼"
DESCRIBE.EEL_COOKED	闻起来真香！	1381	物品名:"熟鳗鱼"
DESCRIBE.UNAGI	希望这不会让任何人变为鳗鱼！	1382	物品名:"鳗鱼料理"
DESCRIBE.EYETURRET	希望它不会看向我。	1383	物品名:"眼睛炮塔"
DESCRIBE.EYETURRET_ITEM	我想它在睡觉。	1384	物品名:"眼睛炮塔" 制造描述:"要远离讨厌的东西，就得杀了它们。"
DESCRIBE.MINOTAURHORN	哇哦！我很高兴那家伙没用角撞我！	1385	物品名:"守护者之角"
DESCRIBE.MINOTAURCHEST	里面可能有更大的好东西！也可能是可怕的东西。	1386	物品名:"大号华丽箱子"
DESCRIBE.THULECITE_PIECES	更小块的铥矿。	1387	物品名:"铥矿碎片"
DESCRIBE.POND_ALGAE	池塘边的水藻。	1388	物品名:"水藻"
DESCRIBE.GREENSTAFF	这东西迟早派得上用场。	1389	物品名:"拆解魔杖" 制造描述:"干净而有效的摧毁。"
DESCRIBE.GIFT	那是给我的吗？	1390	物品名:"礼物"
DESCRIBE.GIFTWRAP	我太厉害了！	1391	物品名:"礼物包装" 制造描述:"把东西打包起来，好看又可爱！"
DESCRIBE.POTTEDFERN	盆里的蕨类植物。	1392	物品名:"蕨类盆栽" 制造描述:"做个花盆，里面栽上蕨类植物。"
DESCRIBE.SUCCULENT_POTTED	盆里的多肉植物。	1393	物品名:"多肉盆栽" 制造描述:"塞进陶盆的漂亮多肉植物。"
DESCRIBE.SUCCULENT_PLANT	那里有芦荟。	1394	物品名:"多肉植物"
DESCRIBE.SUCCULENT_PICKED	我能吃那个，但我不想吃。	1395	物品名:"多肉植物"
DESCRIBE.SENTRYWARD	十分科学的测绘工具。	1396	物品名:"月眼守卫" 制造描述:"绘图者最有价值的武器。"
DESCRIBE.TOWNPORTAL.GENERIC	这个金字塔控制着沙子。	1399	物品名:"懒人传送塔"->默认 制造描述:"用沙子的力量聚集你的朋友们。"
DESCRIBE.TOWNPORTAL.ACTIVE	准备好分离。	1400	物品名:"懒人传送塔"->激活了 制造描述:"用沙子的力量聚集你的朋友们。"
DESCRIBE.TOWNPORTALTALISMAN.GENERIC	迷你分离器。	1404	物品名:"沙之石"->默认
DESCRIBE.TOWNPORTALTALISMAN.ACTIVE	更清醒的人会选择步行。	1405	物品名:"沙之石"->激活了
DESCRIBE.WETPAPER	我希望它快点干。	1407	物品名:"纸张"
DESCRIBE.WETPOUCH	这个包裹只能勉强绑在一起。	1408	物品名:"起皱的包裹"
DESCRIBE.MOONROCK_PIECES	我应该能打碎它。	1409	物品名:"月亮石碎块"
DESCRIBE.MOONBASE.GENERIC	中间有个洞，好像可以扔东西进去。	1412	物品名:"月亮石"->默认
DESCRIBE.MOONBASE.BROKEN	都搞砸了。	1413	物品名:"月亮石"
DESCRIBE.MOONBASE.STAFFED	然后呢？	1414	物品名:"月亮石"
DESCRIBE.MOONBASE.WRONGSTAFF	我有一种明显的感觉，这不对。	1415	物品名:"月亮石"->插错法杖
DESCRIBE.MOONBASE.MOONSTAFF	石头神奇的点燃了它。	1416	物品名:"月亮石"->已经插了法杖的（月杖）
DESCRIBE.MOONDIAL.GENERIC	水放大了科学，让我们能够测量月亮。	1420	物品名:"月晷"->默认 制造描述:"追踪月相！"
DESCRIBE.MOONDIAL.NIGHT_NEW	是新月。	1421	物品名:"月晷"->新月 制造描述:"追踪月相！"
DESCRIBE.MOONDIAL.NIGHT_WAX	月亮慢慢在变圆。	1422	物品名:"月晷"->上弦月 制造描述:"追踪月相！"
DESCRIBE.MOONDIAL.NIGHT_FULL	是满月。	1423	物品名:"月晷"->满月 制造描述:"追踪月相！"
DESCRIBE.MOONDIAL.NIGHT_WANE	月亮正在变小。	1424	物品名:"月晷"->下弦月 制造描述:"追踪月相！"
DESCRIBE.MOONDIAL.CAVE	这下面没有月亮来测量。	1425	物品名:"月晷"->洞穴 制造描述:"追踪月相！"
DESCRIBE.MOONDIAL.GLASSED	我有种奇怪的感觉，好像有人在盯着我。	1427	物品名:"月晷" 制造描述:"追踪月相！"
DESCRIBE.THULECITE	我想知道这是哪来的？	1429	物品名:"铥矿" 制造描述:"将小碎片合成一大块。"
DESCRIBE.ARMORRUINS	它轻得古怪。	1430	物品名:"铥矿甲" 制造描述:"炫目并且能提供保护。"
DESCRIBE.ARMORSKELETON	铮铮白骨	1431	物品名:"骨头盔甲"
DESCRIBE.SKELETONHAT	它给我带来可怕的幻象。	1432	物品名:"骨头头盔"
DESCRIBE.RUINS_BAT	份量相当重。	1433	物品名:"铥矿棒" 制造描述:"尖钉让一切变得更好。"
DESCRIBE.RUINSHAT	我的头发怎么样？	1434	物品名:"铥矿皇冠" 制造描述:"附有远古力场！"
DESCRIBE.NIGHTMARE_TIMEPIECE.CALM	一切都好了。	1437	物品名:"铥矿徽章" 制造描述:"跟踪周围魔力水平的流动。"
DESCRIBE.NIGHTMARE_TIMEPIECE.WARN	感测到这里有相当强的魔法能量。	1438	物品名:"铥矿徽章" 制造描述:"跟踪周围魔力水平的流动。"
DESCRIBE.NIGHTMARE_TIMEPIECE.WAXING	变得越来越密集了！	1439	物品名:"铥矿徽章" 制造描述:"跟踪周围魔力水平的流动。"
DESCRIBE.NIGHTMARE_TIMEPIECE.STEADY	好像保持稳定了。	1440	物品名:"铥矿徽章" 制造描述:"跟踪周围魔力水平的流动。"
DESCRIBE.NIGHTMARE_TIMEPIECE.WANING	感觉魔法能量正在逐渐减弱。	1441	物品名:"铥矿徽章" 制造描述:"跟踪周围魔力水平的流动。"
DESCRIBE.NIGHTMARE_TIMEPIECE.DAWN	噩梦就要结束了！	1442	物品名:"铥矿徽章" 制造描述:"跟踪周围魔力水平的流动。"
DESCRIBE.NIGHTMARE_TIMEPIECE.NOMAGIC	这里没有魔法能量。	1443	物品名:"铥矿徽章" 制造描述:"跟踪周围魔力水平的流动。"
DESCRIBE.BISHOP_NIGHTMARE	它在分崩离析！	1445	物品名:"损坏的发条主教"
DESCRIBE.ROOK_NIGHTMARE	真可怕！	1446	物品名:"损坏的发条战车"
DESCRIBE.KNIGHT_NIGHTMARE	一个残暴的发条骑士！	1447	物品名:"损坏的发条骑士"
DESCRIBE.MINOTAUR	那家伙看起来不太高兴。	1448	物品名:"远古守护者"
DESCRIBE.SPIDER_DROPPER	自我提醒：别向上看。	1449	物品名:"穴居悬蛛"
DESCRIBE.NIGHTMARELIGHT	我想知道这个东西有什么用。	1450	物品名:"梦魇灯座"
DESCRIBE.NIGHTSTICK	它带电！	1451	物品名:"晨星锤" 制造描述:"用于夜间战斗的晨光。"
DESCRIBE.GREENGEM	绿色的，闪耀着光芒。	1452	物品名:"绿宝石"
DESCRIBE.MULTITOOL_AXE_PICKAXE	太高明了！	1453	物品名:"多用斧镐" 制造描述:"加倍实用。"
DESCRIBE.ORANGESTAFF	这比走路好。	1454	物品名:"懒人魔杖" 制造描述:"适合那些不喜欢走路的人。"
DESCRIBE.YELLOWAMULET	手感温暖。	1455	物品名:"魔光护符" 制造描述:"从天堂汲取力量。"
DESCRIBE.GREENAMULET	所有基地都得配一个！	1456	物品名:"建造护符" 制造描述:"用更少的材料合成物品！"
DESCRIBE.SLURPERPELT	死了的样子也没什么不同。	1457	物品名:未找到
DESCRIBE.SLURPER	好多毛！	1458	物品名:"啜食者"
DESCRIBE.SLURPER_PELT	死了的样子也没什么不同。	1459	物品名:"啜食者皮"
DESCRIBE.ARMORSLURPER	一根湿漉漉的、帮助你抵抗饥饿的腰带。	1460	物品名:"饥饿腰带" 制造描述:"保持肚子不饿。"
DESCRIBE.ORANGEAMULET	瞬移的用处可大了。	1461	物品名:"懒人护符" 制造描述:"适合那些不喜欢捡东西的人。"
DESCRIBE.YELLOWSTAFF	天才发明...棍子上有宝石。	1462	物品名:"唤星者魔杖" 制造描述:"召唤一个小星星。"
DESCRIBE.YELLOWGEM	这个宝石是黄色的。	1463	物品名:"黄宝石"
DESCRIBE.ORANGEGEM	一颗橙宝石。	1464	物品名:"橙宝石"
DESCRIBE.OPALSTAFF	科学方面证明，宝石在棍子的顶部看起来更耀眼。	1465	物品名:"唤月者魔杖"
DESCRIBE.OPALPRECIOUSGEM	这个宝石看起来很特别。	1466	物品名:"彩虹宝石"
DESCRIBE.TELEBASE.VALID	它准备好了。	1469	物品名:"传送焦点"->有效 制造描述:"装上宝石试试。"
DESCRIBE.TELEBASE.GEMS	它需要更多紫宝石。	1470	物品名:"传送焦点"->需要宝石 制造描述:"装上宝石试试。"
DESCRIBE.GEMSOCKET.VALID	看起来准备就绪了。	1474	物品名:"宝石底座"->有效
DESCRIBE.GEMSOCKET.GEMS	它需要一颗宝石。	1475	物品名:"宝石底座"->需要宝石
DESCRIBE.STAFFLIGHT	那似乎非常危险。	1477	物品名:"矮星"
DESCRIBE.STAFFCOLDLIGHT	呃！令人寒心。	1478	物品名:"极光"
DESCRIBE.ANCIENT_ALTAR	古老而神秘的建筑。	1479	物品名:"远古伪科学站"
DESCRIBE.ANCIENT_ALTAR_BROKEN	这个好像破损了。	1480	物品名:"损坏的远古伪科学站"
DESCRIBE.ANCIENT_STATUE	它好像在与世界格格不入地震动。	1481	物品名:"远古雕像"
DESCRIBE.LICHEN	只有蓝藻能在这种光线条件下生长。	1482	物品名:"洞穴苔藓"
DESCRIBE.CUTLICHEN	有营养，但保存不了多久。	1483	物品名:"苔藓"
DESCRIBE.CAVE_BANANA	软塌塌的。	1484	物品名:"香蕉"
DESCRIBE.CAVE_BANANA_COOKED	好吃！	1485	物品名:"熟香蕉"
DESCRIBE.CAVE_BANANA_TREE	怀疑它能不能光合作用。	1486	物品名:"洞穴香蕉树"
DESCRIBE.ROCKY	它的钳子真吓人。	1487	物品名:"石虾"
DESCRIBE.COMPASS.GENERIC	我面朝哪个方向？	1490	物品名:"指南针"->默认 制造描述:"指向北方。"
DESCRIBE.COMPASS.N	北。	1491	物品名:"指南针" 制造描述:"指向北方。"
DESCRIBE.COMPASS.S	南。	1492	物品名:"指南针" 制造描述:"指向北方。"
DESCRIBE.COMPASS.E	东。	1493	物品名:"指南针" 制造描述:"指向北方。"
DESCRIBE.COMPASS.W	西。	1494	物品名:"指南针" 制造描述:"指向北方。"
DESCRIBE.COMPASS.NE	东北。	1495	物品名:"指南针" 制造描述:"指向北方。"
DESCRIBE.COMPASS.SE	东南。	1496	物品名:"指南针" 制造描述:"指向北方。"
DESCRIBE.COMPASS.NW	西北。	1497	物品名:"指南针" 制造描述:"指向北方。"
DESCRIBE.COMPASS.SW	西南。	1498	物品名:"指南针" 制造描述:"指向北方。"
DESCRIBE.HOUNDSTOOTH	真锋利！	1500	物品名:"犬牙"
DESCRIBE.ARMORSNURTLESHELL	穿这衣服时，会粘在背上。	1501	物品名:"蜗壳护甲"
DESCRIBE.BAT	啊！真可怕！	1502	物品名:"洞穴蝙蝠"
DESCRIBE.BATBAT	我敢打赌，如果我拿着其中俩个我就能飞起来。	1503	物品名:"蝙蝠棒" 制造描述:"所有科技都如此...耗费精神。"
DESCRIBE.BATWING	那些东西即使死了都很讨厌。	1504	物品名:"洞穴蝙蝠翅膀"
DESCRIBE.BATWING_COOKED	至少它不会再活过来了。	1505	物品名:"熟蝙蝠翅膀"
DESCRIBE.BATCAVE	我可不想吵醒它们。	1506	物品名:"蝙蝠洞"
DESCRIBE.BEDROLL_FURRY	真是又暖和又舒服。	1507	物品名:"毛皮铺盖" 制造描述:"舒适地一觉睡到天亮！"
DESCRIBE.BUNNYMAN	我要马上搞科研，饥渴难耐。	1508	物品名:"兔人"
DESCRIBE.FLOWER_CAVE	是科学的力量让它发光。	1509	物品名:"荧光花"
DESCRIBE.GUANO	另一种味道的粪便。	1510	物品名:"鸟粪"
DESCRIBE.LANTERN	更文明的灯具。	1511	物品名:"提灯" 制造描述:"可加燃料、明亮、便携！"
DESCRIBE.LIGHTBULB	奇怪，看起来就很好吃。	1512	物品名:"荧光果"
DESCRIBE.MANRABBIT_TAIL	手里抓个东西挺好的。	1513	物品名:"兔绒"
DESCRIBE.MUSHROOMHAT	让穿戴者看起来像一个有趣的家伙。	1514	物品名:"蘑菇帽"
DESCRIBE.MUSHROOM_LIGHT2.ON	蓝色明显是最科学的颜色。	1517	物品名:"菌伞灯"->开启 制造描述:"受到火山岩浆灯饰学问的激发。"
DESCRIBE.MUSHROOM_LIGHT2.OFF	我们可以用一些主要颜色来生成一个主要光源。	1518	物品名:"菌伞灯"->关闭 制造描述:"受到火山岩浆灯饰学问的激发。"
DESCRIBE.MUSHROOM_LIGHT2.BURNT	我没有让它发霉，我发誓。	1519	物品名:"菌伞灯"->烧焦的 制造描述:"受到火山岩浆灯饰学问的激发。"
DESCRIBE.MUSHROOM_LIGHT.ON	科学把它点亮了。	1523	物品名:"蘑菇灯"->开启 制造描述:"任何蘑菇的完美添加物。"
DESCRIBE.MUSHROOM_LIGHT.OFF	它是一个又大又科学的蘑菇。	1524	物品名:"蘑菇灯"->关闭 制造描述:"任何蘑菇的完美添加物。"
DESCRIBE.MUSHROOM_LIGHT.BURNT	完全烧焦。	1525	物品名:"蘑菇灯"->烧焦的 制造描述:"任何蘑菇的完美添加物。"
DESCRIBE.SLEEPBOMB	一扔就让我犯困。	1527	物品名:"睡袋" 制造描述:"可以扔掉的袋子睡意沉沉。"
DESCRIBE.MUSHROOMBOMB	一朵蘑菇云正在生成！	1528	物品名:"炸弹蘑菇"
DESCRIBE.SHROOM_SKIN	疣，都是疣！	1529	物品名:"蘑菇皮"
DESCRIBE.TOADSTOOL_CAP.EMPTY	只是地上的一个洞。	1532	物品名:"毒菌蟾蜍"
DESCRIBE.TOADSTOOL_CAP.INGROUND	有东西伸出来了。	1533	物品名:"毒菌蟾蜍"->在地里面
DESCRIBE.TOADSTOOL_CAP.GENERIC	那毒菌只是想被砍掉。	1534	物品名:"毒菌蟾蜍"->默认
DESCRIBE.TOADSTOOL.GENERIC	咦嘘！我不要亲吻那东西！	1538	物品名:"毒菌蟾蜍"->默认
DESCRIBE.TOADSTOOL.RAGE	它狂跳不止！	1539	物品名:"毒菌蟾蜍"->愤怒
DESCRIBE.MUSHROOMSPROUT.GENERIC	多么科学！	1543	物品名:"孢子帽"->默认
DESCRIBE.MUSHROOMSPROUT.BURNT	多么不道德！	1544	物品名:"孢子帽"->烧焦的
DESCRIBE.MUSHTREE_TALL.GENERIC	那个蘑菇长得太大了。	1548	物品名:"蓝蘑菇树"->默认
DESCRIBE.MUSHTREE_TALL.BLOOM	从远处看不出来，但它相当臭。	1549	物品名:"蓝蘑菇树"->蘑菇树繁殖？？
DESCRIBE.MUSHTREE_TALL.ACIDCOVERED	沾满了酸液。	1550	物品名:"蓝蘑菇树"
DESCRIBE.MUSHTREE_MEDIUM.GENERIC	我的浴室里过去生长着这些东西。	1554	物品名:"红蘑菇树"->默认
DESCRIBE.MUSHTREE_MEDIUM.BLOOM	这个让我有点反感。	1555	物品名:"红蘑菇树"->蘑菇树繁殖？？
DESCRIBE.MUSHTREE_MEDIUM.ACIDCOVERED	沾满了酸液。	1556	物品名:"红蘑菇树"
DESCRIBE.MUSHTREE_SMALL.GENERIC	魔法蘑菇？	1560	物品名:"绿蘑菇树"->默认
DESCRIBE.MUSHTREE_SMALL.BLOOM	它在努力繁殖。	1561	物品名:"绿蘑菇树"->蘑菇树繁殖？？
DESCRIBE.MUSHTREE_SMALL.ACIDCOVERED	沾满了酸液。	1562	物品名:"绿蘑菇树"
DESCRIBE.MUSHTREE_TALL_WEBBED.GENERIC	蜘蛛们觉得这个很重要。	1566	物品名:"蛛网蓝蘑菇树"->默认
DESCRIBE.MUSHTREE_TALL_WEBBED.ACIDCOVERED	沾满了酸液。	1567	物品名:"蛛网蓝蘑菇树"
DESCRIBE.SPORE_TALL.GENERIC	它四处飘荡。	1571	物品名:"蓝色孢子"->默认
DESCRIBE.SPORE_TALL.HELD	我要在口袋里装一点光。	1572	物品名:"蓝色孢子"->拿在手里
DESCRIBE.SPORE_MEDIUM.GENERIC	在这世上已了无牵挂。	1576	物品名:"红色孢子"->默认
DESCRIBE.SPORE_MEDIUM.HELD	我要在口袋里装一点光。	1577	物品名:"红色孢子"->拿在手里
DESCRIBE.SPORE_SMALL.GENERIC	那是孢子的眼睛看到的景象。	1581	物品名:"绿色孢子"->默认
DESCRIBE.SPORE_SMALL.HELD	我要在口袋里装一点光。	1582	物品名:"绿色孢子"->拿在手里
DESCRIBE.RABBITHOUSE.GENERIC	那可不是真的胡萝卜。	1586	物品名:"兔屋"->默认 制造描述:"可容纳一只巨大的兔子及其所有物品。"
DESCRIBE.RABBITHOUSE.BURNT	那可不是真的烤胡萝卜。	1587	物品名:"兔屋"->烧焦的 制造描述:"可容纳一只巨大的兔子及其所有物品。"
DESCRIBE.SLURTLE	呕...恶心...	1589	物品名:"蛞蝓龟"
DESCRIBE.SLURTLE_SHELLPIECES	拼不好的拼图。	1590	物品名:"外壳碎片"
DESCRIBE.SLURTLEHAT	那会弄乱我的头发。	1591	物品名:"背壳头盔"
DESCRIBE.SLURTLEHOLE	“恶心的”洞穴。	1592	物品名:"蛞蝓龟窝"
DESCRIBE.SLURTLESLIME	要不是有用的话，我才不会去碰呢。	1593	物品名:"蛞蝓龟黏液"
DESCRIBE.SNURTLE	他不算太恶心，但还是恶心。	1594	物品名:"蜗牛龟"
DESCRIBE.SPIDER_HIDER	哇！更多蜘蛛！	1595	物品名:"洞穴蜘蛛"
DESCRIBE.SPIDER_SPITTER	我讨厌蜘蛛！	1596	物品名:"喷吐蜘蛛"
DESCRIBE.SPIDERHOLE	它外面盖满了蛛网。	1597	物品名:"蛛网岩"
DESCRIBE.SPIDERHOLE_ROCK	它外面盖满了蛛网。	1598	物品名:未找到
DESCRIBE.STALAGMITE	我看它就是块石头。	1599	物品名:"石笋"
DESCRIBE.STALAGMITE_TALL	石头，石头，石头，石头...	1600	物品名:"石笋"
DESCRIBE.TURF_CARPETFLOOR	非常扎人。	1601	物品名:"地毯地板" 制造描述:"超级柔软。闻着就像皮弗娄牛。"
DESCRIBE.TURF_CHECKERFLOOR	这些非常华丽。	1602	物品名:"棋盘地板" 制造描述:"精心制作成棋盘状的大理石地砖。"
DESCRIBE.TURF_DIRT	一块地皮。	1603	物品名:"泥土地皮"
DESCRIBE.TURF_FOREST	一块地皮。	1604	物品名:"森林地皮" 制造描述:"一块森林地皮。"
DESCRIBE.TURF_GRASS	一块地皮。	1605	物品名:"长草地皮" 制造描述:"一片草地。"
DESCRIBE.TURF_MARSH	一块地皮。	1606	物品名:"沼泽地皮" 制造描述:"沼泽在哪，家就在哪！"
DESCRIBE.TURF_METEOR	一块月球地面。	1607	物品名:"月球环形山地皮" 制造描述:"月球表面的月坑。"
DESCRIBE.TURF_PEBBLEBEACH	一块海滩。	1608	物品名:"岩石海滩地皮" 制造描述:"一块鹅卵石海滩地皮。"
DESCRIBE.TURF_ROAD	草草铺砌的石头。	1609	物品名:"卵石路" 制造描述:"修建你自己的道路，通往任何地方。"
DESCRIBE.TURF_ROCKY	一块地皮。	1610	物品名:"岩石地皮" 制造描述:"一块石头地皮。"
DESCRIBE.TURF_SAVANNA	一块地皮。	1611	物品名:"热带草原地皮" 制造描述:"一块热带草原地皮。"
DESCRIBE.TURF_WOODFLOOR	这些是木地板。	1612	物品名:"木地板" 制造描述:"优质复合地板。"
DESCRIBE.TURF_CAVE	又一种地皮类型。	1613	物品名:"鸟粪地皮" 制造描述:"洞穴地面冰冷的岩石。"
DESCRIBE.TURF_FUNGUS	又一种地皮类型。	1614	物品名:"真菌地皮" 制造描述:"一块长满了真菌的洞穴地皮。"
DESCRIBE.TURF_FUNGUS_MOON	又一种地皮类型。	1615	物品名:"变异真菌地皮" 制造描述:"一块长满了变异真菌的洞穴地皮。"
DESCRIBE.TURF_ARCHIVE	又一种地皮类型。	1616	物品名:"远古石刻" 制造描述:"解封档案馆中的远古石器。"
DESCRIBE.TURF_VAULT	又一种地皮类型。	1617	物品名:"远古圣殿石刻" 制造描述:"圣殿中的远古石刻。"
DESCRIBE.TURF_VENT	又一种地皮类型。	1618	物品名:"洞穴喷气孔地皮" 制造描述:"一块乱石嶙峋的冒烟洞穴地皮。"
DESCRIBE.TURF_SINKHOLE	又一种地皮类型。	1619	物品名:"黏滑地皮" 制造描述:"一块潮湿、沾满泥巴的草地地皮。"
DESCRIBE.TURF_UNDERROCK	又一种地皮类型。	1620	物品名:"洞穴岩石地皮" 制造描述:"一块乱石嶙峋的洞穴地皮。"
DESCRIBE.TURF_MUD	又一种地皮类型。	1621	物品名:"泥泞地皮" 制造描述:"一块泥地地皮。"
DESCRIBE.TURF_DECIDUOUS	又一种地皮类型。	1622	物品名:"落叶林地皮" 制造描述:"一块落叶林地皮。"
DESCRIBE.TURF_SANDY	又一种地皮类型。	1623	物品名:未找到
DESCRIBE.TURF_BADLANDS	又一种地皮类型。	1624	物品名:未找到
DESCRIBE.TURF_DESERTDIRT	一块地皮。	1625	物品名:"沙漠地皮" 制造描述:"一片干燥的沙子。"
DESCRIBE.TURF_FUNGUS_GREEN	一块地皮。	1626	物品名:"真菌地皮" 制造描述:"一块爬满绿菌的洞穴地皮。"
DESCRIBE.TURF_FUNGUS_RED	一块地皮。	1627	物品名:"真菌地皮" 制造描述:"一块爬满红菌的洞穴地皮。"
DESCRIBE.TURF_DRAGONFLY	你想证明它能防火吗？	1628	物品名:"龙鳞地板" 制造描述:"消除火灾蔓延速度。"
DESCRIBE.TURF_SHELLBEACH	一块海滩。	1629	物品名:"贝壳海滩地皮" 制造描述:"一块贝壳海岸。"
DESCRIBE.TURF_RUINSBRICK	又一种地皮类型。	1630	物品名:"远古地面" 制造描述:"远古石制地面，装饰的魔法技艺早已失传。"
DESCRIBE.TURF_RUINSBRICK_GLOW	又一种地皮类型。	1631	物品名:"仿远古地面" 制造描述:"远古石制地面的复刻。"
DESCRIBE.TURF_RUINSTILES	又一种地皮类型。	1632	物品名:"远古瓷砖" 制造描述:"瓷砖地面，装饰的魔法技艺早已失传。"
DESCRIBE.TURF_RUINSTILES_GLOW	又一种地皮类型。	1633	物品名:"仿远古瓷砖" 制造描述:"远古瓷砖地面的复刻。"
DESCRIBE.TURF_RUINSTRIM	又一种地皮类型。	1634	物品名:"远古砖雕" 制造描述:"砖石地面，装饰的魔法技艺早已失传。"
DESCRIBE.TURF_RUINSTRIM_GLOW	又一种地皮类型。	1635	物品名:"仿远古砖雕" 制造描述:"远古砖石地面的复刻。"
DESCRIBE.TURF_MONKEY_GROUND	一片沙地。	1636	物品名:"月亮码头海滩地皮" 制造描述:"一片沙地，散发着淡淡的香蕉香。"
DESCRIBE.TURF_CARPETFLOOR2	它出奇地柔软。	1637	物品名:"茂盛地毯" 制造描述:"超级超级软。"
DESCRIBE.TURF_MOSAIC_GREY	又一种地皮类型。	1638	物品名:"灰色马赛克地板" 制造描述:"优雅的碎石。灰色。"
DESCRIBE.TURF_MOSAIC_RED	又一种地皮类型。	1639	物品名:"红色马赛克地板" 制造描述:"优雅的碎石。红色。"
DESCRIBE.TURF_MOSAIC_BLUE	又一种地皮类型。	1640	物品名:"蓝色马赛克地板" 制造描述:"优雅的碎石。蓝色。"
DESCRIBE.TURF_BEARD_RUG	我用我的胡须做的！	1641	物品名:"胡须地毯" 制造描述:"有些人就是喜欢行为艺术。"
DESCRIBE.POWCAKE	科学啊，帮帮我们吧。	1642	物品名:"粉末蛋糕"
DESCRIBE.CAVE_ENTRANCE	我在想那岩石能不能移开。	1643	物品名:"被堵住的洞穴"
DESCRIBE.CAVE_ENTRANCE_RUINS	它有可能在隐瞒什么事情。	1644	物品名:"被堵住的陷洞"->单机 洞二入口
DESCRIBE.CAVE_ENTRANCE_OPEN.GENERIC	大地本身在排斥我！	1647	物品名:"洞穴"->默认
DESCRIBE.CAVE_ENTRANCE_OPEN.OPEN	我敢打赌在那下面肯定能发现各种各样的东西。	1648	物品名:"洞穴"->打开
DESCRIBE.CAVE_ENTRANCE_OPEN.FULL	我会等到有人离开进入。	1649	物品名:"洞穴"->满了
DESCRIBE.CAVE_EXIT.GENERIC	我想我该待在这下面。	1653	物品名:"楼梯"->默认
DESCRIBE.CAVE_EXIT.OPEN	我暂时不想再探险了。	1654	物品名:"楼梯"->打开
DESCRIBE.CAVE_EXIT.FULL	上面太拥挤！	1655	物品名:"楼梯"->满了
DESCRIBE.MAXWELLPHONOGRAPH	音乐原来是从那来的。	1657	物品名:"麦斯威尔的留声机"->单机 麦斯威尔留声机
DESCRIBE.BOOMERANG	空气动力学！	1658	物品名:"回旋镖" 制造描述:"来自澳洲土著。"
DESCRIBE.PIGGUARD	他看起来不那么友善。	1659	物品名:"猪人守卫"
DESCRIBE.ABIGAIL.LEVEL1[0]	噢，她有一个可爱的小蝴蝶结。	1664	物品名:未找到 制造描述:未找到
DESCRIBE.ABIGAIL.LEVEL1[1]	噢，她有一个可爱的小蝴蝶结。	1665	物品名:未找到 制造描述:未找到
DESCRIBE.ABIGAIL.LEVEL2[0]	噢，她有一个可爱的小蝴蝶结。	1669	物品名:未找到 制造描述:未找到
DESCRIBE.ABIGAIL.LEVEL2[1]	噢，她有一个可爱的小蝴蝶结。	1670	物品名:未找到 制造描述:未找到
DESCRIBE.ABIGAIL.LEVEL3[0]	噢，她有一个可爱的小蝴蝶结。	1674	物品名:未找到 制造描述:未找到
DESCRIBE.ABIGAIL.LEVEL3[1]	噢，她有一个可爱的小蝴蝶结。	1675	物品名:未找到 制造描述:未找到
DESCRIBE.ADVENTURE_PORTAL	我不想再一次上当了。	1678	物品名:"麦斯威尔之门"->单机 麦斯威尔之门
DESCRIBE.AMULET	戴着它我感觉很安全。	1679	物品名:"重生护符" 制造描述:"逃离死神的魔爪。"
DESCRIBE.ANIMAL_TRACK	食物留下的踪迹。我指的是...一只动物。	1680	物品名:"动物足迹"
DESCRIBE.ARMORGRASS	希望里面没虫子。	1681	物品名:"草甲" 制造描述:"提供少许防护。"
DESCRIBE.ARMORMARBLE	那看起来真的很沉。	1682	物品名:"大理石甲" 制造描述:"它很重，但能够保护你。"
DESCRIBE.ARMORWOOD	那是一件非常合适的衣服。	1683	物品名:"木甲" 制造描述:"为你抵御部分伤害。"
DESCRIBE.ARMOR_SANITY	穿着我虽然安全了，心里确不踏实。	1684	物品名:"暗夜甲" 制造描述:"保护你的躯体，但无法保护你的心智。"
DESCRIBE.ASH.GENERIC	火烧完之后剩下的一切。	1687	物品名:"灰烬"->默认
DESCRIBE.ASH.REMAINS_GLOMMERFLOWER	传送时，花被火焰吞噬了！	1688	物品名:"灰烬"->单机专用
DESCRIBE.ASH.REMAINS_EYE_BONE	传送时，眼骨被火焰吞噬了！	1689	物品名:"灰烬"->单机专用
DESCRIBE.ASH.REMAINS_THINGIE	这肯定有个完美的科学解释。	1690	物品名:"灰烬"->单机专用
DESCRIBE.AXE	可靠的斧头。	1692	物品名:"斧头" 制造描述:"砍倒树木！"
DESCRIBE.BABYBEEFALO.GENERIC	啊。太可爱了！	1695	物品名:"小皮弗娄牛"->默认
DESCRIBE.BABYBEEFALO.SLEEPING	做个好梦，臭家伙。	1696	物品名:"小皮弗娄牛"->睡着了
DESCRIBE.BUNDLE	我们的物资都在那里面！	1698	物品名:"捆绑物资"
DESCRIBE.BUNDLEWRAP	把东西打包起来应该会容易搬一点。	1699	物品名:"捆绑包装" 制造描述:"打包东西的必要工具。"
DESCRIBE.BACKPACK	你可以在那里面装进许多科学。	1700	物品名:"背包" 制造描述:"携带更多物品。"
DESCRIBE.BACONEGGS	适合科学家的完美早餐。	1701	物品名:"培根煎蛋"
DESCRIBE.BANDAGE	似乎挺卫生的。	1702	物品名:"蜂蜜药膏" 制造描述:"愈合小伤口。"
DESCRIBE.BASALT	太硬了，敲不碎！	1703	物品名:"玄武岩"
DESCRIBE.BEARDHAIR	当它们不是你自己的时候才会恶心。	1704	物品名:"胡须"
DESCRIBE.BEARGER	熊一样大的獾。	1705	物品名:"熊獾"
DESCRIBE.BEARGERVEST	欢迎来到冬眠站！	1706	物品名:"熊皮背心" 制造描述:"像熊一样的背心。"
DESCRIBE.ICEPACK	毛皮使包内有保温效果。	1707	物品名:"保鲜背包" 制造描述:"保持新鲜感。"
DESCRIBE.BEARGER_FUR	一块厚毛皮。	1708	物品名:"熊皮" 制造描述:"毛皮再生。"
DESCRIBE.BEDROLL_STRAW	看起来挺舒适，但闻起来一股霉味。	1709	物品名:"草席卷" 制造描述:"一觉睡到天亮。"
DESCRIBE.BEEQUEEN	让那蜂刺离我远点！	1710	物品名:"蜂王"
DESCRIBE.BEEQUEENHIVE.GENERIC	太黏了，没法走下去了。	1713	物品名:"小块蜂蜜"->默认
DESCRIBE.BEEQUEENHIVE.GROWING	那东西以前在那里吗？	1714	物品名:"小块蜂蜜"->正在生长
DESCRIBE.BEEQUEENHIVEGROWN	不科学啊，它是怎么长到这么大的？！	1716	物品名:"巨大蜂窝"
DESCRIBE.BEEGUARD	它正在守卫女王。	1717	物品名:"嗡嗡蜜蜂"
DESCRIBE.HIVEHAT	当我戴上它时，这世界似乎少一点疯狂了。	1718	物品名:"蜂王冠"
DESCRIBE.MINISIGN.GENERIC	我可以画得比那好！	1721	物品名:"小木牌"->默认
DESCRIBE.MINISIGN.UNDRAWN	我们应该在那上面画些东西。	1722	物品名:"小木牌"->没有画画
DESCRIBE.MINISIGN_ITEM	像这样没有太多用处。我们应该把它放下。	1724	物品名:"小木牌" 制造描述:"用羽毛笔在这些上面画画。"
DESCRIBE.BEE.GENERIC	嗡嗡嗡，嗡嗡嗡。	1727	物品名:"蜜蜂"->默认
DESCRIBE.BEE.HELD	当心！	1728	物品名:"蜜蜂"->拿在手里
DESCRIBE.BEEBOX.READY	它里面装满了蜂蜜。	1732	物品名:"蜂箱"->准备好的 满的 制造描述:"贮存你自己的蜜蜂。"
DESCRIBE.BEEBOX.FULLHONEY	它里面装满了蜂蜜。	1733	物品名:"蜂箱"->蜂蜜满了 制造描述:"贮存你自己的蜜蜂。"
DESCRIBE.BEEBOX.GENERIC	蜜蜂！	1734	物品名:"蜂箱"->默认 制造描述:"贮存你自己的蜜蜂。"
DESCRIBE.BEEBOX.NOHONEY	它是空的。	1735	物品名:"蜂箱"->没有蜂蜜 制造描述:"贮存你自己的蜜蜂。"
DESCRIBE.BEEBOX.SOMEHONEY	需要等一会。	1736	物品名:"蜂箱"->有一些蜂蜜 制造描述:"贮存你自己的蜜蜂。"
DESCRIBE.BEEBOX.BURNT	怎么被烧掉的？！！	1737	物品名:"蜂箱"->烧焦的 制造描述:"贮存你自己的蜜蜂。"
DESCRIBE.MUSHROOM_FARM.STUFFED	那真是许许多多的蘑菇！	1741	物品名:"蘑菇农场"->塞，满了？？ 制造描述:"种蘑菇。"
DESCRIBE.MUSHROOM_FARM.LOTS	木头上长满了蘑菇。	1742	物品名:"蘑菇农场"->很多 制造描述:"种蘑菇。"
DESCRIBE.MUSHROOM_FARM.SOME	现在它应该继续生长。	1743	物品名:"蘑菇农场"->有一些 制造描述:"种蘑菇。"
DESCRIBE.MUSHROOM_FARM.EMPTY	它可以使用一个孢子。或是一个蘑菇移植植物。	1744	物品名:"蘑菇农场" 制造描述:"种蘑菇。"
DESCRIBE.MUSHROOM_FARM.ROTTEN	木头死亡了。我们应该用一个活的来替换它。	1745	物品名:"蘑菇农场"->腐烂的--需要活木 制造描述:"种蘑菇。"
DESCRIBE.MUSHROOM_FARM.BURNT	科学的力量催生了它。	1746	物品名:"蘑菇农场"->烧焦的 制造描述:"种蘑菇。"
DESCRIBE.MUSHROOM_FARM.SNOWCOVERED	我认为它在这种寒冷的天气里没办法生长。	1747	物品名:"蘑菇农场"->被雪覆盖 制造描述:"种蘑菇。"
DESCRIBE.BEEFALO.FOLLOWER	他在静静地跟着我。	1751	物品名:"皮弗娄牛"->追随者
DESCRIBE.BEEFALO.GENERIC	是皮弗娄牛！	1752	物品名:"皮弗娄牛"->默认
DESCRIBE.BEEFALO.NAKED	呃，他很伤心。	1753	物品名:"皮弗娄牛"->牛毛被刮干净了
DESCRIBE.BEEFALO.SLEEPING	这些家伙睡得真死。	1754	物品名:"皮弗娄牛"->睡着了
DESCRIBE.BEEFALO.DOMESTICATED	这个没其他的那么臭。	1755	物品名:"皮弗娄牛"->驯化牛
DESCRIBE.BEEFALO.ORNERY	它看起来非常生气。	1756	物品名:"皮弗娄牛"->战斗牛
DESCRIBE.BEEFALO.RIDER	这家伙看起来挺好骑的。	1757	物品名:"皮弗娄牛"->骑行牛
DESCRIBE.BEEFALO.PUDGY	嗯，它可能吃太多东西了。	1758	物品名:"皮弗娄牛"->胖牛
DESCRIBE.BEEFALO.MYPARTNER	我们永远都是朋友。	1759	物品名:"皮弗娄牛"
DESCRIBE.BEEFALO.DEAD	它很坚强。	1760	物品名:"皮弗娄牛"->死了
DESCRIBE.BEEFALO.DEAD_MYPARTNER	希望我们能重逢。	1761	物品名:"皮弗娄牛"
DESCRIBE.BEEFALOHAT	可以预见，我的发型要被帽子毁了。	1763	物品名:"牛角帽" 制造描述:"成为牛群中的一员！连气味也变得一样。"
DESCRIBE.BEEFALOWOOL	闻起来像皮弗娄牛的眼泪。	1764	物品名:"牛毛"
DESCRIBE.BEEHAT	保护你的皮肤，但会压坏你精心设计的发型。	1765	物品名:"养蜂帽" 制造描述:"防止被愤怒的蜜蜂蜇伤。"
DESCRIBE.BEESWAX	科学证明蜂蜡可以防腐！	1766	物品名:"蜂蜡" 制造描述:"一种有用的防腐蜂蜡。"
DESCRIBE.BEEHIVE	蜜蜂嗡嗡忙不停。	1767	物品名:"蜂窝"
DESCRIBE.BEEMINE	它晃动时就会嗡嗡叫。	1768	物品名:"蜜蜂地雷" 制造描述:"变成武器的蜜蜂。会出什么问题？"
DESCRIBE.BEEMINE_MAXWELL	被装在地雷里的狂暴蚊子！	1769	物品名:"麦斯威尔的蚊子陷阱"->单机 麦斯威尔的蚊子陷阱
DESCRIBE.BERRIES	红色浆果最好吃。	1770	物品名:"浆果"
DESCRIBE.BERRIES_COOKED	我认为加热并没有让它们变得更好。	1771	物品名:"烤浆果"
DESCRIBE.BERRIES_JUICY	非常美味，虽然美味稍纵即逝。	1772	物品名:"多汁浆果"
DESCRIBE.BERRIES_JUICY_COOKED	最好在变质前吃掉！	1773	物品名:"烤多汁浆果"
DESCRIBE.BERRYBUSH.BARREN	我想它需要施肥。	1776	物品名:"浆果丛"
DESCRIBE.BERRYBUSH.WITHERED	这么热的天气什么也生长不了。	1777	物品名:"浆果丛"->枯萎了
DESCRIBE.BERRYBUSH.GENERIC	我觉得这些应该能吃。	1778	物品名:"浆果丛"->默认
DESCRIBE.BERRYBUSH.PICKED	或许它们会再长出来？	1779	物品名:"浆果丛"->被采完了
DESCRIBE.BERRYBUSH.DISEASED	看上去病的很重。	1780	物品名:"浆果丛"->生病了
DESCRIBE.BERRYBUSH.DISEASING	呃...有些地方不对劲。	1781	物品名:"浆果丛"->正在生病？？
DESCRIBE.BERRYBUSH.BURNING	它大部分都着火了。	1782	物品名:"浆果丛"->正在燃烧
DESCRIBE.BERRYBUSH_JUICY.BARREN	在这种状态下，它长不出浆果。	1786	物品名:"多汁浆果丛"
DESCRIBE.BERRYBUSH_JUICY.WITHERED	高温将多汁的浆果脱水！	1787	物品名:"多汁浆果丛"->枯萎了
DESCRIBE.BERRYBUSH_JUICY.GENERIC	我应该把他们留到吃饭时间。	1788	物品名:"多汁浆果丛"->默认
DESCRIBE.BERRYBUSH_JUICY.PICKED	下一批丛林在努力生长。	1789	物品名:"多汁浆果丛"->被采完了
DESCRIBE.BERRYBUSH_JUICY.DISEASED	它看上去很不舒服。	1790	物品名:"多汁浆果丛"->生病了
DESCRIBE.BERRYBUSH_JUICY.DISEASING	呃...有些地方不对劲。	1791	物品名:"多汁浆果丛"->正在生病？？
DESCRIBE.BERRYBUSH_JUICY.BURNING	它大部分都着火了。	1792	物品名:"多汁浆果丛"->正在燃烧
DESCRIBE.BIGFOOT	那真是一只巨大无比的脚。	1794	物品名:"大脚怪"->单机 大脚怪
DESCRIBE.BIRDCAGE.GENERIC	现在只需要一只鸟。	1797	物品名:"鸟笼"->默认 制造描述:"为你的鸟类朋友提供一个幸福的家。"
DESCRIBE.BIRDCAGE.OCCUPIED	谁是好鸟？	1798	物品名:"鸟笼"->被占领 制造描述:"为你的鸟类朋友提供一个幸福的家。"
DESCRIBE.BIRDCAGE.SLEEPING	哇哦，他睡着了。	1799	物品名:"鸟笼"->睡着了 制造描述:"为你的鸟类朋友提供一个幸福的家。"
DESCRIBE.BIRDCAGE.HUNGRY	它看起来有点饿。	1800	物品名:"鸟笼"->有点饿了 制造描述:"为你的鸟类朋友提供一个幸福的家。"
DESCRIBE.BIRDCAGE.STARVING	好久都没人喂食了吧？	1801	物品名:"鸟笼"->挨饿 制造描述:"为你的鸟类朋友提供一个幸福的家。"
DESCRIBE.BIRDCAGE.DEAD	也许它只是在休息？	1802	物品名:"鸟笼"->死了 制造描述:"为你的鸟类朋友提供一个幸福的家。"
DESCRIBE.BIRDCAGE.SKELETON	那只鸟肯定死了。	1803	物品名:"骷髅"
DESCRIBE.BIRDTRAP	蛛网带来的收益！	1805	物品名:"捕鸟陷阱" 制造描述:"捕捉会飞的动物。"
DESCRIBE.CAVE_BANANA_BURNT	不是我的错！	1806	物品名:未找到
DESCRIBE.BIRD_EGG	一颗正常的、小小的鸟蛋。	1807	物品名:"鸟蛋"
DESCRIBE.BIRD_EGG_COOKED	真好吃！	1808	物品名:"熟鸟蛋"
DESCRIBE.BISHOP	退后，传教士！	1809	物品名:"发条主教"
DESCRIBE.BLOWDART_FIRE	这东西似乎根本不安全。	1810	物品名:"火焰吹箭" 制造描述:"向你的敌人喷火。"
DESCRIBE.BLOWDART_SLEEP	不要倒吸进去。	1811	物品名:"催眠吹箭" 制造描述:"催眠你的敌人。"
DESCRIBE.BLOWDART_PIPE	我可以好好练习怎么吹生日蜡烛！	1812	物品名:"吹箭" 制造描述:"向你的敌人喷射利齿。"
DESCRIBE.BLOWDART_YELLOW	它的准确性令人震惊。	1813	物品名:"雷电吹箭" 制造描述:"朝你的敌人放闪电。"
DESCRIBE.BLUEAMULET	像冰一样冷！	1814	物品名:"寒冰护符" 制造描述:"多么冰冷酷炫的护符。"
DESCRIBE.BLUEGEM	它散发着冰冷能量的光芒。	1815	物品名:"蓝宝石" 制造描述:"泛着蓝色。"
DESCRIBE.BLUEPRINT.COMMON	科学啊！	1818	物品名:"蓝图"
DESCRIBE.BLUEPRINT.RARE	太科学了！	1819	物品名:"蓝图"->罕见的
DESCRIBE.SKETCH	一张雕像的图片。要找个地方才能做出来。	1821	物品名:"{item}草图"
DESCRIBE.COOKINGRECIPECARD.GENERIC	科学帮帮我吧，我实在破译不了这些笔迹。	1824	物品名:"{item}食谱卡"->默认
DESCRIBE.BLUE_CAP	它很古怪，还黏黏的。	1826	物品名:"采摘的蓝蘑菇"
DESCRIBE.BLUE_CAP_COOKED	这回不一样了……	1827	物品名:"熟蓝蘑菇"
DESCRIBE.BLUE_MUSHROOM.GENERIC	是蘑菇。	1830	物品名:"蓝蘑菇"->默认
DESCRIBE.BLUE_MUSHROOM.INGROUND	它在睡觉。	1831	物品名:"蓝蘑菇"->在地里面
DESCRIBE.BLUE_MUSHROOM.PICKED	不知道它会不会长回来？	1832	物品名:"蓝蘑菇"->被采完了
DESCRIBE.BOARDS	木板。	1834	物品名:"木板" 制造描述:"更平直的木头。"
DESCRIBE.BONESHARD	一小片骨头。	1835	物品名:"骨头碎片"
DESCRIBE.BONESTEW	能让我的骨头上长点肉的炖菜。	1836	物品名:"炖肉汤"
DESCRIBE.BUGNET	抓虫子用的。	1837	物品名:"捕虫网" 制造描述:"抓虫子用的。"
DESCRIBE.BUSHHAT	看着有点扎人。	1838	物品名:"灌木丛帽" 制造描述:"很好的伪装！"
DESCRIBE.BUTTER	我无法相信这是黄油！	1839	物品名:"黄油"
DESCRIBE.BUTTERFLY.GENERIC	蝴蝶，扑扑翅膀飞走了。	1842	物品名:"蝴蝶"->默认 制造描述:"帮它们重温荣耀。"
DESCRIBE.BUTTERFLY.HELD	总算抓到你了！	1843	物品名:"蝴蝶"->拿在手里 制造描述:"帮它们重温荣耀。"
DESCRIBE.BUTTERFLYMUFFIN	我们扔掉了食谱，即兴发挥了一下。	1845	物品名:"蝴蝶松饼"
DESCRIBE.BUTTERFLYWINGS	没了这些，它只是条毛虫。	1846	物品名:"蝴蝶翅膀"
DESCRIBE.BUZZARD	多么丑怪的一只秃鹫！	1847	物品名:"秃鹫"
DESCRIBE.SHADOWDIGGER	哦，挺好的。现在不止他一个了。	1848	物品名:未找到
DESCRIBE.SHADOWDANCER	有些东西你看到后就想赶紧忘掉……	1849	物品名:"暗影舞者"
DESCRIBE.CACTUS.GENERIC	虽然有刺，但很美味。	1852	物品名:"仙人掌"->默认
DESCRIBE.CACTUS.PICKED	干瘪了，但还是很多刺。	1853	物品名:"仙人掌"->被采完了
DESCRIBE.CACTUS_MEAT_COOKED	来自沙漠的烤水果。	1855	物品名:"熟仙人掌肉"
DESCRIBE.CACTUS_MEAT	要想把它变成一顿美味，还需要把上面的刺弄掉。	1856	物品名:"仙人掌肉"
DESCRIBE.CACTUS_FLOWER	多刺植物开出的美丽花朵。	1857	物品名:"仙人掌花"
DESCRIBE.COLDFIRE.EMBERS	得给那火加油了，或者就要灭了。	1860	物品名:"吸热营火"->即将熄灭 制造描述:"这火是越烤越冷的冰火。"
DESCRIBE.COLDFIRE.GENERIC	肯定能驱走黑暗。	1861	物品名:"吸热营火"->默认 制造描述:"这火是越烤越冷的冰火。"
DESCRIBE.COLDFIRE.HIGH	火要失控了！	1862	物品名:"吸热营火"->高 制造描述:"这火是越烤越冷的冰火。"
DESCRIBE.COLDFIRE.LOW	火变得有点小了。	1863	物品名:"吸热营火"->低？ 制造描述:"这火是越烤越冷的冰火。"
DESCRIBE.COLDFIRE.NORMAL	真舒服。	1864	物品名:"吸热营火"->普通 制造描述:"这火是越烤越冷的冰火。"
DESCRIBE.COLDFIRE.OUT	哦，火灭了。	1865	物品名:"吸热营火"->出去？外面？ 制造描述:"这火是越烤越冷的冰火。"
DESCRIBE.CAMPFIRE.EMBERS	得加燃料了，不然火就要灭了。	1869	物品名:"营火"->即将熄灭 制造描述:"燃烧时发出光亮。"
DESCRIBE.CAMPFIRE.GENERIC	肯定能驱走黑暗。	1870	物品名:"营火"->默认 制造描述:"燃烧时发出光亮。"
DESCRIBE.CAMPFIRE.HIGH	火要失控了！	1871	物品名:"营火"->高 制造描述:"燃烧时发出光亮。"
DESCRIBE.CAMPFIRE.LOW	火变得有点小了。	1872	物品名:"营火"->低？ 制造描述:"燃烧时发出光亮。"
DESCRIBE.CAMPFIRE.NORMAL	真舒服。	1873	物品名:"营火"->普通 制造描述:"燃烧时发出光亮。"
DESCRIBE.CAMPFIRE.OUT	哦，火灭了。	1874	物品名:"营火"->出去？外面？ 制造描述:"燃烧时发出光亮。"
DESCRIBE.CANE	从技术上讲，走路就是有控制的跌倒。	1876	物品名:"步行手杖" 制造描述:"泰然自若地快步走。"
DESCRIBE.CATCOON	顽皮的小东西。	1877	物品名:"浣猫"
DESCRIBE.CATCOONDEN.GENERIC	树桩里的窝。	1880	物品名:"空心树桩"->默认
DESCRIBE.CATCOONDEN.EMPTY	它的主人没命了。	1881	物品名:"空心树桩"
DESCRIBE.CATCOONHAT	遮住耳朵的帽子！	1883	物品名:"猫帽" 制造描述:"适合那些重视温暖甚于朋友的人。"
DESCRIBE.COONTAIL	我觉得它还在摆动。	1884	物品名:"猫尾"
DESCRIBE.CARROT	真恶心，这棵蔬菜是从土里出来的。	1885	物品名:"胡萝卜"
DESCRIBE.CARROT_COOKED	软塌塌的。	1886	物品名:"烤胡萝卜"
DESCRIBE.CARROT_PLANTED	土地在创造植物宝宝。	1887	物品名:"胡萝卜"
DESCRIBE.CARROT_SEEDS	这是一颗种子。	1888	物品名:"椭圆形种子"
DESCRIBE.CARTOGRAPHYDESK.GENERIC	现在我可以让大家伙看看我找到什么了！	1891	物品名:"制图桌"->默认 制造描述:"准确地告诉别人你去过哪里。"
DESCRIBE.CARTOGRAPHYDESK.BURNING	那件事到此为止。	1892	物品名:"制图桌"->正在燃烧 制造描述:"准确地告诉别人你去过哪里。"
DESCRIBE.CARTOGRAPHYDESK.BURNT	现在就只有灰烬了。	1893	物品名:"制图桌"->烧焦的 制造描述:"准确地告诉别人你去过哪里。"
DESCRIBE.WATERMELON_SEEDS	这是一颗种子。	1895	物品名:"方形种子"
DESCRIBE.CAVE_FERN	它是一种蕨类植物。	1896	物品名:"蕨类植物"
DESCRIBE.CHARCOAL	又小又黑，闻起来像烧焦的木头。	1897	物品名:"木炭"
DESCRIBE.CHESSPIECE_PAWN	我有同感。	1898	物品名:"卒子雕塑"
DESCRIBE.CHESSPIECE_ROOK.GENERIC	它比看上去的更重。	1901	物品名:"战车雕塑"->默认
DESCRIBE.CHESSPIECE_ROOK.STRUGGLE	棋子们自己在动！	1902	物品名:"战车雕塑"->三基佬棋子晃动
DESCRIBE.CHESSPIECE_KNIGHT.GENERIC	它是匹马，当然。	1906	物品名:"骑士雕塑"->默认
DESCRIBE.CHESSPIECE_KNIGHT.STRUGGLE	棋子们自己在动！	1907	物品名:"骑士雕塑"->三基佬棋子晃动
DESCRIBE.CHESSPIECE_BISHOP.GENERIC	是个石头主教。	1911	物品名:"主教雕塑"->默认
DESCRIBE.CHESSPIECE_BISHOP.STRUGGLE	棋子们自己在动！	1912	物品名:"主教雕塑"->三基佬棋子晃动
DESCRIBE.CHESSPIECE_MUSE	嗯...看起来很熟悉。	1914	物品名:"女王雕塑"
DESCRIBE.CHESSPIECE_FORMAL	对我来说，看起来没有非常“高贵”。	1915	物品名:"国王雕塑"
DESCRIBE.CHESSPIECE_HORNUCOPIA	仅仅看着它就让我的肚子咕噜叫了。	1916	物品名:"丰饶角雕塑"
DESCRIBE.CHESSPIECE_PIPE	那从来不是我的菜。	1917	物品名:"泡泡烟斗雕塑"
DESCRIBE.CHESSPIECE_DEERCLOPS	感觉它的目光在跟着你。	1918	物品名:"独眼巨鹿雕塑"
DESCRIBE.CHESSPIECE_BEARGER	靠近后它大得多了。	1919	物品名:"熊獾雕塑"
DESCRIBE.CHESSPIECE_MOOSEGOOSE[0]	呃。这太逼真了。	1922	物品名:"麋鹿鹅雕塑" 制造描述:未找到
DESCRIBE.CHESSPIECE_DRAGONFLY	啊，这让我想起一些事情。不好的记忆。	1924	物品名:"龙蝇雕塑"
DESCRIBE.CHESSPIECE_MINOTAUR	现在轮到你被吓得一动不动了！	1925	物品名:"远古守护者雕塑"
DESCRIBE.CHESSPIECE_BUTTERFLY	看着挺美的，对吧？	1926	物品名:"月蛾雕塑"
DESCRIBE.CHESSPIECE_ANCHOR	果然和看上去一样沉。	1927	物品名:"锚雕塑"
DESCRIBE.CHESSPIECE_MOON	最近我感到备受启发。	1928	物品名:"“月亮” 雕塑"
DESCRIBE.CHESSPIECE_CARRAT	有人胜出了！	1929	物品名:"胡萝卜鼠雕塑"
DESCRIBE.CHESSPIECE_MALBATROSS	它不追着杀你的时候还是挺可爱的。	1930	物品名:"邪天翁雕塑"
DESCRIBE.CHESSPIECE_CRABKING	看着不如麦斯威尔脾气大。	1931	物品名:"帝王蟹雕塑"
DESCRIBE.CHESSPIECE_TOADSTOOL	不能拿来当板凳坐，对吧？	1932	物品名:"毒菌蟾蜍雕塑"
DESCRIBE.CHESSPIECE_STALKER	一动不动的骨架。	1933	物品名:"远古织影者雕塑"
DESCRIBE.CHESSPIECE_KLAUS	我能召唤出“非节日装饰版”的克劳斯吗？	1934	物品名:"克劳斯雕塑"
DESCRIBE.CHESSPIECE_BEEQUEEN	很有雕塑感。	1935	物品名:"蜂王雕塑"
DESCRIBE.CHESSPIECE_ANTLION	蚁狮雕塑。	1936	物品名:"蚁狮雕塑"
DESCRIBE.CHESSPIECE_BEEFALO	这座雕塑很牛。	1937	物品名:"皮弗娄牛雕塑"
DESCRIBE.CHESSPIECE_KITCOON	这些就很容易找到。	1938	物品名:"小浣猫雕塑"
DESCRIBE.CHESSPIECE_CATCOON	它做抓柱很合适。	1939	物品名:"浣猫雕塑"
DESCRIBE.CHESSPIECE_MANRABBIT	我想抱抱它，但怕石头擦破皮。	1940	物品名:"兔人雕塑"
DESCRIBE.CHESSPIECE_GUARDIANPHASE3	我更喜欢它这样。	1941	物品名:"天体英雄雕塑"
DESCRIBE.CHESSPIECE_EYEOFTERROR	它冷冰冰地盯着我。	1942	物品名:"恐怖之眼雕塑"
DESCRIBE.CHESSPIECE_TWINSOFTERROR	恐怖之夜里出现了非常不舒服的眼神接触。	1943	物品名:"双子魔眼雕塑"
DESCRIBE.CHESSPIECE_DAYWALKER	谁知道他现在去哪儿了。	1944	物品名:"梦魇疯猪雕塑"
DESCRIBE.CHESSPIECE_DAYWALKER2	这东西该扔进垃圾堆！	1945	物品名:"拾荒疯猪雕塑"
DESCRIBE.CHESSPIECE_DEERCLOPS_MUTATED	这座雕塑看起来有点刺眼。	1946	物品名:"晶体独眼巨鹿雕塑"
DESCRIBE.CHESSPIECE_WARG_MUTATED	就差口臭了。	1947	物品名:"附身座狼雕塑"
DESCRIBE.CHESSPIECE_BEARGER_MUTATED	不知为什么，它看起来比正版的更暴躁。	1948	物品名:"装甲熊獾雕塑"
DESCRIBE.CHESSPIECE_SHARKBOI	怎么看它都觉得有些鳍跷。	1949	物品名:"大霜鲨雕塑"
DESCRIBE.CHESSPIECE_WORMBOSS	它还是让我心有余悸。	1950	物品名:"巨大洞穴蠕虫雕塑"
DESCRIBE.CHESSPIECE_YOTS	我一般会远离淘金者。	1951	物品名:"镀金洞穴蠕虫雕塑"
DESCRIBE.CHESSPIECE_WAGBOSS_ROBOT	设计精妙，制作堪忧。	1952	物品名:"战争瓦器人雕塑"
DESCRIBE.CHESSPIECE_WAGBOSS_LUNAR	月看月开心。	1953	物品名:"天体后裔雕塑"
DESCRIBE.CHESSPIECE_YOTH	那个骑士马马虎虎。	1954	物品名:"镀金骑士雕塑"
DESCRIBE.CHESSJUNK1	一堆烂发条装置。	1955	物品名:"损坏的发条装置"
DESCRIBE.CHESSJUNK2	另一堆烂发条装置。	1956	物品名:"损坏的发条装置"
DESCRIBE.CHESSJUNK3	更多的烂发条装置。	1957	物品名:"损坏的发条装置"
DESCRIBE.CHESTER	一只小短腿的...箱子，先生。	1958	物品名:"切斯特"
DESCRIBE.CHESTER_EYEBONE.GENERIC	它在看着我。	1961	物品名:"眼骨"->默认
DESCRIBE.CHESTER_EYEBONE.WAITING	它睡着了。	1962	物品名:"眼骨"->需要等待
DESCRIBE.COOKEDMANDRAKE	可怜的小家伙。	1964	物品名:"熟曼德拉草"
DESCRIBE.COOKEDMEAT	碳烤熟透。	1965	物品名:"熟肉"
DESCRIBE.COOKEDMONSTERMEAT	只比生吃的时候好吃一点点。	1966	物品名:"熟怪物肉"
DESCRIBE.COOKEDSMALLMEAT	现在我不必担心会生虫子了！	1967	物品名:"熟小肉"
DESCRIBE.COOKPOT.COOKING_LONG	这还需要一点时间。	1970	物品名:"烹饪锅"->饭还需要很久 制造描述:"制作更好的食物。"
DESCRIBE.COOKPOT.COOKING_SHORT	就快好了！	1971	物品名:"烹饪锅"->饭快做好了 制造描述:"制作更好的食物。"
DESCRIBE.COOKPOT.DONE	嗯！可以吃了！	1972	物品名:"烹饪锅"->完成了 制造描述:"制作更好的食物。"
DESCRIBE.COOKPOT.EMPTY	看着都觉得饿。	1973	物品名:"烹饪锅" 制造描述:"制作更好的食物。"
DESCRIBE.COOKPOT.BURNT	锅给烧没了。	1974	物品名:"烹饪锅"->烧焦的 制造描述:"制作更好的食物。"
DESCRIBE.CORN	高果糖！	1976	物品名:"玉米"
DESCRIBE.CORN_COOKED	做熟了，高果糖！	1977	物品名:"爆米花"
DESCRIBE.CORN_SEEDS	这是一颗种子。	1978	物品名:"簇状种子"
DESCRIBE.CANARY.GENERIC	某种科学制成的黄色生物。	1981	物品名:"金丝雀"->默认
DESCRIBE.CANARY.HELD	我并没有在压扁你，不是吗？	1982	物品名:"金丝雀"->拿在手里
DESCRIBE.CANARY_POISONED	它可能是好的。	1984	物品名:"金丝雀（中毒）"
DESCRIBE.CRITTERLAB	那里面有什么东西吗？	1985	物品名:"岩石巢穴"
DESCRIBE.CRITTER_GLOMLING	多么富有空气动力学的生物啊！	1986	物品名:"小格罗姆"
DESCRIBE.CRITTER_DRAGONLING	它爬进了我的心里。	1987	物品名:"小龙蝇"
DESCRIBE.CRITTER_LAMB	比起它妈妈，它的粘液少多了。	1988	物品名:"小钢羊"
DESCRIBE.CRITTER_PUPPY	对一只小怪兽来说真是太可爱了！	1989	物品名:"小座狼"
DESCRIBE.CRITTER_KITTEN	你会成为一位很棒的实验室助手。	1990	物品名:"浣猫崽"
DESCRIBE.CRITTER_PERDLING	我的长羽毛的朋友。	1991	物品名:"小火鸡"
DESCRIBE.CRITTER_LUNARMOTHLING	留着她是因为她对飞蛾学有价值。	1992	物品名:"小蛾子"
DESCRIBE.CROW.GENERIC	真可怕！	1995	物品名:"乌鸦"->默认
DESCRIBE.CROW.HELD	它在那里不太快乐。	1996	物品名:"乌鸦"->拿在手里
DESCRIBE.CUTGRASS	割下来的草，可用于制作和合成其他东西。	1998	物品名:"采下的草" 制造描述:"成簇的粗纤维绑在了一起。"
DESCRIBE.CUTREEDS	割下的芦苇，可用于合成和消遣。	1999	物品名:"采下的芦苇" 制造描述:"管状结构。"
DESCRIBE.CUTSTONE	光滑诱人。	2000	物品名:"石砖" 制造描述:"切成正方形的石头。"
DESCRIBE.DEADLYFEAST	功效最强的大餐。	2001	物品名:"致命盛宴"->致命盛宴 单机
DESCRIBE.DEER.GENERIC	它是不是盯着我？…不，我猜没有。	2004	物品名:"无眼鹿"->默认
DESCRIBE.DEER.ANTLER	多么引人注目的一个鹿角啊！	2005	物品名:"无眼鹿"
DESCRIBE.DEER_ANTLER	掉下来正常吗？	2007	物品名:"鹿角"
DESCRIBE.DEER_GEMMED	它被那头野兽控制着！	2008	物品名:"无眼鹿"
DESCRIBE.DEERCLOPS	它体型真大！！	2009	物品名:"独眼巨鹿"
DESCRIBE.DEERCLOPS_EYEBALL	这真的很恶心。	2010	物品名:"独眼巨鹿眼球"
DESCRIBE.EYEBRELLAHAT	它会守护佩戴人。	2011	物品名:"眼球伞" 制造描述:"面向天空的眼球让你保持干燥。"
DESCRIBE.DEPLETED_GRASS.GENERIC	可能是一丛草。	2014	物品名:"草"->默认
DESCRIBE.GOGGLESHAT	这对护目镜可真时髦。	2016	物品名:"时髦的护目镜" 制造描述:"你可以瞪大眼睛看装饰性护目镜。"
DESCRIBE.DESERTHAT	优质护目用具。	2017	物品名:"沙漠护目镜" 制造描述:"从你的眼睛里把沙子揉出来。"
DESCRIBE.ANTLIONHAT	这是一项破土而出的科学成就。	2018	物品名:"刮地皮头盔" 制造描述:"旧地不去，新地不来。"
DESCRIBE.DEVTOOL	闻起来像培根！	2019	物品名:"开发工具"
DESCRIBE.DEVTOOL_NODEV	我还不够壮，挥不动它。	2020	物品名:未找到
DESCRIBE.DIRTPILE	这是一堆土...还是？	2021	物品名:"可疑的土堆"
DESCRIBE.DIVININGROD.COLD	信号很弱。	2024	物品名:"冻伤"->冷了
DESCRIBE.DIVININGROD.GENERIC	它是某种自动引导装置。	2025	物品名:"探测杖"->默认 制造描述:"肯定有方法可以离开这里..."
DESCRIBE.DIVININGROD.HOT	这东西发疯了！	2026	物品名:"中暑"->热了
DESCRIBE.DIVININGROD.WARM	我在正确的方向上。	2027	物品名:"探测杖"->温暖 制造描述:"肯定有方法可以离开这里..."
DESCRIBE.DIVININGROD.WARMER	肯定很接近了。	2028	物品名:"探测杖" 制造描述:"肯定有方法可以离开这里..."
DESCRIBE.DIVININGRODBASE.GENERIC	我想知道它有什么用。	2032	物品名:"探测杖底座"->默认
DESCRIBE.DIVININGRODBASE.READY	看起来它需要一把大钥匙。	2033	物品名:"探测杖底座"->准备好的 满的
DESCRIBE.DIVININGRODBASE.UNLOCKED	现在机器可以工作了！	2034	物品名:"探测杖底座"->解锁了
DESCRIBE.DIVININGRODSTART	那根杖子看起来很有用！	2036	物品名:"探测杖底座"->单机探测杖底座
DESCRIBE.DRAGONFLY	那是一只龙蝇！	2037	物品名:"龙蝇"
DESCRIBE.ARMORDRAGONFLY	热呼呼的盔甲！	2038	物品名:"鳞甲" 制造描述:"脾气火爆的盔甲。"
DESCRIBE.DRAGON_SCALES	还是热的。	2039	物品名:"鳞片"
DESCRIBE.DRAGONFLYCHEST.GENERIC	仅次于保险箱！	2042	物品名:"龙鳞宝箱"->默认 制造描述:"一种结实且防火的容器。"
DESCRIBE.DRAGONFLYCHEST.UPGRADED_STACKSIZE	它提供的储存空间可谓是箱中之龙！	2043	物品名:"龙鳞宝箱" 制造描述:"一种结实且防火的容器。"
DESCRIBE.DRAGONFLYFURNACE.HAMMERED	看起来不太对啊。	2047	物品名:"龙鳞火炉"->被锤了 制造描述:"给自己建造一个苍蝇暖炉。"
DESCRIBE.DRAGONFLYFURNACE.GENERIC	产生了大量的热量，但亮光却不多。	2048	物品名:"龙鳞火炉"->默认 制造描述:"给自己建造一个苍蝇暖炉。"
DESCRIBE.DRAGONFLYFURNACE.NORMAL	它是在朝我眨眼吗？	2049	物品名:"龙鳞火炉"->普通 制造描述:"给自己建造一个苍蝇暖炉。"
DESCRIBE.DRAGONFLYFURNACE.HIGH	滚烫！	2050	物品名:"龙鳞火炉"->高 制造描述:"给自己建造一个苍蝇暖炉。"
DESCRIBE.HUTCH	哈奇蛋戈鱼，P.I.	2052	物品名:"哈奇"
DESCRIBE.HUTCH_FISHBOWL.GENERIC	我一直想要拥有一件这样的装备。	2055	物品名:"星空"->默认
DESCRIBE.HUTCH_FISHBOWL.WAITING	或许他需要点科学的力量？	2056	物品名:"星空"->需要等待
DESCRIBE.LAVASPIT.HOT	好烫的口水！	2060	物品名:"中暑"->热了
DESCRIBE.LAVASPIT.COOL	我喜欢把它叫作“干唾液”。	2061	物品名:"龙蝇唾液"
DESCRIBE.LAVA_POND	壮观！	2063	物品名:"岩浆池"
DESCRIBE.LAVAE	太烫了，没办法处理。	2064	物品名:"岩浆虫"
DESCRIBE.LAVAE_COCOON	冷却下来，平静下来。	2065	物品名:"冷冻虫卵"
DESCRIBE.LAVAE_PET.STARVING	可怜的东西一定很饿。	2068	物品名:"超级可爱岩浆虫"->挨饿
DESCRIBE.LAVAE_PET.HUNGRY	我听到它的小肚子在咕咕叫。	2069	物品名:"超级可爱岩浆虫"->有点饿了
DESCRIBE.LAVAE_PET.CONTENT	它似乎很快乐。	2070	物品名:"超级可爱岩浆虫"->内容？？？、
DESCRIBE.LAVAE_PET.GENERIC	啊。谁是好怪物？	2071	物品名:"超级可爱岩浆虫"->默认
DESCRIBE.LAVAE_EGG.GENERIC	里面传来微弱的暖意。	2075	物品名:"岩浆虫卵"->默认
DESCRIBE.LAVAE_EGG_CRACKED.COLD	我觉得蛋不够热。	2079	物品名:"冻伤"->冷了
DESCRIBE.LAVAE_EGG_CRACKED.COMFY	我从未想过我会见到一只高兴的蛋。	2080	物品名:"岩浆虫卵"->舒服的
DESCRIBE.LAVAE_TOOTH	一颗蛋牙！	2082	物品名:"岩浆虫尖牙"
DESCRIBE.DRAGONFRUIT	好奇怪的水果。	2083	物品名:"火龙果"
DESCRIBE.DRAGONFRUIT_COOKED	这水果还是很怪。	2084	物品名:"熟火龙果"
DESCRIBE.DRAGONFRUIT_SEEDS	这是一颗种子。	2085	物品名:"球茎状种子"
DESCRIBE.DRAGONPIE	那个火龙果非常耐饱。	2086	物品名:"火龙果派"
DESCRIBE.DRUMSTICK	准备好狼吞虎咽了。	2087	物品名:"鸟腿"
DESCRIBE.DRUMSTICK_COOKED	狼吞虎咽还更好！	2088	物品名:"炸鸟腿"
DESCRIBE.DUG_BERRYBUSH	现在可以把它带到任何地方了。	2089	物品名:"浆果丛"
DESCRIBE.DUG_BERRYBUSH_JUICY	这树可移植到家附近。	2090	物品名:"多汁浆果丛"
DESCRIBE.DUG_GRASS	如今在哪里都可以种这种植物。	2091	物品名:"草丛"
DESCRIBE.DUG_MARSH_BUSH	这需要种植。	2092	物品名:"尖刺灌木"
DESCRIBE.DUG_SAPLING	这需要种植。	2093	物品名:"树苗"
DESCRIBE.DURIAN	呃，真臭！	2094	物品名:"榴莲"
DESCRIBE.DURIAN_COOKED	现在它闻起来更臭了！	2095	物品名:"超臭榴莲"
DESCRIBE.DURIAN_SEEDS	这是一颗种子。	2096	物品名:"脆籽荚"
DESCRIBE.EARMUFFSHAT	温暖你内外。	2097	物品名:"兔耳罩" 制造描述:"毛茸茸的保暖物品。"
DESCRIBE.EGGPLANT	它看起来不像一颗蛋。	2098	物品名:"茄子"
DESCRIBE.EGGPLANT_COOKED	现在的它更不像蛋了。	2099	物品名:"烤茄子"
DESCRIBE.EGGPLANT_SEEDS	这是一颗种子。	2100	物品名:"漩涡种子"
DESCRIBE.ENDTABLE.BURNT	一个放在烧焦的桌子上的烧焦的花瓶。	2103	物品名:"茶几"->烧焦的 制造描述:"一张装饰桌。"
DESCRIBE.ENDTABLE.GENERIC	桌上花瓶里的一朵花。	2104	物品名:"茶几"->默认 制造描述:"一张装饰桌。"
DESCRIBE.ENDTABLE.EMPTY	我应该把一些东西放进那里。	2105	物品名:"茶几" 制造描述:"一张装饰桌。"
DESCRIBE.ENDTABLE.WILTED	看起来不太新鲜。	2106	物品名:"茶几"->枯萎的 制造描述:"一张装饰桌。"
DESCRIBE.ENDTABLE.FRESHLIGHT	有一点亮光真是好。	2107	物品名:"茶几"->茶几-新的发光的 制造描述:"一张装饰桌。"
DESCRIBE.ENDTABLE.OLDLIGHT	我们没忘记拿新灯泡吧？	2108	物品名:"茶几"->茶几-旧的发光的 制造描述:"一张装饰桌。"
DESCRIBE.DECIDUOUSTREE.BURNING	真是浪费木材。	2112	物品名:"桦栗树"->正在燃烧
DESCRIBE.DECIDUOUSTREE.BURNT	我觉得我本可以阻止这种事情发生的。	2113	物品名:"桦栗树"->烧焦的
DESCRIBE.DECIDUOUSTREE.CHOPPED	接招吧，大自然！	2114	物品名:"桦栗树"->被砍了
DESCRIBE.DECIDUOUSTREE.POISON	看来偷桦栗果惹火了它！	2115	物品名:"桦栗树"->毒化的
DESCRIBE.DECIDUOUSTREE.GENERIC	满是阔叶。大部分时候是这样的。	2116	物品名:"桦栗树"->默认
DESCRIBE.ACORN	里边绝对有东西。	2118	物品名:"桦栗果"
DESCRIBE.ACORN_SAPLING	它很快将长成一棵树！	2119	物品名:"桦栗树树苗"
DESCRIBE.ACORN_COOKED	烤得很完美。	2120	物品名:"烤桦栗果"
DESCRIBE.BIRCHNUTDRAKE	疯狂的小坚果。	2121	物品名:"桦栗果精"
DESCRIBE.EVERGREEN.BURNING	真是浪费木材。	2124	物品名:"常青树"->正在燃烧
DESCRIBE.EVERGREEN.BURNT	我觉得我本可以阻止这种事情发生的。	2125	物品名:"常青树"->烧焦的
DESCRIBE.EVERGREEN.CHOPPED	接招吧，大自然！	2126	物品名:"常青树"->被砍了
DESCRIBE.EVERGREEN.GENERIC	满是松针。	2127	物品名:"常青树"->默认
DESCRIBE.EVERGREEN_SPARSE.BURNING	真是浪费木材。	2131	物品名:"臃肿常青树"->正在燃烧
DESCRIBE.EVERGREEN_SPARSE.BURNT	我觉得我本可以阻止这种事情发生的。	2132	物品名:"臃肿常青树"->烧焦的
DESCRIBE.EVERGREEN_SPARSE.CHOPPED	接招吧，大自然！	2133	物品名:"臃肿常青树"->被砍了
DESCRIBE.EVERGREEN_SPARSE.GENERIC	这棵悲催的树没有球果。	2134	物品名:"臃肿常青树"->默认
DESCRIBE.TWIGGYTREE.BURNING	真是浪费木材。	2138	物品名:"多枝树"->正在燃烧
DESCRIBE.TWIGGYTREE.BURNT	我觉得我本可以阻止这种事情发生的。	2139	物品名:"多枝树"->烧焦的
DESCRIBE.TWIGGYTREE.CHOPPED	接招吧，大自然！	2140	物品名:"多枝树"->被砍了
DESCRIBE.TWIGGYTREE.GENERIC	满是树枝。	2141	物品名:"多枝树"->默认
DESCRIBE.TWIGGYTREE.DISEASED	它看起来很糟糕。比平常还严重。	2142	物品名:"多枝树"->生病了
DESCRIBE.TWIGGY_NUT_SAPLING	它生长不需要任何助力。	2144	物品名:"多枝树苗"
DESCRIBE.TWIGGY_OLD	那棵树看起来很弱。	2145	物品名:未找到
DESCRIBE.TWIGGY_NUT	它里面有一棵想要出去的多枝树。	2146	物品名:"多枝树种"->多枝树果
DESCRIBE.EYEPLANT	我觉得有人在看着我。	2147	物品名:"眼球草"
DESCRIBE.INSPECTSELF	我没缺胳膊少腿吧？	2148	物品名:未找到
DESCRIBE.FARMPLOT.GENERIC	我应该试着种一些庄稼。	2151	物品名:未找到
DESCRIBE.FARMPLOT.GROWING	长啊，植物，长啊！	2152	物品名:未找到
DESCRIBE.FARMPLOT.NEEDSFERTILIZER	应该需要施肥。	2153	物品名:未找到
DESCRIBE.FARMPLOT.BURNT	灰烬中长不出庄稼。	2154	物品名:未找到
DESCRIBE.FEATHERHAT	变成鸟！	2156	物品名:"羽毛帽" 制造描述:"头上的装饰。"
DESCRIBE.FEATHER_CROW	黑鸟的羽毛。	2157	物品名:"黑色羽毛"
DESCRIBE.FEATHER_ROBIN	红雀的羽毛。	2158	物品名:"红色羽毛"
DESCRIBE.FEATHER_ROBIN_WINTER	雪雀的羽毛。	2159	物品名:"蓝色羽毛"
DESCRIBE.FEATHER_CANARY	金丝雀的羽毛。	2160	物品名:"黄色羽毛"
DESCRIBE.FEATHERPENCIL	有根羽毛写出来的字都科学了。	2161	物品名:"羽毛笔" 制造描述:"是的，羽毛是必须的。"
DESCRIBE.COOKBOOK	我对知识的饥饿感从未停止过。	2162	物品名:"烹饪指南" 制造描述:"查看你收集的食谱。"
DESCRIBE.FEM_PUPPET	她被困住了！	2163	物品名:未找到
DESCRIBE.FIREFLIES.GENERIC	要是我能抓住它们就好了！	2166	物品名:"萤火虫"->默认
DESCRIBE.FIREFLIES.HELD	它们让我的口袋发光！	2167	物品名:"萤火虫"->拿在手里
DESCRIBE.FIREHOUND	那东西在发红光。	2169	物品名:"火焰猎犬"
DESCRIBE.FIREPIT.EMBERS	在火熄灭之前我得加点燃料。	2172	物品名:"火坑"->即将熄灭 制造描述:"一种更安全、更高效的营火。"
DESCRIBE.FIREPIT.GENERIC	肯定能驱走黑暗。	2173	物品名:"火坑"->默认 制造描述:"一种更安全、更高效的营火。"
DESCRIBE.FIREPIT.HIGH	好在火被围起来了！	2174	物品名:"火坑"->高 制造描述:"一种更安全、更高效的营火。"
DESCRIBE.FIREPIT.LOW	火变得有点小了。	2175	物品名:"火坑"->低？ 制造描述:"一种更安全、更高效的营火。"
DESCRIBE.FIREPIT.NORMAL	真舒服。	2176	物品名:"火坑"->普通 制造描述:"一种更安全、更高效的营火。"
DESCRIBE.FIREPIT.OUT	至少我能让它再烧起来。	2177	物品名:"火坑"->出去？外面？ 制造描述:"一种更安全、更高效的营火。"
DESCRIBE.COLDFIREPIT.EMBERS	在火熄灭之前我得加点燃料。	2181	物品名:"吸热火坑"->即将熄灭 制造描述:"燃烧效率更高，但仍然越烤越冷。"
DESCRIBE.COLDFIREPIT.GENERIC	肯定能驱走黑暗。	2182	物品名:"吸热火坑"->默认 制造描述:"燃烧效率更高，但仍然越烤越冷。"
DESCRIBE.COLDFIREPIT.HIGH	好在火被围起来了！	2183	物品名:"吸热火坑"->高 制造描述:"燃烧效率更高，但仍然越烤越冷。"
DESCRIBE.COLDFIREPIT.LOW	火变得有点小了。	2184	物品名:"吸热火坑"->低？ 制造描述:"燃烧效率更高，但仍然越烤越冷。"
DESCRIBE.COLDFIREPIT.NORMAL	真舒服。	2185	物品名:"吸热火坑"->普通 制造描述:"燃烧效率更高，但仍然越烤越冷。"
DESCRIBE.COLDFIREPIT.OUT	至少我能让它再烧起来。	2186	物品名:"吸热火坑"->出去？外面？ 制造描述:"燃烧效率更高，但仍然越烤越冷。"
DESCRIBE.FIRESTAFF	我不想点着整个世界。	2188	物品名:"火魔杖" 制造描述:"利用火焰的力量！"
DESCRIBE.FIRESUPPRESSOR.ON	开始灭火！	2191	物品名:"雪球发射器"->开启 制造描述:"拯救植物，扑灭火焰，可添加燃料。"
DESCRIBE.FIRESUPPRESSOR.OFF	一切都平息了。	2192	物品名:"雪球发射器"->关闭 制造描述:"拯救植物，扑灭火焰，可添加燃料。"
DESCRIBE.FIRESUPPRESSOR.LOWFUEL	燃料有点不足了。	2193	物品名:"雪球发射器"->燃料不足 制造描述:"拯救植物，扑灭火焰，可添加燃料。"
DESCRIBE.FISH	我现在要吃上一整天。	2195	物品名:"鱼"
DESCRIBE.FISHINGROD	钩子、鱼线和棍子！	2196	物品名:"淡水钓竿" 制造描述:"去钓鱼。为了鱼。"
DESCRIBE.FISHSTICKS	这可以填饱肚子。	2197	物品名:"炸鱼排"
DESCRIBE.FISHTACOS	松脆而美味！	2198	物品名:"鱼肉玉米卷"
DESCRIBE.FISH_COOKED	烤得恰到好处。	2199	物品名:"熟鱼"
DESCRIBE.FLINT	非常尖的石头。	2200	物品名:"燧石" 制造描述:"天然锋利，外观独特。"
DESCRIBE.FLOWER.GENERIC	很漂亮，但闻起来一股汗臭。	2203	物品名:"花"->默认
DESCRIBE.FLOWER.ROSE	衬托我红润的脸颊。	2204	物品名:"花"->玫瑰
DESCRIBE.FLOWER_WITHERED	我觉得它还没晒够太阳呢。	2206	物品名:"枯萎的花"
DESCRIBE.FLOWERHAT	闻起来就很美。	2207	物品名:"花环" 制造描述:"放松神经的东西。"
DESCRIBE.FLOWER_EVIL	啊！竟如此邪恶！	2208	物品名:"邪恶花"
DESCRIBE.FOLIAGE	一些多叶植物。	2209	物品名:"蕨叶"
DESCRIBE.FOOTBALLHAT	我不喜欢运动。	2210	物品名:"橄榄球头盔" 制造描述:"保护你的脑壳。"
DESCRIBE.FOSSIL_PIECE	科学的骨头！我们应该把它们一起放回去。	2211	物品名:"化石碎片"
DESCRIBE.FOSSIL_STALKER.GENERIC	还有些碎片没找到。	2214	物品名:"奇异的骨架"->默认
DESCRIBE.FOSSIL_STALKER.FUNNY	我科学方面的直觉告诉我这有点不对。	2215	物品名:"奇异的骨架"->趣味？？
DESCRIBE.FOSSIL_STALKER.COMPLETE	它活着！哦等等，不，它没有。	2216	物品名:"奇异的骨架"->准备好了
DESCRIBE.STALKER	骨架和暗影融合在一起！	2218	物品名:"复活的骨架"
DESCRIBE.STALKER_ATRIUM	为什么它必须这么大呢？	2219	物品名:"远古织影者"
DESCRIBE.STALKER_MINION	会咬到脚踝！	2220	物品名:"编织暗影"
DESCRIBE.THURIBLE	闻起来像化学试剂。	2221	物品名:"暗影香炉"
DESCRIBE.ATRIUM_OVERGROWTH	这些符号我一个都不认得。	2222	物品名:"远古方尖碑"
DESCRIBE.FROG.DEAD	他挂了。	2225	物品名:"青蛙"->死了
DESCRIBE.FROG.GENERIC	他真可爱！	2226	物品名:"青蛙"->默认
DESCRIBE.FROG.SLEEPING	啊，看他的睡相！	2227	物品名:"青蛙"->睡着了
DESCRIBE.FROGGLEBUNWICH	美腿三文治。	2229	物品名:"蛙腿三明治"
DESCRIBE.FROGLEGS	我曾听说它是一道美味。	2230	物品名:"蛙腿"
DESCRIBE.FROGLEGS_COOKED	味道像鸡肉。	2231	物品名:"熟蛙腿"
DESCRIBE.FRUITMEDLEY	果香扑鼻。	2232	物品名:"水果圣代"
DESCRIBE.FURTUFT	黑白毛皮。	2233	物品名:"毛丛"
DESCRIBE.GEARS	一堆机械零件。	2234	物品名:"齿轮" 制造描述:"精巧装置使用的齿轮。"
DESCRIBE.GHOST	我是一名科学家，这种东西冒犯了我。	2235	物品名:"幽灵"
DESCRIBE.GOLDENAXE	挺花哨的一把斧头。	2236	物品名:"黄金斧头" 制造描述:"砍树也要有格调！"
DESCRIBE.GOLDENPICKAXE	金子不是软的吗？	2237	物品名:"黄金鹤嘴锄" 制造描述:"像大Boss一样砸碎岩石。"
DESCRIBE.GOLDENPITCHFORK	一把叉子我都能做的这么精美？	2238	物品名:"黄金干草叉" 制造描述:"重新布置整个世界。"
DESCRIBE.GOLDENSHOVEL	我等不及要挖洞了。	2239	物品名:"黄金铲子" 制造描述:"挖掘作用相同，但使用寿命更长。"
DESCRIBE.GOLDNUGGET	它不能吃，但确实闪闪发光。	2240	物品名:"金块"
DESCRIBE.GRASS.BARREN	它需要粪肥。	2243	物品名:"草"
DESCRIBE.GRASS.WITHERED	天气这么热，它不会长回来。	2244	物品名:"草"->枯萎了
DESCRIBE.GRASS.BURNING	烧得好快！	2245	物品名:"草"->正在燃烧
DESCRIBE.GRASS.GENERIC	是一丛草。	2246	物品名:"草"->默认
DESCRIBE.GRASS.PICKED	它在长得最好的时候被采走了。	2247	物品名:"草"->被采完了
DESCRIBE.GRASS.DISEASED	它看上去很不舒服。	2248	物品名:"草"->生病了
DESCRIBE.GRASS.DISEASING	呃...有些地方不对劲。	2249	物品名:"草"->正在生病？？
DESCRIBE.GRASSGEKKO.GENERIC	这是一只多叶状蜥蜴。	2253	物品名:"草壁虎"->默认
DESCRIBE.GRASSGEKKO.DISEASED	它看上去真的很不舒服。	2254	物品名:"草壁虎"->生病了
DESCRIBE.GREEN_CAP	它看起来很正常。	2256	物品名:"采摘的绿蘑菇"
DESCRIBE.GREEN_CAP_COOKED	不同了...	2257	物品名:"熟绿蘑菇"
DESCRIBE.GREEN_MUSHROOM.GENERIC	是蘑菇。	2260	物品名:"绿蘑菇"->默认
DESCRIBE.GREEN_MUSHROOM.INGROUND	在睡觉。	2261	物品名:"绿蘑菇"->在地里面
DESCRIBE.GREEN_MUSHROOM.PICKED	不知道它会不会长回来？	2262	物品名:"绿蘑菇"->被采完了
DESCRIBE.GUNPOWDER	看起来像胡椒粉。	2264	物品名:"火药" 制造描述:"一把火药。"
DESCRIBE.HAMBAT	这好像不卫生。	2265	物品名:"火腿棒" 制造描述:"舍不得火腿套不着狼。"
DESCRIBE.HAMMER	停下！是时候了！用锤子敲点东西吧！	2266	物品名:"锤子" 制造描述:"敲碎各种东西。"
DESCRIBE.HEALINGSALVE	有点儿刺痛感就说明它起作用了。	2267	物品名:"治疗药膏" 制造描述:"对割伤和擦伤进行消毒杀菌。"
DESCRIBE.HEATROCK.FROZEN	它比冰还冷。	2270	物品名:"暖石"->冰冻 制造描述:"储存热能供旅行途中使用。"
DESCRIBE.HEATROCK.COLD	一块冰凉的石头。	2271	物品名:"冻伤"->冷了
DESCRIBE.HEATROCK.GENERIC	我可以控制它的温度。	2272	物品名:"暖石"->默认 制造描述:"储存热能供旅行途中使用。"
DESCRIBE.HEATROCK.WARM	虽然是块石头，但却相当温暖，让人想抱在怀里！	2273	物品名:"暖石"->温暖 制造描述:"储存热能供旅行途中使用。"
DESCRIBE.HEATROCK.HOT	很热很舒服！	2274	物品名:"中暑"->热了
DESCRIBE.HOME	一定有人住在这里。	2276	物品名:未找到
DESCRIBE.HOMESIGN.GENERIC	上面写着“你在这里”。	2279	物品名:"木牌"->默认 制造描述:"在世界中留下你的标记。"
DESCRIBE.HOMESIGN.UNWRITTEN	这块牌子现在是空白的。	2280	物品名:"木牌"->没有写字 制造描述:"在世界中留下你的标记。"
DESCRIBE.HOMESIGN.BURNT	“不要玩火柴。”	2281	物品名:"木牌"->烧焦的 制造描述:"在世界中留下你的标记。"
DESCRIBE.ARROWSIGN_POST.GENERIC	它说“那个方向”。	2285	物品名:"指路木牌"->默认 制造描述:"对这个世界指指点点。或许只是打下手势。"
DESCRIBE.ARROWSIGN_POST.UNWRITTEN	这块牌子现在是空白的。	2286	物品名:"指路木牌"->没有写字 制造描述:"对这个世界指指点点。或许只是打下手势。"
DESCRIBE.ARROWSIGN_POST.BURNT	“不要玩火柴。”	2287	物品名:"指路木牌"->烧焦的 制造描述:"对这个世界指指点点。或许只是打下手势。"
DESCRIBE.ARROWSIGN_PANEL.GENERIC	它说“那个方向”。	2291	物品名:"指路木牌"->默认
DESCRIBE.ARROWSIGN_PANEL.UNWRITTEN	这块牌子现在是空白的。	2292	物品名:"指路木牌"->没有写字
DESCRIBE.ARROWSIGN_PANEL.BURNT	“不要玩火柴。”	2293	物品名:"指路木牌"->烧焦的
DESCRIBE.HONEY	看起来很好吃！	2295	物品名:"蜂蜜"
DESCRIBE.HONEYCOMB	蜜蜂曾住在这里。	2296	物品名:"蜜脾"
DESCRIBE.HONEYHAM	香甜可口。	2297	物品名:"蜜汁火腿"
DESCRIBE.HONEYNUGGETS	味道像鸡肉，但我觉得不是鸡肉。	2298	物品名:"蜜汁卤肉"
DESCRIBE.HORN	听起来好像那里面有一个皮弗娄牛牧场。	2299	物品名:"牛角"
DESCRIBE.HOUND	你啥都不是，你只是条狗！	2300	物品名:"猎犬"
DESCRIBE.HOUNDCORPSE.GENERIC	这味道不是我闻过最好闻的。	2303	物品名:未找到
DESCRIBE.HOUNDCORPSE.BURNING	我认为我们现在安全了。	2304	物品名:未找到
DESCRIBE.HOUNDCORPSE.REVIVING	科学，救救我们！	2305	物品名:未找到
DESCRIBE.HOUNDBONE	吓人。	2307	物品名:"犬骨"
DESCRIBE.HOUNDMOUND	我不想找主人的茬。真的。	2308	物品名:"猎犬丘"
DESCRIBE.ICEBOX	我掌控了寒冷的力量！	2309	物品名:"冰箱" 制造描述:"延缓食物变质。"
DESCRIBE.ICEHAT	保持冷静，孩子。	2310	物品名:"冰帽" 制造描述:"用科学技术合成的冰帽。"
DESCRIBE.ICEHOUND	每个季节都有猎犬吗？	2311	物品名:"寒冰猎犬"
DESCRIBE.INSANITYROCK.ACTIVE	神志正常的我还是认了吧！	2314	物品名:"方尖碑"->激活了
DESCRIBE.INSANITYROCK.INACTIVE	它更像一座金字塔，而不是方尖碑。	2315	物品名:"方尖碑"->没有激活
DESCRIBE.JAMMYPRESERVES	或许该做个罐子。	2317	物品名:"果酱"
DESCRIBE.KABOBS	串在棍子上的午餐。	2318	物品名:"肉串"
DESCRIBE.KILLERBEE.GENERIC	哦，不！杀人蜂！	2321	物品名:"杀人蜂"->默认
DESCRIBE.KILLERBEE.HELD	这东西好像很危险。	2322	物品名:"杀人蜂"->拿在手里
DESCRIBE.KNIGHT	看！	2324	物品名:"发条骑士"
DESCRIBE.KOALEFANT_SUMMER	吃起来一定很美味。	2325	物品名:"考拉象"
DESCRIBE.KOALEFANT_WINTER	它看起来又暖和肉又多。	2326	物品名:"考拉象"
DESCRIBE.KOALEFANT_CARCASS	死了都要可爱。	2327	物品名:"考拉象尸体"
DESCRIBE.KRAMPUS	他要偷我的东西！	2328	物品名:"坎普斯"
DESCRIBE.KRAMPUS_SACK	呕...上面全是坎普斯的黏液。	2329	物品名:"坎普斯背包"
DESCRIBE.LEIF	他真巨大！	2330	物品名:"树精守卫"
DESCRIBE.LEIF_SPARSE	他真巨大！	2331	物品名:"树精守卫"
DESCRIBE.LIGHTER	她的幸运打火机。	2332	物品名:"薇洛的打火机" 制造描述:"火焰在雨中彻夜燃烧。"
DESCRIBE.LIGHTNING_ROD.CHARGED	力量在我手中！	2335	物品名:"避雷针" 制造描述:"防雷劈。"
DESCRIBE.LIGHTNING_ROD.GENERIC	主宰天堂！	2336	物品名:"避雷针"->默认 制造描述:"防雷劈。"
DESCRIBE.LIGHTNINGGOAT.GENERIC	咩！	2340	物品名:"伏特羊"->默认
DESCRIBE.LIGHTNINGGOAT.CHARGED	我不认为它喜欢被雷劈。	2341	物品名:"伏特羊"
DESCRIBE.LIGHTNINGGOATHORN	它像一根迷你避雷针。	2343	物品名:"伏特羊角"
DESCRIBE.GOATMILK	美味，还滋滋作响！	2344	物品名:"带电的羊奶"
DESCRIBE.LITTLE_WALRUS	等他长大了，就不会这么天真可爱了。	2345	物品名:"小海象"
DESCRIBE.LIVINGLOG	它看着有点着急。	2346	物品名:"活木头" 制造描述:"投身制作，置身其中。"
DESCRIBE.LOG.BURNING	好烫的木头！	2349	物品名:"木头"->正在燃烧
DESCRIBE.LOG.GENERIC	又大又重的木头。	2350	物品名:"木头"->默认
DESCRIBE.LUCY	这斧子比我之前用过的那把还漂亮。	2352	物品名:"露西斧"
DESCRIBE.LUREPLANT	它如此迷人。	2353	物品名:"食人花"
DESCRIBE.LUREPLANTBULB	现在我可以开办我自己的肉农场了。	2354	物品名:"食人花种子"
DESCRIBE.MALE_PUPPET	他被困住了！	2355	物品名:未找到
DESCRIBE.MANDRAKE_ACTIVE	切断它！	2356	物品名:"曼德拉草"
DESCRIBE.MANDRAKE_PLANTED	我听说过关于这些植物的一些奇怪传言。	2357	物品名:"曼德拉草"
DESCRIBE.MANDRAKE	曼德拉草根拥有奇怪的属性。	2358	物品名:"曼德拉草"
DESCRIBE.MANDRAKESOUP	唔，它再也不会醒来了。	2359	物品名:"曼德拉草汤"
DESCRIBE.MANDRAKE_COOKED	它看起来没有那么奇怪了。	2360	物品名:未找到
DESCRIBE.MAPSCROLL	一张空白的地图。看起来没什么用。	2361	物品名:"地图卷轴" 制造描述:"向别人展示你看到什么！"
DESCRIBE.MARBLE	高级！	2362	物品名:"大理石"
DESCRIBE.MARBLEBEAN	我拿家里的老牛换的。	2363	物品名:"大理石豌豆" 制造描述:"种植一片大理石森林。"
DESCRIBE.MARBLEBEAN_SAPLING	看起来刻了点什么。	2364	物品名:"大理石芽"
DESCRIBE.MARBLESHRUB	好像有点道理。	2365	物品名:"大理石灌木"
DESCRIBE.MARBLEPILLAR	我想我能用得上它。	2366	物品名:"大理石柱"
DESCRIBE.MARBLETREE	我想斧子可砍不倒它。	2367	物品名:"大理石树"
DESCRIBE.MARSH_BUSH.BURNT	少了一片需要担心的荆棘。	2370	物品名:"尖刺灌木"->烧焦的
DESCRIBE.MARSH_BUSH.BURNING	烧得好快！	2371	物品名:"尖刺灌木"->正在燃烧
DESCRIBE.MARSH_BUSH.GENERIC	它看起来很多刺。	2372	物品名:"尖刺灌木"->默认
DESCRIBE.MARSH_BUSH.PICKED	哎哟！	2373	物品名:"尖刺灌木"->被采完了
DESCRIBE.BURNT_MARSH_BUSH	被烧得精光。	2375	物品名:"尖刺灌木"
DESCRIBE.MARSH_PLANT	这是一株植物。	2376	物品名:"植物"
DESCRIBE.MARSH_TREE.BURNING	尖刺！火！	2379	物品名:"针刺树"->正在燃烧
DESCRIBE.MARSH_TREE.BURNT	现在它是一棵被烧焦了的针刺树。	2380	物品名:"针刺树"->烧焦的
DESCRIBE.MARSH_TREE.CHOPPED	现在没那么多刺了！	2381	物品名:"针刺树"->被砍了
DESCRIBE.MARSH_TREE.GENERIC	那些尖刺看起来很锋利！	2382	物品名:"针刺树"->默认
DESCRIBE.MAXWELL	我恨那个家伙。	2384	物品名:"麦斯威尔"->单机 麦斯威尔
DESCRIBE.MAXWELLHEAD	我可以看到他毛孔里面的东西。	2385	物品名:"麦斯威尔的头"->单机 麦斯威尔的头
DESCRIBE.MAXWELLLIGHT	我想知道它们是怎么工作的。	2386	物品名:"麦斯威尔灯"->单机 麦斯威尔的灯
DESCRIBE.MAXWELLLOCK	看起来就像一个钥匙孔。	2387	物品名:"梦魇锁"->单机 麦斯威尔的噩梦锁
DESCRIBE.MAXWELLTHRONE	那个看起来不太舒适。	2388	物品名:"梦魇王座"->单机 麦斯威尔的噩梦王座
DESCRIBE.MEAT	虽然有点腥味，但还凑合。	2389	物品名:"肉"
DESCRIBE.MEATBALLS	它只是一大块肉而已。	2390	物品名:"肉丸"
DESCRIBE.MEATRACK.DONE	肉干可以吃了！	2393	物品名:"晾肉架"->完成了 制造描述:"晾肉的架子。"
DESCRIBE.MEATRACK.DRYING	肉风干需要一些时间。	2394	物品名:"晾肉架"->正在风干 制造描述:"晾肉的架子。"
DESCRIBE.MEATRACK.DRYINGINRAIN	雨天晾干肉需要更长时间。	2395	物品名:"晾肉架"->雨天风干 制造描述:"晾肉的架子。"
DESCRIBE.MEATRACK.GENERIC	我该晾干一些肉。	2396	物品名:"晾肉架"->默认 制造描述:"晾肉的架子。"
DESCRIBE.MEATRACK.BURNT	晾肉架烧掉了。	2397	物品名:"晾肉架"->烧焦的 制造描述:"晾肉的架子。"
DESCRIBE.MEATRACK.DONE_NOTMEAT	实验术语里，我们管它叫“干燥”。	2398	物品名:"晾肉架" 制造描述:"晾肉的架子。"
DESCRIBE.MEATRACK.DRYING_NOTMEAT	风干可算不上科学。	2399	物品名:"晾肉架" 制造描述:"晾肉的架子。"
DESCRIBE.MEATRACK.DRYINGINRAIN_NOTMEAT	雨啊，快走开。想下，改天来。	2400	物品名:"晾肉架" 制造描述:"晾肉的架子。"
DESCRIBE.MEAT_DRIED	这肉够干的了。	2402	物品名:"肉干"
DESCRIBE.MERM	鱼腥味十足！	2403	物品名:"鱼人"
DESCRIBE.MERMHEAD.GENERIC	整天都会闻到，真是臭死了。	2406	物品名:"鱼人头"->默认
DESCRIBE.MERMHEAD.BURNT	烧过的鱼人肉闻起来更糟糕了。	2407	物品名:"鱼人头"->烧焦的
DESCRIBE.MERMHOUSE.GENERIC	谁会住在这种地方？	2411	物品名:"漏雨的小屋"->默认
DESCRIBE.MERMHOUSE.BURNT	现在没地住了。	2412	物品名:"漏雨的小屋"->烧焦的
DESCRIBE.MINERHAT	免持照明装置。	2414	物品名:"矿工帽" 制造描述:"用你脑袋上的灯照亮夜晚。"
DESCRIBE.MONKEY	好奇的小家伙。	2415	物品名:"穴居猴"
DESCRIBE.MONKEYBARREL	那东西刚刚是不是动了？	2416	物品名:"穴居猴桶"
DESCRIBE.MONSTERLASAGNA	这是对科学的冒犯。	2417	物品名:"怪物千层饼"
DESCRIBE.FLOWERSALAD	一碗绿叶子。	2418	物品名:"花沙拉"
DESCRIBE.ICECREAM	我太想吃冰淇淋了！	2419	物品名:"冰淇淋"
DESCRIBE.WATERMELONICLE	冷冻西瓜。	2420	物品名:"西瓜冰棍"
DESCRIBE.TRAILMIX	健康、天然的小点心。	2421	物品名:"什锦干果"
DESCRIBE.HOTCHILI	辣到喷火！	2422	物品名:"辣椒炖肉"
DESCRIBE.GUACAMOLE	阿伏伽德罗最喜欢的菜。	2423	物品名:"鳄梨酱"
DESCRIBE.MONSTERMEAT	呃，我不该吃那个。	2424	物品名:"怪物肉"
DESCRIBE.MONSTERMEAT_DRIED	气味怪怪的肉干。	2425	物品名:"怪物肉干"
DESCRIBE.MOOSE	我不清楚那东西是什么。	2426	物品名:未找到
DESCRIBE.MOOSE_NESTING_GROUND	它把它的婴儿放在那里。	2427	物品名:未找到
DESCRIBE.MOOSEEGG	婴儿们就像试图逃逸的受激电子。	2428	物品名:未找到
DESCRIBE.MOSSLING	啊哈！你肯定不是一个电子！	2429	物品名:"麋鹿鹅幼崽"
DESCRIBE.FEATHERFAN	降温用的。	2430	物品名:"羽毛扇" 制造描述:"超柔软、超大的扇子。"
DESCRIBE.MINIFAN	不知道怎么回事，风以两倍的速度从后面吹来。	2431	物品名:"旋转的风扇" 制造描述:"你得跑起来，才能带来风！"
DESCRIBE.GOOSE_FEATHER	毛茸茸的！	2432	物品名:"麋鹿鹅羽毛"
DESCRIBE.STAFF_TORNADO	旋转的毁灭之力。	2433	物品名:"天气风向标" 制造描述:"把你的敌人吹走。"
DESCRIBE.MOSQUITO.GENERIC	讨厌的小吸血鬼。	2436	物品名:"蚊子"->默认
DESCRIBE.MOSQUITO.HELD	嘿，那是我的血吗？	2437	物品名:"蚊子"->拿在手里
DESCRIBE.MOSQUITOSACK	这也许是别人的血...	2439	物品名:"蚊子血囊"
DESCRIBE.MOUND.DUG	或许，这是他应得的。	2442	物品名:"坟墓"->被挖了
DESCRIBE.MOUND.GENERIC	我敢打赌那下面有各种各样的好东西！	2443	物品名:"坟墓"->默认
DESCRIBE.NIGHTLIGHT	它发出阴森可怕的光。	2445	物品名:"暗夜灯" 制造描述:"用你的噩梦点亮夜晚。"
DESCRIBE.NIGHTMAREFUEL	这东西太古怪了！	2446	物品名:"噩梦燃料" 制造描述:"傻子和疯子使用的邪恶残渣。"
DESCRIBE.NIGHTSWORD	为什么会有人做这个？太可怕了。	2447	物品名:"暗夜剑" 制造描述:"造成噩梦般的伤害。"
DESCRIBE.NITRE	我不是地质学家。	2448	物品名:"硝石"
DESCRIBE.ONEMANBAND	我们应该加个皮弗娄牛铃铛。	2449	物品名:"独奏乐器" 制造描述:"疯子音乐家也有粉丝。"
DESCRIBE.OASISLAKE.GENERIC	这是海市蜃楼吗？	2452	物品名:"湖泊"->默认
DESCRIBE.OASISLAKE.EMPTY	干的像一块骨头。	2453	物品名:"湖泊"
DESCRIBE.PANDORASCHEST	里面可能有很好的东西！也可能是可怕的东西。	2455	物品名:"华丽箱子"
DESCRIBE.PANFLUTE	为动物们唱小夜曲。	2456	物品名:"排箫" 制造描述:"抚慰凶猛野兽的音乐。"
DESCRIBE.PAPYRUS	一些纸。	2457	物品名:"莎草纸" 制造描述:"用于书写。"
DESCRIBE.WAXPAPER	一些蜡纸。	2458	物品名:"蜡纸" 制造描述:"用于打包东西。"
DESCRIBE.PENGUIN	肯定到繁殖季节了。	2459	物品名:"企鸥"
DESCRIBE.PERD	蠢鸟！离那些浆果远点！	2460	物品名:"火鸡"
DESCRIBE.PEROGIES	这些东西味道相当不错。	2461	物品名:"波兰水饺"
DESCRIBE.PETALS	这下花儿们知道谁才是老大了！	2462	物品名:"花瓣" 制造描述:"净化你的花瓣。"
DESCRIBE.PETALS_EVIL	我不确定我想拿这些。	2463	物品名:"深色花瓣" 制造描述:"为你的花瓣染色。"
DESCRIBE.PHLEGM	浓稠而软滑。味道咸咸的。	2464	物品名:"脓鼻涕"
DESCRIBE.PICKAXE	很形象，不是吗？	2465	物品名:"鹤嘴锄" 制造描述:"凿碎岩石。"
DESCRIBE.PIGGYBACK	小猪回...“家”了。	2466	物品名:"猪皮包" 制造描述:"能装许多东西，但会减慢你的速度。"
DESCRIBE.PIGHEAD.GENERIC	看起来像是给野兽的供品。	2469	物品名:"猪头"->默认
DESCRIBE.PIGHEAD.BURNT	外酥里嫩。	2470	物品名:"猪头"->烧焦的
DESCRIBE.PIGHOUSE.FULL	我可以看见有个鼻子贴着窗户。	2474	物品名:"猪屋"->满了 制造描述:"可以住一只猪。"
DESCRIBE.PIGHOUSE.GENERIC	这些猪的房子真不赖。	2475	物品名:"猪屋"->默认 制造描述:"可以住一只猪。"
DESCRIBE.PIGHOUSE.LIGHTSOUT	出来！我知道你在家！	2476	物品名:"猪屋"->关灯了 制造描述:"可以住一只猪。"
DESCRIBE.PIGHOUSE.BURNT	现在没那么舒适了吧，猪！	2477	物品名:"猪屋"->烧焦的 制造描述:"可以住一只猪。"
DESCRIBE.PIGKING	他身上好难闻！	2479	物品名:"猪王"
DESCRIBE.PIGMAN.DEAD	应该找人通知它的家人。	2482	物品名:"猪人"->死了
DESCRIBE.PIGMAN.FOLLOWER	你是我的随从之一。	2483	物品名:"猪人"->追随者
DESCRIBE.PIGMAN.GENERIC	他们有点吓人。	2484	物品名:"猪人"->默认
DESCRIBE.PIGMAN.GUARD	看起来很严肃。	2485	物品名:"猪人"->警戒
DESCRIBE.PIGMAN.WEREPIG	不是友好的猪！！	2486	物品名:"猪人"->疯猪
DESCRIBE.PIGSKIN	上面还带着尾巴。	2488	物品名:"猪皮" 制造描述:"厚实而有弹性的兽皮。"
DESCRIBE.PIGTENT	闻起来像培根。	2489	物品名:未找到
DESCRIBE.PIGTORCH	看上去挺惬意。	2490	物品名:"猪火炬"
DESCRIBE.PINECONE	我可以听见里面有一棵小树，努力想长出来。	2491	物品名:"松果"
DESCRIBE.PINECONE_SAPLING	它很快将长成一棵大树！	2492	物品名:"常青树苗"
DESCRIBE.LUMPY_SAPLING	这棵树是怎么繁殖的？	2493	物品名:"臃肿树苗"
DESCRIBE.PITCHFORK	现在我只需要一群暴民的加入。	2494	物品名:"干草叉" 制造描述:"铲地用具。"
DESCRIBE.PLANTMEAT	看着不咋样。	2495	物品名:"叶肉"
DESCRIBE.PLANTMEAT_COOKED	至少它现在是热的。	2496	物品名:"熟叶肉"
DESCRIBE.PLANT_NORMAL.GENERIC	枝繁叶茂！	2499	物品名:"农作物"->默认
DESCRIBE.PLANT_NORMAL.GROWING	唉，长得可真慢！	2500	物品名:"农作物"->正在生长
DESCRIBE.PLANT_NORMAL.READY	嗯。可以采摘了。	2501	物品名:"农作物"->准备好的 满的
DESCRIBE.PLANT_NORMAL.WITHERED	它是热死的。	2502	物品名:"农作物"->枯萎了
DESCRIBE.POMEGRANATE	它看起来就像外星人的大脑。	2504	物品名:"石榴"
DESCRIBE.POMEGRANATE_COOKED	高级料理！	2505	物品名:"切片熟石榴"
DESCRIBE.POMEGRANATE_SEEDS	这是一颗种子。	2506	物品名:"风刮来的种子"
DESCRIBE.POND	我看不到底！	2507	物品名:"池塘"
DESCRIBE.POOP	我应该装满我的口袋！	2508	物品名:"粪肥"
DESCRIBE.FERTILIZER	一桶粪便。	2509	物品名:"便便桶" 制造描述:"少拉点在手上，多拉点在庄稼上。"
DESCRIBE.PUMPKIN	它跟我的头一样大！	2510	物品名:"南瓜"
DESCRIBE.PUMPKINCOOKIE	漂亮的南瓜饼！	2511	物品名:"南瓜饼干"
DESCRIBE.PUMPKIN_COOKED	它为什么没变成馅饼？	2512	物品名:"烤南瓜"
DESCRIBE.PUMPKIN_LANTERN	真可怕！	2513	物品名:"南瓜灯" 制造描述:"长着鬼脸的照明用具。"
DESCRIBE.PUMPKIN_SEEDS	这是一颗种子。	2514	物品名:"尖种子"
DESCRIBE.PURPLEAMULET	它在向我低语。	2515	物品名:"梦魇护符" 制造描述:"引起精神错乱。"
DESCRIBE.PURPLEGEM	它包含宇宙的奥秘。	2516	物品名:"紫宝石" 制造描述:"结合你们的颜色！"
DESCRIBE.RABBIT.GENERIC	他在找胡萝卜。	2519	物品名:"兔子"->默认
DESCRIBE.RABBIT.HELD	你喜欢科学吗？	2520	物品名:"兔子"->拿在手里
DESCRIBE.RABBITHOLE.GENERIC	那一定通向兔子王国。	2524	物品名:"兔洞"->默认
DESCRIBE.RABBITHOLE.SPRING	兔子王国本季封闭。	2525	物品名:"兔洞"->春天 or 潮湿
DESCRIBE.RAINOMETER.GENERIC	它能测出是否有雨。	2529	物品名:"雨量计"->默认 制造描述:"观测降雨机率。"
DESCRIBE.RAINOMETER.BURNT	测量部分化成一缕青烟了。	2530	物品名:"雨量计"->烧焦的 制造描述:"观测降雨机率。"
DESCRIBE.RAINCOAT	让雨水待在它应该在的地方。你的身体之外。	2532	物品名:"雨衣" 制造描述:"让你保持干燥的防水外套。"
DESCRIBE.RAINHAT	头发乱了...干燥带来的可怕后果。	2533	物品名:"雨帽" 制造描述:"手感柔软，防雨必备。"
DESCRIBE.RATATOUILLE	这是良好的纤维原料。	2534	物品名:"蔬菜杂烩"
DESCRIBE.RAZOR	绑在棍子上的磨利的石头。为了个人卫生！	2535	物品名:"剃刀" 制造描述:"剃掉你脏脏的山羊胡子。"
DESCRIBE.REDGEM	它闪着温暖的光。	2536	物品名:"红宝石" 制造描述:"保留了红色。"
DESCRIBE.RED_CAP	闻起来怪怪的。	2537	物品名:"采摘的红蘑菇"
DESCRIBE.RED_CAP_COOKED	现在跟生蘑菇不同了...	2538	物品名:"熟红蘑菇"
DESCRIBE.RED_MUSHROOM.GENERIC	是蘑菇。	2541	物品名:"红蘑菇"->默认
DESCRIBE.RED_MUSHROOM.INGROUND	它在睡觉。	2542	物品名:"红蘑菇"->在地里面
DESCRIBE.RED_MUSHROOM.PICKED	不知道它会不会长回来？	2543	物品名:"红蘑菇"->被采完了
DESCRIBE.REEDS.BURNING	烧的真旺！	2547	物品名:"芦苇"->正在燃烧
DESCRIBE.REEDS.GENERIC	一簇芦苇。	2548	物品名:"芦苇"->默认
DESCRIBE.REEDS.PICKED	所有有用的芦苇都已采摘下来。	2549	物品名:"芦苇"->被采完了
DESCRIBE.RELIC	远古家居用品。	2551	物品名:"遗物"
DESCRIBE.RUINS_RUBBLE	这个可以修复。	2552	物品名:"破损遗物"
DESCRIBE.RUBBLE	只是些碎石块。	2553	物品名:"碎石"
DESCRIBE.RESEARCHLAB.GENERIC	它把物品分解成最基本的科学成分。	2556	物品名:"科学机器"->默认 制造描述:"解锁新的合成配方！"
DESCRIBE.RESEARCHLAB.BURNT	现在做不了科学研究了。	2557	物品名:"科学机器"->烧焦的 制造描述:"解锁新的合成配方！"
DESCRIBE.RESEARCHLAB2.GENERIC	它比上一个更科学！	2561	物品名:"炼金引擎"->默认 制造描述:"解锁更多合成配方！"
DESCRIBE.RESEARCHLAB2.BURNT	再多的科学也不能使它幸免于难。	2562	物品名:"炼金引擎"->烧焦的 制造描述:"解锁更多合成配方！"
DESCRIBE.RESEARCHLAB3.GENERIC	我创造了什么？	2566	物品名:"暗影操控器"->默认 制造描述:"这还是科学吗？"
DESCRIBE.RESEARCHLAB3.BURNT	不管它原来是什么，现在已经烧掉了。	2567	物品名:"暗影操控器"->烧焦的 制造描述:"这还是科学吗？"
DESCRIBE.RESEARCHLAB4.GENERIC	谁会起个这样的名字？	2571	物品名:"灵子分解器"->默认 制造描述:"增强高礼帽的魔力。"
DESCRIBE.RESEARCHLAB4.BURNT	火并没有真正解决命名问题...	2572	物品名:"灵子分解器"->烧焦的 制造描述:"增强高礼帽的魔力。"
DESCRIBE.RESURRECTIONSTATUE.GENERIC	多么帅气的恶魔啊！	2576	物品名:"肉块雕像"->默认 制造描述:"以肉的力量让你重生。"
DESCRIBE.RESURRECTIONSTATUE.BURNT	再也没用了。	2577	物品名:"肉块雕像"->烧焦的 制造描述:"以肉的力量让你重生。"
DESCRIBE.RESURRECTIONSTONE	摸摸石台总是个好主意。	2579	物品名:"试金石"
DESCRIBE.ROBIN.GENERIC	那是否意味着冬季已经结束了？	2582	物品名:"红雀"->默认
DESCRIBE.ROBIN.HELD	他喜欢我的口袋。	2583	物品名:"红雀"->拿在手里
DESCRIBE.ROBIN_WINTER.GENERIC	寒荒之地的生命。	2587	物品名:"雪雀"->默认
DESCRIBE.ROBIN_WINTER.HELD	它如此柔软。	2588	物品名:"雪雀"->拿在手里
DESCRIBE.ROBOT_PUPPET	被困住了！	2590	物品名:未找到
DESCRIBE.ROCK_LIGHT.GENERIC	裹了石皮的熔岩坑。	2593	物品名:"熔岩坑"->默认
DESCRIBE.ROCK_LIGHT.OUT	看起来很易碎。	2594	物品名:"熔岩坑"->出去？外面？
DESCRIBE.ROCK_LIGHT.LOW	那块熔岩正在裹上石皮。	2595	物品名:"熔岩坑"->低？
DESCRIBE.ROCK_LIGHT.NORMAL	真舒服。	2596	物品名:"熔岩坑"->普通
DESCRIBE.CAVEIN_BOULDER.GENERIC	我觉得我可以举起这个。	2600	物品名:"岩石"->默认
DESCRIBE.CAVEIN_BOULDER.RAISED	太远了够不着。	2601	物品名:"岩石"->提高了？
DESCRIBE.ROCK	我口袋里可装不下它。	2603	物品名:未找到
DESCRIBE.PETRIFIED_TREE	看来它被吓僵住了。	2604	物品名:未找到
DESCRIBE.ROCK_PETRIFIED_TREE	看起来好可怕。	2605	物品名:"石化树"
DESCRIBE.ROCK_PETRIFIED_TREE_OLD	看起来好可怕。	2606	物品名:未找到
DESCRIBE.ROCK_ICE.GENERIC	见到你很凉快。	2609	物品名:"迷你冰川"->默认
DESCRIBE.ROCK_ICE.MELTED	在它再次冰冻之前，没什么用处。	2610	物品名:"迷你冰川"->融化了
DESCRIBE.ROCK_ICE_MELTED	在它再次冰冻之前，没什么用处。	2612	物品名:"融化的迷你冰川"
DESCRIBE.ICE	见到你很凉快。	2613	物品名:"冰"
DESCRIBE.ROCKS	我们可以用这些做点东西出来。	2614	物品名:"石头"
DESCRIBE.ROOK	攻占城堡！	2615	物品名:"发条战车"
DESCRIBE.ROPE	一种短绳。	2616	物品名:"绳子" 制造描述:"紧密编成的草绳，非常有用。"
DESCRIBE.ROTTENEGG	呕！臭死了！	2617	物品名:"腐烂鸟蛋"
DESCRIBE.ROYAL_JELLY	它给捕食者灌输了科学的力量！	2618	物品名:"蜂王浆"
DESCRIBE.JELLYBEAN	一部分是果冻，一部分是豌豆。	2619	物品名:"彩虹糖豆"
DESCRIBE.SADDLE_BASIC	有了它就可以骑臭动物了。	2620	物品名:"鞍具" 制造描述:"你坐在动物身上。仅仅是理论上。"
DESCRIBE.SADDLE_RACE	这鞍具真的在飞！	2621	物品名:"闪亮鞍具" 制造描述:"抵消掉完成目标所花费的时间。或许。"
DESCRIBE.SADDLE_WAR	唯一的问题是会长鞍疮。	2622	物品名:"战争鞍具" 制造描述:"战场首领的王位。"
DESCRIBE.SADDLEHORN	这能够卸下鞍具。	2623	物品名:"鞍角" 制造描述:"把鞍具撬开。"
DESCRIBE.SALTLICK	要舔多久才能到中性？	2624	物品名:"舔盐块" 制造描述:"好好喂养你家的牲畜。"
DESCRIBE.BRUSH	皮弗娄牛肯定很喜欢这个。	2625	物品名:"刷子" 制造描述:"减缓皮弗娄牛毛发的生长速度。"
DESCRIBE.SANITYROCK.ACTIVE	那石头看起来真疯狂！	2628	物品名:"方尖碑"->激活了
DESCRIBE.SANITYROCK.INACTIVE	它的其余部分去哪儿了？	2629	物品名:"方尖碑"->没有激活
DESCRIBE.SAPLING.BURNING	烧得好快！	2633	物品名:"树苗"->正在燃烧
DESCRIBE.SAPLING.WITHERED	如果能给它降降温，也许它能好起来。	2634	物品名:"树苗"->枯萎了
DESCRIBE.SAPLING.GENERIC	小树苗真可爱！	2635	物品名:"树苗"->默认
DESCRIBE.SAPLING.PICKED	它尝到教训了。	2636	物品名:"树苗"->被采完了
DESCRIBE.SAPLING.DISEASED	它看上去很不舒服。	2637	物品名:"树苗"->生病了
DESCRIBE.SAPLING.DISEASING	呃...有些地方不对劲。	2638	物品名:"树苗"->正在生病？？
DESCRIBE.SCARECROW.GENERIC	打扮好稻草人就不会有乌鸦了。	2642	物品名:"友善的稻草人"->默认 制造描述:"模仿最新的秋季时尚。"
DESCRIBE.SCARECROW.BURNING	有人让那个稻草人吃乌鸦。	2643	物品名:"友善的稻草人"->正在燃烧 制造描述:"模仿最新的秋季时尚。"
DESCRIBE.SCARECROW.BURNT	有人谋杀了那个稻草人！	2644	物品名:"友善的稻草人"->烧焦的 制造描述:"模仿最新的秋季时尚。"
DESCRIBE.SCULPTINGTABLE.EMPTY	我们可以用这东西来做个石雕。	2648	物品名:"陶轮" 制造描述:"大理石在你手里将像黏土一样！"
DESCRIBE.SCULPTINGTABLE.BLOCK	准备雕刻。	2649	物品名:"陶轮"->锁住了 制造描述:"大理石在你手里将像黏土一样！"
DESCRIBE.SCULPTINGTABLE.SCULPTURE	一个杰作！	2650	物品名:"陶轮"->雕像做好了 制造描述:"大理石在你手里将像黏土一样！"
DESCRIBE.SCULPTINGTABLE.BURNT	完全烧焦。	2651	物品名:"陶轮"->烧焦的 制造描述:"大理石在你手里将像黏土一样！"
DESCRIBE.SCULPTURE_KNIGHTHEAD	其余部分在哪里？	2653	物品名:"可疑的大理石"
DESCRIBE.SCULPTURE_KNIGHTBODY.COVERED	是一个古怪的大理石雕像。	2656	物品名:"大理石雕像"->被盖住了-三基佬雕像可以敲大理石的时候
DESCRIBE.SCULPTURE_KNIGHTBODY.UNCOVERED	我猜他在压力之下崩溃了。	2657	物品名:"大理石雕像"->没有被盖住-三基佬雕像被开采后
DESCRIBE.SCULPTURE_KNIGHTBODY.FINISHED	终于又弄到一起了。	2658	物品名:"大理石雕像"->三基佬雕像修好了
DESCRIBE.SCULPTURE_KNIGHTBODY.READY	里面有东西在动。	2659	物品名:"大理石雕像"->准备好的 满的
DESCRIBE.SCULPTURE_BISHOPHEAD	那是一颗头吗？	2661	物品名:"可疑的大理石"
DESCRIBE.SCULPTURE_BISHOPBODY.COVERED	看起来很老，但感觉挺新。	2664	物品名:"大理石雕像"->被盖住了-三基佬雕像可以敲大理石的时候
DESCRIBE.SCULPTURE_BISHOPBODY.UNCOVERED	有一个大的碎片没找到。	2665	物品名:"大理石雕像"->没有被盖住-三基佬雕像被开采后
DESCRIBE.SCULPTURE_BISHOPBODY.FINISHED	然后呢？	2666	物品名:"大理石雕像"->三基佬雕像修好了
DESCRIBE.SCULPTURE_BISHOPBODY.READY	里面有东西在动。	2667	物品名:"大理石雕像"->准备好的 满的
DESCRIBE.SCULPTURE_ROOKNOSE	这是哪儿来的？	2669	物品名:"可疑的大理石"
DESCRIBE.SCULPTURE_ROOKBODY.COVERED	一种大理石雕像。	2672	物品名:"大理石雕像"->被盖住了-三基佬雕像可以敲大理石的时候
DESCRIBE.SCULPTURE_ROOKBODY.UNCOVERED	它不在最佳状态。	2673	物品名:"大理石雕像"->没有被盖住-三基佬雕像被开采后
DESCRIBE.SCULPTURE_ROOKBODY.FINISHED	所有都修补好了。	2674	物品名:"大理石雕像"->三基佬雕像修好了
DESCRIBE.SCULPTURE_ROOKBODY.READY	里面有东西在动。	2675	物品名:"大理石雕像"->准备好的 满的
DESCRIBE.GARGOYLE_HOUND	我不喜欢它看我的眼神。	2677	物品名:"可疑的月岩"
DESCRIBE.GARGOYLE_WEREPIG	它看起来栩栩如生。	2678	物品名:"可疑的月岩"
DESCRIBE.SEEDS	每一颗都是一个小小的谜。	2679	物品名:"种子"
DESCRIBE.SEEDS_COOKED	生命精华都被烤出来了！	2680	物品名:"烤种子"
DESCRIBE.SEWING_KIT	补好！全都补好啦！	2681	物品名:"针线包" 制造描述:"缝补受损的衣物。"
DESCRIBE.SEWING_TAPE	修补得不错。	2682	物品名:"可靠的胶布" 制造描述:"缝补受损的衣物。"
DESCRIBE.SHOVEL	地下隐藏着很多秘密。	2683	物品名:"铲子" 制造描述:"挖掘各种各样的东西。"
DESCRIBE.SILK	出自蜘蛛的屁股。	2684	物品名:"蜘蛛丝"
DESCRIBE.SKELETON	你死好过我死。	2685	物品名:"骷髅"
DESCRIBE.SCORCHED_SKELETON	真可怕。	2686	物品名:"易碎骷髅"
DESCRIBE.SKELETON_NOTPLAYER	不像是人骨。	2687	物品名:"骷髅"
DESCRIBE.SKULLCHEST	不确定要不要打开。	2688	物品名:"骷髅箱"
DESCRIBE.SMALLBIRD.GENERIC	好小的一只鸟。	2691	物品名:"小鸟"->默认
DESCRIBE.SMALLBIRD.HUNGRY	它看起来饿了。	2692	物品名:"小鸟"->有点饿了
DESCRIBE.SMALLBIRD.STARVING	它一定很饿。	2693	物品名:"小鸟"->挨饿
DESCRIBE.SMALLBIRD.SLEEPING	它都不偷偷睁眼看一下。	2694	物品名:"小鸟"->睡着了
DESCRIBE.SMALLMEAT	一小块动物尸体。	2696	物品名:"小肉"
DESCRIBE.SMALLMEAT_DRIED	一小块肉干。	2697	物品名:"小肉干"
DESCRIBE.SPAT	看起来脾气暴躁的动物。	2698	物品名:"钢羊"
DESCRIBE.SPEAR	好尖的一根棍子。	2699	物品名:"长矛" 制造描述:"使用尖的那一端。"
DESCRIBE.SPEAR_WATHGRITHR	它看起来很能戳。	2700	物品名:"战斗长矛" 制造描述:"黄金使它更锋利。"
DESCRIBE.WATHGRITHRHAT	那顶帽子好奇特。	2701	物品名:"战斗头盔" 制造描述:"独角兽是你的保护神。"
DESCRIBE.SPIDER.DEAD	恶心！	2704	物品名:"蜘蛛"->死了
DESCRIBE.SPIDER.GENERIC	我讨厌蜘蛛。	2705	物品名:"蜘蛛"->默认
DESCRIBE.SPIDER.SLEEPING	他醒来的时候我最好不要在这里。	2706	物品名:"蜘蛛"->睡着了
DESCRIBE.SPIDERDEN	真黏！	2708	物品名:"蜘蛛巢"
DESCRIBE.SPIDEREGGSACK	我希望这些不会孵化。仅此而已。	2709	物品名:"蜘蛛卵" 制造描述:"跟你的朋友寻求点帮助。"
DESCRIBE.SPIDERGLAND	它有一股强烈的防腐剂的味道。	2710	物品名:"蜘蛛腺"
DESCRIBE.SPIDERHAT	我希望把蜘蛛的黏性物质都弄掉了。	2711	物品名:"蜘蛛帽" 制造描述:"蜘蛛们会喊你\"妈妈\"。"
DESCRIBE.SPIDERQUEEN	啊啊啊！那只蜘蛛真巨大！	2712	物品名:"蜘蛛女王"
DESCRIBE.SPIDER_WARRIOR.DEAD	终于摆脱了！	2715	物品名:"蜘蛛战士"->死了
DESCRIBE.SPIDER_WARRIOR.GENERIC	看起来比平常的蜘蛛更凶恶。	2716	物品名:"蜘蛛战士"->默认
DESCRIBE.SPIDER_WARRIOR.SLEEPING	我应当保持距离。	2717	物品名:"蜘蛛战士"->睡着了
DESCRIBE.SPOILED_FOOD	那是长满毛毛的腐烂食物。	2719	物品名:"腐烂物"
DESCRIBE.STAGEHAND.AWAKE	总之不要伸出你的手，好吗？	2722	物品名:"舞台之手"->醒了
DESCRIBE.STAGEHAND.HIDING	这里有些古怪，但我说不出所以然。	2723	物品名:"舞台之手"->藏起来了
DESCRIBE.STATUE_MARBLE.GENERIC	高级的大理石雕像。	2727	物品名:"大理石雕像"->默认
DESCRIBE.STATUE_MARBLE.TYPE1	不要失去理智！	2728	物品名:"大理石雕像"->类型1
DESCRIBE.STATUE_MARBLE.TYPE2	雕像般的。	2729	物品名:"大理石雕像"->类型2
DESCRIBE.STATUE_MARBLE.TYPE3	我想知道是哪个艺术家的作品。	2730	物品名:"大理石雕像"
DESCRIBE.STATUEHARP	他的头怎么了？	2732	物品名:"竖琴雕像"
DESCRIBE.STATUEMAXWELL	他本人还要矮一点。	2733	物品名:"麦斯威尔雕像"
DESCRIBE.STEELWOOL	粗糙的金属纤维。	2734	物品名:"钢丝绵"
DESCRIBE.STINGER	看起来很尖锐！	2735	物品名:"针刺"
DESCRIBE.STRAWHAT	帽子总是会弄乱我的发型。	2736	物品名:"草帽" 制造描述:"帮助你保持清凉干爽。"
DESCRIBE.STUFFEDEGGPLANT	真的塞满了！	2737	物品名:"酿茄子"
DESCRIBE.SWEATERVEST	这件背心十分体面。	2738	物品名:"犬牙背心" 制造描述:"粗糙，但挺时尚。"
DESCRIBE.REFLECTIVEVEST	走开，邪恶的太阳！	2739	物品名:"清凉夏装" 制造描述:"穿上这件时尚的背心，让你神清气爽。"
DESCRIBE.HAWAIIANSHIRT	穿着它做实验可不安全！	2740	物品名:"花衬衫" 制造描述:"适合夏日穿着，或在周五便装日穿着。"
DESCRIBE.TAFFY	如果我去看牙医了，他们知道我这样子吃东西的话会疯掉的。	2741	物品名:"太妃糖"
DESCRIBE.TALLBIRD	好高的一只鸟！	2742	物品名:"高脚鸟"
DESCRIBE.TALLBIRDEGG	它会孵化吗？	2743	物品名:"高脚鸟蛋"
DESCRIBE.TALLBIRDEGG_COOKED	美味又营养。	2744	物品名:"煎高脚鸟蛋"
DESCRIBE.TALLBIRDEGG_CRACKED.COLD	是它在哆嗦还是我在哆嗦？	2747	物品名:"冻伤"->冷了
DESCRIBE.TALLBIRDEGG_CRACKED.GENERIC	看起来它正在孵化！	2748	物品名:"孵化中的高脚鸟蛋"->默认
DESCRIBE.TALLBIRDEGG_CRACKED.HOT	蛋也会出汗吗？	2749	物品名:"中暑"->热了
DESCRIBE.TALLBIRDEGG_CRACKED.LONG	我感觉这需要一些时间...	2750	物品名:"孵化中的高脚鸟蛋"->还需要很久
DESCRIBE.TALLBIRDEGG_CRACKED.SHORT	它现在随时要孵出来了。	2751	物品名:"孵化中的高脚鸟蛋"->很快了
DESCRIBE.TALLBIRDNEST.GENERIC	那真是个不一般的蛋！	2755	物品名:"高脚鸟巢"->默认
DESCRIBE.TALLBIRDNEST.PICKED	巢是空的。	2756	物品名:"高脚鸟巢"->被采完了
DESCRIBE.TEENBIRD.GENERIC	不是很高的鸟。	2760	物品名:"小高脚鸟"->默认
DESCRIBE.TEENBIRD.HUNGRY	你想吃东西想的不行了？	2761	物品名:"小高脚鸟"->有点饿了
DESCRIBE.TEENBIRD.STARVING	它目露凶光。	2762	物品名:"小高脚鸟"->挨饿
DESCRIBE.TEENBIRD.SLEEPING	它在眯眼休息。	2763	物品名:"小高脚鸟"->睡着了
DESCRIBE.TELEPORTATO_BASE.ACTIVE	有了这个，我肯定可以穿越时空！	2767	物品名:"木制装置"->激活了
DESCRIBE.TELEPORTATO_BASE.GENERIC	这似乎通向另一个世界！	2768	物品名:"木制装置"->默认
DESCRIBE.TELEPORTATO_BASE.LOCKED	还少了些什么东西。	2769	物品名:"木制装置"->锁住了
DESCRIBE.TELEPORTATO_BASE.PARTIAL	很快，这个发明就要大功告成！	2770	物品名:"木制装置"->已经有部分了
DESCRIBE.TELEPORTATO_BOX	这可能控制着整个宇宙的极性。	2772	物品名:"盒状装置"
DESCRIBE.TELEPORTATO_CRANK	结实到足以应付最危险的实验。	2773	物品名:"曲柄装置"
DESCRIBE.TELEPORTATO_POTATO	这个金属土豆包含强大而又可怕的力量...	2774	物品名:"金属土豆状装置"
DESCRIBE.TELEPORTATO_RING	一个可以聚集空间能量的圆环。	2775	物品名:"环状装置"
DESCRIBE.TELESTAFF	那会揭示这个世界。	2776	物品名:"传送魔杖" 制造描述:"穿越空间的法杖！时间要另外收费。"
DESCRIBE.TENT.GENERIC	我不睡觉会发疯。	2779	物品名:"帐篷"->默认 制造描述:"回复理智值，但要花费时间并导致饥饿。"
DESCRIBE.TENT.BURNT	不剩什么睡觉的东西了。	2780	物品名:"帐篷"->烧焦的 制造描述:"回复理智值，但要花费时间并导致饥饿。"
DESCRIBE.SIESTAHUT.GENERIC	午后安全避暑休息的好地方。	2784	物品名:"遮阳篷"->默认 制造描述:"躲避烈日，回复理智值。"
DESCRIBE.SIESTAHUT.BURNT	它现在遮不了多少阳了。	2785	物品名:"遮阳篷"->烧焦的 制造描述:"躲避烈日，回复理智值。"
DESCRIBE.TENTACLE	那个看起来很危险。	2787	物品名:"触手"
DESCRIBE.TENTACLESPIKE	它又尖又黏。	2788	物品名:"触手尖刺"
DESCRIBE.TENTACLESPOTS	我想这些是它的生殖器。	2789	物品名:"触手皮"
DESCRIBE.TENTACLE_PILLAR	黏滑的触手。	2790	物品名:"大触手"
DESCRIBE.TENTACLE_PILLAR_HOLE	似乎很臭，但值得一探。	2791	物品名:"硕大的泥坑"
DESCRIBE.TENTACLE_PILLAR_ARM	滑溜溜的小触手。	2792	物品名:"小触手"
DESCRIBE.TENTACLE_GARDEN	又一种黏滑的触手。	2793	物品名:"大触手"
DESCRIBE.TOPHAT	多好的帽子。	2794	物品名:"高礼帽" 制造描述:"最经典的帽子款式。"
DESCRIBE.TORCH	驱赶黑暗的东西。	2795	物品名:"火炬" 制造描述:"可携带的光源。"
DESCRIBE.TRANSISTOR	电力让它呼呼作响。	2796	物品名:"电子元件" 制造描述:"科学至上！滋滋滋！"
DESCRIBE.TRAP	我把它编得很紧密。	2797	物品名:"陷阱" 制造描述:"捕捉小型生物。"
DESCRIBE.TRAP_TEETH	真是糟糕的意外。	2798	物品名:"犬牙陷阱" 制造描述:"弹出来并咬伤任何踩到它的东西。"
DESCRIBE.TRAP_TEETH_MAXWELL	我可不想踩在那上面！	2799	物品名:"麦斯威尔的犬牙陷阱" 制造描述:"弹出来并咬伤任何踩到它的东西。"
DESCRIBE.TREASURECHEST.GENERIC	一个工具箱！	2802	物品名:"箱子"->默认 制造描述:"一种结实的容器。"
DESCRIBE.TREASURECHEST.BURNT	那个箱子被烧掉了一截。	2803	物品名:"箱子"->烧焦的 制造描述:"一种结实的容器。"
DESCRIBE.TREASURECHEST.UPGRADED_STACKSIZE	得到了一个数量级的改进。	2804	物品名:"箱子" 制造描述:"一种结实的容器。"
DESCRIBE.TREASURECHEST_TRAP	真方便！	2806	物品名:"宝箱"
DESCRIBE.CHESTUPGRADE_STACKSIZE	物理定律竟然如此有弹性。	2807	物品名:"弹性空间制造器" 制造描述:"为了一些存储空间，多少有点揠苗助长了。"
DESCRIBE.COLLAPSEDCHEST	物理定律遭到了歪曲和破坏。	2808	物品名:"损坏的箱子"
DESCRIBE.SACRED_CHEST.GENERIC	我听到低语了。它想要什么东西。	2811	物品名:"远古宝箱"->默认
DESCRIBE.SACRED_CHEST.LOCKED	它正在做出判断。	2812	物品名:"远古宝箱"->锁住了
DESCRIBE.TREECLUMP	是不是有人想把我困在这里。	2814	物品名:未找到
DESCRIBE.TRINKET_1	融化了。或许薇洛和他们相处愉快？	2815	物品名:"熔化的弹珠"
DESCRIBE.TRINKET_2	你跟卡祖有什么关系？	2816	物品名:"假卡祖笛"
DESCRIBE.TRINKET_3	那是个死结。永远打不开的结。	2817	Gord's Knot  -- 物品名:"戈尔迪之结"
DESCRIBE.TRINKET_4	它一定是某种宗教物品。	2818	物品名:"地精爷爷"
DESCRIBE.TRINKET_5	不幸的是，它太小了，我没法乘坐它逃离。	2819	物品名:"迷你火箭"
DESCRIBE.TRINKET_6	它们输送电力的日子结束了。	2820	物品名:"烂电线"
DESCRIBE.TRINKET_7	没有时间享乐和游戏！	2821	物品名:"杯子和球"
DESCRIBE.TRINKET_8	太好了。堵浴缸的塞子有了。	2822	物品名:"硬化橡胶塞"
DESCRIBE.TRINKET_9	我本人更喜欢拉链。	2823	物品名:"不搭的纽扣"
DESCRIBE.TRINKET_10	它们很快成为韦斯喜欢的道具了。	2824	物品名:"二手假牙"
DESCRIBE.TRINKET_11	哈尔向我轻诉美丽的谎言。	2825	物品名:"机器人玩偶"
DESCRIBE.TRINKET_12	这是求被试验啊。	2826	物品名:"干瘪的触手"
DESCRIBE.TRINKET_13	一定是某种宗教物品。	2827	物品名:"地精奶奶"
DESCRIBE.TRINKET_14	现在要是能喝点茶，该多好...	2828	物品名:"漏水的茶杯"
DESCRIBE.TRINKET_15	...麦斯威尔又落下了他的行头。	2829	物品名:"白色主教"
DESCRIBE.TRINKET_16	...麦斯威尔又落下了他的行头。	2830	物品名:"黑色主教"
DESCRIBE.TRINKET_17	令人恐惧的器皿融合。也许科学*会*物极必反。	2831	物品名:"弯曲的叉子"
DESCRIBE.TRINKET_18	我想知道它在隐藏什么？	2832	物品名:"玩具木马"
DESCRIBE.TRINKET_19	结网不是很顺利。	2833	物品名:"失衡陀螺"
DESCRIBE.TRINKET_20	薇格弗德不断跳出去，用那东西打我？！	2834	物品名:"痒痒挠"
DESCRIBE.TRINKET_21	这个搅蛋器整个都弯曲变形了。	2835	物品名:"破搅拌器"
DESCRIBE.TRINKET_22	关于这个绳子，我有几个理论。	2836	物品名:"磨损的纱线"
DESCRIBE.TRINKET_23	我可以自己穿鞋，谢谢。	2837	物品名:"鞋拔子"
DESCRIBE.TRINKET_24	我想薇克巴顿应该有只猫。	2838	物品名:"幸运猫扎尔"
DESCRIBE.TRINKET_25	闻起来有点不新鲜。	2839	物品名:"臭气制造器"
DESCRIBE.TRINKET_26	食物和杯子！终极生存容器。	2840	物品名:"土豆杯"
DESCRIBE.TRINKET_27	如果你解开它，你可以从远处刺到别人。	2841	物品名:"钢丝衣架"
DESCRIBE.TRINKET_28	简直就是阴谋。	2842	物品名:"白色战车"
DESCRIBE.TRINKET_29	简直就是阴谋。	2843	物品名:"黑色战车"
DESCRIBE.TRINKET_30	他怎么到处乱丢呢。	2844	物品名:"白色骑士"
DESCRIBE.TRINKET_31	他怎么到处乱丢呢。	2845	物品名:"黑色骑士"
DESCRIBE.TRINKET_32	我认识喜欢这个的人！	2846	物品名:"立方氧化锆球"
DESCRIBE.TRINKET_33	希望不会引来蜘蛛。	2847	物品名:"蜘蛛指环"
DESCRIBE.TRINKET_34	让我们许个愿望吧。为了科学。	2848	物品名:"猴爪"
DESCRIBE.TRINKET_35	很难在这附近找到一个好的烧瓶。	2849	物品名:"空的长生不老药"
DESCRIBE.TRINKET_36	在吃完所有的糖果后我可能会需要这些东西。	2850	物品名:"人造尖牙"
DESCRIBE.TRINKET_37	我不相信超自然现象。	2851	物品名:"断桩"
DESCRIBE.TRINKET_38	我想它来自另外一个世界，一个满是欺诈的世界。	2852	物品名:"双筒望远镜"
DESCRIBE.TRINKET_39	我想知道另一只在哪里？	2853	物品名:"单只手套"
DESCRIBE.TRINKET_40	拿着它让我觉得在赶集。	2854	物品名:"蜗牛秤"
DESCRIBE.TRINKET_41	摸起来有点温热。	2855	物品名:"黏液罐"
DESCRIBE.TRINKET_42	它充满了某人的童年记忆。	2856	物品名:"玩具眼镜蛇"
DESCRIBE.TRINKET_43	它不太擅长跳跃。	2857	物品名:"鳄鱼玩具"
DESCRIBE.TRINKET_44	它是某种植物标本。	2858	物品名:"破碎的玻璃罐"
DESCRIBE.TRINKET_45	它正在接收另一个世界的频率。	2859	物品名:"奇怪的收音机"
DESCRIBE.TRINKET_46	也许是测试空气动力学的工具？	2860	物品名:"损坏的吹风机"
DESCRIBE.LOST_TOY_1	一定有一个完美的科学解释。	2861	物品名:"遗失的玻璃球"
DESCRIBE.LOST_TOY_2	一定有一个完美的科学解释。	2862	物品名:"多愁善感的卡祖笛"
DESCRIBE.LOST_TOY_7	一定有一个完美的科学解释。	2863	物品名:"珍视的抽线陀螺"
DESCRIBE.LOST_TOY_10	一定有一个完美的科学解释。	2864	物品名:"缺少的牙齿"
DESCRIBE.LOST_TOY_11	一定有一个完美的科学解释。	2865	物品名:"珍贵的玩具机器人"
DESCRIBE.LOST_TOY_14	一定有一个完美的科学解释。	2866	物品名:"妈妈最爱的茶杯"
DESCRIBE.LOST_TOY_18	一定有一个完美的科学解释。	2867	物品名:"宝贵的玩具木马"
DESCRIBE.LOST_TOY_19	一定有一个完美的科学解释。	2868	物品名:"最爱的陀螺"
DESCRIBE.LOST_TOY_42	一定有一个完美的科学解释。	2869	物品名:"装错的玩具眼镜蛇"
DESCRIBE.LOST_TOY_43	一定有一个完美的科学解释。	2870	物品名:"宠爱的鳄鱼玩具"
DESCRIBE.HALLOWEENCANDY_1	就算蛀牙也值得了，对吧？	2871	物品名:"糖果苹果"
DESCRIBE.HALLOWEENCANDY_2	什么样腐败的科学长出了这些东西？	2872	物品名:"糖果玉米"
DESCRIBE.HALLOWEENCANDY_3	是…玉米。	2873	物品名:"不太甜的玉米"
DESCRIBE.HALLOWEENCANDY_4	它们一路蠕动下来。	2874	物品名:"粘液蜘蛛"
DESCRIBE.HALLOWEENCANDY_5	明天我的牙齿可能会对此发表意见。	2875	物品名:"浣猫糖果"
DESCRIBE.HALLOWEENCANDY_6	我…不认为我会吃那些东西。	2876	物品名:"\"葡萄干\""
DESCRIBE.HALLOWEENCANDY_7	每个人遇到这些东西都会激动的。	2877	物品名:"葡萄干"
DESCRIBE.HALLOWEENCANDY_8	只有傻瓜才不会爱上这东西。	2878	物品名:"鬼魂棒棒糖"
DESCRIBE.HALLOWEENCANDY_9	粘牙。	2879	物品名:"果冻虫"
DESCRIBE.HALLOWEENCANDY_10	只有傻瓜才不会爱上这东西。	2880	物品名:"触手棒棒糖"
DESCRIBE.HALLOWEENCANDY_11	比真的东西尝起来味道好多了。	2881	物品名:"巧克力猪"
DESCRIBE.HALLOWEENCANDY_12	那块糖果刚动了一下吗？	2882	物品名:"糖果虱"
DESCRIBE.HALLOWEENCANDY_13	哎呀，我可怜的下巴。	2883	物品名:"无敌硬糖"
DESCRIBE.HALLOWEENCANDY_14	我吃不了辣。	2884	物品名:"熔岩椒"
DESCRIBE.CANDYBAG	它是某种美味的小小的甜点。	2885	物品名:"糖果袋" 制造描述:"只带万圣夜好吃的东西。"
DESCRIBE.HALLOWEEN_ORNAMENT_1	一个可以挂在树上的装饰物。	2886	物品名:"幽灵装饰"
DESCRIBE.HALLOWEEN_ORNAMENT_2	古怪的装饰。	2887	物品名:"蝙蝠装饰"
DESCRIBE.HALLOWEEN_ORNAMENT_3	这块木头看起来很适合挂起来。	2888	物品名:"蜘蛛装饰"
DESCRIBE.HALLOWEEN_ORNAMENT_4	触触逼真。	2889	物品名:"触手装饰"
DESCRIBE.HALLOWEEN_ORNAMENT_5	八只手的装饰。	2890	物品名:"穴居悬蛛装饰"
DESCRIBE.HALLOWEEN_ORNAMENT_6	最近大家都在热烈讨论树的装饰。	2891	物品名:"乌鸦装饰"
DESCRIBE.HALLOWEENPOTION_DRINKS_WEAK	原以为会更大呢。	2892	物品名:未找到
DESCRIBE.HALLOWEENPOTION_DRINKS_POTENT	强力药水。	2893	物品名:未找到
DESCRIBE.HALLOWEENPOTION_BRAVERY	满满的勇气。	2894	物品名:未找到
DESCRIBE.HALLOWEENPOTION_MOON	注入了变异的力量。	2895	物品名:"月亮精华液"
DESCRIBE.HALLOWEENPOTION_FIRE_FX	烈火结晶。	2896	物品名:未找到
DESCRIBE.MADSCIENCE_LAB	为了科学就算疯了又如何！	2897	物品名:"疯狂科学家实验室" 制造描述:"疯狂实验无极限。唯独神智有极限。"
DESCRIBE.LIVINGTREE_ROOT	里面有东西！我要把它彻底根除。	2898	物品名:"完全正常的树根"
DESCRIBE.LIVINGTREE_SAPLING	它会长得大到吓人。	2899	物品名:"完全正常的树苗"
DESCRIBE.DRAGONHEADHAT	所以谁要在前面？	2900	物品名:"幸运兽脑袋" 制造描述:"野兽装束的前端。"
DESCRIBE.DRAGONBODYHAT	中间的部分让我有点犹豫。	2901	物品名:"幸运兽躯体" 制造描述:"野兽装束的中间部分。"
DESCRIBE.DRAGONTAILHAT	神龙摆尾的洋气帽子。	2902	物品名:"幸运兽尾巴" 制造描述:"野兽装束的尾端。"
DESCRIBE.PERDSHRINE.GENERIC	感觉它想要什么东西。	2905	物品名:"火鸡神龛"->默认 制造描述:"供奉庄严之火鸡。"
DESCRIBE.PERDSHRINE.EMPTY	我要在那里种些东西。	2906	物品名:"火鸡神龛" 制造描述:"供奉庄严之火鸡。"
DESCRIBE.PERDSHRINE.BURNT	完全没用了。	2907	物品名:"火鸡神龛"->烧焦的 制造描述:"供奉庄严之火鸡。"
DESCRIBE.REDLANTERN	这个灯笼感觉比其他灯笼特别。	2909	物品名:"红灯笼" 制造描述:"照亮你的路的幸运灯笼。"
DESCRIBE.LUCKY_GOLDNUGGET	多么幸运的发现！	2910	物品名:"幸运金块"
DESCRIBE.FIRECRACKERS	充满爆炸科学。	2911	物品名:"红鞭炮" 制造描述:"用爆炸来庆祝！"
DESCRIBE.PERDFAN	非常大。	2912	物品名:"幸运扇" 制造描述:"额外的运气，超级多。"
DESCRIBE.REDPOUCH	里面有什么东西吗？	2913	物品名:"红包"
DESCRIBE.WARGSHRINE.GENERIC	我得做点好玩的东西。	2916	物品名:"座狼神龛"->默认 制造描述:"供奉陶土之座狼。"
DESCRIBE.WARGSHRINE.EMPTY	我需要在里面放支火把。	2917	物品名:"座狼神龛" 制造描述:"供奉陶土之座狼。"
DESCRIBE.WARGSHRINE.BURNING	我得做点好玩的东西。	2918	物品名:"座狼神龛"->正在燃烧 制造描述:"供奉陶土之座狼。"
DESCRIBE.WARGSHRINE.BURNT	它烧毁了。	2919	物品名:"座狼神龛"->烧焦的 制造描述:"供奉陶土之座狼。"
DESCRIBE.CLAYWARG.GENERIC	黏土怪物！	2923	物品名:"黏土座狼"->默认
DESCRIBE.CLAYWARG.STATUE	它刚刚是不是动了？	2924	物品名:"黏土座狼"->雕像
DESCRIBE.CLAYHOUND.GENERIC	它脱离束缚了！	2928	物品名:"黏土猎犬"->默认
DESCRIBE.CLAYHOUND.STATUE	它看起来好逼真。	2929	物品名:"黏土猎犬"->雕像
DESCRIBE.HOUNDWHISTLE	这个能阻挡狗的脚步。	2931	物品名:"幸运哨子" 制造描述:"对野猎犬吹哨。"
DESCRIBE.CHESSPIECE_CLAYHOUND	反正栓着了，我才不担心呢。	2932	物品名:"猎犬雕塑"
DESCRIBE.CHESSPIECE_CLAYWARG	我竟然没被吃掉！	2933	物品名:"座狼雕塑"
DESCRIBE.PIGSHRINE.GENERIC	有更多东西要做。	2936	物品名:"猪神龛"->默认 制造描述:"供奉富饶之猪人。"
DESCRIBE.PIGSHRINE.EMPTY	它想要肉。	2937	物品名:"猪神龛" 制造描述:"供奉富饶之猪人。"
DESCRIBE.PIGSHRINE.BURNT	烧焦了。	2938	物品名:"猪神龛"->烧焦的 制造描述:"供奉富饶之猪人。"
DESCRIBE.PIG_TOKEN	这个看起来很重要。	2940	物品名:"金腰带"
DESCRIBE.PIG_COIN	在战斗中花掉它会有好的回报。	2941	物品名:"猪鼻铸币"
DESCRIBE.YOTP_FOOD1	一场适合我的盛宴。	2942	物品名:"贡品烤肉" 制造描述:"向猪王敬肉。"
DESCRIBE.YOTP_FOOD2	只有野兽才会喜欢的食物。	2943	物品名:"八宝泥馅饼" 制造描述:"那里隐藏着什么？"
DESCRIBE.YOTP_FOOD3	没什么精致的。	2944	物品名:"鱼头串" 制造描述:"棍子上的荣华富贵。"
DESCRIBE.PIGELITE1	看什么呢？	2945	物品名:"韦德"
DESCRIBE.PIGELITE2	他得了淘金热！	2946	物品名:"伊格内修斯"
DESCRIBE.PIGELITE3	你眼里有泥！	2947	物品名:"德米特里"
DESCRIBE.PIGELITE4	难道你不想打其他人吗？	2948	物品名:"索耶"
DESCRIBE.PIGELITEFIGHTER1	看什么看？	2949	物品名:"韦德"
DESCRIBE.PIGELITEFIGHTER2	他得了淘金热！	2950	物品名:"伊格内修斯"
DESCRIBE.PIGELITEFIGHTER3	你眼里有泥！	2951	物品名:"德米特里"
DESCRIBE.PIGELITEFIGHTER4	难道你不想打其他人吗？	2952	物品名:"索耶"
DESCRIBE.CARRAT_GHOSTRACER	真令人不安啊。	2953	物品名:"查理的胡萝卜鼠"
DESCRIBE.YOTC_CARRAT_RACE_START	不错的起点。	2954	物品名:"起点" 制造描述:"冲向比赛！"
DESCRIBE.YOTC_CARRAT_RACE_CHECKPOINT	关键的一点。	2955	物品名:"检查点" 制造描述:"通往光荣之路上的一站。"
DESCRIBE.YOTC_CARRAT_RACE_FINISH.GENERIC	与其说是终点线，不如说是终点圈。	2958	物品名:"终点线"->默认 制造描述:"你走投无路了。"
DESCRIBE.YOTC_CARRAT_RACE_FINISH.BURNT	一把火烧的干干净净！	2959	物品名:"终点线"->烧焦的 制造描述:"你走投无路了。"
DESCRIBE.YOTC_CARRAT_RACE_FINISH.I_WON	哈哈！科学胜出了！	2960	物品名:"终点线" 制造描述:"你走投无路了。"
DESCRIBE.YOTC_CARRAT_RACE_FINISH.SOMEONE_ELSE_WON	哎……恭喜了，{winner}。	2961	物品名:"终点线" 制造描述:"你走投无路了。"
DESCRIBE.YOTC_CARRAT_RACE_START_ITEM	好吧，算是个开始。	2963	物品名:"起点套装" 制造描述:"冲向比赛！"
DESCRIBE.YOTC_CARRAT_RACE_CHECKPOINT_ITEM	总会抵达终点。	2964	物品名:"检查点套装" 制造描述:"通往光荣之路上的一站。"
DESCRIBE.YOTC_CARRAT_RACE_FINISH_ITEM	大限将至。	2965	物品名:"终点线套装" 制造描述:"你走投无路了。"
DESCRIBE.YOTC_SEEDPACKET	如果你问我，我会说看起来很多籽。	2966	物品名:"种子包" 制造描述:"一包普通的混合种子。"
DESCRIBE.YOTC_SEEDPACKET_RARE	哟，还是稀罕货啊！	2967	物品名:"高级种子包" 制造描述:"一包高质量的种子。"
DESCRIBE.MINIBOATLANTERN	真亮！	2968	物品名:"漂浮灯笼" 制造描述:"闪着暖暖的光亮。"
DESCRIBE.YOTC_CARRATSHRINE.GENERIC	做什么呢……	2971	物品名:"胡萝卜鼠神龛"->默认 制造描述:"供奉灵巧之胡萝卜鼠。"
DESCRIBE.YOTC_CARRATSHRINE.EMPTY	嗯……胡萝卜鼠喜欢吃什么呢？	2972	物品名:"胡萝卜鼠神龛" 制造描述:"供奉灵巧之胡萝卜鼠。"
DESCRIBE.YOTC_CARRATSHRINE.BURNT	烤胡萝卜的气味。	2973	物品名:"胡萝卜鼠神龛"->烧焦的 制造描述:"供奉灵巧之胡萝卜鼠。"
DESCRIBE.YOTC_CARRAT_GYM_DIRECTION.GENERIC	为训练指明方向。	2977	物品名:"方向健身房"->默认
DESCRIBE.YOTC_CARRAT_GYM_DIRECTION.RAT	你能当一只优秀的小白鼠。	2978	物品名:"方向健身房"
DESCRIBE.YOTC_CARRAT_GYM_DIRECTION.BURNT	我的训练计划灰飞烟灭。	2979	物品名:"方向健身房"->烧焦的
DESCRIBE.YOTC_CARRAT_GYM_SPEED.GENERIC	我需要提高胡萝卜鼠的速度。	2983	物品名:"速度健身房"->默认
DESCRIBE.YOTC_CARRAT_GYM_SPEED.RAT	快点……快点！	2984	物品名:"速度健身房"
DESCRIBE.YOTC_CARRAT_GYM_SPEED.BURNT	我可能放太多燃料了。	2985	物品名:"速度健身房"->烧焦的
DESCRIBE.YOTC_CARRAT_GYM_REACTION.GENERIC	我们来训练胡萝卜鼠的反应速度！	2989	物品名:"反应健身房"->默认
DESCRIBE.YOTC_CARRAT_GYM_REACTION.RAT	对象的反应时间正在稳步提高！	2990	物品名:"反应健身房"
DESCRIBE.YOTC_CARRAT_GYM_REACTION.BURNT	追求科学的过程中付出的微小代价。	2991	物品名:"反应健身房"->烧焦的
DESCRIBE.YOTC_CARRAT_GYM_STAMINA.GENERIC	变得更加强壮了！	2995	物品名:"耐力健身房"->默认
DESCRIBE.YOTC_CARRAT_GYM_STAMINA.RAT	这只胡萝卜鼠……将无人能挡！！	2996	物品名:"耐力健身房"
DESCRIBE.YOTC_CARRAT_GYM_STAMINA.BURNT	谁都阻挡不了进步！但这个会推迟它……	2997	物品名:"耐力健身房"->烧焦的
DESCRIBE.YOTC_CARRAT_GYM_DIRECTION_ITEM	我也该练练了！	2999	物品名:"方向健身房套装" 制造描述:"提高你的胡萝卜鼠的方向感。"
DESCRIBE.YOTC_CARRAT_GYM_SPEED_ITEM	我最好把这个组装起来。	3000	物品名:"速度健身房套装" 制造描述:"增加你的胡萝卜鼠的速度。"
DESCRIBE.YOTC_CARRAT_GYM_STAMINA_ITEM	这个会改善胡萝卜鼠的耐力	3001	物品名:"耐力健身房套装" 制造描述:"增强你的胡萝卜鼠的耐力。"
DESCRIBE.YOTC_CARRAT_GYM_REACTION_ITEM	这个应该能显著提高胡萝卜鼠的反应时间。	3002	物品名:"反应健身房套装" 制造描述:"加快你的胡萝卜鼠的反应时间。"
DESCRIBE.YOTC_CARRAT_SCALE_ITEM	可以秤我的胡萝卜鼠。	3003	物品名:"胡萝卜鼠秤套装" 制造描述:"看看你的胡萝卜鼠的情况。"
DESCRIBE.YOTC_CARRAT_SCALE.GENERIC	希望天平向我倾斜。	3006	物品名:"胡萝卜鼠秤"->默认
DESCRIBE.YOTC_CARRAT_SCALE.CARRAT	它终究只是一个有知觉的蔬菜。	3007	物品名:"胡萝卜鼠" 制造描述:"灵巧机敏，富含胡萝卜素。"
DESCRIBE.YOTC_CARRAT_SCALE.CARRAT_GOOD	胡萝卜鼠熟到可以赛跑了！	3008	物品名:"胡萝卜鼠秤"
DESCRIBE.YOTC_CARRAT_SCALE.BURNT	真是一团糟	3009	物品名:"胡萝卜鼠秤"->烧焦的
DESCRIBE.YOTB_BEEFALOSHRINE.GENERIC	做什么呢……	3013	物品名:"皮弗娄牛神龛"->默认 制造描述:"供奉坚毅之皮弗娄牛。"
DESCRIBE.YOTB_BEEFALOSHRINE.EMPTY	嗯……皮弗娄牛是什么做的呢？	3014	物品名:"皮弗娄牛神龛" 制造描述:"供奉坚毅之皮弗娄牛。"
DESCRIBE.YOTB_BEEFALOSHRINE.BURNT	闻起来是烤肉的味道。	3015	物品名:"皮弗娄牛神龛"->烧焦的 制造描述:"供奉坚毅之皮弗娄牛。"
DESCRIBE.BEEFALO_GROOMER.GENERIC	没有皮弗娄牛让我打扮。	3019	物品名:"皮弗娄牛美妆台"->默认 制造描述:"美牛原型机。"
DESCRIBE.BEEFALO_GROOMER.OCCUPIED	让我们来美化一下这头皮弗娄牛！	3020	物品名:"皮弗娄牛美妆台"->被占领 制造描述:"美牛原型机。"
DESCRIBE.BEEFALO_GROOMER.BURNT	我用最火的风格打扮了我的皮弗娄牛……然而也付出了代价。	3021	物品名:"皮弗娄牛美妆台"->烧焦的 制造描述:"美牛原型机。"
DESCRIBE.BEEFALO_GROOMER_ITEM	我还是换个地方把它装起来吧。	3023	物品名:"美妆台套装" 制造描述:"美牛原型机。"
DESCRIBE.YOTR_RABBITSHRINE.GENERIC	做什么呢……	3026	物品名:"兔人神龛"->默认 制造描述:"供奉舒适之兔人。"
DESCRIBE.YOTR_RABBITSHRINE.EMPTY	那只兔子看起来饿了。	3027	物品名:"兔人神龛" 制造描述:"供奉舒适之兔人。"
DESCRIBE.YOTR_RABBITSHRINE.BURNT	闻起来像素食烧烤。	3028	物品名:"兔人神龛"->烧焦的 制造描述:"供奉舒适之兔人。"
DESCRIBE.NIGHTCAPHAT	本科学家再也不怕睡觉压坏发型了！	3030	物品名:"睡帽" 制造描述:"为你打瞌睡的脑袋准备的帽子。"
DESCRIBE.YOTR_FOOD1	它是用胡萝卜做的，所以科学说它肯定健康。	3031	物品名:"兔子卷" 制造描述:"制造这个蛋糕的过程中没有兔子受到伤害。"
DESCRIBE.YOTR_FOOD2	蓝色是最科学的风味。	3032	物品名:"月饼" 制造描述:"“蓝色”风味！"
DESCRIBE.YOTR_FOOD3	摇晃的甜点。	3033	物品名:"月冻" 制造描述:"这甜点美的让人不忍心咬一口。"
DESCRIBE.YOTR_FOOD4	兔兔——快跳到我嘴里来！	3034	物品名:"泡芙串" 制造描述:"蓬松有嚼劲的球。"
DESCRIBE.YOTR_TOKEN	这个东西我可不能给错人。	3035	物品名:"挑战手套" 制造描述:"告诉兔人你想在枕头大战里试试手。"
DESCRIBE.COZY_BUNNYMAN	他们看着很舒服的样子。	3036	物品名:"舒适的兔人"
DESCRIBE.HANDPILLOW_BEEFALOWOOL	要是它闻起来不像皮弗娄牛就好了。	3037	物品名:"皮弗娄牛毛枕头" 制造描述:"打出一记带牛毛的重击。"
DESCRIBE.HANDPILLOW_KELP	我不喜欢这么潮。	3038	物品名:"海带枕头" 制造描述:"没有人喜欢盖着湿毯子睡。别以为湿枕头能好到哪去。"
DESCRIBE.HANDPILLOW_PETALS	起码比皮弗娄牛枕头好闻。	3039	物品名:"花朵枕头" 制造描述:"枕头里装满了花的力量。"
DESCRIBE.HANDPILLOW_STEELWOOL	谁会睡在这上面？	3040	物品名:"钢丝绵枕头" 制造描述:"专为枕头大战的严肃参赛者准备。"
DESCRIBE.BODYPILLOW_BEEFALOWOOL	要是它闻起来不像皮弗娄牛就好了。	3041	物品名:"皮弗娄牛枕头盔甲" 制造描述:"加强你的枕头防卫。"
DESCRIBE.BODYPILLOW_KELP	我不喜欢这么潮。	3042	物品名:"海带枕头盔甲" 制造描述:"一套湿漉漉的枕头盔甲。"
DESCRIBE.BODYPILLOW_PETALS	起码比皮弗娄牛枕头好闻。	3043	物品名:"花朵枕头盔甲" 制造描述:"它提供了最低限度的保护，脱下它后你身上会有玫瑰花的香味。"
DESCRIBE.BODYPILLOW_STEELWOOL	谁会睡在这上面？	3044	物品名:"钢丝绵枕头盔甲" 制造描述:"一个可穿戴的枕头，既有效又令人不快。"
DESCRIBE.BISHOP_CHARGE_HIT	噢！	3045	物品名:未找到
DESCRIBE.TRUNKVEST_SUMMER	荒野休闲装。	3046	物品名:"透气背心" 制造描述:"暖和，但算不上非常暖和。"
DESCRIBE.TRUNKVEST_WINTER	冬季生存装备。	3047	物品名:"松软背心" 制造描述:"足以抵御冬季暴雪的保暖背心。"
DESCRIBE.TRUNK_COOKED	不知怎么回事比以前更像鼻子了。	3048	物品名:"象鼻排"
DESCRIBE.TRUNK_SUMMER	一根轻快通风的象鼻。	3049	物品名:"象鼻"
DESCRIBE.TRUNK_WINTER	一根肥厚多毛的象鼻。	3050	物品名:"冬象鼻"
DESCRIBE.TUMBLEWEED	谁知道那个风滚草里裹着什么。	3051	物品名:"风滚草"
DESCRIBE.TURKEYDINNER	啧~	3052	物品名:"火鸡正餐"
DESCRIBE.TWIGS	一堆小树枝。	3053	物品名:"树枝" 制造描述:"小小的树枝也能起大用。"
DESCRIBE.UMBRELLA	我讨厌弄湿我的头发。	3054	物品名:"雨伞" 制造描述:"遮阳挡雨！"
DESCRIBE.GRASS_UMBRELLA	我的头发湿的时候很好看...问题出在干的时候。	3055	物品名:"花伞" 制造描述:"漂亮轻便的保护伞。"
DESCRIBE.UNIMPLEMENTED	看起来还没有完工！可能有危险。	3056	物品名:未找到
DESCRIBE.WAFFLES	我在犹豫是否需要更多的糖浆。	3057	物品名:"华夫饼"
DESCRIBE.WALL_HAY.GENERIC	呃。我想只能将就着用了。	3060	物品名:"草墙"->默认
DESCRIBE.WALL_HAY.BURNT	完全没用了。	3061	物品名:"草墙"->烧焦的
DESCRIBE.WALL_HAY_ITEM	这不像是个好主意。	3063	物品名:"草墙" 制造描述:"草墙墙体。不太结实。"
DESCRIBE.WALL_STONE	不错的墙。	3064	物品名:"石墙"
DESCRIBE.WALL_STONE_ITEM	它们让我有安全感。	3065	物品名:"石墙" 制造描述:"石墙墙体。"
DESCRIBE.WALL_RUINS	一段古老的墙。	3066	物品名:"铥墙"
DESCRIBE.WALL_RUINS_ITEM	一段坚固的历史。	3067	物品名:"铥墙" 制造描述:"这些墙可以承受相当多的打击。"
DESCRIBE.WALL_WOOD.GENERIC	尖的！	3070	物品名:"木墙"->默认
DESCRIBE.WALL_WOOD.BURNT	烧焦了！	3071	物品名:"木墙"->烧焦的
DESCRIBE.WALL_WOOD_ITEM	木桩！	3073	物品名:"木墙" 制造描述:"木墙墙体。"
DESCRIBE.WALL_MOONROCK	空灵而光滑！	3074	物品名:"月岩墙"
DESCRIBE.WALL_MOONROCK_ITEM	非常轻盈，但出人意料地坚硬。	3075	物品名:"月岩墙" 制造描述:"月球疯子之墙。"
DESCRIBE.WALL_DREADSTONE	这种感觉真……安全？	3076	物品名:"绝望石墙"
DESCRIBE.WALL_DREADSTONE_ITEM	会出什么问题？	3077	物品名:"绝望石墙" 制造描述:"将自己包围在最可怕的装饰之中。"
DESCRIBE.WALL_SCRAP	它是用垃圾做的。	3078	物品名:"废料墙"
DESCRIBE.WALL_SCRAP_ITEM	捆绑包装的垃圾。	3079	物品名:"废料墙" 制造描述:"一堆垃圾，大致呈墙壁状。"
DESCRIBE.FENCE	不过是个木头栅栏。	3080	物品名:"木栅栏"
DESCRIBE.FENCE_ITEM	有了它就能造出一个美丽牢固的栅栏。	3081	物品名:"木栅栏" 制造描述:"木栅栏部分。"
DESCRIBE.FENCE_GATE	有时开，有时关。	3082	物品名:"木门"
DESCRIBE.FENCE_GATE_ITEM	有了它就能造出一个美丽牢固的大门。	3083	物品名:"木门" 制造描述:"木栅栏的门。"
DESCRIBE.WALRUS	海象是天生的捕食者。	3084	物品名:"海象"
DESCRIBE.WALRUSHAT	上面盖了一层海象毛。	3085	物品名:"贝雷帽"
DESCRIBE.WALRUS_CAMP.EMPTY	看起来有人在这里扎营。	3088	物品名:"海象营地"
DESCRIBE.WALRUS_CAMP.GENERIC	看起来里面温暖而舒适。	3089	物品名:"海象营地"->默认
DESCRIBE.WALRUS_TUSK	它最终肯定能派上用场。	3091	物品名:"海象牙"
DESCRIBE.WARDROBE.GENERIC	它承载着黑暗、禁忌的秘密...	3094	物品名:"衣柜"->默认 制造描述:"随心变换面容。"
DESCRIBE.WARDROBE.BURNING	烧得好快！	3095	物品名:"衣柜"->正在燃烧 制造描述:"随心变换面容。"
DESCRIBE.WARDROBE.BURNT	毫无风格可言。	3096	物品名:"衣柜"->烧焦的 制造描述:"随心变换面容。"
DESCRIBE.WARG	你好像不太好对付啊，大狗。	3098	物品名:"座狼"
DESCRIBE.WARGLET	又要回到那些个日子了……	3099	物品名:"青年座狼"
DESCRIBE.WASPHIVE	我看那些蜜蜂都发疯了。	3100	物品名:"杀人蜂蜂窝"
DESCRIBE.WATERBALLOON	科学奇迹！	3101	物品名:"水球" 制造描述:"球体灭火。"
DESCRIBE.WATERMELON	又黏又甜。	3102	物品名:"西瓜"
DESCRIBE.WATERMELON_COOKED	多汁而温热。	3103	物品名:"烤西瓜"
DESCRIBE.WATERMELONHAT	让果汁从你的脸上流下。	3104	物品名:"西瓜帽" 制造描述:"提神醒脑，但感觉黏黏的。"
DESCRIBE.WAXWELLJOURNAL.GENERIC	真可怕。	3107	物品名:"暗影秘典"->默认 制造描述:"这将让你大吃一惊。"
DESCRIBE.WETGOOP	它尝起来没什么味道。	3110	物品名:"潮湿黏糊"
DESCRIBE.WHIP	没什么比大响声更能带来宁静的了。	3111	物品名:"三尾猫鞭" 制造描述:"提出有建设性的反馈意见。"
DESCRIBE.WINTERHAT	冬天来的时候，它能派上大用场。	3112	物品名:"冬帽" 制造描述:"保持脑袋温暖。"
DESCRIBE.WINTEROMETER.GENERIC	水银的。	3115	物品名:"温度测量仪"->默认 制造描述:"测量环境气温。"
DESCRIBE.WINTEROMETER.BURNT	再也不能测量了。	3116	物品名:"温度测量仪"->烧焦的 制造描述:"测量环境气温。"
DESCRIBE.WINTER_TREE.BURNT	节日气氛受了影响。	3120	物品名:"冬季盛宴树"->烧焦的
DESCRIBE.WINTER_TREE.BURNING	我认为那是个错误。	3121	物品名:"冬季盛宴树"->正在燃烧
DESCRIBE.WINTER_TREE.CANDECORATE	冬季盛宴快乐！	3122	物品名:"冬季盛宴树"->烛台？？？
DESCRIBE.WINTER_TREE.YOUNG	马上就到冬季盛宴了！	3123	物品名:"冬季盛宴树"->还年轻
DESCRIBE.WINTER_TREESTAND.GENERIC	我需要一颗松果。	3127	物品名:"盛宴树盆"->默认 制造描述:"种植并装饰一棵冬季盛宴树！"
DESCRIBE.WINTER_TREESTAND.BURNT	节日气氛受了影响。	3128	物品名:"盛宴树盆"->烧焦的 制造描述:"种植并装饰一棵冬季盛宴树！"
DESCRIBE.WINTER_ORNAMENT	每个科学家都会欣赏一个好的玩意。	3130	物品名:"圣诞小玩意"
DESCRIBE.WINTER_ORNAMENTLIGHT	一棵树没有电流就不算完整。	3131	物品名:"圣诞灯"
DESCRIBE.WINTER_ORNAMENTBOSS	这一个尤其令人印象深刻。	3132	物品名:"华丽的装饰"
DESCRIBE.WINTER_ORNAMENTFORGE	我应该把它悬火上烤。	3133	物品名:"熔炉装饰"
DESCRIBE.WINTER_ORNAMENTGORGE	不知道为什么，这让我觉得很饿。	3134	物品名:"暴食装饰"
DESCRIBE.WINTER_ORNAMENTPEARL	以她的爪子来说，做工不可谓不精美。	3135	物品名:"感伤装饰"
DESCRIBE.WINTER_FOOD1	解剖结构是错的，但是我会忽略它。	3136	物品名:"小姜饼"
DESCRIBE.WINTER_FOOD2	我要吃四十个。为了科学。	3137	物品名:"糖曲奇饼"
DESCRIBE.WINTER_FOOD3	圣诞节期间的牙疼马上就要发生了。	3138	物品名:"拐杖糖"
DESCRIBE.WINTER_FOOD4	那个实验可能有点儿不道德。	3139	物品名:"永远的水果蛋糕"
DESCRIBE.WINTER_FOOD5	能有一次吃浆果以外的东西真是好。	3140	物品名:"巧克力原木蛋糕"
DESCRIBE.WINTER_FOOD6	直接放进嘴里！	3141	物品名:"李子布丁"
DESCRIBE.WINTER_FOOD7	充满了美味汁液的空心苹果。	3142	物品名:"苹果酒"
DESCRIBE.WINTER_FOOD8	它是怎么保持温暖的？一个热力马克杯？	3143	物品名:"热可可"
DESCRIBE.WINTER_FOOD9	科学能够解释它为什么味道这么棒吗？	3144	物品名:"美味的蛋酒"
DESCRIBE.WINTERSFEASTOVEN.GENERIC	喜庆的炉子，用来做火烤的食物！	3147	物品名:"砖砌烤炉"->默认 制造描述:"燃起了喜庆的火焰。"
DESCRIBE.WINTERSFEASTOVEN.COOKING	烹饪果然是科学。	3148	物品名:"砖砌烤炉"->无效 制造描述:"燃起了喜庆的火焰。"
DESCRIBE.WINTERSFEASTOVEN.ALMOST_DONE_COOKING	科学就快完成了！	3149	物品名:"砖砌烤炉" 制造描述:"燃起了喜庆的火焰。"
DESCRIBE.WINTERSFEASTOVEN.DISH_READY	科学说完成了。	3150	物品名:"砖砌烤炉" 制造描述:"燃起了喜庆的火焰。"
DESCRIBE.BERRYSAUCE	浆果果酱。	3152	物品名:"快乐浆果酱"
DESCRIBE.BIBINGKA	像海绵一样软。	3153	物品名:"比宾卡米糕"
DESCRIBE.CABBAGEROLLS	肉躲在白菜里面躲避天敌。	3154	物品名:"白菜卷"
DESCRIBE.FESTIVEFISH	品尝品尝时令海鲜。	3155	物品名:"节庆鱼料理"
DESCRIBE.GRAVY	全是肉汁。	3156	物品名:"好肉汁"
DESCRIBE.LATKES	我能吃好多个。	3157	物品名:"土豆饼"
DESCRIBE.LUTEFISK	那有喇叭鱼吗？	3158	物品名:"苏打鱼"
DESCRIBE.MULLEDDRINK	这杯潘趣酒劲很足。	3159	物品名:"香料潘趣酒"
DESCRIBE.PANETTONE	这个仲冬节的面包真是应景。	3160	物品名:"托尼甜面包"
DESCRIBE.PAVLOVA	我最爱巴甫洛娃了。	3161	物品名:"巴甫洛娃蛋糕"
DESCRIBE.PICKLEDHERRING	无可挑剔的美味。	3162	物品名:"腌鲱鱼"
DESCRIBE.POLISHCOOKIE	我要来一次光碟行动！	3163	物品名:"波兰饼干"
DESCRIBE.PUMPKINPIE	为了科学，我要全部吃掉。	3164	物品名:"南瓜派"
DESCRIBE.ROASTTURKEY	肥美多汁的鸡腿，专门为我做的。	3165	物品名:"烤火鸡"
DESCRIBE.STUFFING	都是好料！	3166	物品名:"烤火鸡面包馅"
DESCRIBE.SWEETPOTATO	科学创造出了晚餐和甜点的完美混合物。	3167	物品名:"红薯焗饭"
DESCRIBE.TAMALES	我要是再多吃一些，也许会变得健壮了。	3168	物品名:"塔马利"
DESCRIBE.TOURTIERE	很高兴肉食你！	3169	物品名:"饕餮馅饼"
DESCRIBE.TABLE_WINTERS_FEAST.GENERIC	节庆餐桌。	3172	物品名:"冬季盛宴餐桌"->默认 制造描述:"一起来享用冬季盛宴吧。"
DESCRIBE.TABLE_WINTERS_FEAST.HAS_FOOD	吃饭时间到了！	3173	物品名:"冬季盛宴餐桌" 制造描述:"一起来享用冬季盛宴吧。"
DESCRIBE.TABLE_WINTERS_FEAST.WRONG_TYPE	不是吃这个的季节。	3174	物品名:"冬季盛宴餐桌" 制造描述:"一起来享用冬季盛宴吧。"
DESCRIBE.TABLE_WINTERS_FEAST.BURNT	谁会做这种事？	3175	物品名:"冬季盛宴餐桌"->烧焦的 制造描述:"一起来享用冬季盛宴吧。"
DESCRIBE.GINGERBREADWARG	舔品一下甜品。	3177	物品名:"姜饼座狼"
DESCRIBE.GINGERBREADHOUSE	管吃管住。	3178	物品名:"姜饼猪屋"
DESCRIBE.GINGERBREADPIG	我最好跟着他。	3179	物品名:"姜饼猪"
DESCRIBE.CRUMBS	走一路掉一路。	3180	物品名:"饼干屑"
DESCRIBE.WINTERSFEASTFUEL	冬季精神!	3181	物品名:"节日欢愉"
DESCRIBE.KLAUS	那究竟是什么东西！	3182	物品名:"克劳斯"
DESCRIBE.KLAUS_SACK	我们绝对应该打开那东西。	3183	物品名:"赃物袋"
DESCRIBE.KLAUSSACKKEY	对一个鹿角来说这真是太花俏了。	3184	物品名:"麋鹿茸"
DESCRIBE.WORMHOLE.GENERIC	柔软，呈波浪形。	3187	物品名:"虫洞"->默认
DESCRIBE.WORMHOLE.OPEN	科学催促我跳进去。	3188	物品名:"虫洞"->打开
DESCRIBE.WORMHOLE_LIMITED	啊，那玩意看着不太对啊。	3190	物品名:"生病的虫洞"->一次性虫洞 单机
DESCRIBE.ACCOMPLISHMENT_SHRINE	我想用一下它，我想让全世界都知道我的所作所为。	3191	物品名:"奖杯" 制造描述:"证明你作为一个人的价值。"
DESCRIBE.LIVINGTREE	它在观察我吗？	3192	物品名:"完全正常的树"
DESCRIBE.ICESTAFF	摸上去冷冰冰的。	3193	物品名:"冰魔杖" 制造描述:"把敌人冰冻在原地。"
DESCRIBE.REVIVER	丑陋之心在跳动，将鬼魂复活了！	3194	物品名:"告密的心" 制造描述:"鬼魂朋友复活了，好可怕。"
DESCRIBE.SHADOWHEART	科学的力量肯定使它恢复生气了...	3195	物品名:"暗影心房"
DESCRIBE.ATRIUM_RUBBLE.LINE_1	它描绘了一个古老的文明。人们看起来又饿又怕。	3198	物品名:"远古壁画"->第一行
DESCRIBE.ATRIUM_RUBBLE.LINE_2	这块石板已经无法识别了。	3199	物品名:"远古壁画"->第二行
DESCRIBE.ATRIUM_RUBBLE.LINE_3	有黑暗的东西悄悄逼近这座城市和城里的人。	3200	物品名:"远古壁画"->第三行
DESCRIBE.ATRIUM_RUBBLE.LINE_4	人们的皮肤在脱落。他们的表里截然不同。	3201	物品名:"远古壁画"->第四行
DESCRIBE.ATRIUM_RUBBLE.LINE_5	这里描绘了一座科技发达的宏伟城市。	3202	物品名:"远古壁画"->第五行
DESCRIBE.ATRIUM_STATUE	这看起来并不全是真的。	3204	物品名:"远古雕像"
DESCRIBE.ATRIUM_LIGHT.ON	非常令人不安的光。	3207	物品名:"远古灯柱"->开启
DESCRIBE.ATRIUM_LIGHT.OFF	它必须有动力来源。	3208	物品名:"远古灯柱"->关闭
DESCRIBE.ATRIUM_GATE.ON	回到正常运转状态。	3212	物品名:"远古大门"->开启
DESCRIBE.ATRIUM_GATE.OFF	主要部分依然完好无损。	3213	物品名:"远古大门"->关闭
DESCRIBE.ATRIUM_GATE.CHARGING	它正在获得能量。	3214	物品名:"远古大门"->充能中
DESCRIBE.ATRIUM_GATE.DESTABILIZING	大门在晃动。	3215	物品名:"远古大门"->不稳定
DESCRIBE.ATRIUM_GATE.COOLDOWN	它需要时间恢复。我也是。	3216	物品名:"远古大门"->冷却中
DESCRIBE.ATRIUM_KEY	它在向外发射能量。	3218	物品名:"远古钥匙"
DESCRIBE.LIFEINJECTOR	科学的突破！生命的答案！	3219	物品名:"强心针" 制造描述:"提高下你那日渐衰退的最大健康值吧。"
DESCRIBE.SKELETON_PLAYER.MALE	%s一定是在和%s进行试验时死的。	3222	物品名:"骷髅"->男性
DESCRIBE.SKELETON_PLAYER.FEMALE	%s一定是在和%s进行试验时死的。	3223	物品名:"骷髅"->女性
DESCRIBE.SKELETON_PLAYER.ROBOT	%s一定是在和%s进行试验时死的。	3224	物品名:"骷髅"->机器人
DESCRIBE.SKELETON_PLAYER.DEFAULT	%s一定是在和%s进行试验时死的。	3225	物品名:"物品栏物品"->默认
DESCRIBE.HUMANMEAT	肉就是肉。有区别么？	3227	物品名:"长猪"
DESCRIBE.HUMANMEAT_COOKED	煮的粉嫩，但在道德上还是灰色地带。	3228	物品名:"熟长猪"
DESCRIBE.HUMANMEAT_DRIED	风干了就不是人肉了，对吧？	3229	物品名:"长猪肉干"
DESCRIBE.ROCK_MOON	那块石头来自月亮。	3230	物品名:"岩石"
DESCRIBE.MOONROCKNUGGET	那块石头来自月亮。	3231	物品名:"月岩"
DESCRIBE.MOONROCKCRATER	我应该把闪亮的东西粘在它里面。用来研究。	3232	物品名:"带孔月岩" 制造描述:"用于划定地盘的岩石。"
DESCRIBE.MOONROCKSEED	里面蕴藏着科学！	3233	物品名:"天体宝球"
DESCRIBE.REDMOONEYE	它能看几公里，也能在几公里外被看到。	3234	物品名:"红色月眼"
DESCRIBE.PURPLEMOONEYE	是个很好的标记物，但我希望它不要再那样看我。	3235	物品名:"紫色月眼"
DESCRIBE.GREENMOONEYE	那东西会密切关注这地方。	3236	物品名:"绿色月眼"
DESCRIBE.ORANGEMOONEYE	有那东西帮忙观望，没有人会迷路。	3237	物品名:"橘色月眼"
DESCRIBE.YELLOWMOONEYE	那应该给每个人指路。	3238	物品名:"黄色月眼"
DESCRIBE.BLUEMOONEYE	留个心眼总是比较明智的。	3239	物品名:"蓝色月眼"
DESCRIBE.BOARRIOR	你可真大！	3240	物品名:"大熔炉猪战士"->大熔炉猪战士
DESCRIBE.BOARON	我可以应对他！	3241	物品名:"战猪"
DESCRIBE.PEGHOOK	那家伙喷出来的东西有腐蚀性！	3242	物品名:"酸蚀蝎"
DESCRIBE.TRAILS	他的胳膊真壮啊。	3243	物品名:"野猪猩"
DESCRIBE.TURTILLUS	它的壳有尖刺！	3244	物品名:"坦克龟"
DESCRIBE.SNAPPER	这家伙会咬人。	3245	物品名:"鳄鱼指挥官"
DESCRIBE.RHINODRILL	他的鼻子很适合干这个活。	3246	物品名:"后扣帽犀牛兄弟"
DESCRIBE.BEETLETAUR	我在这里都能闻到他的气味！	3247	物品名:"地狱独眼巨猪"
DESCRIBE.LAVAARENA_PORTAL.ON	我要走了。	3250	物品名:"远古大门"->开启
DESCRIBE.LAVAARENA_PORTAL.GENERIC	能过来，应该也能回去吧？	3251	物品名:"远古大门"->默认
DESCRIBE.HEALINGSTAFF	释放再生的力量。	3253	物品名:"生命魔杖"
DESCRIBE.FIREBALLSTAFF	召唤流星从天而降。	3254	物品名:"地狱魔杖"
DESCRIBE.HAMMER_MJOLNIR	这把敲东西的锤子可真重。	3255	物品名:"锻锤"
DESCRIBE.SPEAR_GUNGNIR	我可以用它快速充电。	3256	物品名:"尖齿矛"
DESCRIBE.BLOWDART_LAVA	我可以在范围内用这个武器。	3257	物品名:"吹箭"
DESCRIBE.BLOWDART_LAVA2	它利用一股强气流来推动抛射物。	3258	物品名:"熔化吹箭"
DESCRIBE.WEBBER_SPIDER_MINION	可以说他们是在为我们战斗吧。	3259	物品名:"蜘蛛宝宝"
DESCRIBE.BOOK_FOSSIL	这样能把那些怪物拖住一阵子。	3260	物品名:"石化之书"
DESCRIBE.SPEAR_LANCE	它直击要害。	3261	物品名:"螺旋矛"
DESCRIBE.BOOK_ELEMENTAL	我看不清这些字。	3262	物品名:"召唤之书"
DESCRIBE.QUAGMIRE_ALTAR.GENERIC	我们最好开始煮些祭品。	3265	物品名:"饕餮祭坛"->默认
DESCRIBE.QUAGMIRE_ALTAR.FULL	它正在消化。	3266	物品名:"饕餮祭坛"->满了
DESCRIBE.QUAGMIRE_SUGARWOODTREE.GENERIC	它含有大量美味可口的树液。	3270	物品名:"糖木树"->默认
DESCRIBE.QUAGMIRE_SUGARWOODTREE.STUMP	那棵树哪去了？真是一桩谜题。	3271	物品名:"糖木树"->暴食模式糖木树只剩树桩了
DESCRIBE.QUAGMIRE_SUGARWOODTREE.TAPPED_EMPTY	丰富的汁液。	3272	物品名:"糖木树"->暴食模式糖木树空了
DESCRIBE.QUAGMIRE_SUGARWOODTREE.TAPPED_READY	香甜的金黄色汁液。	3273	物品名:"糖木树"->暴食模式糖木树好了
DESCRIBE.QUAGMIRE_SUGARWOODTREE.TAPPED_BUGS	蚂蚁就是这样来的。	3274	物品名:"糖木树"->暴食模式糖木树上有蚂蚁
DESCRIBE.QUAGMIRE_SUGARWOODTREE.WOUNDED	它看上去生病了。	3275	物品名:"糖木树"->暴食糖木树生病了
DESCRIBE.QUAGMIRE_SPOTSPICE_SHRUB.GENERIC	它让我想起来那些带触手的怪物。	3279	物品名:"带斑点的小灌木"->默认
DESCRIBE.QUAGMIRE_SPOTSPICE_SHRUB.PICKED	从那丛灌木中采集不到更多果实了。	3280	物品名:"带斑点的小灌木"->被采完了
DESCRIBE.QUAGMIRE_SALT_RACK.READY	盐积聚在绳子上了。	3284	物品名:"盐架"->准备好的 满的
DESCRIBE.QUAGMIRE_SALT_RACK.GENERIC	科学是需要时间的。	3285	物品名:"盐架"->默认
DESCRIBE.QUAGMIRE_SAFE.GENERIC	这是保险箱，用来保护物品安全的。	3289	物品名:"保险箱"->默认
DESCRIBE.QUAGMIRE_SAFE.LOCKED	没有钥匙就打不开。	3290	物品名:"保险箱"->锁住了
DESCRIBE.QUAGMIRE_MUSHROOMSTUMP.GENERIC	那些是蘑菇吗？这真是一桩难题。	3294	物品名:"蘑菇"->默认
DESCRIBE.QUAGMIRE_MUSHROOMSTUMP.PICKED	应该不会长回来了。	3295	物品名:"蘑菇"->被采完了
DESCRIBE.QUAGMIRE_RUBBLE_HOUSE[0]	空无一人。	3299	物品名:"残破的房子" 制造描述:未找到
DESCRIBE.QUAGMIRE_RUBBLE_HOUSE[1]	这个小镇被摧毁了。	3300	物品名:"残破的房子" 制造描述:未找到
DESCRIBE.QUAGMIRE_RUBBLE_HOUSE[2]	不知道他们惹怒了谁。	3301	物品名:"残破的房子" 制造描述:未找到
DESCRIBE.QUAGMIRE_SWAMPIGELDER.GENERIC	我猜你是这里的老大？	3305	物品名:"沼泽猪长老"->默认
DESCRIBE.QUAGMIRE_SWAMPIGELDER.SLEEPING	它睡着了，暂时睡着了。	3306	物品名:"沼泽猪长老"->睡着了
DESCRIBE.QUAGMIRE_FOOD.GENERIC	我应该把它献祭在饕餮祭坛上。	3310	物品名:未找到
DESCRIBE.QUAGMIRE_FOOD.MISMATCH	不是它想要的。	3311	物品名:未找到
DESCRIBE.QUAGMIRE_FOOD.MATCH	科学说这样会安抚天空之神。	3312	物品名:未找到
DESCRIBE.QUAGMIRE_FOOD.MATCH_BUT_SNACK	真的，这更像是小吃。	3313	物品名:未找到
DESCRIBE.QUAGMIRE_PARK_GATE.GENERIC	没钥匙不行。	3317	物品名:"铁门"->默认
DESCRIBE.QUAGMIRE_PARK_GATE.LOCKED	锁得牢牢的。	3318	物品名:"铁门"->锁住了
DESCRIBE.QUAGMIRE_PIGEON.DEAD	死了。	3322	物品名:"鸽子"->死了 制造描述:"这是一只完整的活鸽。"
DESCRIBE.QUAGMIRE_PIGEON.GENERIC	羽翼丰满。	3323	物品名:"鸽子"->默认 制造描述:"这是一只完整的活鸽。"
DESCRIBE.QUAGMIRE_PIGEON.SLEEPING	暂时睡着了。	3324	物品名:"鸽子"->睡着了 制造描述:"这是一只完整的活鸽。"
DESCRIBE.WINONA_CATAPULT.GENERIC	她制造了一种自动防卫系统。	3328	物品名:"薇诺娜的投石机"->默认 制造描述:"向敌人投掷大石块。"
DESCRIBE.WINONA_CATAPULT.OFF	需要通电。	3329	物品名:"薇诺娜的投石机"->关闭 制造描述:"向敌人投掷大石块。"
DESCRIBE.WINONA_CATAPULT.BURNING	熊熊烈火！	3330	物品名:"薇诺娜的投石机"->正在燃烧 制造描述:"向敌人投掷大石块。"
DESCRIBE.WINONA_CATAPULT.BURNT	科学也没能拯救它。	3331	物品名:"薇诺娜的投石机"->烧焦的 制造描述:"向敌人投掷大石块。"
DESCRIBE.WINONA_CATAPULT.SLEEP	她制造了一种自动防卫系统。	3332	物品名:"薇诺娜的投石机" 制造描述:"向敌人投掷大石块。"
DESCRIBE.WINONA_SPOTLIGHT.GENERIC	好棒的主意！	3336	物品名:"薇诺娜的聚光灯"->默认 制造描述:"白天夜里都发光。"
DESCRIBE.WINONA_SPOTLIGHT.OFF	需要通电。	3337	物品名:"薇诺娜的聚光灯"->关闭 制造描述:"白天夜里都发光。"
DESCRIBE.WINONA_SPOTLIGHT.BURNING	熊熊烈火！	3338	物品名:"薇诺娜的聚光灯"->正在燃烧 制造描述:"白天夜里都发光。"
DESCRIBE.WINONA_SPOTLIGHT.BURNT	科学也没能拯救它。	3339	物品名:"薇诺娜的聚光灯"->烧焦的 制造描述:"白天夜里都发光。"
DESCRIBE.WINONA_SPOTLIGHT.SLEEP	好棒的主意！	3340	物品名:"薇诺娜的聚光灯" 制造描述:"白天夜里都发光。"
DESCRIBE.WINONA_BATTERY_LOW.GENERIC	看起来很科学。工作原理是什么？	3344	物品名:"薇诺娜的发电机"->默认 制造描述:"要确保电力供应充足。"
DESCRIBE.WINONA_BATTERY_LOW.LOWPOWER	电量正在下降。	3345	物品名:"薇诺娜的发电机"->没电了 制造描述:"要确保电力供应充足。"
DESCRIBE.WINONA_BATTERY_LOW.OFF	要是薇诺娜忙，我也能让它运作起来。	3346	物品名:"薇诺娜的发电机"->关闭 制造描述:"要确保电力供应充足。"
DESCRIBE.WINONA_BATTERY_LOW.BURNING	熊熊烈火！	3347	物品名:"薇诺娜的发电机"->正在燃烧 制造描述:"要确保电力供应充足。"
DESCRIBE.WINONA_BATTERY_LOW.BURNT	科学也没能拯救它。	3348	物品名:"薇诺娜的发电机"->烧焦的 制造描述:"要确保电力供应充足。"
DESCRIBE.WINONA_BATTERY_HIGH.GENERIC	嘿！这不科学！	3352	物品名:"薇诺娜的宝石发电机"->默认 制造描述:"这玩意烧宝石，所以肯定不会差。"
DESCRIBE.WINONA_BATTERY_HIGH.LOWPOWER	马上就没电了。	3353	物品名:"薇诺娜的宝石发电机"->没电了 制造描述:"这玩意烧宝石，所以肯定不会差。"
DESCRIBE.WINONA_BATTERY_HIGH.OFF	科学每次都能战胜魔法。	3354	物品名:"薇诺娜的宝石发电机"->关闭 制造描述:"这玩意烧宝石，所以肯定不会差。"
DESCRIBE.WINONA_BATTERY_HIGH.BURNING	熊熊烈火！	3355	物品名:"薇诺娜的宝石发电机"->正在燃烧 制造描述:"这玩意烧宝石，所以肯定不会差。"
DESCRIBE.WINONA_BATTERY_HIGH.BURNT	科学也没能拯救它。	3356	物品名:"薇诺娜的宝石发电机"->烧焦的 制造描述:"这玩意烧宝石，所以肯定不会差。"
DESCRIBE.WINONA_BATTERY_HIGH.OVERLOADED	快要爆炸了！……抱歉，让你看到我在实验室时的旧习惯了。	3357	物品名:"薇诺娜的宝石发电机" 制造描述:"这玩意烧宝石，所以肯定不会差。"
DESCRIBE.WINONA_REMOTE.GENERIC	她大概忘了把按钮装到她的机器上了。	3361	物品名:"称手遥控器"->默认 制造描述:"只需按下按钮，即可控制您的创造物。"
DESCRIBE.WINONA_REMOTE.OFF	需要通电。	3362	物品名:"称手遥控器"->关闭 制造描述:"只需按下按钮，即可控制您的创造物。"
DESCRIBE.WINONA_REMOTE.CHARGING	她大概忘了把按钮装到她的机器上了。	3363	物品名:"称手遥控器"->充能中 制造描述:"只需按下按钮，即可控制您的创造物。"
DESCRIBE.WINONA_REMOTE.CHARGED	她大概忘了把按钮装到她的机器上了。	3364	物品名:"称手遥控器" 制造描述:"只需按下按钮，即可控制您的创造物。"
DESCRIBE.WINONA_TELEBRELLA.GENERIC	薇诺娜正在头脑风暴。	3368	物品名:"传送伞"->默认 制造描述:"将任何东西寄回家的最佳方式是使用粒子。"
DESCRIBE.WINONA_TELEBRELLA.OFF	需要通电。	3370	物品名:"传送伞"->关闭 制造描述:"将任何东西寄回家的最佳方式是使用粒子。"
DESCRIBE.WINONA_TELEBRELLA.CHARGING	薇诺娜正在头脑风暴。	3371	物品名:"传送伞"->充能中 制造描述:"将任何东西寄回家的最佳方式是使用粒子。"
DESCRIBE.WINONA_TELEBRELLA.CHARGED	薇诺娜正在头脑风暴。	3372	物品名:"传送伞" 制造描述:"将任何东西寄回家的最佳方式是使用粒子。"
DESCRIBE.WINONA_TELEPORT_PAD_ITEM.GENERIC	它遵循位移理论——东西从介个位置移到辣个位置。	3376	物品名:"传送运输站"->默认 制造描述:"在运输物品方面，这台机器真的能送到。"
DESCRIBE.WINONA_TELEPORT_PAD_ITEM.OFF	需要通电。	3378	物品名:"传送运输站"->关闭 制造描述:"在运输物品方面，这台机器真的能送到。"
DESCRIBE.WINONA_TELEPORT_PAD_ITEM.BURNING	熊熊烈火！	3379	物品名:"传送运输站"->正在燃烧 制造描述:"在运输物品方面，这台机器真的能送到。"
DESCRIBE.WINONA_TELEPORT_PAD_ITEM.BURNT	科学也没能拯救它。	3380	物品名:"传送运输站"->烧焦的 制造描述:"在运输物品方面，这台机器真的能送到。"
DESCRIBE.WINONA_STORAGE_ROBOT.GENERIC	你不就是最可爱的螺栓筒吗？	3384	物品名:"薇机人"->默认 制造描述:"这位收藏者者应当归于您的收藏。"
DESCRIBE.WINONA_STORAGE_ROBOT.OFF	是在休息吗？薇诺娜倒是让你喘口气了。	3385	物品名:"薇机人"->关闭 制造描述:"这位收藏者者应当归于您的收藏。"
DESCRIBE.WINONA_STORAGE_ROBOT.SLEEP	你不就是最可爱的螺栓筒吗？	3386	物品名:"薇机人" 制造描述:"这位收藏者者应当归于您的收藏。"
DESCRIBE.WINONA_STORAGE_ROBOT.CHARGING	是在休息吗？薇诺娜倒是让你喘口气了。	3387	物品名:"薇机人"->充能中 制造描述:"这位收藏者者应当归于您的收藏。"
DESCRIBE.WINONA_STORAGE_ROBOT.CHARGED	是在休息吗？薇诺娜倒是让你喘口气了。	3388	物品名:"薇机人" 制造描述:"这位收藏者者应当归于您的收藏。"
DESCRIBE.INSPECTACLESHAT.GENERIC	薇诺娜在我眼里一直是一个对未来有远见的人。	3394	物品名:"检查专用镜"->默认 制造描述:"与你的老上司保持一致的波谱。"
DESCRIBE.ROSEGLASSESHAT.GENERIC	跟薇诺娜一贯的风格多少有些出入。	3399	物品名:"玫瑰色眼镜"->默认 制造描述:"透过新的镜片看事情，找查理。"
DESCRIBE.COMPOSTWRAP	沃姆伍德曾想让我尝一口，但我礼貌的拒绝了。	3409	物品名:"肥料包" 制造描述:"“草本”的疗法。"
DESCRIBE.ARMOR_BRAMBLE	防守是最好的进攻。	3410	物品名:"荆棘外壳" 制造描述:"让大自然告诉你什么叫“滚开”。"
DESCRIBE.TRAP_BRAMBLE	谁要是踩上去肯定会被戳到。	3411	物品名:"荆棘陷阱" 制造描述:"中招机会平等的扰人陷阱。"
DESCRIBE.BOATFRAGMENT03	就剩下了这一点。	3412	物品名:"船碎片"
DESCRIBE.BOATFRAGMENT04	就剩下了这一点。	3413	物品名:"船碎片"
DESCRIBE.BOATFRAGMENT05	就剩下了这一点。	3414	物品名:"船碎片"
DESCRIBE.BOAT_LEAK	要补漏，不然会沉。	3415	物品名:"漏洞"
DESCRIBE.MAST	且慢！桅杆！	3416	物品名:"桅杆" 制造描述:"乘风破浪会有时。"
DESCRIBE.SEASTACK	这是一块石头。	3417	物品名:"海蚀柱"
DESCRIBE.FISHINGNET	就是一张网。	3418	物品名:"渔网" 制造描述:"就是一张网。"
DESCRIBE.ANTCHOVIES	啊,我能丢回去吗？	3419	物品名:"蚁头凤尾鱼"
DESCRIBE.STEERINGWHEEL	来世要做一名水手。	3420	物品名:"方向舵" 制造描述:"航海必备道具。"
DESCRIBE.ANCHOR	我可不想让小船飘走。	3421	物品名:"锚" 制造描述:"船用刹车"
DESCRIBE.BOATPATCH	以防不测。	3422	物品名:"船补丁" 制造描述:"打补丁永远不晚。"
DESCRIBE.DRIFTWOOD_TREE.BURNING	浮木在燃烧！	3425	物品名:"浮木"->正在燃烧
DESCRIBE.DRIFTWOOD_TREE.BURNT	看起来没什么用了。	3426	物品名:"浮木"->烧焦的
DESCRIBE.DRIFTWOOD_TREE.CHOPPED	可能还有东西值得挖一挖。	3427	物品名:"浮木"->被砍了
DESCRIBE.DRIFTWOOD_TREE.GENERIC	被冲到岸上的一颗枯树。	3428	物品名:"浮木"->默认
DESCRIBE.DRIFTWOOD_LOG	能浮在水上。	3430	物品名:"浮木桩"
DESCRIBE.MOON_TREE.BURNING	树在燃烧。	3433	物品名:"月树"->正在燃烧
DESCRIBE.MOON_TREE.BURNT	树烧尽了。	3434	物品名:"月树"->烧焦的
DESCRIBE.MOON_TREE.CHOPPED	好粗的一颗树。	3435	物品名:"月树"->被砍了
DESCRIBE.MOON_TREE.GENERIC	没曾想月亮上还长树。	3436	物品名:"月树"->默认
DESCRIBE.MOON_TREE_BLOSSOM	从月亮树上掉下来的。	3438	物品名:"月树花"
DESCRIBE.MOONBUTTERFLY.GENERIC	我渊博的科学知识告诉我，这是一只月光蝴蝶。	3441	物品名:"月蛾"->默认 制造描述:"帮它们重温荣耀。"
DESCRIBE.MOONBUTTERFLY.HELD	这下抓到你了。	3442	物品名:"月蛾"->拿在手里 制造描述:"帮它们重温荣耀。"
DESCRIBE.MOONBUTTERFLYWINGS	美丽的蝴蝶翅膀。	3444	物品名:"月蛾翅膀"
DESCRIBE.MOONBUTTERFLY_SAPLING	蛾子变树？疯狂的月光！	3445	物品名:"月树苗"
DESCRIBE.ROCK_AVOCADO_FRUIT	会把我的牙都咬碎。	3446	物品名:"石果"
DESCRIBE.ROCK_AVOCADO_FRUIT_RIPE	没煮熟的核果最糟了。	3447	物品名:"成熟石果"
DESCRIBE.ROCK_AVOCADO_FRUIT_RIPE_COOKED	够软了，可以吃了。	3448	物品名:"熟石果"
DESCRIBE.ROCK_AVOCADO_FRUIT_SPROUT	它正在生长。	3449	物品名:"发芽的石果"
DESCRIBE.ROCK_AVOCADO_BUSH.BARREN	它结果的日子结束了。	3452	物品名:"石果灌木丛"
DESCRIBE.ROCK_AVOCADO_BUSH.WITHERED	被热坏了。	3453	物品名:"石果灌木丛"->枯萎了
DESCRIBE.ROCK_AVOCADO_BUSH.GENERIC	是月亮上来的灌木！	3454	物品名:"石果灌木丛"->默认
DESCRIBE.ROCK_AVOCADO_BUSH.PICKED	得过些时间才能结出果实。	3455	物品名:"石果灌木丛"->被采完了
DESCRIBE.ROCK_AVOCADO_BUSH.DISEASED	看上去病的很重。	3456	物品名:"石果灌木丛"->生病了
DESCRIBE.ROCK_AVOCADO_BUSH.DISEASING	呃...有些地方不对劲。	3457	物品名:"石果灌木丛"->正在生病？？
DESCRIBE.ROCK_AVOCADO_BUSH.BURNING	它在燃烧。	3458	物品名:"石果灌木丛"->正在燃烧
DESCRIBE.DEAD_SEA_BONES	上了岸，结果落得如此下场。	3460	物品名:"海骨"
DESCRIBE.HOTSPRING.GENERIC	能泡下这身疲倦的身骨该多好。	3463	物品名:"温泉"->默认
DESCRIBE.HOTSPRING.BOMBED	简单的化学反应而已。	3464	物品名:"温泉"
DESCRIBE.HOTSPRING.GLASS	水在月光下凝结成玻璃，这就是科学。	3465	物品名:"温泉"
DESCRIBE.HOTSPRING.EMPTY	那我就等等它再变满吧。	3466	物品名:"温泉"
DESCRIBE.MOONGLASS	它非常锋利。	3468	物品名:"月亮碎片" 制造描述:"来自月亮的碎片。"
DESCRIBE.MOONGLASS_CHARGED	我应该在能量耗尽前为它找到科学的用途！	3469	物品名:"注能月亮碎片"
DESCRIBE.MOONGLASS_ROCK	我都能看到自己的倒影。	3470	物品名:"月光玻璃"
DESCRIBE.BATHBOMB	教科书式的化学反应。	3471	物品名:"沐浴球" 制造描述:"春天里来百花香？这点子把地都炸碎了"
DESCRIBE.TRAP_STARFISH.GENERIC	噢，多可爱的一只小海星！	3474	物品名:"海星"->默认
DESCRIBE.TRAP_STARFISH.CLOSED	它差点吞了我！	3475	物品名:"海星"
DESCRIBE.DUG_TRAP_STARFISH	它再也骗不了人了。	3477	物品名:"海星陷阱"
DESCRIBE.SPIDER_MOON.GENERIC	好的，月亮让它产生了变异。	3480	物品名:"破碎蜘蛛"->默认
DESCRIBE.SPIDER_MOON.SLEEPING	感谢科学，终于不动了。	3481	物品名:"破碎蜘蛛"->睡着了
DESCRIBE.SPIDER_MOON.DEAD	真的死了吧？	3482	物品名:"破碎蜘蛛"->死了
DESCRIBE.MOONSPIDERDEN	那可不是寻常的蜘蛛巢。	3484	物品名:"破碎蜘蛛洞"
DESCRIBE.FRUITDRAGON.GENERIC	挺可爱的，不过还没熟。	3487	物品名:"沙拉蝾螈"->默认
DESCRIBE.FRUITDRAGON.RIPE	现在应该熟了。	3488	物品名:"沙拉蝾螈"
DESCRIBE.FRUITDRAGON.SLEEPING	在打盹呢。	3489	物品名:"沙拉蝾螈"->睡着了
DESCRIBE.PUFFIN.GENERIC	我以前从来没见过活的海鹦。	3493	物品名:"海鹦鹉"->默认
DESCRIBE.PUFFIN.HELD	抓到一只，吹嘘一下也不为过。	3494	物品名:"海鹦鹉"->拿在手里
DESCRIBE.PUFFIN.SLEEPING	呼呼的安睡。	3495	物品名:"海鹦鹉"->睡着了
DESCRIBE.MOONGLASSAXE	我把它做的非常好用。	3497	物品名:"月光玻璃斧" 制造描述:"脆弱而有效。"
DESCRIBE.GLASSCUTTER	我真的不是打架的料。	3498	物品名:"玻璃刀" 制造描述:"尖端武器。"
DESCRIBE.ICEBERG.GENERIC	一定要避开那东西。	3501	物品名:"迷你冰山"->默认
DESCRIBE.ICEBERG.MELTED	完全融化了。	3502	物品名:"迷你冰山"->融化了
DESCRIBE.ICEBERG_MELTED	完全融化了。	3504	物品名:"融化的迷你冰山"
DESCRIBE.MINIFLARE	我可以点一发，让所有人都知道我在这。	3505	物品名:"信号弹" 制造描述:"为你信任的朋友照亮前路。"
DESCRIBE.MEGAFLARE	它会让一切存在都知道我在这里。一切存在。	3506	物品名:"敌对信号弹" 制造描述:"为你的敌人点亮一束光。"
DESCRIBE.MOON_FISSURE.GENERIC	平静和恐惧同时在我的脑中回响。	3509	物品名:"天体裂缝"->默认
DESCRIBE.MOON_FISSURE.NOLIGHT	这个地方的裂隙越来越明显。	3510	物品名:"天体裂缝"
DESCRIBE.MOON_ALTAR.MOON_ALTAR_WIP	它想被完成。	3514	物品名:"组装一半的祭坛"
DESCRIBE.MOON_ALTAR.GENERIC	唔？你说什么？	3515	物品名:"天体祭坛"->默认
DESCRIBE.MOON_ALTAR_IDOL	我有种强烈的感觉想把它搬走。	3517	物品名:"天体祭坛雕像"
DESCRIBE.MOON_ALTAR_GLASS	它不想待在地上。	3518	物品名:"天体祭坛底座"
DESCRIBE.MOON_ALTAR_SEED	它想让我给它一个家。	3519	物品名:"天体祭坛宝球"
DESCRIBE.MOON_ALTAR_ROCK_IDOL	里面有东西。	3520	物品名:"吸引人的结构"
DESCRIBE.MOON_ALTAR_ROCK_GLASS	里面有东西。	3521	物品名:"吸引人的结构"
DESCRIBE.MOON_ALTAR_ROCK_SEED	里面有东西。	3522	物品名:"吸引人的结构"
DESCRIBE.MOON_ALTAR_CROWN	我钓上来的，现在去找个裂隙吧！	3523	物品名:"未激活天体贡品"
DESCRIBE.MOON_ALTAR_COSMIC	感觉它在等什么事情发生。	3524	物品名:"天体贡品"
DESCRIBE.MOON_ALTAR_ASTRAL	它似乎是一个更大机制的一部分。	3525	物品名:"天体圣殿"
DESCRIBE.MOON_ALTAR_ICON	我知道把你放哪了。	3526	物品名:"天体圣殿象征"
DESCRIBE.MOON_ALTAR_WARD	它需要和其他的那些放在一起。	3527	物品名:"天体圣殿卫戍"
DESCRIBE.SEAFARING_PROTOTYPER.GENERIC	是不是该谢谢我了。	3530	物品名:"智囊团"->默认 制造描述:"海上科学。"
DESCRIBE.SEAFARING_PROTOTYPER.BURNT	科学在大海上丢失了。	3531	物品名:"智囊团"->烧焦的 制造描述:"海上科学。"
DESCRIBE.BOAT_ITEM	在水上做些实验挺不错的。	3533	物品名:"船套装" 制造描述:"让大海成为你的领地。"
DESCRIBE.BOAT_GRASS_ITEM	从技术上讲，这是一条船。	3534	物品名:"草筏套装" 制造描述:"享受周末出游的乐趣吧。"
DESCRIBE.STEERINGWHEEL_ITEM	它能做成方向舵。	3535	物品名:"方向舵套装" 制造描述:"航海必备道具。"
DESCRIBE.ANCHOR_ITEM	现在我能造出锚了。	3536	物品名:"锚套装" 制造描述:"船用刹车"
DESCRIBE.MAST_ITEM	现在我能造出桅杆了。	3537	物品名:"桅杆套装" 制造描述:"乘风破浪会有时。"
DESCRIBE.MUTATEDHOUND.DEAD	现在我可以轻松的呼吸了。	3540	物品名:"恐怖猎犬"->死了
DESCRIBE.MUTATEDHOUND.GENERIC	科学，救救我们！	3541	物品名:"恐怖猎犬"->默认
DESCRIBE.MUTATEDHOUND.SLEEPING	有股强烈的欲望让我赶快跑。	3542	物品名:"恐怖猎犬"->睡着了
DESCRIBE.MUTATED_PENGUIN.DEAD	它走到了尽头。	3546	物品名:"永冻企鸥"->死了
DESCRIBE.MUTATED_PENGUIN.GENERIC	那东西真可怕！	3547	物品名:"永冻企鸥"->默认
DESCRIBE.MUTATED_PENGUIN.SLEEPING	谢天谢地，它在睡觉。	3548	物品名:"永冻企鸥"->睡着了
DESCRIBE.CARRAT.DEAD	它走到了尽头。	3552	物品名:"胡萝卜鼠"->死了 制造描述:"灵巧机敏，富含胡萝卜素。"
DESCRIBE.CARRAT.GENERIC	胡萝卜怎么还长腿了？	3553	物品名:"胡萝卜鼠"->默认 制造描述:"灵巧机敏，富含胡萝卜素。"
DESCRIBE.CARRAT.HELD	近看真是丑。	3554	物品名:"胡萝卜鼠"->拿在手里 制造描述:"灵巧机敏，富含胡萝卜素。"
DESCRIBE.CARRAT.SLEEPING	有点可爱了。	3555	物品名:"胡萝卜鼠"->睡着了 制造描述:"灵巧机敏，富含胡萝卜素。"
DESCRIBE.BULLKELP_PLANT.GENERIC	不赖，海带。	3559	物品名:"公牛海带"->默认
DESCRIBE.BULLKELP_PLANT.PICKED	海带让我激动难耐。	3560	物品名:"公牛海带"->被采完了
DESCRIBE.BULLKELP_ROOT	可以种在深海里。	3562	物品名:"公牛海带茎"
DESCRIBE.KELPHAT	有时为了好受点，必须先难受一下。	3563	物品名:"海花环" 制造描述:"让人神经焦虑的东西。"
DESCRIBE.KELP	把我的口袋全弄湿了，好恶心。	3564	物品名:"海带叶"
DESCRIBE.KELP_COOKED	熟了以后有点稀，黏黏的。	3565	物品名:"熟海带叶"
DESCRIBE.KELP_DRIED	钠的成分有点高。	3566	物品名:"干海带叶"
DESCRIBE.GESTALT	好像能给我...知识。	3567	物品名:"虚影"
DESCRIBE.GESTALT_GUARD	它跟我保证……靠得太近就扇我一巴掌。	3568	物品名:"大虚影"
DESCRIBE.COOKIECUTTER	我不喜欢它盯着船看的眼神……	3569	物品名:"饼干切割机"
DESCRIBE.COOKIECUTTERSHELL	曾经尖牙利齿，如今只剩空壳。	3570	物品名:"饼干切割机壳"
DESCRIBE.COOKIECUTTERHAT	至少不会打湿我的头发。	3571	物品名:"饼干切割机帽子" 制造描述:"穿着必须犀利。"
DESCRIBE.SALTSTACK.GENERIC	是天然形成的吗？	3574	物品名:"盐堆"->默认
DESCRIBE.SALTSTACK.MINED_OUT	挖过了……全挖过了！	3575	物品名:"盐堆"
DESCRIBE.SALTSTACK.GROWING	我猜它自己就是会长成这样。	3576	物品名:"盐堆"->正在生长
DESCRIBE.SALTROCK	科学催促我去舔一下。	3578	物品名:"盐晶"
DESCRIBE.SALTBOX	防止食物变质的灵药！	3579	物品名:"盐盒" 制造描述:"用盐来储存食物。"
DESCRIBE.TACKLESTATION	是时候解决海钓的问题了。	3580	物品名:"钓具容器" 制造描述:"传统的用饵钓鱼。"
DESCRIBE.TACKLESKETCH	某种钓具的图片。我打赌我自己就能做……	3581	物品名:"{item}广告"
DESCRIBE.MALBATROSS	禽鸟巨兽！	3582	物品名:"邪天翁"
DESCRIBE.MALBATROSS_FEATHER	从大鸟身上拔下的漂亮羽毛。	3583	物品名:"邪天翁羽毛"
DESCRIBE.MALBATROSS_BEAK	闻起来有鱼腥味。	3584	物品名:"邪天翁喙"
DESCRIBE.MAST_MALBATROSS_ITEM	它比看上去还轻。	3585	物品名:"飞翼风帆套装" 制造描述:"像海鸟一样航向深蓝。"
DESCRIBE.MAST_MALBATROSS	展翅远航！	3586	物品名:"飞翼风帆" 制造描述:"像海鸟一样航向深蓝。"
DESCRIBE.MALBATROSS_FEATHERED_WEAVE	我在织羽毛被！	3587	物品名:"羽毛帆布" 制造描述:"精美的羽毛布料。"
DESCRIBE.GNARWAIL.GENERIC	天啊，你的角真大。	3590	物品名:"一角鲸"->默认
DESCRIBE.GNARWAIL.BROKENHORN	你的鼻子没了！	3591	物品名:"一角鲸"
DESCRIBE.GNARWAIL.FOLLOWER	鲸鱼，挺好的。	3592	物品名:"一角鲸"->追随者
DESCRIBE.GNARWAIL.BROKENHORN_FOLLOWER	这就是你到处伸鼻子的下场！	3593	物品名:"一角鲸"
DESCRIBE.GNARWAIL_HORN	不可思议！	3595	物品名:"一角鲸的角"
DESCRIBE.WALKINGPLANK	我们就不能造一艘救生船吗？	3596	物品名:"跳板"
DESCRIBE.WALKINGPLANK_GRASS	我们就不能造一艘救生船吗？	3597	物品名:"跳板"
DESCRIBE.OAR	手动加速。	3598	物品名:"桨" 制造描述:"划，划，划小船。"
DESCRIBE.OAR_DRIFTWOOD	手动加速船只。	3599	物品名:"浮木桨" 制造描述:"小桨要用浮木造？"
DESCRIBE.OCEANFISHINGROD	这才是货真价实的海钓竿！	3600	物品名:"海钓竿" 制造描述:"像职业选手一样钓鱼吧。"
DESCRIBE.OCEANFISHINGBOBBER_NONE	可以用浮漂提高准度。	3601	物品名:"鱼钩"
DESCRIBE.OCEANFISHINGBOBBER_BALL	鱼群会喜欢这个球的。	3602	物品名:"木球浮漂" 制造描述:"经典设计，初学者和职业钓手两相宜。"
DESCRIBE.OCEANFISHINGBOBBER_OVAL	那些鱼这次休想逃出我的手掌心！	3603	物品名:"硬物浮漂" 制造描述:"在经典浮漂的基础上融入了时尚设计。"
DESCRIBE.OCEANFISHINGBOBBER_CROW	我吃鱼，不吃乌鸦。	3604	物品名:"黑羽浮漂" 制造描述:"深受职业钓手的喜爱。"
DESCRIBE.OCEANFISHINGBOBBER_ROBIN	希望别引来红鲱鱼。	3605	物品名:"红羽浮漂" 制造描述:"深受职业钓手的喜爱。"
DESCRIBE.OCEANFISHINGBOBBER_ROBIN_WINTER	雪鸟的羽毛十分高冷。	3606	物品名:"蔚蓝羽浮漂" 制造描述:"深受职业钓手的喜爱。"
DESCRIBE.OCEANFISHINGBOBBER_CANARY	快来跟我的小伙伴问好！	3607	物品名:"黄羽浮漂" 制造描述:"深受职业钓手的喜爱。"
DESCRIBE.OCEANFISHINGBOBBER_GOOSE	你要完了，鱼！	3608	物品名:"鹅羽浮漂" 制造描述:"高级羽绒浮漂。"
DESCRIBE.OCEANFISHINGBOBBER_MALBATROSS	这么漂亮的羽毛，见过没。	3609	物品名:"邪天翁羽浮漂" 制造描述:"高级巨鸟浮漂。"
DESCRIBE.OCEANFISHINGLURE_SPINNER_RED	也许有鱼会上当！	3610	物品名:"日出旋转亮片" 制造描述:"早起的鱼儿有虫吃。"
DESCRIBE.OCEANFISHINGLURE_SPINNER_GREEN	也许有鱼会上当！	3611	物品名:"黄昏旋转亮片" 制造描述:"低光照环境里效果最好。"
DESCRIBE.OCEANFISHINGLURE_SPINNER_BLUE	也许有鱼会上当！	3612	物品名:"夜间旋转亮片" 制造描述:"适用于夜间垂钓。"
DESCRIBE.OCEANFISHINGLURE_SPOON_RED	也许有小鱼会上当！	3613	物品名:"日出匙型假饵" 制造描述:"早起的鱼儿有虫吃。"
DESCRIBE.OCEANFISHINGLURE_SPOON_GREEN	也许有小鱼会上当！	3614	物品名:"黄昏匙型假饵" 制造描述:"在夕阳中继续垂钓。"
DESCRIBE.OCEANFISHINGLURE_SPOON_BLUE	也许有小鱼会上当！	3615	物品名:"夜间匙型假饵" 制造描述:"适用于夜间垂钓。"
DESCRIBE.OCEANFISHINGLURE_HERMIT_RAIN	把自己弄湿能帮助我像鱼一样思考……	3616	物品名:"雨天鱼饵" 制造描述:"留着雨天用。"
DESCRIBE.OCEANFISHINGLURE_HERMIT_SNOW	鱼儿都不会知道是谁下的手！	3617	物品名:"雪天鱼饵" 制造描述:"雪天适合用它钓鱼。"
DESCRIBE.OCEANFISHINGLURE_HERMIT_DROWSY	我的大脑有一层硬科学在保护！	3618	物品名:"麻醉鱼饵" 制造描述:"把鱼闷住就抓住了一半。"
DESCRIBE.OCEANFISHINGLURE_HERMIT_HEAVY	感觉有些沉重。	3619	物品名:"重量级鱼饵" 制造描述:"钓一条大鱼！"
DESCRIBE.OCEANFISH_SMALL_1	看起来是个小家伙。	3620	物品名:"小孔雀鱼"
DESCRIBE.OCEANFISH_SMALL_2	这条不会给我带来吹嘘的资本。	3621	物品名:"针鼻喷墨鱼"
DESCRIBE.OCEANFISH_SMALL_3	还没长开。	3622	物品名:"小饵鱼"
DESCRIBE.OCEANFISH_SMALL_4	小鱼小虾，成不了大气候。	3623	物品名:"三文鱼苗"
DESCRIBE.OCEANFISH_SMALL_5	我等不及一口吞了它！	3624	物品名:"爆米花鱼"
DESCRIBE.OCEANFISH_SMALL_6	“叶”见为食啊。	3625	物品名:"落叶比目鱼"
DESCRIBE.OCEANFISH_SMALL_7	总算给我抓到开花的鱼了！	3626	物品名:"花朵金枪鱼"
DESCRIBE.OCEANFISH_SMALL_8	烫得很呢！	3627	物品名:"炽热太阳鱼"
DESCRIBE.OCEANFISH_SMALL_9	只是随便说说，不过我应该能让你派上用场……	3628	物品名:"口水鱼"
DESCRIBE.OCEANFISH_MEDIUM_1	看着丑，希望味道好吃点吧。	3629	物品名:"泥鱼"
DESCRIBE.OCEANFISH_MEDIUM_2	花大力气钓的。	3630	物品名:"斑鱼"
DESCRIBE.OCEANFISH_MEDIUM_3	我钓鱼的技术可不是盖的！	3631	物品名:"浮夸狮子鱼"
DESCRIBE.OCEANFISH_MEDIUM_4	不知道这个会不会带来厄运。	3632	物品名:"黑鲶鱼"
DESCRIBE.OCEANFISH_MEDIUM_5	这条鱼看着有些俗气。	3633	物品名:"玉米鳕鱼"
DESCRIBE.OCEANFISH_MEDIUM_6	好一条大肥鱼！	3634	物品名:"花锦鲤"
DESCRIBE.OCEANFISH_MEDIUM_7	好一条大肥鱼！	3635	物品名:"金锦鲤"
DESCRIBE.OCEANFISH_MEDIUM_8	冰鲷鱼。	3636	物品名:"冰鲷鱼"
DESCRIBE.OCEANFISH_MEDIUM_9	成功钓鱼之旅的甜蜜味道。	3637	物品名:"甜味鱼"
DESCRIBE.PONDFISH	我现在要吃上一整天。	3638	物品名:"淡水鱼"
DESCRIBE.PONDEEL	这能做一道好菜。	3639	物品名:"活鳗鱼"
DESCRIBE.FISHMEAT	一块鱼肉。	3640	物品名:"生鱼肉"
DESCRIBE.FISHMEAT_COOKED	烤得恰到好处。	3641	物品名:"鱼排"
DESCRIBE.FISHMEAT_SMALL	一点点鱼肉。	3642	物品名:"小鱼块"
DESCRIBE.FISHMEAT_SMALL_COOKED	一点点熟鱼肉。	3643	物品名:"熟小鱼块"
DESCRIBE.SPOILED_FISH	我不太想知道那种气味是怎么来的。	3644	物品名:"变质的鱼"
DESCRIBE.FISH_BOX	它们像沙丁鱼一样塞得满满的！	3645	物品名:"锡鱼罐" 制造描述:"保持鱼与网捕之日一样新鲜。"
DESCRIBE.POCKET_SCALE	低配称重设备。	3646	物品名:"弹簧秤" 制造描述:"随时称鱼的重量！"
DESCRIBE.TACKLECONTAINER	这件额外的储存工具钩住了我的注意力。	3647	物品名:"钓具箱" 制造描述:"整齐收纳你的钓具。"
DESCRIBE.SUPERTACKLECONTAINER	我费了九牛二虎之力才弄到手的。	3648	物品名:"超级钓具箱" 制造描述:"更多收纳钓具的空间？我上钩了！"
DESCRIBE.TROPHYSCALE_FISH.GENERIC	来瞻仰我今天的海钓成绩吧！	3651	物品名:"鱼类计重器"->默认 制造描述:"炫耀你的斩获。"
DESCRIBE.TROPHYSCALE_FISH.HAS_ITEM	重量: {weight}\n捕获人: {owner}	3652	物品名:"鱼类计重器" 制造描述:"炫耀你的斩获。"
DESCRIBE.TROPHYSCALE_FISH.HAS_ITEM_HEAVY	重量: {weight}\n捕获人: {owner}\n所获颇丰!	3653	物品名:"鱼类计重器" 制造描述:"炫耀你的斩获。"
DESCRIBE.TROPHYSCALE_FISH.BURNING	如果要给火爆程度打分……全烧起来了。	3654	物品名:"鱼类计重器"->正在燃烧 制造描述:"炫耀你的斩获。"
DESCRIBE.TROPHYSCALE_FISH.BURNT	我所有吹嘘的资本全都给烧没了！	3655	物品名:"鱼类计重器"->烧焦的 制造描述:"炫耀你的斩获。"
DESCRIBE.TROPHYSCALE_FISH.OWNER	完全没有炫技的意思，大家就随便看看……\n重量: {weight}\n捕获人: {owner}	3656	物品名:"鱼类计重器" 制造描述:"炫耀你的斩获。"
DESCRIBE.TROPHYSCALE_FISH.OWNER_HEAVY	重量: {weight}\n捕获人: {owner}\n还真抓了条大肥鱼！	3657	物品名:"鱼类计重器" 制造描述:"炫耀你的斩获。"
DESCRIBE.OCEANFISHABLEFLOTSAM	长了些泥巴的草。	3659	物品名:"海洋残骸"
DESCRIBE.CALIFORNIAROLL	但我没有筷子。	3660	物品名:"加州卷"
DESCRIBE.SEAFOODGUMBO	一大碗海鲜浓汤。	3661	物品名:"海鲜浓汤"
DESCRIBE.SURFNTURF	太完美了！	3662	物品名:"海鲜牛排"
DESCRIBE.WOBSTER_SHELLER	好一只调皮的龙虾。	3663	物品名:"龙虾"
DESCRIBE.WOBSTER_DEN	一块石头，里面有龙虾。	3664	物品名:"龙虾窝"
DESCRIBE.WOBSTER_SHELLER_DEAD	这烹饪出来应该挺不错的。	3665	物品名:"死龙虾"
DESCRIBE.WOBSTER_SHELLER_DEAD_COOKED	我等不及要吃了你。	3666	物品名:"美味的龙虾"
DESCRIBE.LOBSTERBISQUE	可以再加点盐，但是不关我的事。	3667	物品名:"龙虾汤"
DESCRIBE.LOBSTERDINNER	如果我早上吃它，它还算正餐吗？	3668	物品名:"龙虾正餐"
DESCRIBE.WOBSTER_MOONGLASS	好一只调皮的月光龙虾。	3669	物品名:"月光龙虾"
DESCRIBE.MOONGLASS_WOBSTER_DEN	一块月光玻璃，里面有月光龙虾。	3670	物品名:"月光玻璃窝"
DESCRIBE.TRIDENT	等着轰轰轰吧！	3671	物品名:"刺耳三叉戟" 制造描述:"在汹涌波涛中引领潮流吧！"
DESCRIBE.WINCH.GENERIC	这个在必要时能派上用场。	3674	物品名:"夹夹绞盘"->默认 制造描述:"让它帮你捞起重的东西吧。"
DESCRIBE.WINCH.RETRIEVING_ITEM	重活就交给它干吧。	3675	物品名:"夹夹绞盘" 制造描述:"让它帮你捞起重的东西吧。"
DESCRIBE.WINCH.HOLDING_ITEM	看看这里是什么东西？	3676	物品名:"夹夹绞盘" 制造描述:"让它帮你捞起重的东西吧。"
DESCRIBE.HERMITHOUSE.GENERIC	这是一座空壳房子。	3680	物品名:"隐士之家"->默认
DESCRIBE.HERMITHOUSE.BUILTUP	它只需要一点点的爱。	3681	物品名:"隐士之家"
DESCRIBE.SHELL_CLUSTER	我打赌里面有不少漂亮贝壳。	3683	物品名:"贝壳堆"
DESCRIBE.SINGINGSHELL_OCTAVE3.GENERIC	调有点低。	3686	物品名:"低音贝壳钟"->默认
DESCRIBE.SINGINGSHELL_OCTAVE4.GENERIC	这就是大海的声音吗？	3690	物品名:"中音贝壳钟"->默认
DESCRIBE.SINGINGSHELL_OCTAVE5.GENERIC	它可以发出高音C。	3694	物品名:"高音贝壳钟"->默认
DESCRIBE.CHUM	鱼儿的美味佳肴！	3696	物品名:"鱼食" 制造描述:"鱼儿的美食。"
DESCRIBE.SUNKENCHEST.GENERIC	真正的宝物是我们在寻宝过程中的成长。	3699	物品名:"沉底宝箱"->默认
DESCRIBE.SUNKENCHEST.LOCKED	贝壳闭上了！	3700	物品名:"沉底宝箱"->锁住了
DESCRIBE.HERMIT_BUNDLE	这些东西她有的是。	3702	物品名:"一包谢意"
DESCRIBE.HERMIT_BUNDLE_SHELLS	她确实是卖海贝壳的！	3703	物品名:"贝壳钟包" 制造描述:"她卖的贝壳。"
DESCRIBE.RESKIN_TOOL	我喜欢这些粉尘！感觉十分学术！	3704	物品名:"清洁扫把" 制造描述:"把装潢的东西清扫的干干净净。"
DESCRIBE.MOON_FISSURE_PLUGGED	虽然不科学……但是很有效。	3705	物品名:"堵住的裂缝"
DESCRIBE.WOBYBIG[0]	你以科学的名义给她喂了什么？	3708	物品名:"沃比" 制造描述:未找到
DESCRIBE.WOBYBIG[1]	你以科学的名义给她喂了什么？	3709	物品名:"沃比" 制造描述:未找到
DESCRIBE.WOBYSMALL[0]	科学证明，喂养宠物狗能够显著改善心情。	3713	物品名:"沃比" 制造描述:未找到
DESCRIBE.WOBYSMALL[1]	科学证明，喂养宠物狗能够显著改善心情。	3714	物品名:"沃比" 制造描述:未找到
DESCRIBE.WALTERHAT	我年轻的时候也没喜欢过“户外活动”。	3716	物品名:"松树先锋队帽子" 制造描述:"形式和功能高于时尚。"
DESCRIBE.SLINGSHOT.GENERIC	所有玻璃的噩梦。	3719	物品名:"可靠的弹弓"->默认 制造描述:"不带它千万别去冒险！"
DESCRIBE.SLINGSHOTAMMO_ROCK	即将打出的弹药。	3722	物品名:"鹅卵石" 制造描述:"简单，低效。"
DESCRIBE.SLINGSHOTAMMO_MARBLE	即将打出的弹药。	3723	物品名:"大理石弹" 制造描述:"可别把它们弄丢了！"
DESCRIBE.SLINGSHOTAMMO_THULECITE	即将打出的弹药。	3724	物品名:"诅咒弹药" 制造描述:"会出什么问题？"
DESCRIBE.SLINGSHOTAMMO_GOLD	即将打出的弹药。	3725	物品名:"黄金弹药" 制造描述:"因为高级，所以有效。"
DESCRIBE.SLINGSHOTAMMO_HONEY	即将打出的弹药。	3726	物品名:"黏黏弹" 制造描述:"又黏又甜！"
DESCRIBE.SLINGSHOTAMMO_SLOW	即将打出的弹药。	3727	物品名:"减速弹药" 制造描述:"什么是“物理定律”？"
DESCRIBE.SLINGSHOTAMMO_FREEZE	即将打出的弹药。	3728	物品名:"冰冻弹药" 制造描述:"把敌人冰冻在原地。"
DESCRIBE.SLINGSHOTAMMO_POOP	粪便弹道。	3729	物品名:"便便弹" 制造描述:"恶心，但是能让敌人分心。"
DESCRIBE.SLINGSHOTAMMO_STINGER	子弹，能叮咬？	3730	物品名:"针刺弹" 制造描述:"朝所有方向刺！"
DESCRIBE.SLINGSHOTAMMO_MOONGLASS	子弹，能被打……发出去？	3731	物品名:"月亮弹" 制造描述:"粉碎预期。"
DESCRIBE.SLINGSHOTAMMO_GELBLOB	即将打出的弹药。	3732	物品名:"恶液弹" 制造描述:"又黏又腻！"
DESCRIBE.SLINGSHOTAMMO_SCRAPFEATHER	即将打出的弹药。	3733	物品名:"电击废料弹" 制造描述:"像过电一样刺激！"
DESCRIBE.SLINGSHOTAMMO_DREADSTONE	即将打出的弹药。	3734	物品名:"绝望小石" 制造描述:"强得可怕。"
DESCRIBE.SLINGSHOTAMMO_GUNPOWDER	即将打出的弹药。	3735	物品名:"轰轰弹" 制造描述:"爆炸出场！"
DESCRIBE.SLINGSHOTAMMO_LUNARPLANTHUSK	即将打出的弹药。	3736	物品名:"亮茄外壳弹药" 制造描述:"了断恩怨吧！"
DESCRIBE.SLINGSHOTAMMO_PUREBRILLIANCE	即将打出的弹药。	3737	物品名:"纯粹辉煌弹药" 制造描述:"你会月来月爱这些。"
DESCRIBE.SLINGSHOTAMMO_HORRORFUEL	即将打出的弹药。	3738	物品名:"纯粹恐惧弹药" 制造描述:"对抗黑暗势力做了加强。"
DESCRIBE.PORTABLETENT	我感觉已经几辈子没睡过好觉了！	3739	物品名:"宿营帐篷" 制造描述:"便捷的保护设备，让你免受风吹雨打。"
DESCRIBE.PORTABLETENT_ITEM	有了帐篷可不要膨胀。	3740	物品名:"帐篷卷" 制造描述:"便捷的保护设备，让你免受风吹雨打。"
DESCRIBE.BATTLESONG_DURABILITY	戏剧让我坐立不安。	3741	物品名:"武器化的颤音" 制造描述:"让武器有更多的时间成为焦点。"
DESCRIBE.BATTLESONG_HEALTHGAIN	戏剧让我坐立不安。	3742	物品名:"心碎歌谣" 制造描述:"一首偷心的颂歌。"
DESCRIBE.BATTLESONG_SANITYGAIN	戏剧让我坐立不安。	3743	物品名:"醍醐灌顶华彩" 制造描述:"用歌声慰藉你的心灵。"
DESCRIBE.BATTLESONG_SANITYAURA	戏剧让我坐立不安。	3744	物品名:"英勇美声颂" 制造描述:"无所畏惧！"
DESCRIBE.BATTLESONG_FIRERESISTANCE	我有一次看戏前不小心把背心烧出个洞。我称此为戏剧性熨烫。	3745	物品名:"防火假声" 制造描述:"抵御火辣的戏评人。"
DESCRIBE.BATTLESONG_INSTANT_TAUNT	恐怕我不是一个持照诗人。	3746	物品名:"粗鲁插曲" 制造描述:"用言语扔一个番茄。"
DESCRIBE.BATTLESONG_INSTANT_PANIC	恐怕我不是一个持照诗人。	3747	物品名:"惊心独白" 制造描述:"如此出色的表演，就问你怕不怕。"
DESCRIBE.MUTATOR_WARRIOR	哦，哇，这看起来嗯……很好吃，韦伯!	3748	物品名:"战士变身涂鸦" 制造描述:"做最可爱的小保镖。"
DESCRIBE.MUTATOR_DROPPER	呃，我……刚吃过饭！你拿去给你的蜘蛛朋友好吗？	3749	物品名:"悬蛛变身涂鸦" 制造描述:"味道也许会让你惊喜。"
DESCRIBE.MUTATOR_HIDER	哦，哇，这看起来嗯……很好吃，韦伯!	3750	物品名:"洞穴变身涂鸦" 制造描述:"外酥里嫩。"
DESCRIBE.MUTATOR_SPITTER	呃，我……刚吃过饭！你拿去给你的蜘蛛朋友好吗？	3751	物品名:"喷吐变身涂鸦" 制造描述:"喷薄而出的蜘蛛形象。"
DESCRIBE.MUTATOR_MOON	哦，哇，这看起来嗯……很好吃，韦伯!	3752	物品名:"破碎变身涂鸦" 制造描述:"吃到它的人会快乐到月球去！"
DESCRIBE.MUTATOR_HEALER	呃，我……刚吃过饭！你拿去给你的蜘蛛朋友好吗？	3753	物品名:"护士变身涂鸦" 制造描述:"特别多的谷物，所以必须是健康的！"
DESCRIBE.SPIDER_WHISTLE	我可不想引来任何蜘蛛!	3754	物品名:"韦伯口哨" 制造描述:"呼叫可怕的爬行动物朋友吧。"
DESCRIBE.SPIDERDEN_BEDAZZLER	看起来某人的手艺提高了不少啊。	3755	物品名:"蛛巢装饰套装" 制造描述:"一个好的家能培育出好的性格。"
DESCRIBE.SPIDER_HEALER	哦，太好了。现在蜘蛛可以自愈了。	3756	物品名:"护士蜘蛛"
DESCRIBE.SPIDER_REPELLENT	如果科学能让它为我所用就好了。	3757	物品名:"驱赶盒子" 制造描述:"让你的朋友知道你需要一些空间。"
DESCRIBE.SPIDER_HEALER_ITEM	要是看到蜘蛛，我一定会把它送给它们。也许吧。	3758	物品名:"治疗黏团" 制造描述:"恶心，黏糊糊的，但对你有好处！"
DESCRIBE.GHOSTLYELIXIR_SLOWREGEN	嗯，对。非常科学。	3759	物品名:"亡者补药" 制造描述:"时间会抚平所有伤口。"
DESCRIBE.GHOSTLYELIXIR_FASTREGEN	嗯，对。非常科学。	3760	物品名:"灵魂万灵药" 制造描述:"治疗重伤的强力药剂。"
DESCRIBE.GHOSTLYELIXIR_SHIELD	嗯，对。非常科学。	3761	物品名:"不屈药剂" 制造描述:"保护你的姐妹不受伤害。"
DESCRIBE.GHOSTLYELIXIR_ATTACK	嗯，对。非常科学。	3762	物品名:"夜影万金油" 制造描述:"召唤黑暗的力量。"
DESCRIBE.GHOSTLYELIXIR_SPEED	嗯，对。非常科学。	3763	物品名:"强健精油" 制造描述:"给你的灵魂来一剂强心针。"
DESCRIBE.GHOSTLYELIXIR_RETALIATION	嗯，对。非常科学。	3764	物品名:"蒸馏复仇" 制造描述:"对敌人以牙还牙。"
DESCRIBE.GHOSTLYELIXIR_REVIVE	嗯，对。非常科学。	3765	物品名:"恐怖经历" 制造描述:"让阿比盖尔想起自己能成为的一切。"
DESCRIBE.SISTURN.GENERIC	弄点花会显得更有生机。	3768	物品名:"姐妹骨灰罐"->默认 制造描述:"让你疲倦的灵魂休息的地方。"
DESCRIBE.SISTURN.SOME_FLOWERS	多拿些花来应该就可以了。	3769	物品名:"姐妹骨灰罐" 制造描述:"让你疲倦的灵魂休息的地方。"
DESCRIBE.SISTURN.LOTS_OF_FLOWERS	好美的花束！	3770	物品名:"姐妹骨灰罐" 制造描述:"让你疲倦的灵魂休息的地方。"
DESCRIBE.SISTURN.LOTS_OF_FLOWERS_EVIL	它让我感觉不妙。	3771	物品名:"姐妹骨灰罐" 制造描述:"让你疲倦的灵魂休息的地方。"
DESCRIBE.SISTURN.LOTS_OF_FLOWERS_BLOSSOM	多么怪异的声音。	3772	物品名:"姐妹骨灰罐" 制造描述:"让你疲倦的灵魂休息的地方。"
DESCRIBE.WORTOX_NABBAG	跟坎普斯是一个模子里印出来的家伙。	3775	物品名:"强抢袋" 制造描述:"塞进去，摆起来！"
DESCRIBE.WORTOX_REVIVER	我能猜到那个有毛用。	3776	物品名:"双尾心" 制造描述:"让变鬼了的朋友回一次魂。能让其他人走得更近。"
DESCRIBE.WORTOX_SOULJAR	如果你仔细想想，它还真不是一般的罐子。	3777	物品名:"灵魂罐" 制造描述:"既然可以把它们都塞进罐子里，为什么还要让它们自由？"
DESCRIBE.PORTABLECOOKPOT_ITEM.GENERIC	这才是烹饪！	3780	物品名:"便携烹饪锅"->默认 制造描述:"随时随地为美食家服务。"
DESCRIBE.PORTABLECOOKPOT_ITEM.DONE	行，做完饭了！	3781	物品名:"便携烹饪锅"->完成了 制造描述:"随时随地为美食家服务。"
DESCRIBE.PORTABLECOOKPOT_ITEM.COOKING_LONG	这顿饭需要一点时间了。	3782	物品名:"便携烹饪锅"->饭还需要很久 制造描述:"随时随地为美食家服务。"
DESCRIBE.PORTABLECOOKPOT_ITEM.COOKING_SHORT	马上就能好！	3783	物品名:"便携烹饪锅"->饭快做好了 制造描述:"随时随地为美食家服务。"
DESCRIBE.PORTABLECOOKPOT_ITEM.EMPTY	我打赌里面什么都没有。	3784	物品名:"便携烹饪锅" 制造描述:"随时随地为美食家服务。"
DESCRIBE.PORTABLEBLENDER_ITEM	把所有食物混合起来。	3786	物品名:"便携研磨器" 制造描述:"把原料研磨成粉状调味品。"
DESCRIBE.PORTABLESPICER_ITEM.GENERIC	它可以给食物增添辛香风味。	3789	物品名:"便携香料站"->默认 制造描述:"调味让饭菜更可口。"
DESCRIBE.PORTABLESPICER_ITEM.DONE	应该能让饭菜更可口。	3790	物品名:"便携香料站"->完成了 制造描述:"调味让饭菜更可口。"
DESCRIBE.SPICEPACK	烹饪科学的突破！	3792	物品名:"厨师袋" 制造描述:"使你的食物保持新鲜。"
DESCRIBE.SPICE_GARLIC	威力强大的粉末。	3793	物品名:"蒜粉" 制造描述:"用口臭防守是最好的进攻。"
DESCRIBE.SPICE_SUGAR	甜！真甜！	3794	物品名:"蜂蜜水晶" 制造描述:"令人心平气和的甜美。"
DESCRIBE.SPICE_CHILI	一壶液体火焰。	3795	物品名:"辣椒面" 制造描述:"刺激十足的粉末。"
DESCRIBE.SPICE_SALT	适量的钠对心脏有好处。	3796	物品名:"调味盐" 制造描述:"为你的饭菜加点咸味。"
DESCRIBE.MONSTERTARTARE	这儿一定还有别的什么能吃的。	3797	物品名:"怪物鞑靼"
DESCRIBE.FRESHFRUITCREPES	甜水果！营养均衡的早餐的一部分。	3798	物品名:"鲜果可丽饼"
DESCRIBE.FROGFISHBOWL	这是鱼里面塞了只青蛙吗？	3799	物品名:"蓝带鱼排"
DESCRIBE.POTATOTORNADO	土豆，科学的融合了龙卷风的力量！	3800	物品名:"花式回旋块茎"
DESCRIBE.DRAGONCHILISALAD	希望能承受住辛辣的程度。	3801	物品名:"辣龙椒沙拉"
DESCRIBE.GLOWBERRYMOUSSE	沃利烧的一手好菜。	3802	物品名:"发光浆果慕斯"
DESCRIBE.VOLTGOATJELLY	惊人的美味。	3803	物品名:"伏特羊肉冻"
DESCRIBE.NIGHTMAREPIE	有点吓人啊。	3804	物品名:"恐怖国王饼"
DESCRIBE.BONESOUP	沃利骨子里是名好厨师。	3805	物品名:"骨头汤"
DESCRIBE.MASHEDPOTATOES	我听说做饭基本上就是化学。我应该试试。	3806	物品名:"奶油土豆泥"
DESCRIBE.POTATOSOUFFLE	我都忘记了可口的饭菜是什么味道！	3807	物品名:"蓬松土豆蛋奶酥"
DESCRIBE.MOQUECA	他把横溢的才华用在了烹饪，我用在了科学。	3808	物品名:"海鲜杂烩"
DESCRIBE.GAZPACHO	不科学啊，怎么这么好吃？	3809	物品名:"芦笋冷汤"
DESCRIBE.ASPARAGUSSOUP	闻起来很好吃。	3810	物品名:"芦笋汤"
DESCRIBE.VEGSTINGER	你能把芹菜当吸管用吗？	3811	物品名:"蔬菜鸡尾酒"
DESCRIBE.BANANAPOP	不，别冻大脑！我需要它来做科学研究！	3812	物品名:"香蕉冻"
DESCRIBE.CEVICHE	能弄一只大点的碗吗？这只看起来有点小。	3813	物品名:"酸橘汁腌鱼"
DESCRIBE.SALSA	真...辣...！	3814	物品名:"生鲜萨尔萨酱"
DESCRIBE.PEPPERPOPPER	这么一大口！	3815	物品名:"爆炒填馅辣椒"
DESCRIBE.TURNIP	是个生萝卜。	3816	物品名:"大萝卜"
DESCRIBE.TURNIP_COOKED	做饭就是将科学付诸实践。	3817	物品名:"烤大萝卜"
DESCRIBE.TURNIP_SEEDS	一把古怪的种子。	3818	物品名:"圆形种子"
DESCRIBE.GARLIC	第一口气清新剂。	3819	物品名:"大蒜"
DESCRIBE.GARLIC_COOKED	完美的焦黄。	3820	物品名:"烤大蒜"
DESCRIBE.GARLIC_SEEDS	一把古怪的种子。	3821	物品名:"种子荚"
DESCRIBE.ONION	看起来很脆。	3822	物品名:"洋葱"
DESCRIBE.ONION_COOKED	一次成功的化学反应。	3823	物品名:"烤洋葱"
DESCRIBE.ONION_SEEDS	一把古怪的种子。	3824	物品名:"尖形种子"
DESCRIBE.POTATO	埋在地下的苹果。	3825	物品名:"土豆"
DESCRIBE.POTATO_COOKED	一次成功的温度实验。	3826	物品名:"烤土豆"
DESCRIBE.POTATO_SEEDS	一把古怪的种子。	3827	物品名:"毛茸茸的种子"
DESCRIBE.TOMATO	红色的，满满都是科学。	3828	物品名:"番茄"
DESCRIBE.TOMATO_COOKED	懂化学的话做饭就非常简单了。	3829	物品名:"烤番茄"
DESCRIBE.TOMATO_SEEDS	一把古怪的种子。	3830	物品名:"带刺的种子"
DESCRIBE.ASPARAGUS	一种蔬菜。	3831	物品名:"芦笋"
DESCRIBE.ASPARAGUS_COOKED	科学说这对我有好处。	3832	物品名:"烤芦笋"
DESCRIBE.ASPARAGUS_SEEDS	就是些种子。	3833	物品名:"筒状种子"
DESCRIBE.PEPPER	好一个火辣辣的辣椒。	3834	物品名:"辣椒"
DESCRIBE.PEPPER_COOKED	本来就是辣的。	3835	物品名:"烤辣椒"
DESCRIBE.PEPPER_SEEDS	一把种子。	3836	物品名:"块状种子"
DESCRIBE.WEREITEM_BEAVER	我猜科学在北方有不同的奏效方法。	3837	物品名:"俗气海狸像" 制造描述:"唤醒海狸人的诅咒"
DESCRIBE.WEREITEM_GOOSE	它让我浑身起鸡皮疙瘩。	3838	物品名:"俗气鹅像" 制造描述:"唤醒鹅人的诅咒"
DESCRIBE.WEREITEM_MOOSE	一头再正常不过的受诅咒的鹿。	3839	物品名:"俗气鹿像" 制造描述:"唤醒鹿人的诅咒"
DESCRIBE.MERMHAT	我终于能在公开场合以真面目示人了。	3840	物品名:"聪明的伪装" 制造描述:"鱼人化你的朋友。"
DESCRIBE.MERMTHRONE.GENERIC	配得上沼泽之王的地位！	3843	物品名:"皇家地毯"->默认
DESCRIBE.MERMTHRONE.BURNT	本来那王座就一股鱼腥味。	3844	物品名:"皇家地毯"->烧焦的
DESCRIBE.MOSQUITOMUSK	那些吸血鬼休想碰我！	3846	物品名:"小痒痒" 制造描述:"带上你的小伙伴，混入吸血虫群中。"
DESCRIBE.MOSQUITOBOMB	我手痒想把它扔出去。	3847	物品名:"蚊子炸弹" 制造描述:"让每个人都知道“嗡嗡”代表着什么。"
DESCRIBE.MOSQUITOFERTILIZER	植物居然喜欢它。	3848	物品名:"嗡嗡肥料" 制造描述:"采用全天然配方。"
DESCRIBE.MOSQUITOMERMSALVE	这是鱼人之间最潮的东西。	3849	物品名:"蚊血注射液" 制造描述:"为缺铁的鱼人补血，让他们重获新生。"
DESCRIBE.MERMTHRONE_CONSTRUCTION.GENERIC	她究竟在盘算什么？	3852	物品名:"皇家手工套装"->默认 制造描述:"建立一个新的鱼人王朝。"
DESCRIBE.MERMTHRONE_CONSTRUCTION.BURNT	永远都不会这道它原来是什么了。	3853	物品名:"皇家手工套装"->烧焦的 制造描述:"建立一个新的鱼人王朝。"
DESCRIBE.MERMHOUSE_CRAFTED.GENERIC	样子还挺可爱的。	3857	物品名:"鱼人工艺屋"->默认 制造描述:"适合鱼人的家。"
DESCRIBE.MERMHOUSE_CRAFTED.BURNT	啊，刺鼻的味道！	3858	物品名:"鱼人工艺屋"->烧焦的 制造描述:"适合鱼人的家。"
DESCRIBE.MERMWATCHTOWER_REGULAR	他们找到了国王后高兴了起来。	3860	物品名:未找到
DESCRIBE.MERMWATCHTOWER_NOKING	皇帝守卫没有皇帝可以守卫。	3861	物品名:未找到
DESCRIBE.MERMKING	国王陛下！	3862	物品名:"鱼人之王"
DESCRIBE.MERMGUARD	在他们周围感觉受到了护卫……	3863	物品名:"忠诚鱼人守卫"
DESCRIBE.MERM_PRINCE	他们遵循先到先得的规矩。	3864	物品名:"皇室练习生"
DESCRIBE.SQUID	我有预感会派上用场。	3865	物品名:"鱿鱼"
DESCRIBE.GHOSTFLOWER	我科学的大脑拒绝相信这一切。	3866	物品名:"哀悼荣耀"
DESCRIBE.SMALLGHOST	嗷，你是不是个小可爱啊？	3867	物品名:"小惊吓"
DESCRIBE.CRABKING.GENERIC	咦！蟹蟹您啊。	3870	物品名:"帝王蟹"->默认
DESCRIBE.CRABKING.INERT	那座城堡需要装修一下。	3871	物品名:"帝王蟹"
DESCRIBE.CRABKING_CLAW	警惕蟹爪！	3873	物品名:"巨钳"
DESCRIBE.MESSAGEBOTTLE	不知道是不是送给我的！	3874	物品名:"瓶中信"
DESCRIBE.MESSAGEBOTTLEEMPTY	空无一物。	3875	物品名:"空瓶子" 制造描述:"不是只有隐士会做！"
DESCRIBE.MEATRACK_HERMIT.DONE	肉干可以吃了！	3878	物品名:"晾肉架"->完成了
DESCRIBE.MEATRACK_HERMIT.DRYING	肉风干需要一些时间。	3879	物品名:"晾肉架"->正在风干
DESCRIBE.MEATRACK_HERMIT.DRYINGINRAIN	雨天晾干肉需要更长时间。	3880	物品名:"晾肉架"->雨天风干
DESCRIBE.MEATRACK_HERMIT.GENERIC	肉晾在这里应该错不了。	3881	物品名:"晾肉架"->默认
DESCRIBE.MEATRACK_HERMIT.BURNT	晾肉架烧掉了。	3882	物品名:"晾肉架"->烧焦的
DESCRIBE.MEATRACK_HERMIT.DONE_NOTMEAT	实验术语里，我们管它叫“干燥”。	3883	物品名:"晾肉架"
DESCRIBE.MEATRACK_HERMIT.DRYING_NOTMEAT	风干可算不上科学。	3884	物品名:"晾肉架"
DESCRIBE.MEATRACK_HERMIT.DRYINGINRAIN_NOTMEAT	雨啊，快走开。想下，改天来。	3885	物品名:"晾肉架"
DESCRIBE.BEEBOX_HERMIT.READY	它里面装满了蜂蜜。	3889	物品名:"蜂箱"->准备好的 满的
DESCRIBE.BEEBOX_HERMIT.FULLHONEY	它里面装满了蜂蜜。	3890	物品名:"蜂箱"->蜂蜜满了
DESCRIBE.BEEBOX_HERMIT.GENERIC	不知道里面有没有些许甜蜜。	3891	物品名:"蜂箱"->默认
DESCRIBE.BEEBOX_HERMIT.NOHONEY	它是空的。	3892	物品名:"蜂箱"->没有蜂蜜
DESCRIBE.BEEBOX_HERMIT.SOMEHONEY	需要等一会。	3893	物品名:"蜂箱"->有一些蜂蜜
DESCRIBE.BEEBOX_HERMIT.BURNT	怎么被烧掉的？！！	3894	物品名:"蜂箱"->烧焦的
DESCRIBE.HERMITCRAB	一个人住多少会寂寞吧。	3896	物品名:"寄居蟹隐士"
DESCRIBE.HERMIT_PEARL	我会照顾好它。	3897	物品名:"珍珠的珍珠"
DESCRIBE.HERMIT_CRACKED_PEARL	我……没有照顾好它。	3898	物品名:"开裂珍珠"
DESCRIBE.WATERPLANT	只要我们不拿它们的藤壶，它们就会跟我们做朋友。	3899	物品名:"海草"
DESCRIBE.WATERPLANT_BOMB	是种子啊！	3900	物品名:"种壳"
DESCRIBE.WATERPLANT_BABY	还在萌芽阶段。	3901	物品名:"海芽"
DESCRIBE.WATERPLANT_PLANTER	它们在大海中的岩石上长的最好。	3902	物品名:"海芽插穗"
DESCRIBE.SHARK	我们可能需要一艘更大的船……	3903	物品名:"岩石大白鲨"
DESCRIBE.MASTUPGRADE_LAMP_ITEM	我有的都是闪闪发光的好主意。	3904	物品名:"甲板照明灯" 制造描述:"桅杆照明附件。"
DESCRIBE.MASTUPGRADE_LIGHTNINGROD_ITEM	我已经驾驭了陆上和海上的电力！	3905	物品名:"避雷导线" 制造描述:"为你的桅杆带来过电般的刺激。"
DESCRIBE.WATERPUMP	可以非常有效的灭火。	3906	物品名:"消防泵" 制造描述:"水水水，到处都是水！"
DESCRIBE.BARNACLE	看着不像是指关节。	3907	物品名:"藤壶"
DESCRIBE.BARNACLE_COOKED	我听说这是一道珍馐美味。	3908	物品名:"熟藤壶"
DESCRIBE.BARNACLEPITA	你看不见它们是藤壶的时候，它们的味道会更好。	3909	物品名:"藤壶皮塔饼"
DESCRIBE.BARNACLESUSHI	我的筷子好像还是放错了地方。	3910	物品名:"藤壶握寿司"
DESCRIBE.BARNACLINGUINE	把面递过来！	3911	物品名:"藤壶中细面"
DESCRIBE.BARNACLESTUFFEDFISHHEAD	我真是饿得够呛，居然连它都会考虑……	3912	物品名:"酿鱼头"
DESCRIBE.LEAFLOAF	神秘叶子肉。	3913	物品名:"叶肉糕"
DESCRIBE.LEAFYMEATBURGER	虽然是素食，但也挺残忍的。	3914	物品名:"素食堡"
DESCRIBE.LEAFYMEATSOUFFLE	这科技是不是有点走偏了？	3915	物品名:"果冻沙拉"
DESCRIBE.MEATYSALAD	屈屈一份沙拉，居然这么顶饱。	3916	物品名:"牛肉绿叶菜"
DESCRIBE.MOLEBAT	一只标准的小吸血鬼。	3917	物品名:"裸鼹蝠"
DESCRIBE.MOLEBATHILL	不知道那个老鼠窝里藏了什么。	3918	物品名:"裸鼹蝠丘"
DESCRIBE.BATNOSE	有人知道这是谁的鼻子吗？	3919	物品名:"裸露鼻孔"
DESCRIBE.BATNOSE_COOKED	出来的时候，闻到的是鼻子的味道。	3920	物品名:"炭烤鼻孔"
DESCRIBE.BATNOSEHAT	有了它喝奶都不用动手了。	3921	物品名:"牛奶帽"
DESCRIBE.MUSHGNOME	它也许会周期性的发起攻击。	3922	物品名:"蘑菇地精"
DESCRIBE.SPORE_MOON	我要尽量离这些孢子远一点。	3923	物品名:"月亮孢子"
DESCRIBE.MOON_CAP	看起来不怎么好吃。	3924	物品名:"月亮蘑菇"
DESCRIBE.MOON_CAP_COOKED	我为了科学也是豁出去了……	3925	物品名:"熟月亮蘑菇"
DESCRIBE.MUSHTREE_MOON	这颗蘑菇树明显跟其他的有异。	3926	物品名:"月亮蘑菇树"
DESCRIBE.LIGHTFLIER	真是奇怪，装在我的口袋里居然还能发光！	3927	物品名:"球状光虫"
DESCRIBE.GROTTO_POOL_BIG	来自月亮的水让玻璃增长了。这就是科学。	3928	物品名:"玻璃绿洲"
DESCRIBE.GROTTO_POOL_SMALL	来自月亮的水让玻璃增长了。这就是科学。	3929	物品名:"小玻璃绿洲"
DESCRIBE.DUSTMOTH	真是些整齐的小家伙，不是吗？	3930	物品名:"尘蛾"
DESCRIBE.DUSTMOTHDEN	它们在里面过得很舒服。	3931	物品名:"整洁洞穴"
DESCRIBE.ARCHIVE_LOCKBOX	我怎么把知识取出来呢？	3932	物品名:"蒸馏的知识"
DESCRIBE.ARCHIVE_CENTIPEDE	你休想阻止我进步！	3933	物品名:"远古哨兵蜈蚣"
DESCRIBE.ARCHIVE_CENTIPEDE_HUSK	一堆旧零件。	3934	物品名:"哨兵蜈蚣壳"
DESCRIBE.ARCHIVE_COOKPOT.COOKING_LONG	这还需要一点时间。	3937	物品名:"远古窑"->饭还需要很久
DESCRIBE.ARCHIVE_COOKPOT.COOKING_SHORT	就快好了！	3938	物品名:"远古窑"->饭快做好了
DESCRIBE.ARCHIVE_COOKPOT.DONE	嗯！可以吃了！	3939	物品名:"远古窑"->完成了
DESCRIBE.ARCHIVE_COOKPOT.EMPTY	把上面的灰尘先抖干净，怎么样？	3940	物品名:"远古窑"
DESCRIBE.ARCHIVE_COOKPOT.BURNT	锅给烧没了。	3941	物品名:"远古窑"->烧焦的
DESCRIBE.ARCHIVE_MOON_STATUE	这些宏伟的月亮雕像让我充满了诗意。	3943	物品名:"远古月亮雕像"
DESCRIBE.ARCHIVE_RUNE_STATUE.LINE_1	如此多的知识，我要是能看懂就好了！	3946	物品名:"远古月符石"->第一行
DESCRIBE.ARCHIVE_RUNE_STATUE.LINE_2	这些标记看起来与其他废墟中的标记不同。	3947	物品名:"远古月符石"->第二行
DESCRIBE.ARCHIVE_RUNE_STATUE.LINE_3	如此多的知识，我要是能看懂就好了！	3948	物品名:"远古月符石"->第三行
DESCRIBE.ARCHIVE_RUNE_STATUE.LINE_4	这些标记看起来与其他废墟中的标记不同。	3949	物品名:"远古月符石"->第四行
DESCRIBE.ARCHIVE_RUNE_STATUE.LINE_5	如此多的知识，我要是能看懂就好了！	3950	物品名:"远古月符石"->第五行
DESCRIBE.VAULT_RUNE	我看不懂那个。	3952	物品名:"圣殿月符石"
DESCRIBE.VAULT_STATUE.LORE1	他的尾声是黑暗的……	3955	物品名:"圣殿雕像"
DESCRIBE.VAULT_STATUE.LORE2	它蠢蠢欲动的样子真让我发毛。	3956	物品名:"圣殿雕像"
DESCRIBE.VAULT_STATUE.LORE3	好一个尖锐的表达。	3957	物品名:"圣殿雕像"
DESCRIBE.ARCHIVE_RESONATOR.GENERIC	能用一个超级负责的机器，谁还要用地图？	3961	物品名:"星象探测仪"->默认
DESCRIBE.ARCHIVE_RESONATOR.IDLE	它似乎找到了值得被找到的东西。	3962	物品名:"星象探测仪"
DESCRIBE.ARCHIVE_RESONATOR_ITEM	啊哈！我运用秘密知识建造了一个设备！为什么这种感觉似曾相识呢……	3964	物品名:"星象探测仪" 制造描述:"它会出土什么秘密呢？"
DESCRIBE.ARCHIVE_LOCKBOX_DISPENCER.POWEROFF	要是有办法让它重新运作就好了……	3967	物品名:"知识饮水机"
DESCRIBE.ARCHIVE_LOCKBOX_DISPENCER.GENERIC	我有一种强烈的冲动，想站在它的周围侃侃而谈。	3968	物品名:"知识饮水机"->默认
DESCRIBE.ARCHIVE_SECURITY_DESK.POWEROFF	它已经失去了从前的作用。	3972	物品名:"远古哨所"
DESCRIBE.ARCHIVE_SECURITY_DESK.GENERIC	它想亲近我。	3973	物品名:"远古哨所"->默认
DESCRIBE.ARCHIVE_SECURITY_PULSE	你这是要上哪去？是个有意思的地方吗？	3975	物品名:未找到
DESCRIBE.ARCHIVE_SWITCH.VALID	它看起来是由这些宝石供能……十分科学，我敢肯定。	3978	物品名:"华丽基座"->有效
DESCRIBE.ARCHIVE_SWITCH.GEMS	这个插槽是空的。	3979	物品名:"华丽基座"->需要宝石
DESCRIBE.ARCHIVE_PORTAL.POWEROFF	一点反应都没。	3983	物品名:"封印的传送门"
DESCRIBE.ARCHIVE_PORTAL.GENERIC	奇怪，电源是开着的，但它却没反应。	3984	物品名:"封印的传送门"->默认
DESCRIBE.WALL_STONE_2	不错的墙。	3986	物品名:"档案馆石墙"
DESCRIBE.WALL_RUINS_2	一段古老的墙。	3987	物品名:"档案馆铥墙"
DESCRIBE.REFINED_DUST	啊——嚏！	3988	物品名:"尘土块" 制造描述:"远古甜品的关键原料。"
DESCRIBE.DUSTMERINGUE	这玩意谁会愿意吃？	3989	物品名:"琥珀美食"
DESCRIBE.SHROOMCAKE	果然名副其实。	3990	物品名:"蘑菇蛋糕"
DESCRIBE.SHROOMBAIT	如梦似幻的味道。	3991	物品名:"酿夜帽"
DESCRIBE.NIGHTMAREGROWTH	这些晶体值得引起我们的警惕。	3992	物品名:"梦魇城墙"
DESCRIBE.TURFCRAFTINGSTATION	真正的科学家永远都在开拓新天地！	3993	物品名:"土地夯实器" 制造描述:"一点点的改变世界。"
DESCRIBE.MOON_ALTAR_LINK	似乎在酝酿什么。	3994	物品名:"神秘能量"
DESCRIBE.COMPOSTINGBIN.GENERIC	我真是有点受不了这个味道。	3997	物品名:"堆肥桶"->默认 制造描述:"能让土壤变得臭烘烘和肥沃。"
DESCRIBE.COMPOSTINGBIN.WET	看起来太湿了。	3998	物品名:"堆肥桶" 制造描述:"能让土壤变得臭烘烘和肥沃。"
DESCRIBE.COMPOSTINGBIN.DRY	嗯……太干了。	3999	物品名:"堆肥桶" 制造描述:"能让土壤变得臭烘烘和肥沃。"
DESCRIBE.COMPOSTINGBIN.BALANCED	恰到好处！	4000	物品名:"堆肥桶" 制造描述:"能让土壤变得臭烘烘和肥沃。"
DESCRIBE.COMPOSTINGBIN.BURNT	我真没想到它还能发出更糟糕的味道……	4001	物品名:"堆肥桶"->烧焦的 制造描述:"能让土壤变得臭烘烘和肥沃。"
DESCRIBE.COMPOST	植物的食物，派不上别的用场。	4003	物品名:"堆肥"
DESCRIBE.SOIL_AMENDER.GENERIC	现在我们就等着科学来做它的工作。	4006	物品名:"催长剂起子"->默认 制造描述:"海里来的瓶装养分。"
DESCRIBE.SOIL_AMENDER.STALE	它在制造我们科学家所说的化学反应!	4007	物品名:"催长剂起子"->过期了 制造描述:"海里来的瓶装养分。"
DESCRIBE.SOIL_AMENDER.SPOILED	那股令人作呕的味道说明它起作用了!	4008	物品名:"催长剂起子"->腐烂了 制造描述:"海里来的瓶装养分。"
DESCRIBE.SOIL_AMENDER_FERMENTED	这可是很强的科学！	4010	物品名:"超级催长剂"
DESCRIBE.WATERINGCAN.GENERIC	我可以用这个给植物浇水。	4013	物品名:"空浇水壶"->默认 制造描述:"让植物保持快乐和水分。"
DESCRIBE.WATERINGCAN.EMPTY	也许这附近有个池塘...	4014	物品名:"空浇水壶" 制造描述:"让植物保持快乐和水分。"
DESCRIBE.PREMIUMWATERINGCAN.GENERIC	它是经过科学……和鸟类部位改良的！	4018	物品名:"空鸟嘴壶"->默认 制造描述:"灌溉方面的创新!"
DESCRIBE.PREMIUMWATERINGCAN.EMPTY	没有水就没用了。	4019	物品名:"空鸟嘴壶" 制造描述:"灌溉方面的创新!"
DESCRIBE.FARM_PLOW	方便的地块设备。	4021	物品名:"耕地机"
DESCRIBE.FARM_PLOW_ITEM	我得先找个好的种地的园子才能使用它。	4022	物品名:"耕地机" 制造描述:"为你的植物犁一块地。"
DESCRIBE.FARM_HOE	我得把地弄的让种子更舒服一些。	4023	物品名:"园艺锄" 制造描述:"翻耕，为撒播农作物做准备。"
DESCRIBE.GOLDEN_FARM_HOE	我真的需要这么花哨的东西来搬土吗？	4024	物品名:"黄金园艺锄" 制造描述:"优雅地耕地。"
DESCRIBE.NUTRIENTSGOGGLESHAT	它将帮助我看到所有藏在泥土里的科学。	4025	物品名:"高级耕作先驱帽" 制造描述:"让你看到一个成功的花园。"
DESCRIBE.PLANTREGISTRYHAT	要了解植物，就必须戴上植物。	4026	物品名:"耕作先驱帽" 制造描述:"让你的园艺专业知识得到增长。"
DESCRIBE.FARM_SOIL_DEBRIS	它把我的园子弄得一团糟。	4027	物品名:"农田杂物"
DESCRIBE.FIRENETTLES	如果你受不了热，就不要在花园里呆着。	4028	物品名:"火荨麻叶"
DESCRIBE.FORGETMELOTS	嗯，我不记得我想说什么了。	4029	物品名:"必忘我"
DESCRIBE.SWEETTEA	一杯好茶，让我忘记所有的问题。	4030	物品名:"舒缓茶"
DESCRIBE.TILLWEED	你给我滚出我的园子！	4031	物品名:"犁地草"
DESCRIBE.TILLWEEDSALVE	我的救赎。	4032	物品名:"犁地草膏" 制造描述:"慢慢去处病痛。"
DESCRIBE.WEED_IVY	嘿，你不是蔬菜！	4033	物品名:"刺针旋花"
DESCRIBE.IVY_SNARE	真是没礼貌。	4034	物品名:"缠绕根须"
DESCRIBE.TROPHYSCALE_OVERSIZEDVEGGIES.GENERIC	我可以科学地测算出收获的薄厚。	4037	物品名:"农产品秤"->默认 制造描述:"称量你珍贵的水果和蔬菜。"
DESCRIBE.TROPHYSCALE_OVERSIZEDVEGGIES.HAS_ITEM	重量: {weight}\n收获日: {day}\n不赖。	4038	物品名:"农产品秤" 制造描述:"称量你珍贵的水果和蔬菜。"
DESCRIBE.TROPHYSCALE_OVERSIZEDVEGGIES.HAS_ITEM_HEAVY	重量: {weight}\n收获日: {day}\n谁能想到会长这么大？	4039	物品名:"农产品秤" 制造描述:"称量你珍贵的水果和蔬菜。"
DESCRIBE.TROPHYSCALE_OVERSIZEDVEGGIES.HAS_ITEM_LIGHT	它太一般了，秤都懒得告诉我它的重量。	4040	物品名:"农产品秤" 制造描述:"称量你珍贵的水果和蔬菜。"
DESCRIBE.TROPHYSCALE_OVERSIZEDVEGGIES.BURNING	这是烧什么菜啊？	4041	物品名:"农产品秤"->正在燃烧 制造描述:"称量你珍贵的水果和蔬菜。"
DESCRIBE.TROPHYSCALE_OVERSIZEDVEGGIES.BURNT	我想这不是最好的烹饪方式。	4042	物品名:"农产品秤"->烧焦的 制造描述:"称量你珍贵的水果和蔬菜。"
DESCRIBE.CARROT_OVERSIZED	一大堆的胡萝卜!	4044	物品名:"巨型胡萝卜"
DESCRIBE.CORN_OVERSIZED	好大的玉米棒！	4045	物品名:"巨型玉米"
DESCRIBE.PUMPKIN_OVERSIZED	好膨胀的南瓜啊。	4046	物品名:"巨型南瓜"
DESCRIBE.EGGPLANT_OVERSIZED	真想不通它为什么叫茄子。	4047	物品名:"巨型茄子"
DESCRIBE.DURIAN_OVERSIZED	我很确定它臭味更大。	4048	物品名:"巨型榴莲"
DESCRIBE.POMEGRANATE_OVERSIZED	这可能是我见过的最大的石榴。	4049	物品名:"巨型石榴"
DESCRIBE.DRAGONFRUIT_OVERSIZED	我还有点期待它会长出翅膀呢。	4050	物品名:"巨型火龙果"
DESCRIBE.WATERMELON_OVERSIZED	又大又多汁的西瓜。	4051	物品名:"巨型西瓜"
DESCRIBE.TOMATO_OVERSIZED	一颗比例惊人的西红柿。	4052	物品名:"巨型番茄"
DESCRIBE.POTATO_OVERSIZED	这土豆真大。	4053	物品名:"巨型土豆"
DESCRIBE.ASPARAGUS_OVERSIZED	我想我们会吃一段时间的芦笋了……	4054	物品名:"巨型芦笋"
DESCRIBE.ONION_OVERSIZED	它们这么快就长这么大了！不禁让我的眼眶都湿了。	4055	物品名:"巨型洋葱"
DESCRIBE.GARLIC_OVERSIZED	巨大的大蒜！	4056	物品名:"巨型大蒜"
DESCRIBE.PEPPER_OVERSIZED	一种大小相当不寻常的辣椒。	4057	物品名:"巨型辣椒"
DESCRIBE.VEGGIE_OVERSIZED_ROTTEN	腐烂的霉运。	4058	物品名:未找到
DESCRIBE.FARM_PLANT.GENERIC	那是一株植物！	4061	物品名:未找到
DESCRIBE.FARM_PLANT.SEED	现在等着就好了。	4062	物品名:未找到
DESCRIBE.FARM_PLANT.GROWING	生长吧，我美丽的造物，生长吧！	4063	物品名:未找到
DESCRIBE.FARM_PLANT.FULL	是时候收获科学的成果了。	4064	物品名:未找到
DESCRIBE.FARM_PLANT.ROTTEN	可惜啊！要是在成熟的时候收割就好了!	4065	物品名:未找到
DESCRIBE.FARM_PLANT.FULL_OVERSIZED	我用科学的力量生产出了巨型农作物!	4066	物品名:未找到
DESCRIBE.FARM_PLANT.ROTTEN_OVERSIZED	腐烂的霉运。	4067	物品名:未找到
DESCRIBE.FARM_PLANT.FULL_WEED	我早就想到了有天我会把这个冒牌货斩草除根！	4068	物品名:未找到
DESCRIBE.FARM_PLANT.BURNING	这对植物来说不是好事……	4069	物品名:未找到
DESCRIBE.FRUITFLY	到别的地方嗡嗡去！	4071	物品名:"果蝇"
DESCRIBE.LORDFRUITFLY	嘿，别再打扰植物了！	4072	物品名:"果蝇王"
DESCRIBE.FRIENDLYFRUITFLY	有它在，花园似乎更开心了。	4073	物品名:"友好果蝇"
DESCRIBE.FRUITFLYFRUIT	现在我是老大了！	4074	物品名:"友好果蝇果"
DESCRIBE.SEEDPOUCH	我早就不想把种子装在口袋里了。	4075	物品名:"种子袋" 制造描述:"妥善保管好种子。"
DESCRIBE.CARNIVAL_HOST	是个怪人。	4076	物品名:"良羽鸦"
DESCRIBE.CARNIVAL_CROWKID	日安，小鸟人。	4077	物品名:"小乌鸦"
DESCRIBE.CARNIVAL_GAMETOKEN	一枚闪亮的代币。	4078	物品名:"鸦年华代币" 制造描述:"购买代币，玩游戏，赢取奖品！"
DESCRIBE.CARNIVAL_PRIZETICKET.GENERIC	就是那张奖票！	4081	物品名:"奖票"->默认
DESCRIBE.CARNIVAL_PRIZETICKET.GENERIC_SMALLSTACK	就是那些奖票！	4082	物品名:"奖票"
DESCRIBE.CARNIVAL_PRIZETICKET.GENERIC_LARGESTACK	好多的奖票啊！	4083	物品名:"奖票"
DESCRIBE.CARNIVALGAME_FEEDCHICKS_NEST	这是一扇小活门。	4085	物品名:"饥饿乌鸦"
DESCRIBE.CARNIVALGAME_FEEDCHICKS_STATION.GENERIC	它要我给它一些闪亮的东西才让我玩。	4088	物品名:"鸟鸟吃虫虫"->默认
DESCRIBE.CARNIVALGAME_FEEDCHICKS_STATION.PLAYING	这个看起来有趣喔！	4089	物品名:"鸟鸟吃虫虫"
DESCRIBE.CARNIVALGAME_FEEDCHICKS_KIT	这还真是个快闪嘉年华。	4091	物品名:"鸟鸟吃虫虫套装" 制造描述:"小鸟吃虫！"
DESCRIBE.CARNIVALGAME_FEEDCHICKS_FOOD	我不需要先把它们嚼碎，对吧？	4092	物品名:"蛴螬"
DESCRIBE.CARNIVALGAME_MEMORY_KIT	这还真是个快闪嘉年华。	4093	物品名:"篮中蛋套装" 制造描述:"在你的蛋孵化前数清楚数量。"
DESCRIBE.CARNIVALGAME_MEMORY_STATION.GENERIC	它要我给它一些闪亮的东西才让我玩。	4096	物品名:"篮中蛋"->默认
DESCRIBE.CARNIVALGAME_MEMORY_STATION.PLAYING	不是我吹牛，我是这方面的行家。	4097	物品名:"篮中蛋"
DESCRIBE.CARNIVALGAME_MEMORY_CARD.GENERIC	这是一扇小活门。	4101	物品名:"蛋篮"->默认
DESCRIBE.CARNIVALGAME_MEMORY_CARD.PLAYING	是它吗？	4102	物品名:"蛋篮"
DESCRIBE.CARNIVALGAME_HERDING_KIT	这还真是个快闪嘉年华。	4104	物品名:"追蛋套装" 制造描述:"追回失控的蛋。"
DESCRIBE.CARNIVALGAME_HERDING_STATION.GENERIC	它要我给它一些闪亮的东西才让我玩。	4107	物品名:"追蛋"->默认
DESCRIBE.CARNIVALGAME_HERDING_STATION.PLAYING	这些鸡蛋看起来想跑。	4108	物品名:"追蛋"
DESCRIBE.CARNIVALGAME_HERDING_CHICK	回来这！	4110	物品名:"追蛋"
DESCRIBE.CARNIVALGAME_SHOOTING_KIT	这还真是个快闪嘉年华。	4111	物品名:"保卫鸟巢套装" 制造描述:"防止害虫进入巢穴。"
DESCRIBE.CARNIVALGAME_SHOOTING_STATION.GENERIC	它要我给它一些闪亮的东西才让我玩。	4114	物品名:"保卫鸟巢"->默认
DESCRIBE.CARNIVALGAME_SHOOTING_STATION.PLAYING	我可以算出弹道，但这涉及到很多复杂的数字和演算。	4115	物品名:"保卫鸟巢"
DESCRIBE.CARNIVALGAME_SHOOTING_TARGET.GENERIC	这是一扇小活门。	4119	物品名:"射击靶"->默认
DESCRIBE.CARNIVALGAME_SHOOTING_TARGET.PLAYING	这个靶子让我心痒痒了。	4120	物品名:"射击靶"
DESCRIBE.CARNIVALGAME_SHOOTING_BUTTON.GENERIC	它要我给它一些闪亮的东西才让我玩。	4124	物品名:"按钮"->默认
DESCRIBE.CARNIVALGAME_SHOOTING_BUTTON.PLAYING	科学迫使我按下那个闪亮的大按钮！	4125	物品名:"按钮"
DESCRIBE.CARNIVALGAME_WHEELSPIN_KIT	这还真是个快闪嘉年华。	4127	物品名:"布谷鸟转盘套装" 制造描述:"旋转然后胜利。"
DESCRIBE.CARNIVALGAME_WHEELSPIN_STATION.GENERIC	它要我给它一些闪亮的东西才让我玩。	4130	物品名:"布谷鸟转盘"->默认
DESCRIBE.CARNIVALGAME_WHEELSPIN_STATION.PLAYING	事实证明，旋转你的车轮能带来生产力。	4131	物品名:"布谷鸟转盘"
DESCRIBE.CARNIVALGAME_PUCKDROP_KIT	这还真是个快闪嘉年华。	4133	物品名:"鸟房落球套装" 制造描述:"把球安全地弹到它的窝里。"
DESCRIBE.CARNIVALGAME_PUCKDROP_STATION.GENERIC	它要我给它一些闪亮的东西才让我玩。	4136	物品名:"鸟房落球"->默认
DESCRIBE.CARNIVALGAME_PUCKDROP_STATION.PLAYING	物理规律并不能时刻复现。	4137	物品名:"鸟房落球"
DESCRIBE.CARNIVAL_PRIZEBOOTH_KIT	真正的奖品是我制作摊位的过程。	4139	物品名:"奖品摊位套装" 制造描述:"看看有什么奖品。"
DESCRIBE.CARNIVAL_PRIZEBOOTH.GENERIC	我已经看到了我想要的奖品。就是那边那个！	4142	物品名:"奖品摊位"->默认
DESCRIBE.CARNIVALCANNON_KIT	我在把东西弄炸方面积累了丰富的经验。	4144	物品名:未找到
DESCRIBE.CARNIVALCANNON.GENERIC	这个实验的目的就是爆炸！	4147	物品名:未找到
DESCRIBE.CARNIVALCANNON.COOLDOWN	太炸了！	4148	物品名:未找到
DESCRIBE.CARNIVAL_PLAZA_KIT	科学已经证明了鸟儿喜欢树。	4150	物品名:"鸦年华树苗" 制造描述:"鸦年华不可或缺的中间物件。"
DESCRIBE.CARNIVAL_PLAZA.GENERIC	现在看没“鸦年华”的样子，对不对？	4153	物品名:"鸦年华树"->默认
DESCRIBE.CARNIVAL_PLAZA.LEVEL_2	一只小鸟告诉我，这里要多放点装饰品。	4154	物品名:"鸦年华树"
DESCRIBE.CARNIVAL_PLAZA.LEVEL_3	这是一棵庆祝之树！	4155	物品名:"鸦年华树"
DESCRIBE.CARNIVALDECOR_EGGRIDE_KIT	希望奖品就只是这些。	4157	物品名:未找到
DESCRIBE.CARNIVALDECOR_EGGRIDE	我可以几个小时一直盯着它看。	4158	物品名:未找到
DESCRIBE.CARNIVALDECOR_LAMP_KIT	光剩下一点工作了。	4159	物品名:"盛夏夜灯套装" 制造描述:"夏夜的梦幻之光。"
DESCRIBE.CARNIVALDECOR_LAMP	它的能量来自于奇思妙想。	4160	物品名:"盛夏夜灯"
DESCRIBE.CARNIVALDECOR_PLANT_KIT	也许这是一棵黄杨？	4161	物品名:"微型树套装" 制造描述:"一小块鸦年华。"
DESCRIBE.CARNIVALDECOR_PLANT	不是它小，就是我大。	4162	物品名:"微型树"
DESCRIBE.CARNIVALDECOR_BANNER_KIT	我必须自己建造它？我早该料到的。	4163	物品名:"光线捕捉器套装" 制造描述:"枝头挂着闪光的小饰品。"
DESCRIBE.CARNIVALDECOR_BANNER	这些闪亮的装饰品已经说明了一切。	4164	物品名:"光线捕捉器"
DESCRIBE.CARNIVALDECOR_FIGURE.RARE	看到没？重复做同样的事情终究会取得成功，这就是证据！	4167	物品名:未找到
DESCRIBE.CARNIVALDECOR_FIGURE.UNCOMMON	这种设计不是很常见。	4168	物品名:未找到
DESCRIBE.CARNIVALDECOR_FIGURE.GENERIC	我怎么弄到这么多的这些东西……	4169	物品名:未找到
DESCRIBE.CARNIVALDECOR_FIGURE_KIT	探索的刺激！	4171	物品名:"绿色神秘盒子" 制造描述:"这个神秘的绿盒子里会有什么呢？"
DESCRIBE.CARNIVALDECOR_FIGURE_KIT_SEASON2	探索的刺激！	4172	物品名:"金色神秘盒子" 制造描述:"这个神秘的金盒子里会有什么呢？"
DESCRIBE.CARNIVAL_BALL	天才般的极简设计。	4173	物品名:"发光红球" 制造描述:"保证你有球必应！"
DESCRIBE.CARNIVAL_SEEDPACKET	我觉得有点饿了。	4174	物品名:"种子包" 制造描述:"鸦年华最爱的香脆小吃。"
DESCRIBE.CARNIVALFOOD_CORNTEA	这种饮料本该这么松脆吗？	4175	物品名:"玉米泥" 制造描述:"出乎意料的清爽！"
DESCRIBE.CARNIVAL_VEST_A	这让我看起来很有冒险精神。	4176	物品名:"叽叽喳喳围巾" 制造描述:"用捡来的树叶做成的异想天开的围巾。"
DESCRIBE.CARNIVAL_VEST_B	就像穿上了自己专属的树荫。	4177	物品名:"叽叽喳喳斗篷" 制造描述:"这东西确实值得称道。"
DESCRIBE.CARNIVAL_VEST_C	希望这里头没虫子……	4178	物品名:"叽叽喳喳小披肩" 制造描述:"鸦年华游客的必备小披肩。"
DESCRIBE.YOTB_SEWINGMACHINE	缝纫能有多难……对吧？	4179	物品名:"缝纫机"
DESCRIBE.YOTB_SEWINGMACHINE_ITEM	看来需要组装一下。	4180	物品名:"缝纫机套装" 制造描述:"做出完美的皮弗娄牛礼服吧。"
DESCRIBE.YOTB_STAGE	奇怪啊，我没见到他登台和离开……	4181	物品名:"裁判席"
DESCRIBE.YOTB_POST	这场比赛将会顺利进行！	4182	物品名:"皮弗娄牛舞台"
DESCRIBE.YOTB_STAGE_ITEM	看起来要搭建一下才行。	4183	物品名:"裁判席" 制造描述:"邀请专家出席。"
DESCRIBE.YOTB_POST_ITEM	我最好先装好它。	4184	物品名:"皮弗娄牛舞台" 制造描述:"让你的皮弗娄牛登上舞台中央。"
DESCRIBE.YOTB_PATTERN_FRAGMENT_1	我打赌把这些拼在一起之后，一定能做出一件皮弗娄牛礼服。	4185	物品名:"恐怖款式碎片" 制造描述:"来一点恐怖的灵感。"
DESCRIBE.YOTB_PATTERN_FRAGMENT_2	我打赌把这些拼在一起之后，一定能做出一件皮弗娄牛礼服。	4186	物品名:"正式款式碎片" 制造描述:"来一点正式的灵感。"
DESCRIBE.YOTB_PATTERN_FRAGMENT_3	我打赌把这些拼在一起之后，一定能做出一件皮弗娄牛礼服。	4187	物品名:"喜庆款式碎片" 制造描述:"来一点喜庆的灵感。"
DESCRIBE.YOTB_BEEFALO_DOLL_WAR.GENERIC	科学的配方使其具有最大的可拥抱性。	4190	物品名:"战士皮弗娄牛玩偶"->默认
DESCRIBE.YOTB_BEEFALO_DOLL_WAR.YOTB	不知道裁判会怎么说？	4191	物品名:"战士皮弗娄牛玩偶"
DESCRIBE.YOTB_BEEFALO_DOLL_DOLL.GENERIC	科学的配方使其具有最大的可拥抱性。	4195	物品名:"娃娃皮弗娄牛玩偶"->默认
DESCRIBE.YOTB_BEEFALO_DOLL_DOLL.YOTB	不知道裁判会怎么说？	4196	物品名:"娃娃皮弗娄牛玩偶"
DESCRIBE.YOTB_BEEFALO_DOLL_FESTIVE.GENERIC	科学的配方使其具有最大的可拥抱性。	4200	物品名:"喜庆皮弗娄牛玩偶"->默认
DESCRIBE.YOTB_BEEFALO_DOLL_FESTIVE.YOTB	不知道裁判会怎么说？	4201	物品名:"喜庆皮弗娄牛玩偶"
DESCRIBE.YOTB_BEEFALO_DOLL_NATURE.GENERIC	科学的配方使其具有最大的可拥抱性。	4205	物品名:"花朵皮弗娄牛玩偶"->默认
DESCRIBE.YOTB_BEEFALO_DOLL_NATURE.YOTB	不知道裁判会怎么说？	4206	物品名:"花朵皮弗娄牛玩偶"
DESCRIBE.YOTB_BEEFALO_DOLL_ROBOT.GENERIC	科学的配方使其具有最大的可拥抱性。	4210	物品名:"铁甲皮弗娄牛玩偶"->默认
DESCRIBE.YOTB_BEEFALO_DOLL_ROBOT.YOTB	不知道裁判会怎么说？	4211	物品名:"铁甲皮弗娄牛玩偶"
DESCRIBE.YOTB_BEEFALO_DOLL_ICE.GENERIC	科学的配方使其具有最大的可拥抱性。	4215	物品名:"寒霜皮弗娄牛玩偶"->默认
DESCRIBE.YOTB_BEEFALO_DOLL_ICE.YOTB	不知道裁判会怎么说？	4216	物品名:"寒霜皮弗娄牛玩偶"
DESCRIBE.YOTB_BEEFALO_DOLL_FORMAL.GENERIC	科学的配方使其具有最大的可拥抱性。	4220	物品名:"正式皮弗娄牛玩偶"->默认
DESCRIBE.YOTB_BEEFALO_DOLL_FORMAL.YOTB	不知道裁判会怎么说？	4221	物品名:"正式皮弗娄牛玩偶"
DESCRIBE.YOTB_BEEFALO_DOLL_VICTORIAN.GENERIC	科学的配方使其具有最大的可拥抱性。	4225	物品名:"维多利亚皮弗娄牛玩偶"->默认
DESCRIBE.YOTB_BEEFALO_DOLL_VICTORIAN.YOTB	不知道裁判会怎么说？	4226	物品名:"维多利亚皮弗娄牛玩偶"
DESCRIBE.YOTB_BEEFALO_DOLL_BEAST.GENERIC	科学的配方使其具有最大的可拥抱性。	4230	物品名:"幸运兽皮弗娄牛玩偶"->默认
DESCRIBE.YOTB_BEEFALO_DOLL_BEAST.YOTB	不知道裁判会怎么说？	4231	物品名:"幸运兽皮弗娄牛玩偶"
DESCRIBE.WAR_BLUEPRINT	多么威猛！	4233	物品名:"战士礼服款式"
DESCRIBE.DOLL_BLUEPRINT	我的皮弗娄牛一定会可爱动人！	4234	物品名:"娃娃礼服款式"
DESCRIBE.FESTIVE_BLUEPRINT	是时候来点节庆活动了！	4235	物品名:"节日盛装款式"
DESCRIBE.ROBOT_BLUEPRINT	对于一个缝纫项目来说，如此大量的焊接工作实在有些可疑。	4236	物品名:"铁甲礼服款式"
DESCRIBE.NATURE_BLUEPRINT	花朵真是百搭。	4237	物品名:"花朵礼服款式"
DESCRIBE.FORMAL_BLUEPRINT	这是A级皮弗娄牛的专属礼服。	4238	物品名:"正式礼服款式"
DESCRIBE.VICTORIAN_BLUEPRINT	我奶奶好像穿过件类似的衣服。	4239	物品名:"维多利亚礼服款式"
DESCRIBE.ICE_BLUEPRINT	我喜欢新鲜的皮弗娄牛，不是冷冻的。	4240	物品名:"寒霜礼服款式"
DESCRIBE.BEAST_BLUEPRINT	我觉得我要走运了！	4241	物品名:"幸运兽礼服款式"
DESCRIBE.BEEF_BELL	它会让皮弗娄牛变得友好。我相信科学对此一定有解释。	4242	物品名:"皮弗娄牛铃" 制造描述:"与皮弗娄牛交朋友。"
DESCRIBE.KITCOONDEN.GENERIC	个头够小才能藏在里面。	4245	物品名:"小浣猫托儿所"->默认
DESCRIBE.KITCOONDEN.BURNT	不！	4246	物品名:"小浣猫托儿所"->烧焦的
DESCRIBE.KITCOONDEN.PLAYING_HIDEANDSEEK	它们去了哪里呢……	4247	物品名:"小浣猫托儿所"
DESCRIBE.KITCOONDEN.PLAYING_HIDEANDSEEK_TIME_ALMOST_UP	剩下的时间不多了！它们在哪？！	4248	物品名:"小浣猫托儿所"
DESCRIBE.KITCOONDEN_KIT	一套都在这了。	4250	物品名:"小浣猫托儿所套装" 制造描述:"各种条纹浣猫的家园。"
DESCRIBE.TICOON.GENERIC	他看起来好像知道自己在做什么！	4253	物品名:"大虎"->默认
DESCRIBE.TICOON.ABANDONED	我一定能靠自己找到它们。	4254	物品名:"大虎"
DESCRIBE.TICOON.SUCCESS	嘿，他找到了一个！	4255	物品名:"大虎"
DESCRIBE.TICOON.LOST_TRACK	有人先发现了它们。	4256	物品名:"大虎"
DESCRIBE.TICOON.NEARBY	看起来附近有东西。	4257	物品名:"大虎"
DESCRIBE.TICOON.TRACKING	我应该紧跟他的步伐。	4258	物品名:"大虎"
DESCRIBE.TICOON.TRACKING_NOT_MINE	他在为别人引路。	4259	物品名:"大虎"
DESCRIBE.TICOON.NOTHING_TO_TRACK	看起来没有什么可找的了。	4260	物品名:"大虎"
DESCRIBE.TICOON.TARGET_TOO_FAR_AWAY	它们可能离得太远，他嗅不到味道。	4261	物品名:"大虎"
DESCRIBE.YOT_CATCOONSHRINE.GENERIC	做什么呢……	4265	物品名:"浣猫神龛"->默认 制造描述:"供奉无踪之浣猫。"
DESCRIBE.YOT_CATCOONSHRINE.EMPTY	也许它想弄根羽毛来玩玩……	4266	物品名:"浣猫神龛" 制造描述:"供奉无踪之浣猫。"
DESCRIBE.YOT_CATCOONSHRINE.BURNT	闻起来像烧焦的毛皮。	4267	物品名:"浣猫神龛"->烧焦的 制造描述:"供奉无踪之浣猫。"
DESCRIBE.KITCOON_FOREST	你就是最可爱的小猫咪！	4269	物品名:"小浣猫"
DESCRIBE.KITCOON_SAVANNA	你就是最可爱的小猫咪！	4270	物品名:"小浣猫"
DESCRIBE.KITCOON_MARSH	我必须多收集点……做研究！	4271	物品名:"小浣猫"
DESCRIBE.KITCOON_DECIDUOUS	你就是最可爱的小猫咪！	4272	物品名:"小浣猫"
DESCRIBE.KITCOON_GRASS	你就是最可爱的小猫咪！	4273	物品名:"小浣猫"
DESCRIBE.KITCOON_ROCKY	我必须多收集点……做研究！	4274	物品名:"小浣猫"
DESCRIBE.KITCOON_DESERT	我必须多收集点……做研究！	4275	物品名:"小浣猫"
DESCRIBE.KITCOON_MOON	我必须多收集点……做研究！	4276	物品名:"小浣猫"
DESCRIBE.KITCOON_YOT	我必须多收集点……做研究！	4277	物品名:"小浣猫"
DESCRIBE.ALTERGUARDIAN_PHASE1.GENERIC	你会为破坏科学付出代价！	4280	物品名:"天体英雄"->默认
DESCRIBE.ALTERGUARDIAN_PHASE1.DEAD	有了！	4281	物品名:"天体英雄"->死了
DESCRIBE.ALTERGUARDIAN_PHASE2.GENERIC	我想我激怒它了……	4285	物品名:"天体英雄"->默认
DESCRIBE.ALTERGUARDIAN_PHASE2.DEAD	这回我很确定我收拾了它。	4286	物品名:"天体英雄"->死了
DESCRIBE.ALTERGUARDIAN_PHASE2SPIKE	你已经表明了你的观点！	4288	物品名:"月光玻璃尖刺"
DESCRIBE.ALTERGUARDIAN_PHASE3	它现在一定生气了！	4289	物品名:"天体英雄"
DESCRIBE.ALTERGUARDIAN_PHASE3TRAP	经过不懈测试，我可以确认它们让我想打盹。	4290	物品名:"启迪陷阱"
DESCRIBE.ALTERGUARDIAN_PHASE3DEADORB	它死了吗？那股神秘的力量好像还在它附近游荡。	4291	物品名:"天体英雄"
DESCRIBE.ALTERGUARDIAN_PHASE3DEAD	应该找个人过去戳一下……这样才能确定。	4292	物品名:"被击败的天体英雄"
DESCRIBE.ALTERGUARDIANHAT	它让我看到了无限可能……	4293	物品名:"启迪之冠"
DESCRIBE.ALTERGUARDIANHATSHARD	连部件都如此光彩夺目！	4294	物品名:"启迪碎片"
DESCRIBE.MOONSTORM_GLASS.GENERIC	呈现玻璃状。	4297	物品名:"充能玻璃石"->默认
DESCRIBE.MOONSTORM_GLASS.INFUSED	它焕发着地外能量。	4298	物品名:"充能玻璃石"
DESCRIBE.MOONSTORM_STATIC	全新的发现，像过电一样刺激！	4300	物品名:"能量静电"
DESCRIBE.MOONSTORM_STATIC_ITEM	它让我的头发产生疯狂的变化。	4301	物品名:"约束静电"
DESCRIBE.MOONSTORM_STATIC_ROAMER	它好像在传输过程中迷路了。	4302	物品名:"未约束的静电"
DESCRIBE.MOONSTORM_SPARK	姑且叫它“希格斯伯里粒子。”	4303	物品名:"月熠"
DESCRIBE.BIRD_MUTANT	我觉得那个以前应该是只乌鸦。	4304	物品名:"月盲乌鸦"
DESCRIBE.BIRD_MUTANT_SPITTER	我不喜欢它盯着我的眼神……	4305	物品名:"奇形鸟"
DESCRIBE.WAGSTAFF_NPC	作为科学界的同行，我有义务帮他！	4306	物品名:"颗粒状传输"
DESCRIBE.WAGSTAFF_NPC_MUTATIONS	科学从不休息！	4307	物品名:"颗粒状传输"
DESCRIBE.WAGSTAFF_NPC_WAGPUNK	他到底上哪去了……	4308	物品名:"颗粒状传输"
DESCRIBE.ALTERGUARDIAN_CONTAINED	它正在耗尽那个怪物的能量！	4309	物品名:"月亮精华提取器"
DESCRIBE.WAGSTAFF_TOOL_1	那正是我苦苦寻找的工具！	4310	物品名:"网状缓冲器"
DESCRIBE.WAGSTAFF_TOOL_2	我当然知道是怎么回事！只是，诶……解释起来太复杂。	4311	物品名:"装置除垢器"
DESCRIBE.WAGSTAFF_TOOL_3	这明显是一个十分科学的工具！	4312	物品名:"垫圈开槽器"
DESCRIBE.WAGSTAFF_TOOL_4	我的科学本能告诉我，这就是我一直在寻找的工具！	4313	物品名:"概念刷洗器"
DESCRIBE.WAGSTAFF_TOOL_5	我知道它能做什么！科学！	4314	物品名:"校准观察机"
DESCRIBE.MOONSTORM_GOGGLESHAT	对啊！结合月亮与土豆能量，我为什么没有早点想到呢？	4315	物品名:"星象护目镜" 制造描述:"利用土豆之眼来看清风暴。"
DESCRIBE.MOON_DEVICE.GENERIC	它捕捉到能量了！当然，我一早就知道会这样。	4318	物品名:"月亮虹吸器"->默认
DESCRIBE.MOON_DEVICE.CONSTRUCTION1	科学才刚刚开始。	4319	物品名:"月亮虹吸器"
DESCRIBE.MOON_DEVICE.CONSTRUCTION2	看起来科学多了！	4320	物品名:"月亮虹吸器"
DESCRIBE.POCKETWATCH_HEAL.GENERIC	我打赌里面一定有十分有趣的科学结构。	4324	物品名:"不老表"->默认 制造描述:"你觉得自己是几岁，你就是几岁。"
DESCRIBE.POCKETWATCH_HEAL.RECHARGING	我想它需要时间来……重新校准……时间什么的。	4325	物品名:"不老表" 制造描述:"你觉得自己是几岁，你就是几岁。"
DESCRIBE.POCKETWATCH_REVIVE.GENERIC	我打赌里面一定有十分有趣的科学结构。	4329	物品名:"第二次机会表"->默认 制造描述:"挽回一个朋友的不幸结局。"
DESCRIBE.POCKETWATCH_REVIVE.RECHARGING	我想它需要时间来……重新校准，那个……时间什么的。	4330	物品名:"第二次机会表" 制造描述:"挽回一个朋友的不幸结局。"
DESCRIBE.POCKETWATCH_WARP.GENERIC	我打赌里面一定有十分有趣的科学结构。	4334	物品名:"倒走表"->默认 制造描述:"重走你的最后几步。"
DESCRIBE.POCKETWATCH_WARP.RECHARGING	它在做“时间之类的东西”，这就是它的术语名。	4335	物品名:"倒走表" 制造描述:"重走你的最后几步。"
DESCRIBE.POCKETWATCH_RECALL.GENERIC	我打赌里面一定有十分有趣的科学结构。	4339	物品名:"溯源表"->默认 制造描述:"返回到一个遥远的时间点。"
DESCRIBE.POCKETWATCH_RECALL.RECHARGING	它在做“时间之类的东西”，这就是它的术语名。	4340	物品名:"溯源表" 制造描述:"返回到一个遥远的时间点。"
DESCRIBE.POCKETWATCH_PORTAL.GENERIC	我打赌里面一定有十分有趣的科学结构。	4347	物品名:"裂缝表"->默认 制造描述:"和朋友一起穿越时间会更好。"
DESCRIBE.POCKETWATCH_PORTAL.RECHARGING	它在弄“时间之类的东西”，这就是它的术语名。	4348	物品名:"裂缝表" 制造描述:"和朋友一起穿越时间会更好。"
DESCRIBE.POCKETWATCH_WEAPON.GENERIC	坏事发生只是时间问题。	4355	物品名:"警钟"->默认 制造描述:"这只钟敲的就是你。"
DESCRIBE.POCKETWATCH_PARTS	还没过一分钟，已经从科学变成了魔法！	4358	物品名:"时间碎片" 制造描述:"计时必备零件。"
DESCRIBE.POCKETWATCH_DISMANTLER	可能买的时候就是二手的。	4359	物品名:"钟表匠工具" 制造描述:"修补计时装置。"
DESCRIBE.POCKETWATCH_PORTAL_ENTRANCE.GENERIC	向前走，去发现！	4362	物品名:"时间裂缝"->默认
DESCRIBE.POCKETWATCH_PORTAL_ENTRANCE.DIFFERENTSHARD	向前走，去发现！	4363	物品名:"时间裂缝"
DESCRIBE.POCKETWATCH_PORTAL_EXIT	好一个漫长的下降过程。	4365	物品名:"时间裂缝"
DESCRIBE.WATERTREE_PILLAR	好大一棵树！	4366	物品名:"大树干"
DESCRIBE.OCEANTREE	这些树应该是迷路了。	4367	物品名:"疙瘩树"
DESCRIBE.OCEANTREENUT	里面有活着的东西。	4368	物品名:"疙瘩树果"
DESCRIBE.WATERTREE_ROOT	不是平方根。	4369	物品名:"大树根"
DESCRIBE.OCEANTREE_PILLAR	虽然不如原来那个那么好，但还是挺不错的。	4370	物品名:"高出平均值的树干"
DESCRIBE.OCEANVINE	它的科学术语是“树面条”。	4371	物品名:"苔藓藤条"
DESCRIBE.FIG	我管它叫“牛顿的无花果”。	4372	物品名:"无花果"
DESCRIBE.FIG_COOKED	它被科学加热了。	4373	物品名:"熟无花果"
DESCRIBE.SPIDER_WATER	科学怎么解释它们能浮起来这回事？	4374	物品名:"海黾"
DESCRIBE.MUTATOR_WATER	哦，哇，这看起来嗯……很好吃，韦伯!	4375	物品名:"海黾变身涂鸦" 制造描述:"光是看就让人流口水！"
DESCRIBE.OCEANVINE_COCOON	我轻轻戳它一下会怎么样？	4376	物品名:"海黾巢穴"
DESCRIBE.OCEANVINE_COCOON_BURNT	闻到了吐司烧焦的味道。	4377	物品名:"海黾巢穴"
DESCRIBE.GRASSGATOR	我觉得他不太喜欢我。	4378	物品名:"草鳄鱼"
DESCRIBE.TREEGROWTHSOLUTION	嗯，树木的食粮！	4379	物品名:"树果酱" 制造描述:"鼓励树木到达新的高度。"
DESCRIBE.FIGATONI	妈妈咪呀！	4380	物品名:"无花果意面"
DESCRIBE.FIGKABAB	旁边有根棍子的无花果。	4381	物品名:"无花果烤串"
DESCRIBE.KOALEFIG_TRUNK	这下好了，我有个塞得满满的鼻子了。	4382	物品名:"无花果酿象鼻"
DESCRIBE.FROGNEWTON	无花果有效弥合了其他原料的味道。	4383	物品名:"无花果蛙腿三明治"
DESCRIBE.TERRARIUM.GENERIC	看着它让我的头感觉很模糊，好像有很多小方块。	4386	物品名:"盒中泰拉"->默认
DESCRIBE.TERRARIUM.CRIMSON	我有种不好的预感……	4387	物品名:"盒中泰拉"
DESCRIBE.TERRARIUM.ENABLED	我到了彩虹的另一边了吗？！	4388	物品名:"盒中泰拉"
DESCRIBE.TERRARIUM.WAITING_FOR_DARK	会是什么呢？不然睡一觉起来再看。	4389	物品名:"盒中泰拉"
DESCRIBE.TERRARIUM.COOLDOWN	这之后需要冷却一下。	4390	物品名:"盒中泰拉"->冷却中
DESCRIBE.TERRARIUM.SPAWN_DISABLED	我应该不会再被窥视的目光所打扰了。	4391	物品名:"盒中泰拉"
DESCRIBE.MIGHTY_GYM.GENERIC	我光是看它一眼就感觉肌肉拉伤了……	4395	物品名:"强大健身房"->默认 制造描述:"拿出力量来吧！"
DESCRIBE.MIGHTY_GYM.BURNT	再也不会让谁肌肉拉伤了。	4396	物品名:"强大健身房"->烧焦的 制造描述:"拿出力量来吧！"
DESCRIBE.DUMBBELL	我做脑力训练比较多。	4398	物品名:"哑铃" 制造描述:"练肌肉离不开棍棒和石头。"
DESCRIBE.DUMBBELL_GOLDEN	精诚所至，金石为开。	4399	物品名:"黄金哑铃" 制造描述:"举重的黄金标准。"
DESCRIBE.DUMBBELL_MARBLE	我已经把我的大脑锻炼成了我身上最强壮的肌肉。	4400	物品名:"大理石哑铃" 制造描述:"获得有棱有角体格的捷径。"
DESCRIBE.DUMBBELL_GEM	这点重量，我轻松就能征服——啊！我的脊柱！！	4401	物品名:"宝石哑铃" 制造描述:"让你锻炼的方方面面都得到打磨。"
DESCRIBE.POTATOSACK	不是装满了土豆形状的石头，就是石头形状的土豆。	4402	物品名:"土豆袋" 制造描述:"马铃薯的天然栖息地。"
DESCRIBE.DUMBBELL_HEAT	用来热身还不错。	4403	物品名:"热铃" 制造描述:"进行终极热身。"
DESCRIBE.DUMBBELL_REDGEM	我确实感受到肌肉在燃烧。	4404	物品名:"火铃" 制造描述:"感受燃烧！"
DESCRIBE.DUMBBELL_BLUEGEM	没有比这更酷的了。	4405	物品名:"冰铃" 制造描述:"冰封妨碍锻炼的东西。"
DESCRIBE.TERRARIUMCHEST.GENERIC	没有谁因为偷看盒子里的东西而出事吧？	4408	物品名:"显眼箱子"->默认
DESCRIBE.TERRARIUMCHEST.BURNT	它不会再打扰任何人了。	4409	物品名:"显眼箱子"->烧焦的
DESCRIBE.TERRARIUMCHEST.SHIMMER	那个看起来有点格格不入……	4410	物品名:"显眼箱子"
DESCRIBE.EYEMASKHAT	不得不说，我独具慧眼。	4412	物品名:"眼面具"
DESCRIBE.EYEOFTERROR	瞄准眼睛！	4413	物品名:"恐怖之眼"
DESCRIBE.EYEOFTERROR_MINI	我开始觉得不自在了。	4414	物品名:"可疑窥视者"
DESCRIBE.EYEOFTERROR_MINI_GROUNDED	我想它就要孵化了……	4415	物品名:"恐怖之蛋"
DESCRIBE.FROZENBANANADAIQUIRI	黄而醇厚。	4416	物品名:"冰香蕉冻唇蜜"
DESCRIBE.BUNNYSTEW	这家伙的运气到头了。	4417	物品名:"炖兔子"
DESCRIBE.MILKYWHITES	……呃。	4418	物品名:"乳白物"
DESCRIBE.CRITTER_EYEOFTERROR	多一双眼睛总是好事！呃……应该是一只眼睛。	4419	物品名:"友好窥视者"
DESCRIBE.SHIELDOFTERROR	最好的防御就是下巴做成的盾牌。	4420	物品名:"恐怖盾牌"
DESCRIBE.TWINOFTERROR1	是敌是友？……	4421	物品名:"激光眼"
DESCRIBE.TWINOFTERROR2	是敌是友？……	4422	物品名:"魔焰眼"
DESCRIBE.COTL_TRINKET	这是多么了不起的成就啊。	4423	物品名:"红眼冠"
DESCRIBE.TURF_COTL_GOLD	别踩在那上面，那个很贵的！	4424	物品名:"黄金地板" 制造描述:"为新的黄金时代奠定基础。"
DESCRIBE.TURF_COTL_BRICK	砖块是地板的组成部分。	4425	物品名:"砖地板" 制造描述:"单独的砖块聚集在一起用于更大的目的。"
DESCRIBE.COTL_TABERNACLE_LEVEL1.LIT	多么舒缓的光啊。	4428	物品名:"低微咩咩雕像" 制造描述:"劣质的咩咩雕刻品。"
DESCRIBE.COTL_TABERNACLE_LEVEL1.GENERIC	需要燃料。	4429	物品名:"低微咩咩雕像"->默认 制造描述:"劣质的咩咩雕刻品。"
DESCRIBE.COTL_TABERNACLE_LEVEL2.LIT	多么鼓舞人心的雕塑啊！	4433	物品名:"有所改进咩咩雕像" 制造描述:"一座用来歌颂咩咩的精致雕像。"
DESCRIBE.COTL_TABERNACLE_LEVEL2.GENERIC	需要燃料。	4434	物品名:"有所改进咩咩雕像"->默认 制造描述:"一座用来歌颂咩咩的精致雕像。"
DESCRIBE.COTL_TABERNACLE_LEVEL3.LIT	我可以永远盯着它……永远……	4438	物品名:"完美无瑕咩咩雕像" 制造描述:"一座纪念咩咩荣耀的耀眼纪念碑。"
DESCRIBE.COTL_TABERNACLE_LEVEL3.GENERIC	需要燃料。	4439	物品名:"完美无瑕咩咩雕像"->默认 制造描述:"一座纪念咩咩荣耀的耀眼纪念碑。"
DESCRIBE.CATTOY_MOUSE	给老鼠都安上轮子了，科学家们接下来还会想出什么呢？	4441	物品名:"发条鼠玩具" 制造描述:"开始一场猫鼠游戏。"
DESCRIBE.KITCOON_NAMETAG	我应该想几个名字！叫什么呢，小威尔逊，小威尔逊2号……	4442	物品名:"小浣猫项圈" 制造描述:"给可爱的小脸蛋起个名字。"
DESCRIBE.KITCOONDECOR1.GENERIC	不是真鸟，但那些小家伙根本分不清。	4445	物品名:"火鸡不倒翁"->默认
DESCRIBE.KITCOONDECOR1.BURNT	烧起来了！	4446	物品名:"火鸡不倒翁"->烧焦的
DESCRIBE.KITCOONDECOR2.GENERIC	这些小家伙总是三心二意。我要干什么来着？	4450	物品名:"逗猫小鱼"->默认
DESCRIBE.KITCOONDECOR2.BURNT	它给烧了。	4451	物品名:"逗猫小鱼"->烧焦的
DESCRIBE.KITCOONDECOR1_KIT	看起来需要组装一下。	4453	物品名:"火鸡不倒翁套装" 制造描述:"属于猫科朋友的羽毛乐趣。"
DESCRIBE.KITCOONDECOR2_KIT	看起来不是很难制作。	4454	物品名:"逗猫小鱼套装" 制造描述:"一场愉快的无用功。"
DESCRIBE.WX78MODULE_MAXHEALTH	一个小玩意竟然装得下这么多的科学知识。	4455	物品名:"强化电路" 制造描述:"让你的机械身躯更加健壮。"
DESCRIBE.WX78MODULE_MAXSANITY1	一个小玩意竟然装得下这么多的科学知识。	4456	物品名:"处理器电路" 制造描述:"一点额外的处理能力有助于缓解机械思维。"
DESCRIBE.WX78MODULE_MAXSANITY	一个小玩意竟然装得下这么多的科学知识。	4457	物品名:"超级处理器电路" 制造描述:"处理能力的大幅提升将让齿轮高速转动。"
DESCRIBE.WX78MODULE_MOVESPEED	一个小玩意竟然装得下这么多的科学知识。	4458	物品名:"加速电路" 制造描述:"匆忙设计的加速器。亟待改进。"
DESCRIBE.WX78MODULE_MOVESPEED2	一个小玩意竟然装得下这么多的科学知识。	4459	物品名:"超级加速电路" 制造描述:"一个完美的加速器，将你的引擎提到最高档。"
DESCRIBE.WX78MODULE_HEAT	一个小玩意竟然装得下这么多的科学知识。	4460	物品名:"热能电路" 制造描述:"要热起来了。"
DESCRIBE.WX78MODULE_NIGHTVISION	一个小玩意竟然装得下这么多的科学知识。	4461	物品名:"光电电路" 制造描述:"将你的光学传感器调校为夜视效果。"
DESCRIBE.WX78MODULE_COLD	一个小玩意竟然装得下这么多的科学知识。	4462	物品名:"制冷电路" 制造描述:"把你的底盘变成一个便携式冰柜。"
DESCRIBE.WX78MODULE_TASER	一个小玩意竟然装得下这么多的科学知识。	4463	物品名:"电气化电路" 制造描述:"谁敢惹你就等着被电击吧。"
DESCRIBE.WX78MODULE_LIGHT	一个小玩意竟然装得下这么多的科学知识。	4464	物品名:"照明电路" 制造描述:"用你的存在照亮一个房间。"
DESCRIBE.WX78MODULE_MAXHUNGER1	一个小玩意竟然装得下这么多的科学知识。	4465	物品名:"胃增益电路" 制造描述:"增加一点燃料箱的容量。"
DESCRIBE.WX78MODULE_MAXHUNGER	一个小玩意竟然装得下这么多的科学知识。	4466	物品名:"超级胃增益电路" 制造描述:"能满足哪怕是最贪食的机器人的胃口。"
DESCRIBE.WX78MODULE_MUSIC	一个小玩意竟然装得下这么多的科学知识。	4467	物品名:"合唱盒电路" 制造描述:"每台机器都需要时不时地进行校准。"
DESCRIBE.WX78MODULE_BEE	一个小玩意竟然装得下这么多的科学知识。	4468	物品名:"豆增压电路" 制造描述:"让你的大脑和身体都充满嗡嗡作响的潜能！"
DESCRIBE.WX78MODULE_MAXHEALTH2	一个小玩意竟然装得下这么多的科学知识。	4469	物品名:"超级强化电路" 制造描述:"让你的机械身躯无比健壮。"
DESCRIBE.WX78_SCANNER.GENERIC	WX-78真的把自己的一部分投入到了工作中。	4472	物品名:"生物扫描分析仪"->默认
DESCRIBE.WX78_SCANNER.HUNTING	抓住那份数据！	4473	物品名:"生物扫描分析仪"
DESCRIBE.WX78_SCANNER.SCANNING	它似乎发现了什么。	4474	物品名:"生物扫描分析仪"
DESCRIBE.WX78_SCANNER_ITEM	我想知道它是否会梦到扫描羊。	4476	物品名:"生物扫描分析仪" 制造描述:"备份扫描永远不会有坏处。"
DESCRIBE.WX78_SCANNER_SUCCEEDED	它有一种迫不及待向世人展示自己作品的急迫。	4477	物品名:"生物扫描分析仪"
DESCRIBE.WX78_MODULEREMOVER	这显然是一个非常精细和复杂的科学仪器。	4478	物品名:"电路提取器" 制造描述:"成功的钳（前）提是努力。"
DESCRIBE.SCANDATA	闻起来像新鲜的研究。	4479	物品名:"生物数据"
DESCRIBE.JUSTEGGS	可以再来点培根。	4480	物品名:"普通煎蛋"
DESCRIBE.VEGGIEOMLET	早餐是一天中最科学的一餐。	4481	物品名:"早餐锅"
DESCRIBE.TALLEGGS	早餐技术的突破！	4482	物品名:"苏格兰高鸟蛋"
DESCRIBE.BEEFALOFEED	我不要，谢谢你。	4483	物品名:"蒸树枝"
DESCRIBE.BEEFALOTREAT	就我的口味而言，颗粒感太强了。	4484	物品名:"皮弗娄牛零食"
DESCRIBE.BOAT_ROTATOR	事情正朝着正确的方向发展。这个方向非左即右。	4485	物品名:"转向舵"
DESCRIBE.BOAT_ROTATOR_KIT	我想我要带它出去转转。	4486	物品名:"转向舵套装" 制造描述:"划，划，转动你的船。"
DESCRIBE.BOAT_BUMPER_KELP	虽然不能解决小船的所有问题，但也起到了海带应有的作用。	4487	物品名:"海带保险杠"
DESCRIBE.BOAT_BUMPER_KELP_KIT	一个即将到来的船用保险杠。	4488	物品名:"海带保险杠套装" 制造描述:"用海带保护你的船！"
DESCRIBE.BOAT_BUMPER_SHELL	能给小船提供一个小的防御外壳。	4489	物品名:"贝壳保险杠"
DESCRIBE.BOAT_BUMPER_SHELL_KIT	一个即将到来的船用保险杠。	4490	物品名:"贝壳保险杠套装" 制造描述:"用贝壳保护你的船！"
DESCRIBE.BOAT_BUMPER_CRABKING	它在我的小船上闪耀着王冠的光芒。	4491	物品名:"帝王蟹保险杠"
DESCRIBE.BOAT_BUMPER_CRABKING_KIT	一个即将到来的船用保险杠。	4492	物品名:"帝王蟹保险杠套装"
DESCRIBE.BOAT_CANNON.GENERIC	我应该找东西装填进去。	4495	物品名:"大炮"->默认
DESCRIBE.BOAT_CANNON.AMMOLOADED	大炮已经准备好开火了！	4496	物品名:"大炮"
DESCRIBE.BOAT_CANNON.NOAMMO	我没忘记炮弹的事，我只是在酝酿群众的期待。	4497	物品名:"大炮"
DESCRIBE.BOAT_CANNON_KIT	现在还不是大炮，不过将来会是。	4499	物品名:"大炮套装" 制造描述:"它能把你的竞争对手从水面轰走。"
DESCRIBE.CANNONBALL_ROCK_ITEM	它能完美地装进炮膛里。	4500	物品名:"炮弹" 制造描述:"它肯定会引起轰动。"
DESCRIBE.OCEAN_TRAWLER.GENERIC	高效渔业的必备产品。	4503	物品名:"海洋拖网捕鱼器"->默认
DESCRIBE.OCEAN_TRAWLER.LOWERED	现在我们得等等。	4504	物品名:"海洋拖网捕鱼器"
DESCRIBE.OCEAN_TRAWLER.CAUGHT	抓到个东西！	4505	物品名:"海洋拖网捕鱼器"
DESCRIBE.OCEAN_TRAWLER.ESCAPED	好像是抓到了，但又被它跑掉了……	4506	物品名:"海洋拖网捕鱼器"
DESCRIBE.OCEAN_TRAWLER.FIXED	又可以抓鱼了！	4507	物品名:"海洋拖网捕鱼器"
DESCRIBE.OCEAN_TRAWLER_KIT	我应该把它放在有很多鱼的地方。	4509	物品名:"海洋拖网捕鱼器套装" 制造描述:"海里有的是鱼。"
DESCRIBE.BOAT_MAGNET.GENERIC	一直以来我都被物理学所吸引，就像……一样，怎么想不起那个词了。	4512	物品名:"自动航行仪"->默认
DESCRIBE.BOAT_MAGNET.ACTIVATED	奏效了！！呃，我当然一早就知道它能行。	4513	物品名:"自动航行仪"
DESCRIBE.BOAT_MAGNET_KIT	可以这么讲，这只是我的天才创意之一。	4515	物品名:"自动航行仪套装" 制造描述:"你的个性并不是唯一具有磁性的东西。"
DESCRIBE.BOAT_MAGNET_BEACON.GENERIC	附近只要有强磁铁就会受到它的吸引。	4518	物品名:"自动航行灯塔"->默认 制造描述:"能把附近可能存在的任何滑稽的超大磁铁吸过来。"
DESCRIBE.BOAT_MAGNET_BEACON.ACTIVATED	磁力！	4519	物品名:"自动航行灯塔" 制造描述:"能把附近可能存在的任何滑稽的超大磁铁吸过来。"
DESCRIBE.DOCK_KIT	这里有为小船建造一个码头所需的一切。	4521	物品名:"码头套装" 制造描述:"准备好你的码头审查。"
DESCRIBE.DOCK_WOODPOSTS_ITEM	啊哈！我就猜到码头缺了点东西。	4522	物品名:"码头桩" 制造描述:"没有什么能比事后添加一些柱子更能说明“结构稳定”了。"
DESCRIBE.MONKEYHUT.GENERIC	树屋过于易燃，并非最佳实验场所。	4525	物品名:"猴子小屋"->默认
DESCRIBE.MONKEYHUT.BURNT	我早就说吧！	4526	物品名:"猴子小屋"->烧焦的
DESCRIBE.POWDER_MONKEY	泼猴你敢在我的小船上撒野！	4528	物品名:"火药猴"
DESCRIBE.PRIME_MATE	一顶漂亮的帽子总能清楚地表明谁是老大。	4529	物品名:"大副"
DESCRIBE.LIGHTCRAB	它是发光生物！	4530	物品名:"发光蟹"
DESCRIBE.CUTLESS	虽然它切不了东西，但是它木刺多呀。	4531	物品名:"木头短剑"
DESCRIBE.CURSED_MONKEY_TOKEN	好像是无害的。	4532	物品名:"诅咒饰品"
DESCRIBE.OAR_MONKEY	拿起船桨去战斗。	4533	物品名:"战桨"
DESCRIBE.BANANABUSH	那片灌木丛是香蕉！	4534	物品名:"香蕉丛"
DESCRIBE.DUG_BANANABUSH	那片灌木丛是香蕉！	4535	物品名:"香蕉丛"
DESCRIBE.PALMCONETREE	一颗长得像松树的棕榈树。	4536	物品名:"棕榈松果树"
DESCRIBE.PALMCONE_SEED	树的开始。	4537	物品名:"棕榈松果树芽"
DESCRIBE.PALMCONE_SAPLING	它的伟大梦想就是有一天能长成一棵树。	4538	物品名:"棕榈松果树苗"
DESCRIBE.PALMCONE_SCALE	如果树有脚趾甲，大抵该是这样吧。	4539	物品名:"棕榈松果树鳞片"
DESCRIBE.MONKEYTAIL	不知道能不能吃？看来要安排一个实验了。	4540	物品名:"猴尾草"
DESCRIBE.DUG_MONKEYTAIL	不知道能不能吃？看来要安排一个实验了。	4541	物品名:"猴尾草"
DESCRIBE.MONKEY_MEDIUMHAT	戴上以后我就变得潇洒，有船长范儿了。	4542	物品名:"船长的三角帽"
DESCRIBE.MONKEY_SMALLHAT	起码能让我的头发不被水打湿。	4543	物品名:"海盗头巾"
DESCRIBE.POLLY_ROGERSHAT	一只小鸟告诉我它会派上用场。	4544	物品名:"波莉·罗杰的帽子" 制造描述:"随帽子附送一只长羽毛的朋友。"
DESCRIBE.POLLY_ROGERS	就是那只小鸟说的。	4545	物品名:"波莉·罗杰"
DESCRIBE.MONKEYISLAND_PORTAL	没有东西可以进入，它会不断地吐出东西。	4546	物品名:"非自然传送门"
DESCRIBE.MONKEYISLAND_PORTAL_DEBRIS	奇怪，这套设备看起来怎么眼熟呢……	4547	物品名:"损坏的机器"
DESCRIBE.MONKEYQUEEN	这片儿看起来是她说了算。	4548	物品名:"月亮码头女王"
DESCRIBE.MONKEYPILLAR	名副其实的社会栋梁。	4549	物品名:"猴子柱"
DESCRIBE.PIRATE_FLAG_POLE	喂！	4550	物品名:"月亮码头海盗旗" 制造描述:"挂起你自己的海盗旗来模仿猴子掠夺者吧。"
DESCRIBE.BLACKFLAG	绅士海盗-科学家这名号还真有点上口。	4551	物品名:"黑旗"
DESCRIBE.PIRATE_STASH	我喜欢这个装饰。	4552	物品名:"X"
DESCRIBE.STASH_MAP	在生活中有一些方向是极好的。	4553	物品名:"海盗地图"
DESCRIBE.BANANAJUICE	有点落草为寇的感觉了。	4554	物品名:"香蕉奶昔"
DESCRIBE.FENCE_ROTATOR	注意！重新部署！	4555	物品名:"栅栏击剑" 制造描述:"一把用于栅栏和击剑的剑"
DESCRIBE.CHARLIE_STAGE_POST	这是个陷阱! 感觉……剧本都写好了。	4556	物品名:"舞台"
DESCRIBE.CHARLIE_LECTURN	有人在演话剧吗？	4557	物品名:"剧本"
DESCRIBE.CHARLIE_HECKLER	它们来是为了提高戏剧性。	4558	物品名:"嘲鸫"
DESCRIBE.PLAYBILL_THE_DOLL	“由 C.W. 撰写”	4559	物品名:"附魔玩偶\n舞台剧"
DESCRIBE.PLAYBILL_THE_VEIL	“由暗域先驱为您带来。”	4560	物品名:"黑罩\n舞台剧"
DESCRIBE.PLAYBILL_THE_VAULT	作者是“E.”？	4561	物品名:"任务完成\n一份忏悔"
DESCRIBE.STATUEHARP_HEDGESPAWNER	花长回来了，但头却没有。	4562	物品名:"荆棘密布的雕像"
DESCRIBE.HEDGEHOUND	有埋伏！	4563	物品名:"蔷薇狼"
DESCRIBE.HEDGEHOUND_BUSH	是个灌木丛。	4564	物品名:"蔷薇"
DESCRIBE.MASK_DOLLHAT	这是一张玩偶面具。	4565	物品名:"玩偶面具"
DESCRIBE.MASK_DOLLBROKENHAT	这是一张开裂的玩偶面具。	4566	物品名:"开裂玩偶面具"
DESCRIBE.MASK_DOLLREPAIREDHAT	这是一张曾经的玩偶面具。	4567	物品名:"破碎玩偶面具"
DESCRIBE.MASK_BLACKSMITHHAT	这是一张铁匠面具。	4568	物品名:"铁匠面具"
DESCRIBE.MASK_MIRRORHAT	这是一张面具，但它看起来像一面镜子。	4569	物品名:"镜子面具"
DESCRIBE.MASK_QUEENHAT	这是一张女王面具。	4570	物品名:"女王面具"
DESCRIBE.MASK_KINGHAT	这是一张国王面具。	4571	物品名:"国王面具"
DESCRIBE.MASK_TREEHAT	这是一张树的面具。	4572	物品名:"树木面具"
DESCRIBE.MASK_FOOLHAT	这是一张小丑面具。	4573	物品名:"小丑面具"
DESCRIBE.COSTUME_DOLL_BODY	这是玩偶的戏服。	4574	物品名:"玩偶服"
DESCRIBE.COSTUME_QUEEN_BODY	这是女王的戏服。	4575	物品名:"女王服"
DESCRIBE.COSTUME_KING_BODY	这是国王的戏服。	4576	物品名:"国王服"
DESCRIBE.COSTUME_BLACKSMITH_BODY	这是铁匠的戏服。	4577	物品名:"铁匠服"
DESCRIBE.COSTUME_MIRROR_BODY	这是一套戏服。	4578	物品名:"镜子服"
DESCRIBE.COSTUME_TREE_BODY	这是树的戏服。	4579	物品名:"树木服"
DESCRIBE.COSTUME_FOOL_BODY	这是小丑的戏服。	4580	物品名:"小丑服"
DESCRIBE.STAGEUSHER.STANDING	总之不要伸出你的手，好吗？	4583	物品名:"多刺舞台之手"
DESCRIBE.STAGEUSHER.SITTING	这里有些古怪，但我说不出所以然。	4584	物品名:"多刺舞台之手"
DESCRIBE.SEWING_MANNEQUIN.GENERIC	即使打扮得漂漂亮亮，还是哪也去不了。	4588	物品名:"假人"->默认 制造描述:"测试所有最新可装备外观的模特。"
DESCRIBE.SEWING_MANNEQUIN.BURNT	即使烧光了，还是哪也去不了。	4589	物品名:"假人"->烧焦的 制造描述:"测试所有最新可装备外观的模特。"
DESCRIBE.MAGICIAN_CHEST	为什么我开始感到有点不安了……？	4591	物品名:"魔术师箱子" 制造描述:"将你的物品囚禁在一个暗影漩涡中。"
DESCRIBE.TOPHAT_MAGICIAN	那顶帽子流露着时尚。	4592	物品名:"魔术师高礼帽" 制造描述:"百搭的黑魔法。"
DESCRIBE.YOTR_FIGHTRING_KIT	它一定是为了科学而建造的！	4593	物品名:"枕头大战坑套装" 制造描述:"兔子的战斗擂台。"
DESCRIBE.YOTR_FIGHTRING_BELL.GENERIC	暂时平静下来了。	4596	物品名:"枕头大战钟"->默认
DESCRIBE.YOTR_FIGHTRING_BELL.PLAYING	我想我们今天都在这里学到了很多东西。	4597	物品名:"枕头大战钟"
DESCRIBE.YOTR_DECOR_1.GENERAL	那只兔子真的可以点亮一个房间。	4601	物品名:"矮兔灯"
DESCRIBE.YOTR_DECOR_1.OUT	这兔子什么都照不亮。	4602	物品名:"矮兔灯"->出去？外面？
DESCRIBE.YOTR_DECOR_2.GENERAL	那只兔子真的可以点亮一个房间。	4606	物品名:"高兔灯"
DESCRIBE.YOTR_DECOR_2.OUT	这兔子什么都照不亮。	4607	物品名:"高兔灯"->出去？外面？
DESCRIBE.HAREBALL	到如今……比这更糟的东西我都吃过。	4609	物品名:"兔毛球"
DESCRIBE.YOTR_DECOR_1_ITEM	我知道把它放在哪。	4610	物品名:"矮兔灯" 制造描述:"这盏可爱的灯能使任何洞穴变得舒适起来。"
DESCRIBE.YOTR_DECOR_2_ITEM	我知道把它放在哪。	4611	物品名:"高兔灯" 制造描述:"一尊肚子里真正有火的兔子雕像！"
DESCRIBE.DREADSTONE	它竟然反射暗影而非光线。	4612	物品名:"绝望石"
DESCRIBE.HORRORFUEL	它让我脊椎发出了可怕的颤抖。	4613	物品名:"纯粹恐惧"
DESCRIBE.DAYWALKER.GENERIC	释放他可能有些草率了。	4616	物品名:"梦魇疯猪"->默认
DESCRIBE.DAYWALKER.IMPRISONED	我有些为他惋惜。	4617	物品名:"梦魇疯猪"
DESCRIBE.DAYWALKER_PILLAR.GENERIC	大理石里有东西在闪烁。	4621	物品名:"开裂的柱子"->默认
DESCRIBE.DAYWALKER_PILLAR.EXPOSED	坚不可摧的石柱。	4622	物品名:"开裂的柱子"
DESCRIBE.DAYWALKER2.GENERIC	我们别惹他。	4626	物品名:"拾荒疯猪"->默认
DESCRIBE.DAYWALKER2.BURIED	他被困在那堆垃圾下面了。	4627	物品名:"拾荒疯猪"
DESCRIBE.DAYWALKER2.HOSTILE	他好像被惹到了。	4628	物品名:"拾荒疯猪"
DESCRIBE.ARMORDREADSTONE	轻便、结实，时髦！	4630	物品名:"绝望石盔甲" 制造描述:"不要怕，黑暗会保护你。"
DESCRIBE.DREADSTONEHAT	它能保护我无以伦比的大脑安然无恙。	4631	物品名:"绝望石头盔" 制造描述:"由至黑的石头做成的结实头盔。"
DESCRIBE.LUNARRIFT_PORTAL	那么多科学藏在里面……而我却无法触碰到它！	4632	物品名:"裂隙"
DESCRIBE.LUNARRIFT_CRYSTAL	发光体结晶。	4633	物品名:未找到
DESCRIBE.LUNARTHRALL_PLANT	它似乎不太在乎个人空间。	4634	物品名:"致命亮茄"
DESCRIBE.LUNARTHRALL_PLANT_VINE_END	它有着带刺的外观。	4635	物品名:"钻地藤蔓"
DESCRIBE.LUNAR_GRAZER	它一定是通过那个奇怪的裂隙来的！	4636	物品名:"牧者"
DESCRIBE.PUREBRILLIANCE	它在用科学致盲我！	4637	物品名:"纯粹辉煌"
DESCRIBE.LUNARPLANT_HUSK	出奇的坚硬。我可以用得上！	4638	物品名:"亮茄外壳"
DESCRIBE.LUNAR_FORGE	就在这里做一些非常聪明和科学的东西吧。	4639	物品名:"辉煌铁匠铺"
DESCRIBE.LUNAR_FORGE_KIT	简单的元素组合！	4640	物品名:"辉煌铁匠铺套装" 制造描述:"锻造异世界的物品。"
DESCRIBE.LUNARPLANT_KIT	月余时间我也做裁缝。	4641	物品名:"亮茄修补套件" 制造描述:"修复损坏的设备。"
DESCRIBE.ARMOR_LUNARPLANT	这盔甲再叶没有改进空间了。	4642	物品名:"亮茄盔甲" 制造描述:"将自己包围在令人生畏的月叶中。"
DESCRIBE.LUNARPLANTHAT	它让我看起来比平时还要聪明。	4643	物品名:"亮茄头盔" 制造描述:"用发着光的护具保护您宝贵的颅骨。"
DESCRIBE.BOMB_LUNARPLANT	植物学和化学一起奏效。	4644	物品名:"亮茄炸弹" 制造描述:"用不稳定的月能取得爆炸性结果。"
DESCRIBE.STAFF_LUNARPLANT	植物的力量！	4645	物品名:"亮茄魔杖" 制造描述:"扎根原地，从远处发起攻击。"
DESCRIBE.SWORD_LUNARPLANT	挥舞它的时候，不自觉就想给它配音。	4646	物品名:"亮茄剑" 制造描述:"月光宝剑。"
DESCRIBE.PICKAXE_LUNARPLANT	打碎！	4647	物品名:"亮茄粉碎者" 制造描述:"随心所欲地挖掘和拆除吧。"
DESCRIBE.SHOVEL_LUNARPLANT	转移泥土的潜力无限大！	4648	物品名:"亮茄锄铲" 制造描述:"铲子和园艺锄之间交叉授粉的突破性成果。"
DESCRIBE.BROKEN_FORGEDITEM	它破损了，但是我可以把它修好。	4649	物品名:未找到
DESCRIBE.PUNCHINGBAG	它配备了一个精心校准的“哎哟”仪表。	4650	物品名:"拳击袋" 制造描述:"测试武器的强度。并从中获得乐趣！"
DESCRIBE.SHADOWRIFT_PORTAL	那东西看起来像是会一直持续下去。	4651	物品名:"裂隙"
DESCRIBE.SHADOW_FORGE	它会为哪些黑暗设计带来生命呢？	4652	物品名:"暗影术基座"
DESCRIBE.SHADOW_FORGE_KIT	如果连实验都不做就有悖我科学家的素养了。	4653	物品名:"暗影术基座套装" 制造描述:"让恐惧为你所用。"
DESCRIBE.FUSED_SHADELING	我还是更喜欢你小的时候，那时候你烦的是别人。	4654	物品名:"熔合暗影"
DESCRIBE.FUSED_SHADELING_BOMB	轰轰烈烈！	4655	物品名:"绝望螨"
DESCRIBE.VOIDCLOTH	那些暗影都是从同一块布上裁下来的。	4656	物品名:"暗影碎布"
DESCRIBE.VOIDCLOTH_KIT	我对于在暗影中缝纫只有一些零星的了解。	4657	物品名:"虚空修补套件" 制造描述:"修复损坏的设备。"
DESCRIBE.VOIDCLOTHHAT	黑暗的神秘感扑面而来。	4658	物品名:"虚空风帽" 制造描述:"没有光可以刺穿这个罩子里的黑暗。"
DESCRIBE.ARMOR_VOIDCLOTH	哦，糟糕，前面撕开了一个口子！	4659	物品名:"虚空长袍" 制造描述:"一件阻隔光线的噩梦斗篷。"
DESCRIBE.VOIDCLOTH_UMBRELLA	我最烦头发被强酸溶解了。	4660	物品名:"暗影伞" 制造描述:"暗影提供的保护，不惧最严峻的降雨。"
DESCRIBE.VOIDCLOTH_SCYTHE	大为简化了收割流程，简直可怕！	4661	物品名:"暗影收割者" 制造描述:"从容地剔除植物群落。"
DESCRIBE.SHADOWTHRALL_HANDS	把手拿开！	4662	物品名:"墨荒"
DESCRIBE.SHADOWTHRALL_HORNS	它看起来渴望战斗。	4663	物品名:"墨荒"
DESCRIBE.SHADOWTHRALL_WINGS	翅膀貌似仅仅是用来看的。	4664	物品名:"墨荒"
DESCRIBE.SHADOWTHRALL_MOUTH	是个多嘴的。	4665	物品名:"墨荒"
DESCRIBE.CHARLIE_NPC	等等，那是……？	4666	物品名:"查理"
DESCRIBE.CHARLIE_HAND	它想要某种可怕的东西。	4667	物品名:"召唤之手"
DESCRIBE.NITRE_FORMATION	这绝对是某种石头。	4668	物品名:"硝石堆"
DESCRIBE.DREADSTONE_STACK	它来自于那些裂隙深处...	4669	物品名:"绝望石矿苗"
DESCRIBE.SCRAPBOOK_PAGE	看来有些人喜欢记录图鉴。	4670	物品名:"丢失的图鉴页面"
DESCRIBE.LEIF_IDOL	把木头雕刻成树的样子似乎有点多余。	4671	物品名:"树精守卫雕像" 制造描述:"召唤树木的力量。"
DESCRIBE.WOODCARVEDHAT	看起来像是经过精心雕刻的。	4672	物品名:"硬木帽" 制造描述:"你的脑袋会被保护得很好（敲敲木头防止乌鸦嘴）。"
DESCRIBE.WALKING_STICK	这是一根非常好的棍子。	4673	物品名:"木手杖" 制造描述:"轻松穿越您最喜欢的自然小径。"
DESCRIBE.IPECACSYRUP	我不太想吃这个。	4674	物品名:"泻根糖浆" 制造描述:"让你保持正常。"
DESCRIBE.BOMB_LUNARPLANT_WORMWOOD	我们的朋友似乎对他的月亮根源有了更多的接触。	4675	物品名:未找到
DESCRIBE.WORMWOOD_MUTANTPROXY_CARRAT.DEAD	它走到了尽头。	4678	物品名:未找到
DESCRIBE.WORMWOOD_MUTANTPROXY_CARRAT.GENERIC	胡萝卜怎么还长腿了？	4679	物品名:未找到
DESCRIBE.WORMWOOD_MUTANTPROXY_CARRAT.HELD	近看真是丑。	4680	物品名:未找到
DESCRIBE.WORMWOOD_MUTANTPROXY_CARRAT.SLEEPING	有点可爱了。	4681	物品名:未找到
DESCRIBE.WORMWOOD_MUTANTPROXY_LIGHTFLIER	真是奇怪，装在我的口袋里居然还能发光！	4683	物品名:未找到
DESCRIBE.WORMWOOD_MUTANTPROXY_FRUITDRAGON.GENERIC	挺可爱的，不过还没熟。	4686	物品名:未找到
DESCRIBE.WORMWOOD_MUTANTPROXY_FRUITDRAGON.RIPE	现在应该熟了。	4687	物品名:未找到
DESCRIBE.WORMWOOD_MUTANTPROXY_FRUITDRAGON.SLEEPING	在打盹呢。	4688	物品名:未找到
DESCRIBE.SUPPORT_PILLAR_SCAFFOLD	目前一切都处于保密状态。	4690	物品名:"支柱脚手架" 制造描述:"我们都需要一些支持。"
DESCRIBE.SUPPORT_PILLAR	我得尽快抽出时间来解决这个问题。	4691	物品名:"支柱"
DESCRIBE.SUPPORT_PILLAR_COMPLETE	它让我充满安全感。	4692	物品名:"加固支柱"
DESCRIBE.SUPPORT_PILLAR_BROKEN	你曾经又高又壮。	4693	物品名:"支柱瓦砾"
DESCRIBE.SUPPORT_PILLAR_DREADSTONE_SCAFFOLD	目前一切都处于保密状态。	4694	物品名:"绝望石支柱脚手架" 制造描述:"黑暗的力量在压力下仍能保持良好的状态。"
DESCRIBE.SUPPORT_PILLAR_DREADSTONE	我得尽快抽出时间来解决这个问题。	4695	物品名:"绝望石支柱"
DESCRIBE.SUPPORT_PILLAR_DREADSTONE_COMPLETE	看起来强大得可怕。	4696	物品名:"加固绝望石支柱"
DESCRIBE.SUPPORT_PILLAR_DREADSTONE_BROKEN	多么可怕啊。	4697	物品名:"绝望石支柱瓦砾"
DESCRIBE.WOLFGANG_WHISTLE	它让我回忆起了小时候糟糕的体育课……	4698	物品名:"训练哨" 制造描述:"释放你心底潜在的教练！"
DESCRIBE.MUTATEDDEERCLOPS	它的眼睛里有一点东西。	4699	物品名:"晶体独眼巨鹿"
DESCRIBE.MUTATEDWARG	瞧你那双闪光的大眼睛！	4700	物品名:"附身座狼"
DESCRIBE.MUTATEDBEARGER	事情要变得毛骨悚然了……	4701	物品名:"装甲熊獾"
DESCRIBE.LUNARFROG	别盯着看了。	4702	物品名:"明眼青蛙"
DESCRIBE.DEERCLOPSCORPSE.GENERIC	结束了……吧？	4705	物品名:未找到
DESCRIBE.DEERCLOPSCORPSE.BURNING	小心没大错。	4706	物品名:未找到
DESCRIBE.DEERCLOPSCORPSE.REVIVING	我不愿相信双眼正在看到的这一切！	4707	物品名:未找到
DESCRIBE.WARGCORPSE.GENERIC	为什么我仍然感到不安？	4711	物品名:未找到
DESCRIBE.WARGCORPSE.BURNING	一切都是最好的安排。	4712	物品名:未找到
DESCRIBE.WARGCORPSE.REVIVING	以科学的名义，这是什么玩意？！	4713	物品名:未找到
DESCRIBE.BEARGERCORPSE.GENERIC	臭不可闻！	4717	物品名:未找到
DESCRIBE.BEARGERCORPSE.BURNING	好险。	4718	物品名:未找到
DESCRIBE.BEARGERCORPSE.REVIVING	这一定有科学的解释！	4719	物品名:未找到
DESCRIBE.BEARGERFUR_SACK	上面还有它的毛。寒毛直竖啊。	4721	物品名:"极地熊獾桶" 制造描述:"便携式冰箱。酷。"
DESCRIBE.HOUNDSTOOTH_BLOWPIPE	牙齿？那可不太卫生啊。	4722	物品名:"嚎弹炮" 制造描述:"那感觉就像远距离被咬一样。"
DESCRIBE.DEERCLOPSEYEBALL_SENTRYWARD.GENERIC	这才叫冰冷的目光吧？	4725	物品名:"冰眼结晶器"->默认
DESCRIBE.DEERCLOPSEYEBALL_SENTRYWARD.NOEYEBALL	是谁丢了一只眼睛呢？	4726	物品名:"冰眼结晶器"
DESCRIBE.DEERCLOPSEYEBALL_SENTRYWARD_KIT	所有人退后一步，本人是一名训练有素的科学家！	4728	物品名:"冰眼结晶器套装" 制造描述:"用冻伤来治疗一下晒伤。"
DESCRIBE.SECURITY_PULSE_CAGE	有趣。它是空的。	4729	物品名:"火花柜" 制造描述:"固定那些安全脉冲！"
DESCRIBE.SECURITY_PULSE_CAGE_FULL	你是最可爱的纯能量小球吗？	4730	物品名:"火花柜"
DESCRIBE.CARPENTRY_STATION.GENERIC	它能造家具。	4733	物品名:"锯马"->默认 制造描述:"别瞎蹦跶了，做点家具吧。"
DESCRIBE.CARPENTRY_STATION.BURNT	它不能造家具了。	4734	物品名:"锯马"->烧焦的 制造描述:"别瞎蹦跶了，做点家具吧。"
DESCRIBE.WOOD_TABLE.GENERIC	我周期性地使用桌子。	4738	物品名:未找到
DESCRIBE.WOOD_TABLE.HAS_ITEM	我周期性地使用桌子。	4739	物品名:未找到
DESCRIBE.WOOD_TABLE.BURNT	以后用不了了。	4740	物品名:未找到
DESCRIBE.WOOD_CHAIR.GENERIC	我想坐上去！	4744	物品名:"木椅"->默认 制造描述:"一把可以坐的木椅。"
DESCRIBE.WOOD_CHAIR.OCCUPIED	别人在坐着。	4745	物品名:"木椅"->被占领 制造描述:"一把可以坐的木椅。"
DESCRIBE.WOOD_CHAIR.BURNT	我可不想坐上去。	4746	物品名:"木椅"->烧焦的 制造描述:"一把可以坐的木椅。"
DESCRIBE.DECOR_CENTERPIECE	太精密了。	4748	物品名:"艺术？" 制造描述:"彰显您卓越品味的餐桌摆件。"
DESCRIBE.DECOR_LAMP	一盏迎宾灯。	4749	物品名:"餐桌灯" 制造描述:"一盏舒适的小灯。"
DESCRIBE.DECOR_FLOWERVASE.GENERIC	插花的漂亮花瓶。	4752	物品名:"餐桌花瓶"->默认 制造描述:"这是一个放置鲜切花的好地方。"
DESCRIBE.DECOR_FLOWERVASE.EMPTY	没有花的漂亮花瓶。	4753	物品名:"餐桌花瓶" 制造描述:"这是一个放置鲜切花的好地方。"
DESCRIBE.DECOR_FLOWERVASE.WILTED	看起来不太新鲜。	4754	物品名:"餐桌花瓶"->枯萎的 制造描述:"这是一个放置鲜切花的好地方。"
DESCRIBE.DECOR_FLOWERVASE.FRESHLIGHT	有一点亮光真是好。	4755	物品名:"餐桌花瓶"->茶几-新的发光的 制造描述:"这是一个放置鲜切花的好地方。"
DESCRIBE.DECOR_FLOWERVASE.OLDLIGHT	我记得告诉过麦斯威尔换灯泡的。	4756	物品名:"餐桌花瓶"->茶几-旧的发光的 制造描述:"这是一个放置鲜切花的好地方。"
DESCRIBE.DECOR_PICTUREFRAME.GENERIC	真美啊。	4760	物品名:"空画框"->默认 制造描述:"将你最爱的物品图装裱起来。 "
DESCRIBE.DECOR_PICTUREFRAME.UNDRAWN	我应该画点东西在里面。	4761	物品名:"空画框"->没有画画 制造描述:"将你最爱的物品图装裱起来。 "
DESCRIBE.DECOR_PORTRAITFRAME	看上去不错！	4763	物品名:"愉快画像" 制造描述:"把你的朋友们放进框里，这很有趣！ "
DESCRIBE.PHONOGRAPH	哦不，我以前见过那个。	4764	物品名:"留声机" 制造描述:"坐下来，放松一下，听一听你噩梦中的音乐。"
DESCRIBE.RECORD	该死，我刚把那首歌从脑袋里赶走！	4765	物品名:"唱片" 制造描述:"黑胶上的永恒经典。"
DESCRIBE.RECORD_CREEPYFOREST	一张唱片能录一整首歌？技术已经走到了这一步。	4766	物品名:"惊悚森林"
DESCRIBE.RECORD_DANGER	不是我最喜欢的。	4767	物品名:未找到
DESCRIBE.RECORD_DAWN	需要多一点小号。	4768	物品名:未找到
DESCRIBE.RECORD_DRSTYLE	一张唱片能录一整首歌？技术已经走到了这一步。	4769	物品名:"D.R.风格"
DESCRIBE.RECORD_DUSK	需要多一点小号。	4770	物品名:未找到
DESCRIBE.RECORD_EFS	更实验性的曲目。	4771	物品名:"E.F.S."
DESCRIBE.RECORD_END	一张唱片能录一整首歌？技术已经走到了这一步。	4772	物品名:未找到
DESCRIBE.RECORD_MAIN	需要多一点小号。	4773	物品名:未找到
DESCRIBE.RECORD_WORKTOBEDONE	更实验性的曲目。	4774	物品名:未找到
DESCRIBE.RECORD_HALLOWEDNIGHTS	惊艳不惊艳！	4775	物品名:"万圣夜"
DESCRIBE.RECORD_BALATRO	无法抗拒！它仿佛触动了我的心灵！	4776	物品名:未找到
DESCRIBE.ARCHIVE_ORCHESTRINA_MAIN	好像专门做成让人摸不着头脑的样子。	4777	物品名:"远古小合奏机"
DESCRIBE.WAGPUNKHAT	它让我身上的齿轮也动起来了。	4778	物品名:"W.A.R.B.I.S.头戴齿轮" 制造描述:"看起来聪明，打起来也聪明。"
DESCRIBE.ARMORWAGPUNK	令人敬畏的齿轮。	4779	物品名:"W.A.R.B.I.S.盔甲" 制造描述:"开足马力，全速前进！"
DESCRIBE.WAGSTAFF_MACHINERY	在这堆垃圾中也许会有所发现。	4780	物品名:"被丢弃的垃圾"
DESCRIBE.WAGPUNK_BITS	我敢打赌，我能用它做出惊人的科学突破。	4781	物品名:"废料"
DESCRIBE.WAGPUNKBITS_KIT	机器修理别的机器！科学接下来还会想出什么？	4782	物品名:"自动修理机" 制造描述:"你得心应手的W.A.R.B.I.S.维修工具！"
DESCRIBE.WAGSTAFF_MUTATIONS_NOTE	引人入胜！引人深思！引人大脑变大！	4783	物品名:"研究笔记"
DESCRIBE.BATTLESONG_INSTANT_REVIVE	这首曲子太有生命力了。	4784	物品名:"战士重奏" 制造描述:"扰动阵亡战友的心房。"
DESCRIBE.WATHGRITHR_IMPROVEDHAT	薇格弗德有领导经验吗？又让她如虎添翼了？	4785	物品名:"统帅头盔" 制造描述:"适合女武神女王的头盔。"
DESCRIBE.SPEAR_WATHGRITHR_LIGHTNING	它得到了电流的加强。	4786	物品名:"奔雷矛" 制造描述:"闪电的力量由你掌控。"
DESCRIBE.BATTLESONG_CONTAINER	哇，它能存这么多歌。	4787	物品名:"战斗号子罐" 制造描述:"保存你所有的金曲。"
DESCRIBE.SADDLE_WATHGRITHR	那是薇格弗德做的？这个让她猛虎插翅。	4788	物品名:"战斗鞍具" 制造描述:"勇士与坐骑，一起战斗吧！"
DESCRIBE.WATHGRITHR_SHIELD	保护我！！	4789	物品名:"战斗圆盾" 制造描述:"只要它相信自己，盾牌也可以是武器。"
DESCRIBE.BATTLESONG_SHADOWALIGNED	戏剧让我坐立不安。	4790	物品名:"黑暗悲歌" 制造描述:"减少自身和盟友受到暗影攻击的伤害，增加对月亮阵营敌人的伤害。"
DESCRIBE.BATTLESONG_LUNARALIGNED	戏剧让我坐立不安。	4791	物品名:"启迪摇篮曲" 制造描述:"减少自身和盟友受到月亮攻击的伤害，增加对暗影阵营敌人的伤害。"
DESCRIBE.SHARKBOI	吓得我一哆嗦！	4792	物品名:"大霜鲨"
DESCRIBE.BOOTLEG	远方的远方，有个海盗丢了靴子。	4793	物品名:"出逃腿靴"
DESCRIBE.OCEANWHIRLPORTAL	涡来漩一下。	4794	物品名:"漩涡传送门"
DESCRIBE.EMBERLIGHT	不用燃料的火焰？不要紧。	4795	物品名:"火球"
DESCRIBE.YOTD_DRAGONSHRINE.GENERIC	供品会是什么？我的好奇心在燃烧。	4799	物品名:"龙蝇神龛"->默认 制造描述:"供奉红火的龙蝇。"
DESCRIBE.YOTD_DRAGONSHRINE.EMPTY	它也许想要块木炭。	4800	物品名:"龙蝇神龛" 制造描述:"供奉红火的龙蝇。"
DESCRIBE.YOTD_DRAGONSHRINE.BURNT	稍微有些过火了。	4801	物品名:"龙蝇神龛"->烧焦的 制造描述:"供奉红火的龙蝇。"
DESCRIBE.DRAGONBOAT_KIT	别拖泥带水了，麻利点做好吧。	4803	物品名:"龙蝇船套装" 制造描述:"启动海龙。"
DESCRIBE.DRAGONBOAT_PACK	让造船变得简单！	4804	物品名:"豪华龙蝇船套装" 制造描述:"配备了所有的龙之配件。"
DESCRIBE.BOATRACE_CHECKPOINT	检查点就在那！	4805	物品名:"比赛检查点"
DESCRIBE.BOATRACE_CHECKPOINT_THROWABLE_DEPLOYKIT	我的清单上又多了一件要检查的事。	4806	物品名:"比赛检查点套装" 制造描述:"重要的是旅程本身而不是终点。"
DESCRIBE.BOATRACE_START	总得有个起点。	4807	物品名:"起点塔"
DESCRIBE.BOATRACE_START_THROWABLE_DEPLOYKIT	起点放在哪呢？	4808	物品名:"起点塔套装" 制造描述:"各就位、预备、开划！"
DESCRIBE.BOATRACE_PRIMEMATE	有人对我如影随形！	4809	物品名:"查理的选手"
DESCRIBE.BOATRACE_SPECTATOR_DRAGONLING	它的支持让我燃了起来！	4810	物品名:"小龙蝇观赛者"
DESCRIBE.YOTD_STEERINGWHEEL	它会让我驶向正确的航向，左右都逢源。	4811	物品名:"龙蝇船方向舵"
DESCRIBE.YOTD_STEERINGWHEEL_ITEM	它能做成方向舵。	4812	物品名:"龙蝇船方向舵套装" 制造描述:"掌舵，驶向黄金！"
DESCRIBE.YOTD_OAR	好方便的船桨。	4813	物品名:"利爪船桨" 制造描述:"关于龙蝇的一个鲜为人知的事实：它们是出人意料的游泳健将。"
DESCRIBE.YOTD_ANCHOR	我可不能让我的小船飞走了。	4814	物品名:"巨爪船锚"
DESCRIBE.YOTD_ANCHOR_ITEM	现在我能造出锚了。	4815	物品名:"巨爪船锚套装" 制造描述:"船锚的黄金标准。"
DESCRIBE.MAST_YOTD	满是鳞片的帆。	4816	物品名:"龙翼桅杆"
DESCRIBE.MAST_YOTD_ITEM	现在我能造出桅杆了。	4817	物品名:"龙翼桅杆套装" 制造描述:"制造这个桅杆时没有龙蝇受到伤害。"
DESCRIBE.BOAT_BUMPER_YOTD	和龙舟角力？你会尝到龙角的滋味。	4818	物品名:"獠牙保险杠"
DESCRIBE.BOAT_BUMPER_YOTD_KIT	一个即将到来的船用保险杠。	4819	物品名:"獠牙保险杠套装" 制造描述:"没有人敢招惹呲牙咧嘴的龙。"
DESCRIBE.BOATRACE_SEASTACK	浮标啊浮标！	4820	物品名:"黄金浮标"
DESCRIBE.BOATRACE_SEASTACK_THROWABLE_DEPLOYKIT	浮标啊浮标！	4821	物品名:"黄金浮标套装" 制造描述:"甲之浮标，乙之浮障。"
DESCRIBE.BOATRACE_SEASTACK_MONKEY	浮标啊浮标！	4822	物品名:"荆棘浮标"
DESCRIBE.BOATRACE_SEASTACK_MONKEY_THROWABLE_DEPLOYKIT	浮标啊浮标！	4823	物品名:"荆棘浮标套装"
DESCRIBE.MASTUPGRADE_LAMP_YOTD	快看，它一见到我眼睛都亮起来了！	4824	物品名:"龙蝇灯"
DESCRIBE.MASTUPGRADE_LAMP_ITEM_YOTD	我有的都是闪闪发光的好主意。	4825	物品名:"龙蝇灯套装" 制造描述:"用龙火照亮你的前路。"
DESCRIBE.WALKINGPLANK_YOTD	不管怎么装扮我在用它时都不会感觉良好。	4826	物品名:"龙鳞跳板"
DESCRIBE.CHESSPIECE_YOTD	光是看着它我就已经心跳加速了！	4827	物品名:"起点塔雕塑"
DESCRIBE.HEALINGSALVE_ACID	这个能解决不少问题。	4828	物品名:"黏糊糊的药膏" 制造描述:"杀不死你的东西会让你变得更强大。"
DESCRIBE.BEESWAX_SPRAY	我是闻到甲醛了吗？	4829	物品名:"防腐喷雾" 制造描述:"坚如磐石地守护植物的生命。"
DESCRIBE.WAXED_PLANT	它被冻结在了恐惧中！	4830	物品名:未找到
DESCRIBE.STORAGE_ROBOT.GENERIC	咱们别太自满了。	4833	物品名:"瓦器人"->默认
DESCRIBE.STORAGE_ROBOT.BROKEN	它坏掉了。	4834	物品名:"瓦器人"
DESCRIBE.SCRAP_MONOCLEHAT	有没有让我看起来更尊贵一点？	4836	物品名:"视界扩展器"
DESCRIBE.SCRAPHAT	帽尖几乎和我的头脑一样的……锐利！	4837	物品名:"拾荒尖帽"
DESCRIBE.FENCE_JUNK	丑虽丑，不过我不介意。	4838	物品名:"垃圾栅栏"
DESCRIBE.JUNK_PILE	要翻垃圾堆？我绝对不会拒绝。	4839	物品名:"垃圾堆"
DESCRIBE.JUNK_PILE_BIG.BLUEPRINT	这上面有些东西。	4842	物品名:"蓝图"
DESCRIBE.JUNK_PILE_BIG.GENERIC	随时可能倒塌。	4843	物品名:"摇摇欲坠的垃圾堆"->默认
DESCRIBE.ARMOR_LUNARPLANT_HUSK	它会给你身上扎根刺。	4845	物品名:"荆棘茄甲" 制造描述:"这次下次，浑身带刺。"
DESCRIBE.OTTER	你去找另外一只水獭看看。	4846	物品名:"水獭掠夺者"
DESCRIBE.OTTERDEN.GENERIC	除了一个水獭窝，再没什么别的了。	4849	物品名:"水獭掠夺者窝点"->默认
DESCRIBE.OTTERDEN.HAS_LOOT	这我得仔细看看。	4850	物品名:"水獭掠夺者窝点"
DESCRIBE.OTTERDEN_DEAD	水越来越多了。	4852	物品名:"拆毁的水獭掠夺者窝点"
DESCRIBE.BOAT_ANCIENT_ITEM	还是得用老法子来。	4853	物品名:"古董船套装"
DESCRIBE.BOAT_ANCIENT_CONTAINER	“货物”是水手们的黑话，意思就是 “东西”。	4854	物品名:"货舱"
DESCRIBE.WALKINGPLANK_ANCIENT	我们就不能造一艘救生船吗？	4855	物品名:"古董跳板"
DESCRIBE.ANCIENTTREE_SEED	世上没有惊喜，只有不全面的统计。	4856	物品名:"惊喜种子"
DESCRIBE.ANCIENTTREE_GEM.GENERIC	蔬菜与矿物质的化合物。奇特啊。	4859	物品名:"萌芽石"->默认
DESCRIBE.ANCIENTTREE_GEM.STUMP	这棵树已经被开采过了。	4860	物品名:"萌芽石"->暴食模式糖木树只剩树桩了
DESCRIBE.ANCIENTTREE_SAPLING_ITEM	我得把它种在对的地方。	4862	物品名:未找到
DESCRIBE.ANCIENTTREE_SAPLING.GENERIC	它在长大！我觉得？	4865	物品名:未找到
DESCRIBE.ANCIENTTREE_SAPLING.WRONG_TILE	这里给不了它所需的营养。	4866	物品名:未找到
DESCRIBE.ANCIENTTREE_SAPLING.WRONG_SEASON	它看起来很适合，但还没准备要生长。	4867	物品名:未找到
DESCRIBE.ANCIENTTREE_NIGHTVISION.GENERIC	请谨慎树用。	4871	物品名:"阴郁之棘"->默认
DESCRIBE.ANCIENTTREE_NIGHTVISION.STUMP	一截树桩。	4872	物品名:"阴郁之棘"->暴食模式糖木树只剩树桩了
DESCRIBE.ANCIENTFRUIT_GEM	树上新鲜掉下来的，还热着呢。	4874	物品名:"晶洞果"
DESCRIBE.ANCIENTFRUIT_NIGHTVISION	要是能少……抽搐一点就好了。	4875	物品名:"夜莓"
DESCRIBE.ANCIENTFRUIT_NIGHTVISION_COOKED	这下起码不抽搐了。	4876	物品名:"熟夜莓"
DESCRIBE.BOATPATCH_KELP	现在只能这样了。	4877	物品名:"海带补丁" 制造描述:"能保你的船不沉……多少能撑一会儿。"
DESCRIBE.CRABKING_MOB	你想蟹愤吗？	4878	物品名:"蟹卫"
DESCRIBE.CRABKING_MOB_KNIGHT	这壳是个大挑战。	4879	物品名:"蟹骑士"
DESCRIBE.CRABKING_CANNONTOWER	我就知道这些螃蟹会炮制点什么。	4880	物品名:"加农炮塔"
DESCRIBE.CRABKING_ICEWALL	我和那螃蟹之间隔了一道墙。	4881	物品名:"冰障"
DESCRIBE.SALTLICK_IMPROVED	光是看着它我就觉得口渴了。	4882	物品名:"美味舔盐块" 制造描述:"让您皮弗娄牛品尝到更精致的美食。"
DESCRIBE.OFFERING_POT.GENERIC	看起来好悲伤，一条海带都没……	4885	物品名:"食堂海带盘"->默认 制造描述:"一条小海带就能带动很大作用。"
DESCRIBE.OFFERING_POT.SOME_KELP	我觉得里面应该还能放一些海带进去。	4886	物品名:"食堂海带盘" 制造描述:"一条小海带就能带动很大作用。"
DESCRIBE.OFFERING_POT.LOTS_OF_KELP	海量的海带！	4887	物品名:"食堂海带盘" 制造描述:"一条小海带就能带动很大作用。"
DESCRIBE.OFFERING_POT_UPGRADED.GENERIC	看起来好悲伤，一条海带都没……	4891	物品名:"高级食堂海带盘"->默认 制造描述:"一大堆海带能带动更大的作用。"
DESCRIBE.OFFERING_POT_UPGRADED.SOME_KELP	我觉得里面应该还能放一些海带进去。	4892	物品名:"高级食堂海带盘" 制造描述:"一大堆海带能带动更大的作用。"
DESCRIBE.OFFERING_POT_UPGRADED.LOTS_OF_KELP	海量的海带！	4893	物品名:"高级食堂海带盘" 制造描述:"一大堆海带能带动更大的作用。"
DESCRIBE.MERM_ARMORY	上面写着“止给鱼人用。”	4895	物品名:"鱼人军械库" 制造描述:"没有一顶合适的头盔，人鱼就不应该冲锋陷阵。"
DESCRIBE.MERM_ARMORY_UPGRADED	上面写着“止给鱼人用。”	4896	物品名:"高级鱼人军械库" 制造描述:"专为对战斗头盔有独特品味的鱼人设计。"
DESCRIBE.MERM_TOOLSHED	这里头估计找不出什么科学的东西。	4897	物品名:"劣质工具棚" 制造描述:"鱼欲善其事，必先利其器。"
DESCRIBE.MERM_TOOLSHED_UPGRADED	这里头估计找不出什么科学的东西。	4898	物品名:"不那么劣质的工具棚" 制造描述:"最好的鱼工精神需要最好的工具。"
DESCRIBE.MERMARMORHAT	这个不适合我，这是一个鱼人头盔。	4899	物品名:"沼泽斗士头盔"
DESCRIBE.MERMARMORUPGRADEDHAT	这个不适合我，这是一个鱼人头盔。	4900	物品名:"沼泽战士头盔"
DESCRIBE.MERM_TOOL	啥都能干，但又干啥啥不行。	4901	物品名:"劣质工具"
DESCRIBE.MERM_TOOL_UPGRADED	这工具看起来有些可鱼。	4902	物品名:"不那么劣质的工具"
DESCRIBE.WURT_SWAMPITEM_SHADOW	简直恐怖……但别告诉她是我说的。	4903	物品名:"绝望投泥带" 制造描述:"为任何战斗带来主场优势，以及一些蠕动的援军。"
DESCRIBE.WURT_SWAMPITEM_LUNAR	看着它让我的头感觉怪怪的。	4904	物品名:"光芒投泥带" 制造描述:"让一声令人身心变异的巨响彻底改变战场和您无畏的追随者吧！"
DESCRIBE.MERM_SHADOW	这个影子是它从前的自我。	4905	物品名:"暗影鱼人"
DESCRIBE.MERMGUARD_SHADOW	这个影子是它从前的自我。	4906	物品名:"暗影鱼人守卫"
DESCRIBE.MERM_LUNAR	这是鱼人进化的下一个相位。	4907	物品名:"变异鱼人"
DESCRIBE.MERMGUARD_LUNAR	这是鱼人进化的下一个相位。	4908	物品名:"变异鱼人守卫"
DESCRIBE.SHADOW_BEEF_BELL	这家伙长得就像我旧的那个皮弗娄牛铃。	4909	物品名:"阴郁皮弗娄牛铃" 制造描述:"复活你的那个牛朋友。"
DESCRIBE.SADDLE_SHADOW	这让我想起了一些东西，呃。	4910	物品名:"梦魇鞍具" 制造描述:"抓住缰绳，统治战场。"
DESCRIBE.SHADOW_BATTLEAXE	哎呀！让我们放下恩怨。	4911	物品名:"暗影槌" 制造描述:"用这把大锤砍倒一切。"
DESCRIBE.VOIDCLOTH_BOOMERANG	我能了解一下这个的退回条款吗？	4912	物品名:"阴郁回旋镖" 制造描述:"它会一直回来！"
DESCRIBE.ROPE_BRIDGE_KIT	吊桥效应！	4913	物品名:"洞穴探险者的桥梁套件" 制造描述:"放下你的疑虑，跨过那个无底洞。"
DESCRIBE.GELBLOB.GENERIC	”咦~“就对了！	4916	物品名:"恶液"->默认
DESCRIBE.GELBLOB.HAS_ITEM	哦，我把东西落在这里了。	4917	物品名:"恶液"
DESCRIBE.GELBLOB.HAS_CHARACTER	有人陷入了困境。	4918	物品名:"恶液"
DESCRIBE.RABBITKING_AGGRESSIVE	它有兔子脾气！	4920	物品名:"暴戾兔王"
DESCRIBE.RABBITKING_PASSIVE	为善良欢呼！	4921	物品名:"和善兔王"
DESCRIBE.RABBITKING_LUCKY	为了科学得抓住它！	4922	物品名:"机缘兔子"
DESCRIBE.RABBITKINGMINION_BUNNYMAN	他们疯了！	4923	物品名:"皇家兔子警卫"
DESCRIBE.ARMOR_CARROTLURE	我喜欢紧密团结的盔甲。	4924	物品名:"胡萝卜外套" 制造描述:"穿上这件外套，兔人就会跳过来。"
DESCRIBE.RABBITKINGHORN	兔子们喜欢音乐。	4925	物品名:"挖洞兔号角" 制造描述:"随时随洞召唤兔子来保管你的东西。"
DESCRIBE.RABBITKINGHORN_CHEST	我会时不时地使用它。	4926	物品名:"便携式巢穴"
DESCRIBE.RABBITKINGSPEAR	这会带来很好的冲击力。	4927	物品名:"兔王棍"
DESCRIBE.RABBITHAT	这个帽子会把兔子放在你的头上。	4928	物品名:"洞穴花环" 制造描述:"从未如此悠闲的抓过兔子。"
DESCRIBE.WORM_BOSS	大虫子！	4929	物品名:"巨大洞穴蠕虫"
DESCRIBE.STONE_TABLE.GENERIC	我周期性地使用桌子。	4932	物品名:未找到
DESCRIBE.STONE_TABLE.HAS_ITEM	我周期性地使用桌子。	4933	物品名:未找到
DESCRIBE.STONE_CHAIR.GENERIC	我想坐在那张...石椅上！	4937	物品名:"石椅"->默认 制造描述:"可以坐的石椅。"
DESCRIBE.STONE_CHAIR.OCCUPIED	别人在坐着。	4938	物品名:"石椅"->被占领 制造描述:"可以坐的石椅。"
DESCRIBE.CARPENTRY_BLADE_MOONGLASS	就像我的头脑一样，剃刀般锋利！	4940	物品名:"月光玻璃锯片" 制造描述:"当普通刀片无法切割时使用。"
DESCRIBE.CHEST_MIMIC_REVEALED	可怕！太可怕了！	4941	物品名:"暴躁箱子"
DESCRIBE.GELBLOB_STORAGE.GENERIC	上面是空的。	4944	物品名:"恶液储存箱"->默认
DESCRIBE.GELBLOB_STORAGE.FULL	用来保持......新鲜？	4945	物品名:"恶液储存箱"->满了
DESCRIBE.GELBLOB_STORAGE_KIT	我会保存好自己的判断。	4947	物品名:"恶液储存箱套件" 制造描述:"这种致命的黑色果冻可以让您的易腐烂物品保持新鲜。"
DESCRIBE.GELBLOB_BOTTLE	我喜欢把东西装瓶放好。                            	4948	物品名:"恶液罐"
DESCRIBE.PLAYER_HOSTED.GENERIC	已经被占有了。	4951	物品名:"被附身的尸体"->默认
DESCRIBE.PLAYER_HOSTED.ME	我已经在疯狂的边上了。	4952	物品名:"被附身的尸体"
DESCRIBE.MASK_SAGEHAT	看起来很犀利。	4954	物品名:"贤者面具"
DESCRIBE.MASK_HALFWITHAT	看起来有些笨拙。	4955	物品名:"蠢人面具"
DESCRIBE.MASK_TOADYHAT	我是不是该配合一下？	4956	物品名:"马屁精面具"
DESCRIBE.SHADOWTHRALL_PARASITE	它让我的大脑发痒。	4957	物品名:"虚空面具"
DESCRIBE.PUMPKINCARVER	有没有人要参与一个顶瓜瓜的项目？	4958	物品名:未找到
DESCRIBE.SNOWMAN.GENERIC	不雪随便嬉笑！	4961	物品名:"雪人"->默认
DESCRIBE.SNOWMAN.SNOWBALL	真是个会“滚”的高手！	4962	物品名:"雪人"
DESCRIBE.SNOWBALL_ITEM	绝不会抛弃这个机会……	4964	物品名:"雪球"
DESCRIBE.YOTS_SNAKESHRINE.GENERIC	它洋溢着美好的前景！	4967	物品名:"洞穴蠕虫神龛"->默认 制造描述:"向饥饿的洞穴蠕虫献上供品。"
DESCRIBE.YOTS_SNAKESHRINE.EMPTY	它有怪兽般的吞噬欲。	4968	物品名:"洞穴蠕虫神龛" 制造描述:"向饥饿的洞穴蠕虫献上供品。"
DESCRIBE.YOTS_SNAKESHRINE.BURNT	薇洛！	4969	物品名:"洞穴蠕虫神龛"->烧焦的 制造描述:"向饥饿的洞穴蠕虫献上供品。"
DESCRIBE.YOTS_WORM	它来自浅层的深渊。	4971	物品名:"镀金洞穴蠕虫"
DESCRIBE.YOTS_LANTERN_POST.GENERIC	柱定在那里。	4974	物品名:"喜庆灯笼柱"->默认 制造描述:"一根喜庆的灯柱，用于串起灯笼。"
DESCRIBE.YOTS_LANTERN_POST.BURNT	柱子的未来完成时。	4975	物品名:"喜庆灯笼柱"->烧焦的 制造描述:"一根喜庆的灯柱，用于串起灯笼。"
DESCRIBE.YOTS_LANTERN_POST_ITEM	柱定在哪里？	4977	物品名:"喜庆灯笼柱套装" 制造描述:"一根喜庆的灯柱，用于串起灯笼。"
DESCRIBE.CHESSPIECE_DEPTHWORM	是条蠕虫，没跑了。	4978	物品名:未找到
DESCRIBE.GHOSTLYELIXIR_LUNAR	嗯，对。非常科学。	4979	物品名:"光之怒" 制造描述:"阿比盖尔将挥出外位面的一击。"
DESCRIBE.GHOSTLYELIXIR_SHADOW	嗯，对。非常科学。	4980	物品名:"诅咒之苦" 制造描述:"好像被鬼打还不够倒霉似的。"
DESCRIBE.SLINGSHOTMODKIT	沃尔特真是拼尽全力了。	4981	物品名:"弹弓野外作业包" 制造描述:"弹弓射击是一项严肃的活动。"
DESCRIBE.SLINGSHOT_BAND_PIGSKIN	沃尔特真是拼尽全力了。	4982	物品名:"猪皮弹弓皮筋" 制造描述:"打远点！"
DESCRIBE.SLINGSHOT_BAND_TENTACLE	沃尔特真是拼尽全力了。	4983	物品名:"甩尾弹弓皮筋" 制造描述:"再打远点！"
DESCRIBE.SLINGSHOT_BAND_MIMIC	沃尔特真是拼尽全力了。	4984	物品名:"附身弹弓皮筋"
DESCRIBE.SLINGSHOT_FRAME_BONE	沃尔特真是拼尽全力了。	4985	物品名:"骨制弹弓框" 制造描述:"更多的弹药？是，好的！"
DESCRIBE.SLINGSHOT_FRAME_GEMS	沃尔特真是拼尽全力了。	4986	物品名:"铥矿弹弓框" 制造描述:"一点这个，一点那个！"
DESCRIBE.SLINGSHOT_FRAME_WAGPUNK_0	沃尔特真是拼尽全力了。	4987	物品名:"废料弹弓框" 制造描述:"你以为自己是把大弹弓了？"
DESCRIBE.SLINGSHOT_FRAME_WAGPUNK	沃尔特真是拼尽全力了。	4988	物品名:"加量废料弹弓框" 制造描述:"拥抱你囤积弹药的欲望吧！"
DESCRIBE.SLINGSHOT_HANDLE_STICKY	沃尔特真是拼尽全力了。	4989	物品名:"粘性弹弓手柄" 制造描述:"粘上你的弹弓吧。"
DESCRIBE.SLINGSHOT_HANDLE_JELLY	沃尔特真是拼尽全力了。	4990	物品名:"蜂王浆弹弓手柄" 制造描述:"最黏的手柄！"
DESCRIBE.SLINGSHOT_HANDLE_SILK	沃尔特真是拼尽全力了。	4991	物品名:"弹弓手柄缠带" 制造描述:"打快点！"
DESCRIBE.SLINGSHOT_HANDLE_VOIDCLOTH	沃尔特真是拼尽全力了。	4992	物品名:"虚空弹弓手柄" 制造描述:"再打快点！"
DESCRIBE.WOBY_TREAT	这个零食恐怕不是给人吃的吧。	4993	物品名:"沃比零食" 制造描述:"专为沃比制作的耐放怪物肉饼干。"
DESCRIBE.BANDAGE_BUTTERFLYWINGS	都上绷带了，可得小心翼翼。	4994	物品名:"扑腾绷带" 制造描述:"用蝴蝶翅膀制作的绷带。"
DESCRIBE.PORTABLEFIREPIT_ITEM	终于可以随身带火了！专利待批。	4995	物品名:"便携营火" 制造描述:"专为冒险打造的营火——旅行时的完美之选！"
DESCRIBE.SLINGSHOTAMMO_CONTAINER	它充满了潜在……能量！	4996	物品名:"弹药袋" 制造描述:"既有实用价值又有战术价值。"
DESCRIBE.ELIXIR_CONTAINER	与其说是篮子，不如说是殡仪员的袋子。	4997	物品名:"野餐盒" 制造描述:"能装阿比盖尔所有的零食。"
DESCRIBE.GHOSTFLOWERHAT	这个让我觉得口渴。	4998	物品名:"幽魂花冠" 制造描述:"像鬼魂一样思考，像鬼魂一样喝药。"
DESCRIBE.WENDY_RESURRECTIONGRAVE	古怪却让人安心！	4999	物品名:"多年生植物祭坛" 制造描述:"死亡仅仅是一次不便。"
DESCRIBE.GRAVEURN.GENERIC	这个骨灰瓮缺少灵魂。	5002	物品名:"灵魂容器"->默认 制造描述:"将灵魂移动到新的位置。"
DESCRIBE.GRAVEURN.HAS_SPIRIT	这个灵魂找到了一个新家！	5003	物品名:"灵魂容器" 制造描述:"将灵魂移动到新的位置。"
DESCRIBE.SHALLOW_GRAVE	你死好过我死。	5005	物品名:"矮坟"
DESCRIBE.THULECITEBUGNET	有人抓到最新的蜂巢了吗？	5006	物品名:"铥矿捕虫网" 制造描述:"用古老的方式捕捉虫子。"
DESCRIBE.DECK_OF_CARDS	我们要玩全套吗？	5007	物品名:"牌堆"
DESCRIBE.PLAYING_CARD	还差51张就够凑齐一副牌了。	5008	物品名:"扑克牌"
DESCRIBE.BALATRO_MACHINE	我来玩一局吧。	5009	物品名:"小丑"
DESCRIBE.GESTALT_CAGE.GENERIC	可恶，是空的。	5012	物品名:"幻灵捕获机"->默认 制造描述:"真伪科学的结合，用来捕捉特定实体。"
DESCRIBE.GESTALT_CAGE.FILLED	有人占着呢。	5013	物品名:"幻灵捕获机" 制造描述:"真伪科学的结合，用来捕捉特定实体。"
DESCRIBE.WAGBOSS_ROBOT_SECRET	真迷人！	5015	物品名:"未公开构造体"
DESCRIBE.WAGBOSS_ROBOT	迷人啊！	5016	物品名:"战争瓦器人"
DESCRIBE.WAGBOSS_ROBOT_POSSESSED	有人试过关机重启吗？	5017	物品名:"启迪战争瓦器人"
DESCRIBE.WAGBOSS_ROBOT_LEG	它还站了一阵子！	5018	物品名:"战争瓦器人腿 "
DESCRIBE.ALTERGUARDIAN_PHASE1_LUNARRIFT	你看起来相同但又不同。	5019	物品名:"天体仇灵"
DESCRIBE.ALTERGUARDIAN_PHASE1_LUNARRIFT_GESTALT	这应该就是他想要的了。	5020	物品名:"纯粹虚影"
DESCRIBE.ALTERGUARDIAN_PHASE4_LUNARRIFT	你破坏的科学还不够多吗？！	5021	物品名:"天体后裔"
DESCRIBE.WAGDRONE_ROLLING.GENERIC	它们就这么转啊转个不停。	5024	物品名:"螨地爬"->默认
DESCRIBE.WAGDRONE_ROLLING.INACTIVE	我们应该带它去旋一圈。	5025	物品名:"螨地爬"->没有激活
DESCRIBE.WAGDRONE_ROLLING.DAMAGED	我可以修理它，或者回收零件。	5026	物品名:"螨地爬"
DESCRIBE.WAGDRONE_ROLLING.FRIENDLY	旋转赢大奖！	5027	物品名:"螨地爬"
DESCRIBE.WAGDRONE_FLYING.GENERIC	活像地狱里爬出来的机器。	5031	物品名:"黄莺"->默认
DESCRIBE.WAGDRONE_FLYING.INACTIVE	我们应该带它去旋一圈。	5032	物品名:"黄莺"->没有激活
DESCRIBE.WAGDRONE_FLYING.DAMAGED	它损坏得太厉害修不了了，但我可以回收零件。	5033	物品名:"黄莺"
DESCRIBE.WAGDRONE_PARTS	这下我就可以让事情往积极的方向运转了。	5035	物品名:"陀螺传导核心"
DESCRIBE.WAGDRONE_BEACON	这将有助于把东西控制住。	5036	物品名:"螨地爬屏障柱"
DESCRIBE.WAGPUNK_WORKSTATION	开始工作吧！	5037	物品名:"概念制造器"
DESCRIBE.WAGPUNK_LEVER	是时候改变一下了。	5038	物品名:"杠杆选择器"
DESCRIBE.WAGPUNK_FLOOR_KIT	这是什么地面？	5039	物品名:"基底扩展器" 制造描述:"让海洋变小！永久有效。请遵循使用限制。"
DESCRIBE.WAGPUNK_CAGEWALL	不成墙便成仁！	5040	物品名:"动能场扩展器"
DESCRIBE.WAGSTAFF_ITEM_1	奇怪，这手套不是投影。	5041	物品名:"手套"
DESCRIBE.WAGSTAFF_ITEM_2	这剪贴板竟是……真的。	5042	物品名:"剪贴板"
DESCRIBE.HERMITCRAB_RELOCATION_KIT	螃蟹的新家将会是完美水瓶。	5043	物品名:"隐士迁居套装" 制造描述:"隐士在哪，家就在哪……搬家。"
DESCRIBE.WANDERINGTRADER.REVEALED	交易以后，我们就牛转成朋友吗？	5046	物品名:"怪皮弗娄牛"
DESCRIBE.WANDERINGTRADER.GENERIC	这皮弗娄牛长得可真奇怪。	5047	物品名:"怪皮弗娄牛"->默认
DESCRIBE.GESTALT_GUARD_EVOLVED	这些家伙的个性挺炸。	5049	物品名:"敌意虚影"
DESCRIBE.FLOTATIONCUSHION	啊，浮力！	5050	物品名:"个人漂浮装置" 制造描述:"从此永不沉没。你能怎么样，海洋！"
DESCRIBE.LUNAR_SEED	这曾是它王冠的一部分。	5051	物品名:"天体珠宝"
DESCRIBE.WAGBOSS_ROBOT_CONSTRUCTIONSITE	暂时被盖起来了。	5052	物品名:"战争瓦器人底座"
DESCRIBE.WAGBOSS_ROBOT_CONSTRUCTIONSITE_KIT	大机器人真的分装成了小包。	5053	物品名:"战争瓦器人底座套装" 制造描述:"先建造。后面再后悔。"
DESCRIBE.WAGBOSS_ROBOT_CREATION_PARTS	碎片到处散落！	5054	物品名:"战争瓦器人零件" 制造描述:"用一块块零件亲手拼出属于你自己的战争机器。"
DESCRIBE.MOONSTORM_STATIC_CATCHER	里面什么都没。	5055	物品名:"静电约束仪" 制造描述:"全方位捕捉静电。"
DESCRIBE.COOLANT	它的气泡里充满了可能性！	5056	物品名:"核化液"
DESCRIBE.FENCE_ELECTRIC.LINKED	嗷，它找到连接了。	5059	物品名:"麻刺节点" 制造描述:"高效到令人酥麻的解决方案：不论是要遏制你自己……或者他人。"
DESCRIBE.FENCE_ELECTRIC.GENERIC	单独使用无法发挥功能。	5060	物品名:"麻刺节点"->默认 制造描述:"高效到令人酥麻的解决方案：不论是要遏制你自己……或者他人。"
DESCRIBE.FENCE_ELECTRIC_ITEM	它不是树，但是得栽到地里。	5062	物品名:"麻刺节点" 制造描述:"高效到令人酥麻的解决方案：不论是要遏制你自己……或者他人。"
DESCRIBE.MUTATEDBIRD	这应该是稀世奇禽。	5063	物品名:"亮喙鸟"
DESCRIBE.BIRDCORPSE.GENERIC	实乃禽兽。	5066	物品名:未找到
DESCRIBE.BIRDCORPSE.BURNING	这才叫真正的火鸟。	5067	物品名:未找到
DESCRIBE.BIRDCORPSE.REVIVING	它正在变成新物种！	5068	物品名:未找到
DESCRIBE.BUZZARDCORPSE.GENERIC	实乃禽兽。	5072	物品名:未找到
DESCRIBE.BUZZARDCORPSE.BURNING	这才叫真正的火鸟。	5073	物品名:未找到
DESCRIBE.BUZZARDCORPSE.REVIVING	它正在变成新物种！	5074	物品名:未找到
DESCRIBE.MUTATEDBUZZARD_GESTALT.GENERIC	我欣赏它对死亡的专注。	5078	物品名:"水晶冠秃鹫"->默认
DESCRIBE.MUTATEDBUZZARD_GESTALT.EATING_CORPSE	不要介意我……进一口腐肉吧。	5079	物品名:"水晶冠秃鹫"
DESCRIBE.SHADOWTHRALL_CENTIPEDE.HEAD	头还是头？	5083	物品名:"巨荒蜈"
DESCRIBE.SHADOWTHRALL_CENTIPEDE.BODY	太可怕了！	5084	物品名:"巨荒蜈"
DESCRIBE.SHADOWTHRALL_CENTIPEDE.FLIPPED	底朝天了！	5085	When it's flipped over (either head or body segment)  -- 物品名:"巨荒蜈"
DESCRIBE.TREE_ROCK.BURNING	它的树干好像有点过热了。	5089	It's vines are burning, it will collapse  -- 物品名:"巨石枝"->正在燃烧
DESCRIBE.TREE_ROCK.CHOPPED	它缺少了支撑。	5090	It's 'chopped', so the rock fell  -- 物品名:"巨石枝"->被砍了
DESCRIBE.TREE_ROCK.GENERIC	在我看来像是蔓藤。	5091	物品名:"巨石枝"->默认
DESCRIBE.CAVE_VENT_ROCK.GENERIC	我也搞不清楚它朝哪排气。	5095	物品名:"喷气孔"->默认
DESCRIBE.CAVE_VENT_ROCK.HOT	氛围越来越火热。	5096	物品名:"中暑"->热了
DESCRIBE.CAVE_VENT_ROCK.GAS	那个在排气。	5097	物品名:"喷气孔"
DESCRIBE.CAVE_VENT_ROCK.MIASMA	我哮喘怎么办？	5098	物品名:"瘴气"
DESCRIBE.CAVE_FERN_WITHERED	一株枯萎的蕨类植物。	5100	物品名:"枯萎的蕨类"
DESCRIBE.FLOWER_CAVE_WITHERED	暗淡的球茎。	5101	物品名:"枯萎的荧光花"
DESCRIBE.ABYSSPILLAR_MINION.GENERIC	还好只是一座雕像。	5104	物品名:"追随者"->默认
DESCRIBE.ABYSSPILLAR_MINION.ACTIVATED	真没创意！	5105	物品名:"追随者"
DESCRIBE.ABYSSPILLAR_TRIAL	那有个拉杆。	5107	物品名:"杠杆"
DESCRIBE.VAULT_TELEPORTER.GENERIC	心动不如行动。	5110	物品名:"圣殿路标"->默认
DESCRIBE.VAULT_TELEPORTER.BROKEN	它坏掉了。	5111	物品名:"圣殿路标"
DESCRIBE.VAULT_TELEPORTER.UNPOWERED	得给它充个能。	5112	物品名:"圣殿路标"
DESCRIBE.VAULT_TELEPORTER_UNDERCONSTRUCTION	“此路标是未来更新的内容，目前正在开发中。”	5114	物品名:未找到
DESCRIBE.VAULT_ORB	求它能发挥作用吧。	5115	物品名:"传送宝珠"
DESCRIBE.VAULT_LOBBY_EXIT	这是出口孔？	5116	物品名:"裂口"
DESCRIBE.VAULT_CHANDELIER_BROKEN	没光了。	5117	物品名:"圣殿华灯"
DESCRIBE.ANCIENT_HUSK	这里发生过不好的事情。	5118	物品名:"远古遗骸"
DESCRIBE.MASK_ANCIENT_HANDMAIDHAT	我可不想惹她。	5119	物品名:"鞘翅面具"
DESCRIBE.MASK_ANCIENT_ARCHITECTHAT	看不出哪里像。	5120	物品名:"远见者面具"
DESCRIBE.MASK_ANCIENT_MASONHAT	这个看上去比其他的重。	5121	物品名:"工匠面具"
DESCRIBE.TREE_ROCK_SEED	这是一颗种子。	5122	物品名:"巨石枝种子"
DESCRIBE.TREE_ROCK_SAPLING	坚如磐石的小苗。	5123	物品名:"巨石枝树苗"
DESCRIBE.OCEANWHIRLBIGPORTALEXIT	海上碎屑。	5124	物品名:"海洋漂浮物"
DESCRIBE.VAULT_TORCH.GENERIC	这是灯的开关吗？	5127	物品名:"谜之火焰"->默认
DESCRIBE.VAULT_TORCH.BROKEN	开关看似已坏。	5128	物品名:"谜之火焰"
DESCRIBE.CAVE_VENT_MITE.DEAD	断气了！	5132	物品名:"地热螨"->死了
DESCRIBE.CAVE_VENT_MITE.GENERIC	这是什螨玩意？	5133	物品名:"地热螨"->默认
DESCRIBE.CAVE_VENT_MITE.SLEEPING	当心，它螨可能醒的。	5134	物品名:"地热螨"->睡着了
DESCRIBE.CAVE_VENT_MITE.VENTING	它正喷发狂怒！	5135	物品名:"地热螨"
DESCRIBE.PUMPKINHAT.GENERIC	好空洞的表情。	5139	物品名:"无面南瓜"->默认 制造描述:"给南瓜刻好脸后戴在头上是再自然不过的事情。"
DESCRIBE.PUMPKINHAT.UNCARVED	它没脸呀，我不戴。	5140	can't wear it unless it's carved.  -- 物品名:"无面南瓜" 制造描述:"给南瓜刻好脸后戴在头上是再自然不过的事情。"
DESCRIBE.PENGUINCORPSE.GENERIC	实乃禽兽。	5144	物品名:未找到
DESCRIBE.PENGUINCORPSE.BURNING	这才叫真正的火鸟。	5145	物品名:未找到
DESCRIBE.PENGUINCORPSE.REVIVING	它正在变成新物种！	5146	物品名:未找到
DESCRIBE.SPIDERCORPSE.GENERIC	恶心！	5150	物品名:未找到
DESCRIBE.SPIDERCORPSE.BURNING	这下好多了。	5151	物品名:未找到
DESCRIBE.SPIDERCORPSE.REVIVING	简直大错特错。	5152	物品名:未找到
DESCRIBE.SPIDERQUEENCORPSE.GENERIC	呃！我觉得恶心。	5156	物品名:未找到
DESCRIBE.SPIDERQUEENCORPSE.BURNING	这下好多了。	5157	物品名:未找到
DESCRIBE.SPIDERQUEENCORPSE.REVIVING	这下糟了。	5158	物品名:未找到
DESCRIBE.MERMCORPSE.GENERIC	一个鱼人死了。	5162	物品名:未找到
DESCRIBE.MERMCORPSE.BURNING	这气味太糟糕了。	5163	物品名:未找到
DESCRIBE.MERMCORPSE.REVIVING	死鱼人醒过来了！	5164	物品名:未找到
DESCRIBE.GENERIC_CORPSE.GENERIC	确定死掉了。	5168	物品名:未找到
DESCRIBE.GENERIC_CORPSE.BURNING	这下不会再回来了。	5169	物品名:未找到
DESCRIBE.GENERIC_CORPSE.REVIVING	年年有今日。	5170	物品名:未找到
DESCRIBE.HERMITHOTSPRING.BOMBED	放松的完美公式。	5174	物品名:"珍珠的温泉"
DESCRIBE.HERMITHOTSPRING.GENERIC	能泡下这身疲倦的身骨该多好。	5175	物品名:"珍珠的温泉"->默认
DESCRIBE.HERMITHOTSPRING.EMPTY	水呢？	5176	物品名:"珍珠的温泉"
DESCRIBE.HERMITHOTSPRING_CONSTR	还在建设中。	5178	物品名:"温泉" 制造描述:"去珍珠的海边小院泡一泡吧。"
DESCRIBE.MEATRACK_HERMIT_MULTI.DONE	肉干可以吃了！	5181	物品名:"晾肉巨架"->完成了 制造描述:"珍珠的私人晾肉架还有空位！"
DESCRIBE.MEATRACK_HERMIT_MULTI.DRYING	风干需要时间。	5182	物品名:"晾肉巨架"->正在风干 制造描述:"珍珠的私人晾肉架还有空位！"
DESCRIBE.MEATRACK_HERMIT_MULTI.DRYINGINRAIN	雨天风干更费时。	5183	物品名:"晾肉巨架"->雨天风干 制造描述:"珍珠的私人晾肉架还有空位！"
DESCRIBE.MEATRACK_HERMIT_MULTI.GENERIC	风干正当时。	5184	物品名:"晾肉巨架"->默认 制造描述:"珍珠的私人晾肉架还有空位！"
DESCRIBE.MEATRACK_HERMIT_MULTI.BURNT	晾肉架烧掉了。	5185	物品名:"晾肉巨架"->烧焦的 制造描述:"珍珠的私人晾肉架还有空位！"
DESCRIBE.MEATRACK_HERMIT_MULTI.DONE_NOTMEAT	实验术语里，我们管它叫“干燥”。	5186	物品名:"晾肉巨架" 制造描述:"珍珠的私人晾肉架还有空位！"
DESCRIBE.MEATRACK_HERMIT_MULTI.DRYING_NOTMEAT	风干可算不上科学。	5187	物品名:"晾肉巨架" 制造描述:"珍珠的私人晾肉架还有空位！"
DESCRIBE.MEATRACK_HERMIT_MULTI.DRYINGINRAIN_NOTMEAT	雨啊，快走开。想下，改天来。	5188	物品名:"晾肉巨架" 制造描述:"珍珠的私人晾肉架还有空位！"
DESCRIBE.MEATRACK_HERMIT_MULTI.DONE_SALT	钠么咸。	5189	物品名:"晾肉巨架" 制造描述:"珍珠的私人晾肉架还有空位！"
DESCRIBE.MEATRACK_HERMIT_MULTI.ABANDONED	它努力干过了。	5190	物品名:"晾肉巨架" 制造描述:"珍珠的私人晾肉架还有空位！"
DESCRIBE.HERMITHOUSE_ORNAMENT	多么悦耳。	5192	物品名:"风铃" 制造描述:"用海边小饰物给珍珠的小窝添点趣味。"
DESCRIBE.HERMITHOUSE_LAUNDRY	我要不要提醒她，还是装作没看见？	5193	物品名:未找到
DESCRIBE.PETALS_DRIED	干得漂亮。	5194	物品名:"干花瓣"
DESCRIBE.PETALS_EVIL_DRIED	干得漂亮。	5195	物品名:"干深色花瓣"
DESCRIBE.FOLIAGE_DRIED	干得漂亮。	5196	物品名:"乾蕨葉"
DESCRIBE.SUCCULENT_PICKED_DRIED	干得漂亮。	5197	物品名:"干多肉"
DESCRIBE.FIRENETTLES_DRIED	干得漂亮。	5198	物品名:"干火荨麻叶"
DESCRIBE.TILLWEED_DRIED	干得漂亮。	5199	物品名:"干犁地草"
DESCRIBE.MOON_TREE_BLOSSOM_DRIED	干得漂亮。	5200	物品名:"干月树花"
DESCRIBE.FORGETMELOTS_DRIED	干得漂亮。	5201	物品名:"干必忘我"
DESCRIBE.HERMITCRABTEA_PETALS	嗯……一杯甜甜的安神茶。	5202	物品名:"花瓣茶" 制造描述:"回神茶，能把理智从崩溃边缘拉回来。"
DESCRIBE.HERMITCRABTEA_PETALS_EVIL	登疯燥极的茶！	5203	物品名:"深色花瓣茶" 制造描述:"小口喝，温柔地滑入疯狂。"
DESCRIBE.HERMITCRABTEA_FOLIAGE	别担心，我不会狂喝不止。	5204	物品名:"蕨叶茶" 制造描述:"加固心神，对抗那些碎脑子的生物。"
DESCRIBE.HERMITCRABTEA_SUCCULENT_PICKED	我要留着去沙漠喝。	5205	物品名:"多肉茶" 制造描述:"想酷就喝这个。"
DESCRIBE.HERMITCRABTEA_FIRENETTLES	此处应该有“高温”警告。	5206	物品名:"火荨麻茶" 制造描述:"给你肚子里添把火，至少也能暖暖身子。"
DESCRIBE.HERMITCRABTEA_TILLWEED	为健康小小干一杯！	5207	物品名:"犁地草茶" 制造描述:"尝起来很健康！美味！"
DESCRIBE.HERMITCRABTEA_MOON_TREE_BLOSSOM	不是我要点出残缺，但这味道有点“蜡”。	5208	物品名:"月树花茶" 制造描述:"和月岛本地人们打成一片。"
DESCRIBE.HERMITCRABTEA_FORGETMELOTS	它还真融化了我的疯狂。	5209	物品名:"必忘我茶" 制造描述:"一壶浓茶，提振你支离破碎的心神。"
DESCRIBE.SHELLWEAVER	我盐究制作点有用的东西。	5210	物品名:"盐晶组合机" 制造描述:"撒点盐就能制作出东西。"
DESCRIBE.ICESTAFF2	带有免费的冻结升级！	5211	物品名:"闪冻魔杖" 制造描述:"把他们冻晕！"
DESCRIBE.ICESTAFF3	更加强大的制冰效果。	5212	物品名:"深冻魔杖" 制造描述:"让他们结冰！"
DESCRIBE.NONSLIPGRIT	不抓眼球，专抓脚！	5213	物品名:"防滑粉" 制造描述:"不会让你一失足成千古恨。"
DESCRIBE.NONSLIPGRITBOOSTED	现在我们真的稳了！	5214	物品名:"防滑颗粒" 制造描述:"再铺一层路面，抓地更稳。"
DESCRIBE.DESICCANT	就是干干干！	5215	物品名:"小包干燥剂" 制造描述:"除湿很重要！"
DESCRIBE.DESICCANTBOOSTED	让我干爽无比！	5216	物品名:"大包干燥剂" 制造描述:"有了它吸水，就用不到你了！"
DESCRIBE.HERMITCRAB_SHELL	壳以去珍珠那了吗？	5217	物品名:"搬运海螺" 制造描述:"最后一个到珍珠家的是臭鱼蛋！"
DESCRIBE.SALTY_DOGHAT	附赠友谊的小船。	5218	物品名:"咸狗帽" 制造描述:"一顶老水手的帽子，附赠一个咸咸的伙伴。"
DESCRIBE.SALTY_DOG	谁是最骄傲的小海豹？	5219	物品名:"咸狗"
DESCRIBE.HERMITCRAB_TEASHOP.GENERIC	店空茶也空。	5222	物品名:"珍珠的茶店"->默认 制造描述:"没有一杯珍珠的茶解决不了的事。"
DESCRIBE.HERMITCRAB_TEASHOP.ACTIVE	茶点时间！	5223	物品名:"珍珠的茶店"->激活了 制造描述:"没有一杯珍珠的茶解决不了的事。"
DESCRIBE.HERMITCRAB_TEASHOP.BREWING	我花了大价钱让她沏茶。	5224	A trade just happened and she's brewing the tea!|  -- 物品名:"珍珠的茶店" 制造描述:"没有一杯珍珠的茶解决不了的事。"
DESCRIBE.HERMITCRAB_TEASHOP.BURNT	她的店被烤成吐司了。	5225	物品名:"珍珠的茶店"->烧焦的 制造描述:"没有一杯珍珠的茶解决不了的事。"
DESCRIBE.FISHMEAT_DRIED	那条鱼太有干货了。	5227	物品名:"鱼肉干"
DESCRIBE.FISHMEAT_SMALL_DRIED	那条鱼太有干货了。	5228	物品名:"小鱼干"
DESCRIBE.HERMITCRAB_LIGHTPOST.GENERIC	它们确实能点亮气氛。	5231	物品名:"珍珠的灯柱"->默认 制造描述:"为海边庇护所营造氛围！"
DESCRIBE.HERMITCRAB_LIGHTPOST.ABANDONED	太悲伤了，我受不了。	5232	物品名:"珍珠的灯柱" 制造描述:"为海边庇护所营造氛围！"
DESCRIBE.HERMITCRAB_LIGHTPOST_ITEM	我们来串起一些氛围灯吧。	5234	物品名:"珍珠的灯柱套装"
DESCRIBE.YOTH_KNIGHTSHRINE.GENERIC	我已经开足马力了。	5237	物品名:"发条骑士神龛"->默认 制造描述:"向嗡嗡作响的发条骑士献上供品。"
DESCRIBE.YOTH_KNIGHTSHRINE.EMPTY	我要是不给供品它就冷落我。	5238	物品名:"发条骑士神龛" 制造描述:"向嗡嗡作响的发条骑士献上供品。"
DESCRIBE.YOTH_KNIGHTSHRINE.BURNT	马就算烧成灰也不是驴。	5239	物品名:"发条骑士神龛"->烧焦的 制造描述:"向嗡嗡作响的发条骑士献上供品。"
DESCRIBE.MASK_PRINCESSHAT	你好，公主！	5241	物品名:"公主面具"
DESCRIBE.COSTUME_PRINCESS_BODY	别理会任何马后炮。	5242	物品名:"公主服"
DESCRIBE.PLAYBILL_THE_PRINCESS_YOTH	你蹄验过这个了吗？	5243	物品名:"《我的四骑士与我》\n舞台剧"
DESCRIBE.KNIGHT_YOTH.GENERIC	少打马虎眼瞎闹！	5246	Generic quote. It's aggressive.  -- 物品名:"镀金骑士"->默认
DESCRIBE.KNIGHT_YOTH.FOLLOWING	好骑士！	5247	物品名:"镀金骑士"
DESCRIBE.KNIGHT_YOTH.FOLLOWING_OTHER	现在谁领头？你听说了吗？	5248	物品名:"镀金骑士"
DESCRIBE.YOTH_KNIGHTHAT	我戴会不会像匹小马驹？	5250	物品名:"镀金骑士头盔"
DESCRIBE.ARMOR_YOTH_KNIGHT	一堆疑问像马鞍一样重压着我。	5251	物品名:"镀金骑士胸甲"
DESCRIBE.HORSESHOE	留着它没准有马蹄铁的好运。	5252	物品名:"幸运马蹄铁"
DESCRIBE.YOTH_LANCE	可别误以为我是骑枪不离手的兰斯洛特。	5253	物品名:"冲锋骑枪"
DESCRIBE.FLOATINGLANTERN.DEFLATED	确认泄气了！	5256	物品名:"天灯" 制造描述:"从高处发出温暖而让人安心的光芒。"
DESCRIBE.FLOATINGLANTERN.HELD	诀窍就是要放手。	5257	物品名:"天灯"->拿在手里 制造描述:"从高处发出温暖而让人安心的光芒。"
DESCRIBE.FLOATINGLANTERN.GENERIC	这不就亮了！	5258	物品名:"天灯"->默认 制造描述:"从高处发出温暖而让人安心的光芒。"
DESCRIBE.YOTH_KNIGHTSTICK	任我驰骋吧！	5260	物品名:"滑稽马" 制造描述:"骏马奔驰。"
DESCRIBE.YOTH_CHAIR_ROCKING_ITEM	坐上去颠得很！	5261	物品名:"摇摇马套装" 制造描述:"坐上去摇一摇，享受一场停留在原地的旅程。"
DESCRIBE_GENERIC	这是某种...东西。	5263	检查物品描述的缺省值
DESCRIBE_TOODARK	太黑了，什么也看不见！	5264	天太黑
DESCRIBE_SMOLDERING	那东西快要着火了。	5265	冒烟
DESCRIBE_PLANTHAPPY	多么快乐的植物啊!	5266	检查植物 植物满足
DESCRIBE_PLANTVERYSTRESSED	这株植物似乎承受了很大的压力。	5267	检查植物 植物压力山大(没戴眼镜时检查)
DESCRIBE_PLANTSTRESSED	它有点暴躁。	5268	检查植物 植物有压力(没戴眼镜时检查)
DESCRIBE_PLANTSTRESSORKILLJOYS	我可能要除一下草……	5269	检查植物 有讨厌的(腐烂的大蔬菜、杂草、土壤杂物碎片)
DESCRIBE_PLANTSTRESSORFAMILY	我的科学结论是这株植物很孤独。	5270	检查植物 同类作物不足
DESCRIBE_PLANTSTRESSOROVERCROWDING	植物太多，地方太小。	5271	检查植物 过度拥挤
DESCRIBE_PLANTSTRESSORSEASON	这个季节对这株植物并不友好。	5272	检查植物 季节错误
DESCRIBE_PLANTSTRESSORMOISTURE	看起来有点脱水。	5273	检查植物 缺少水分
DESCRIBE_PLANTSTRESSORNUTRIENTS	这颗可怜的植物需要营养!	5274	检查植物 缺少养分
DESCRIBE_PLANTSTRESSORHAPPINESS	它想找人好好聊聊。	5275	检查植物 没聊天
EAT_FOOD.TALLBIRDEGG_CRACKED	嗯，鸟嘴。	5278	吃孵化的高脚鸟蛋
EAT_FOOD.WINTERSFEASTFUEL	它尝起来是节日的味道。	5279	吃冬季盛宴食物
