好吧，这就不太方便了。	Thôi vậy, thế này thì bất tiện rồi.
大门锁上了。	Cổng lớn đã khoá.
他现在好像有点忙。	Xem chừng hắn đang bận.
他就在附近。	Hắn ở ngay gần đây.
鸟儿看起来都飞走了。	Chim chóc hình như bay đi cả rồi.
糟糕，我还以为里面肯定会有好东西呢！	Hỏng rồi, ta cứ tưởng bên trong nhất định có đồ tốt chứ!
应该不会这么容易，要是再多几个小家伙就好了……	Chắc không dễ vậy đâu, giá mà có thêm mấy đứa nhỏ nữa……
周围没有很多地方可供它们藏身。	Quanh đây không có mấy chỗ cho chúng trốn.
我想今天就到此为止吧。	Hôm nay ta nghĩ dừng ở đây thôi.
他应该穿不上。	Hắn chắc mặc không vừa.
我需要一个枕头来战斗！	Ta cần một cái gối để đánh nhau!
我的毛绒玩具可没那么可怕。	Con thú bông của ta đâu đáng sợ đến thế.
只有鱼人才能召唤鱼人。	Chỉ người cá mới triệu được người cá.
这个味道有点大了。	Mùi này hơi nồng quá.
人家忙着呢。	Người ta đang bận.
我感觉不够好。	Ta thấy chưa đủ tốt.
不行，表面都变玻璃了。	Không được, bề mặt hoá thuỷ tinh cả rồi.
别浪费沐浴球。	Đừng phí bóng tắm.
放不下。	Không đặt vừa.
我已经有一只宠物了。	Ta đã có một con thú nuôi rồi.
我对自己的大虎专一投入，眼里根本没别人。	Ta một lòng với con hổ lớn của mình, trong mắt chẳng có ai khác.
我得再等等。	Ta phải đợi thêm.
我得快一点！	Ta phải nhanh lên!
我现在不想换。	Giờ ta không muốn đổi.
现在太危险了！	Bây giờ nguy hiểm quá!
它一次只能进行一种风格转变。	Nó mỗi lần chỉ đổi được một kiểu.
皮毛不够用来装扮。	Da lông không đủ để trang trí.
得在上面栓点东西。	Phải buộc cái gì đó lên trên.
难怪我不来电，早就没电了！	Thảo nào ta chẳng có điện, hết sạch từ lâu rồi!
满电状态！	Đầy điện!
这家伙太小了。	Con này nhỏ quá.
还不够沉。	Vẫn chưa đủ nặng.
有人抢先了。	Có người nhanh tay hơn rồi.
不匹配。	Không khớp.
我需要一些建造材料。	Ta cần ít vật liệu xây dựng.
哎呀，计划错误。	Ây da, tính sai rồi.
情况稳定下来之后它可能会出现。	Đợi mọi thứ yên ổn rồi nó có lẽ sẽ xuất hiện.
我现在做不了饭。	Giờ ta không nấu được.
好像我们有一样的想法。	Xem ra chúng ta nghĩ giống nhau.
太远了！	Xa quá!
空的。我准贝一会儿再试试。	Trống không. Lát nữa ta thử lại.
煮着东西呢，不能这样。	Đang nấu dở, không làm vậy được.
科学告诉我，我该等轮到我。	Khoa học bảo ta phải đợi đến lượt.
我得先把里面的东西弄走。	Ta phải dọn đồ bên trong ra trước.
如果我面前有这东西，就比较容易了。	Nếu trước mặt ta có thứ này thì dễ hơn nhiều.
出于某些原因，植物不喜欢咸水。	Vì lẽ gì đó, cây cối không ưa nước mặn.
不是海钓竿，不适合深海海钓。	Không phải cần câu biển, không hợp câu ngoài khơi sâu.
那东西没有去那里。	Thứ đó không đặt vào đấy được.
也许我该留着这个。	Có lẽ ta nên giữ lại cái này.
不省人事，无心牵挂。	Bất tỉnh nhân sự, chẳng còn vướng bận.
我马上再试试。	Ta thử lại ngay.
这值得一试。	Đáng để thử.
或许，这不是好主意。	Có lẽ đây không phải ý hay.
我不会把那东西粘上去的！	Ta sẽ không dán thứ đó lên đâu!
这个宝石在这里不起作用。	Viên bảo thạch này ở đây không có tác dụng.
它的形状有些不对。	Hình dạng nó có gì đó không đúng.
一颗蘑菇可能会有更多的用处。	Một cây nấm có lẽ dùng được nhiều việc hơn.
一块活木头可能会有更多的用处。	Một khúc gỗ sống có lẽ dùng được nhiều việc hơn.
这些蘑菇好像不愿意被种下去！	Mấy cây nấm này hình như không chịu để trồng!
我们已经把一些东西放在那里了。	Chúng ta đã đặt thứ gì đó ở đó rồi.
这儿已经有一顿饭了。	Chỗ này đã có một bữa rồi.
它肯定不想吃那个。	Nó chắc chắn không muốn ăn cái đó.
我们已经知道那个了。	Chuyện đó chúng ta biết rồi.
即使是科学也不能把那玩意变成雕像。	Ngay cả khoa học cũng chẳng biến thứ đó thành tượng được.
它不会复活。	Nó sẽ không sống lại.
组装不对。	Lắp không đúng.
我需要看到月亮才行。	Ta phải nhìn thấy mặt trăng mới được.
我得先清理一下。	Ta phải dọn dẹp trước đã.
现在这样太危险了。	Giờ mà làm vậy thì nguy hiểm quá.
现在已经太晚了。	Bây giờ đã quá muộn.
我需要去买代币。	Ta cần đi mua thẻ.
已经有游戏在进行中了。	Đã có ván đang chơi rồi.
我的口袋不能同时装下它们	Túi ta không chứa cùng lúc cả hai được
也许我应该用不同种类的燃料进行实验……	Có lẽ ta nên thử nghiệm với loại nhiên liệu khác……
树没长回来之前应该给不了东西。	Cây chưa mọc lại thì chắc chẳng cho được gì.
我不会说猴话。	Ta không biết nói tiếng khỉ.
她好像在忙。	Nàng ta hình như đang bận.
不对，不对。	Không đúng, không đúng.
你的口袋太满了！	Túi ngươi đầy quá rồi!
不省人事了。	Bất tỉnh rồi.
它似乎对科学讨论没有兴趣。	Xem ra nó chẳng hứng thú gì với chuyện khoa học.
我猜它只对鱼人有效。	Ta đoán nó chỉ hiệu nghiệm với người cá.
虽然它们不听我的，但是可能会听韦伯的。	Tuy chúng không nghe ta, nhưng có lẽ sẽ nghe Webber.
有铃铛就能和皮弗娄牛交友了。	Có chuông là kết bạn được với Beefalo.
我的皮弗娄牛伙计离我太远了。	Bạn Beefalo của ta ở xa quá.
我的皮弗娄牛已经拴好了。	Beefalo của ta buộc xong rồi.
我的皮弗娄牛看起来太好动了。	Beefalo của ta xem chừng hiếu động quá.
哎呦！	Ui da!
根本慢不下来！	Không tài nào chậm lại được!
失败是成功的进行时！	Thất bại là thành công đang diễn ra!
我已经选好了。	Ta chọn xong rồi.
我没有选手参赛。	Ta không có đấu thủ nào dự thi.
我还没笨到去惹一头愤怒的皮弗娄牛！	Ta chưa ngốc tới mức đi chọc một con Beefalo đang giận!
有人抢先骑上去了！	Có người cưỡi lên trước rồi!
该醒醒了！	Tỉnh dậy thôi!
这根钓竿不适合在池塘钓鱼。	Cần câu này không hợp câu ở ao.
烹饪水平还不够。	Tay nghề nấu nướng chưa đủ.
那可不是科学。	Cái đó đâu phải khoa học.
它是空的。	Nó trống không.
卡住了。	Kẹt rồi.
技能不够熟练，用不了。	Kỹ năng chưa thuần thục, dùng không được.
你可不是我的胡萝卜鼠。	Ngươi đâu phải con chuột cà rốt của ta.
噢，它咬我！	Ối, nó cắn ta!
我才不要碰。	Ta không thèm đụng vào.
不剩什么需要学的了。	Chẳng còn gì để học nữa.
我不想知道太多细节。	Ta không muốn biết quá nhiều chi tiết.
糟糕，没水了。	Hỏng rồi, hết nước.
我的浇水壶干了。	Bình tưới của ta cạn rồi.
那不太对吧。	Thế thì không ổn lắm.
它需要另一种碟子。	Nó cần một loại đĩa khác.
我只需要用一个碟子。	Ta chỉ cần dùng một cái đĩa.
太快了！	Nhanh quá!
时机不对！	Không đúng lúc!
别再犯了！	Đừng phạm lại nữa!
我不能那么做。	Ta không thể làm vậy.
他们在垃圾里埋头寻找。	Bọn chúng đang vùi đầu bới rác.
我不认为鱼人会为此感到高兴。	Ta không nghĩ người cá sẽ vui vì chuyện này.
此非我杯茶。	Đây không phải sở thích của ta.
调查终止……我无能为力。	Điều tra chấm dứt…… ta bất lực.
它生气时决不允许我那样做。	Lúc nó giận thì tuyệt không cho ta làm vậy.
我才不会在他醒着时去弄。	Ta không dại đụng vào lúc hắn còn thức.
我不能给那个剃毛！	Ta không cạo lông cái đó được!
光的连毛茬子也不剩！	Nhẵn đến gốc lông cũng chẳng còn!
我才不薅别人家皮弗娄牛的毛！	Ta không đi vặt lông Beefalo nhà người khác!
它逃走了。	Nó chạy mất rồi.
我肯定是漏掉了什么东西。	Chắc chắn ta bỏ sót thứ gì đó.
装满了。	Đầy rồi.
这东西不能装进那里。	Thứ này không nhét vào đó được.
我应该等轮到我的时候。	Ta nên đợi đến lượt mình.
我玩不了灵魂。	Ta không chơi với linh hồn được.
我已经知道那个了。	Chuyện đó ta biết rồi.
我无法学习那个。	Ta không học được cái đó.
这地图在这用不了。	Bản đồ này ở đây dùng không được.
光线太暗，我什么都看不到！	Tối quá, ta chẳng thấy gì cả!
没看到“X就是地点的标志”。那帮家伙准是忘记画了。	Chẳng thấy dấu “X là chỗ này” đâu. Bọn kia chắc quên vẽ rồi.
我做不到。	Ta làm không được.
我不可能做到！	Ta không thể làm nổi!
这头弗娄牛已经属于别人了。	Con Beefalo này đã thuộc về người khác.
我不需要整个牛群。	Ta không cần cả đàn.
这是别人的。	Cái này của người khác.
损坏太严重，无法修复。	Hỏng quá nặng, không sửa được.
哎呀！那不对。	Ây da! Không đúng rồi.
我有点忙！！	Ta hơi bận!!
我需要有东西来打包。	Ta cần thứ gì đó để gói lại.
我觉得它现在这样挺好。	Ta thấy nó thế này là ổn rồi.
只有能容纳一个涂鸦者的空间。	Chỗ này chỉ chứa được một người vẽ.
看来这里并不支持艺术。	Xem ra nơi này chẳng ưa nghệ thuật.
他可能忙着比别的比赛呢。	Hắn chắc đang bận thi cuộc khác.
他一定是游荡到别处去了。	Hắn hẳn đã lang thang đi đâu mất.
他忙着。	Hắn đang bận.
一个熟悉的样式……这个我已经掌握了！	Một kiểu quen thuộc…… cái này ta nắm rồi!
火焰正在灼伤我。	Lửa đang thiêu ta.
有人占着雪人呢！	Có người chiếm người tuyết rồi!
雪人可不能双戴帽！	Người tuyết đâu đội được hai mũ!
它太高了！	Nó cao quá!
我做不到！快要融化了！	Ta làm không được! Sắp tan chảy rồi!
可恶，我漏掉了。	Đáng ghét, ta bỏ lỡ mất.
无法置换位置。	Không đổi được vị trí.
我似乎缺少一些重要组件。	Xem ra ta thiếu vài bộ phận quan trọng.
这个需要投入更多科研！	Cái này cần đầu tư nghiên cứu thêm!
我现在制作不了。	Giờ ta chế không được.
水越来越多了。	Nước mỗi lúc một nhiều.
我不想淹死！	Ta không muốn chết đuối!
我感觉到事态的严重性！	Ta cảm nhận được chuyện đã nghiêm trọng!
它看起来已经好多了。	Xem chừng nó đã khá hơn nhiều.
嗯啊，本来就是那味道吗？	Ừm, vốn dĩ là vị đó sao?
这次不太顺利。我必须再试一次。	Lần này chưa suôn sẻ. Ta phải thử lại.
这野兽似乎受伤了。	Con thú này xem chừng bị thương.
蜜蜂！！！！	Ong!!!!
噢！我应该尽量接住它！	Ối! Ta phải cố mà đỡ lấy nó!
那情景...好熟悉！你好？	Cảnh này... quen thật! Xin chào?
噢！有东西咬我！	Ối! Có thứ gì cắn ta!
好冷！	Lạnh quá!
需要...冰...或...阴凉处！	Cần... băng... hoặc... chỗ râm!
缺少一些关键成分。	Thiếu vài thành phần then chốt.
听上去是个大家伙！	Nghe như một gã to xác!
天花板在晃动！	Trần đang rung!
地面在晃动！	Mặt đất đang rung!
地震！	Động đất!
可怕的地震波！	Sóng địa chấn đáng sợ!
请允许我致敬。	Xin cho ta được kính lễ.
给你的贡品，伟大的蚁狮。	Cống phẩm dâng ngài, Antlion vĩ đại.
那会暂时让它安静...	Thế sẽ khiến nó yên tĩnh một lúc...
我认为我值得。	Ta nghĩ mình xứng đáng.
它不喜欢那个。	Nó không thích cái đó.
不早了。天马上就黑了。	Không sớm nữa. Trời sắp tối rồi.
好吃！	Ngon!
我感觉不太好。	Ta thấy không khoẻ.
呸！太难吃了！	Phì! Khó ăn quá!
我觉得它开始变质了。	Ta thấy nó bắt đầu hỏng rồi.
我不吃那玩意！	Ta không ăn thứ đó!
把那个放进嘴里太恶心了！	Cho cái đó vào miệng thì kinh quá!
气喘...吁吁...	Thở... hổn hển...
我应该制造...一台起重机...	Ta nên chế... một cái cần cẩu...
抬起来...用你的背...	Nâng lên... dùng lưng mà nâng...
这不是...绅士该做的...工作...	Đây không phải... việc của bậc quân tử...
为了...科学！	Vì... khoa học!
这东西...正把我头发弄得一团糟吗？	Thứ này... đang làm tóc ta rối tung à?
哼...！	Hừ...!
这是最糟糕的...实验...	Đây là thí nghiệm... tệ nhất...
我该走了！	Ta phải đi thôi!
那是什么？！	Cái gì thế?!
这里不安全。	Chỗ này không an toàn.
所有的怪兽都回来了！	Đám quái vật quay lại hết rồi!
尖锐！尖锐的骨头！！	Nhọn! Xương nhọn!!
救命啊！花园正在反击!	Cứu với! Khu vườn đang phản kích!
它有保护！	Nó có lớp bảo vệ!
伸手不见五指！	Tối đến mức giơ tay chẳng thấy ngón!
我又可以看到东西了！	Ta lại nhìn thấy được rồi!
我自由了！我终于自由了！	Ta tự do rồi! Cuối cùng cũng tự do!
感觉我现在太聪明了！	Ta thấy mình giờ thông minh quá!
你听到了吗？	Ngươi có nghe thấy không?
你感觉到了吗？	Ngươi có cảm thấy không?
听起来不太妙？	Nghe chẳng lành?
我好饿！	Ta đói quá!
新鲜的足迹，那只野兽肯定就在附近。	Dấu chân còn mới, con thú đó chắc chắn ở gần đây.
野兽的足迹到这里就没了。	Dấu chân con thú đến đây là mất.
这种湿土留不下脚印。	Loại đất ẩm này không giữ được dấu chân.
这个踪迹看起来有危险。	Dấu vết này xem chừng nguy hiểm.
没有野兽能与我的智慧匹敌！	Không con thú nào sánh được trí tuệ của ta!
我感到有东西在看着我。	Ta cảm thấy có thứ gì đang nhìn mình.
这个踪迹看起来安全些了。	Dấu vết này xem ra an toàn hơn.
我拿不了更多的东西了！	Ta không cầm thêm được nữa!
嗷，我的头！	Ui, đầu ta!
我没从那儿学到什么。	Ta chẳng học được gì từ đó.
啊！滚开！	A! Cút đi!
它着火了，我换不了衣服！	Nó đang cháy, ta không thay đồ được!
怪物在四周，我无法拆礼物！	Quái vật vây quanh, ta không mở quà được!
我得先从皮弗娄牛身上下来。	Ta phải xuống khỏi lưng Beefalo trước đã.
我很害怕就这样睡死过去！	Ta sợ cứ thế ngủ luôn mà chết!
光线太亮了。	Sáng quá.
我不累。	Ta không mệt.
我太饿了，睡不着，我肚子的咕咕叫声会让我一直醒着的！	Ta đói quá, ngủ không nổi, bụng réo ầm ĩ thế này thì thức trắng mất!
我没有在那里面睡觉的强烈欲望。	Ta chẳng tha thiết gì chuyện ngủ trong đó.
现在午休太危险了！	Giờ mà chợp mắt thì nguy hiểm quá!
晚上该睡觉，而不是午休。	Ban đêm thì phải ngủ, chứ không phải chợp mắt.
我不认为我在这里能真正放松下来。	Ta không nghĩ ở đây mình thật sự thả lỏng được.
我太饿了，没法午休！	Ta đói quá, chợp mắt không nổi!
好吧，挺简单的。	Được rồi, khá đơn giản.
噢！停下！	Ối! Dừng lại!
听起来不妙。	Nghe chẳng lành.
活到老学到老！	Sống đến già học đến già!
大树，多谢你保护我免受自然侵害！	Cây lớn ơi, đa tạ ngươi che chở ta khỏi thiên nhiên khắc nghiệt!
噢！	Ối!
呀！好烫！	Á! Nóng quá!
火灭了！	Lửa tắt rồi!
它消耗殆尽了。	Nó đã cạn sạch.
我的风扇已随风消逝。	Cái quạt của ta đã theo gió mà đi.
这个指南针再也指不了方向了。	Cái la bàn này không chỉ hướng được nữa.
哎呀。	Ây da.
噢！这应该还没准备好。	Ối! Cái này chắc chưa sẵn sàng.
头脑正常的人可不会干那事。	Người đầu óc bình thường chẳng ai làm chuyện đó.
我不确定那是不是科学。	Ta không chắc đó có phải khoa học không.
\n我觉得我能修好这个！	\nTa nghĩ ta sửa được cái này!
我觉得好有成就感！	Ta thấy thật có thành tựu!
如果我的朋友现在能看到我就好了...	Giá mà bạn ta lúc này nhìn thấy được...
你还饿吗，植物？	Ngươi còn đói không, cây?
哦，那工具太滑手了！	Ồ, cái công cụ đó trơn tay quá!
躲过了那可怕的闪电！	Né được tia sét đáng sợ đó rồi!
癞蛤蟆正在失去兴趣。	Con cóc đang mất hứng.
癞蛤蟆逃走了。	Con cóc chạy mất rồi.
哦，水。	Ồ, nước.
我的衣服好像会渗水。	Áo ta hình như thấm nước.
漫漫水路！	Đường nước dằng dặc!
我快达到饱和点了。	Ta sắp tới điểm bão hoà rồi.
衣服弄湿了，但是还活着。	Áo ướt rồi, nhưng vẫn còn sống.
我能看见光!	Ta thấy được ánh sáng!
呜呜呜呜呜！！	Hu hu hu hu hu!!
我的人性要开始流失了...	Nhân tính của ta bắt đầu trôi mất rồi...
我刚刚听到树在尖叫吗？	Ta vừa nghe cây thét lên đấy à?
现在没有办法打败它了！！	Giờ chẳng có cách nào đánh bại nó!!
它的链条松开了！	Xích của nó lỏng ra rồi!
它在求救！	Nó đang kêu cứu!
里面有东西。	Bên trong có thứ gì đó.
快挖出来了。	Sắp đào ra rồi.
你自由了！	Ngươi tự do rồi!
啊！	A!
那些树看上去没那么可怕了。	Mấy cái cây đó trông đỡ đáng sợ hơn rồi.
可能没泡够时间……	Có lẽ ngâm chưa đủ lâu……
我应该跟其他人分享的。	Lẽ ra ta nên chia cho người khác.
满满的节日精神！	Đầy ắp không khí lễ hội!
冬季盛宴快乐！	Yến tiệc mùa đông vui vẻ!
节过的真快……	Lễ qua nhanh thật……
让我帮帮你。	Để ta giúp ngươi.
焕然一新！	Mới mẻ hẳn ra!
好多了，谢谢啦。	Đỡ nhiều rồi, đa tạ.
是谁发出的信号？	Ai phát tín hiệu vậy?
那个闪光会带来麻烦。	Ánh chớp đó sẽ mang tới phiền phức.
不好，海怪！	Không ổn, thuỷ quái!
陛下。	Bệ hạ.
殿下。	Điện hạ.
我的君主！	Quân chủ của ta!
“陛下”。	“Bệ hạ”.
“殿下”。	“Điện hạ”.
“大王”！	“Đại vương”!
我带的是正电！	Ta mang điện dương!
动手打！	Ra tay đi!
我现在感觉安全多了！	Giờ ta thấy an toàn hơn nhiều!
生产力提高！	Năng suất tăng lên!
干的像薇克巴顿的讲义！	Khô như giáo án của Wickerbottom!
顿时觉得神清气爽，再也不累了！	Bỗng thấy tinh thần sảng khoái, chẳng còn mệt nữa!
电没了，但是还残存静电。	Hết điện rồi, nhưng vẫn còn chút tĩnh điện.
肌肉紧实的感觉很快就消失了。	Cảm giác cơ bắp săn chắc mau chóng biến mất.
虽然时间不长，但是还不错。	Tuy không lâu, nhưng cũng không tệ.
拖延症又回来了...	Bệnh trì hoãn lại tái phát rồi...
我的干旱期结束了。	Kỳ hạn hán của ta kết thúc rồi.
我……（哈欠）再也……不累了……	Ta……(ngáp) chẳng còn…… mệt nữa……
所有辛苦，都被折断。	Bao công khó nhọc, gãy sạch.
收线也许管用。	Thu dây có lẽ có ích.
甩竿技术有待提高……	Kỹ thuật quăng cần còn phải luyện……
鱼呢？	Cá đâu?
也许该换个鱼多的地方钓。	Có lẽ nên đổi sang chỗ nhiều cá mà câu.
我还以为海里到处都是鱼呢！	Ta cứ tưởng dưới biển chỗ nào cũng có cá chứ!
我现在明明可以做更科学的事情……	Rõ ràng giờ ta có thể làm việc khoa học hơn……
重量：{weight}	Trọng lượng: {weight}
重量: {weight}\n我是重量级的钓手!	Trọng lượng: {weight}\nTa là tay câu hạng nặng!
好像没对准。	Hình như chưa nhắm trúng.
得！两手空空。	Thôi! Tay trắng.
这只胡萝卜鼠不在训练的状态。	Con chuột cà rốt này không ở trạng thái luyện tập.
实验——，比赛开始！	Thí nghiệm——, cuộc thi bắt đầu!
不，不！方向错了！	Không, không! Sai hướng rồi!
掉头，你什么眼神啊！	Quay đầu, mắt mũi ngươi để đâu vậy!
你敢给我睡！起来，我们要赢比赛！	Ngươi mà dám ngủ! Dậy, chúng ta phải thắng!
不要用走，跑！	Đừng đi bộ, chạy!
站起来！冲，冲！	Đứng lên! Xông, xông!
没有人告诉我时间旅行完后屁股会这么痛……	Chẳng ai bảo ta rằng du hành thời gian xong mông lại đau thế này……
来自远古的新知识拓宽了我的思维！	Tri thức mới từ thời viễn cổ mở rộng tư duy của ta!
我早就知道了。	Ta biết từ lâu rồi.
得给它供点能。	Phải cấp chút năng lượng cho nó.
我对这种植物的知识在增长！	Hiểu biết của ta về loài cây này đang tăng lên!
不知道会长成什么。	Không biết sẽ mọc thành cái gì.
我从未想过会把我的科学思想用在……这东西上。	Ta chưa từng nghĩ sẽ đem tư tưởng khoa học của mình dùng vào…… thứ này.
我的五脏六腑都在燃烧！	Ngũ tạng lục phủ của ta đang bốc cháy!
哎哟，太热了！	Ui da, nóng quá!
写给自己的笔记：不要再用火荨麻毒素进行试验。	Ghi chú cho bản thân: đừng thí nghiệm với độc tố tầm ma lửa nữa.
生长吧，植物，生长吧！	Mọc đi, cây ơi, mọc đi!
我一直想要一株像你这样的植物。	Ta vẫn luôn muốn có một cây như ngươi.
你好，植物，我来给你提供每日的社交剂量了！	Chào cây, ta đến cấp cho ngươi liều giao tiếp hằng ngày đây!
你真是一株好植物啊。	Ngươi đúng là một cây tốt.
植物，你真是一个好的聆听者。	Cây à, ngươi đúng là người biết lắng nghe.
3,2,1……不管你有没有藏好，我都要开始找！	3, 2, 1…… trốn kỹ hay chưa thì ta cũng bắt đầu tìm!
嗷，它们在玩捉迷藏呢。	Ồ, chúng đang chơi trốn tìm.
找到你了！	Tìm thấy ngươi rồi!
你在这。	Ngươi ở đây.
我就知道你会藏在那！	Ta biết ngay ngươi sẽ trốn ở đó!
能看见你！	Thấy ngươi rồi!
所以最后一个藏在哪里呢？	Vậy đứa cuối cùng trốn ở đâu?
我找到最后一个了！	Ta tìm được đứa cuối rồi!
{name}找到了最后一个！	{name} tìm được đứa cuối cùng!
那些小家伙们估计不耐烦了……	Mấy đứa nhỏ chắc sốt ruột rồi……
看来它们不想玩了……	Xem ra chúng không muốn chơi nữa……
它们大概率不会躲在这么远的地方，对吧？	Chắc chúng không trốn xa đến thế đâu nhỉ?
小浣猫们应该就在附近。	Mấy chú Kitcoon hẳn ở quanh đây.
我就说刚刚看到了那边有什么东西在藏着！	Ta đã bảo vừa nãy thấy có thứ gì trốn đằng kia mà!
他捕捉到了气味！	Nó bắt được mùi rồi!
看来他什么都没找到。	Xem ra nó chẳng tìm thấy gì.
我应该跟着他！	Ta nên đi theo nó!
他很想让我跟着。	Nó rất muốn ta đi theo.
他一定是发现了什么！	Nó nhất định đã phát hiện ra gì đó!
看来别人找到了他要找的东西。	Xem ra người khác đã tìm được thứ nó muốn tìm.
我会自己找到那些小家伙的。	Ta sẽ tự tìm mấy đứa nhỏ đó.
可怜的家伙……他原本想把我带到哪里呢？	Tội nghiệp…… nó vốn định dẫn ta đi đâu nhỉ?
你给我过来！	Lại đây cho ta!
放在这里裁判是看不到我的皮弗娄牛的。	Đặt ở đây thì trọng tài không thấy Beefalo của ta đâu.
我满满都是皮弗娄牛造型的灵感！	Ta tràn đầy cảm hứng tạo hình cho Beefalo!
那是什么——漂浮巨眼？！	Cái gì thế——mắt khổng lồ bay lơ lửng?!
终于好了！	Cuối cùng cũng xong!
回来，我跟你没完！	Quay lại, ta chưa xong với ngươi đâu!
当然不会那么轻松。	Đương nhiên không dễ thế.
开始有芜猴的感觉了……	Bắt đầu có cảm giác thành khỉ rồi……
呀！我的头发怎么了？！	Á! Tóc ta làm sao thế này?!
总算从猴身解脱了！	Rốt cuộc cũng thoát khỏi thân khỉ!
那个号子声只意味着一件事...	Tiếng hò đó chỉ có một nghĩa...
我感觉剧本里没写那句。	Ta thấy trong kịch bản không có câu đó.
我感觉神清气爽！	Ta thấy tinh thần sảng khoái!
我需要一把更结实的工具！	Ta cần một công cụ chắc chắn hơn!
那道闪光！那是月光吗？	Tia sáng đó! Là ánh trăng sao?
有些阴险的家伙即将到来。	Có kẻ nham hiểm sắp tới.
这些我都有了。	Mấy thứ này ta có cả rồi.
没事儿。	Không sao.
是时候再抹点驱酸剂了。	Đến lúc bôi thêm chút thuốc chống axit rồi.
我得把船移到离起点塔更近的地方。	Ta phải dời thuyền lại gần tháp xuất phát hơn.
我该先立几个检查点。	Ta nên dựng vài điểm kiểm tra trước.
不够空间容纳其余选手了。	Không đủ chỗ cho các đấu thủ còn lại.
我的心在下沉，当初应该待在浅水区的。	Lòng ta chùng xuống, lẽ ra nên ở lại vùng nước nông.
打掉那个窝点可能引发了连锁反应……	Phá tổ đó có lẽ đã gây phản ứng dây chuyền……
可能是鱼人的传统。	Có lẽ là truyền thống của người cá.
我被那些......东西淹没了！	Ta bị mấy...... thứ đó nhấn chìm rồi!
我被咬了！它去哪儿了？！	Ta bị cắn! Nó đi đâu rồi?!
有些东西正在慢慢掘出表面。	Có thứ gì đang từ từ trồi lên mặt đất.
有东西在地下轻轻地蠕动。	Có thứ gì khe khẽ ngọ nguậy dưới lòng đất.
这个兔子长得好奇怪！	Con thỏ này trông kỳ quái thật!
抓到你啦！	Bắt được ngươi rồi!
兔子们也许不喜欢这个地方。	Lũ thỏ có lẽ không thích chỗ này.
这南瓜都烤熟了。	Quả bí ngô này nướng chín rồi.
不会再大了。	Không lớn thêm nữa đâu.
地上的雪不够多。	Tuyết trên mặt đất không đủ nhiều.
呣。哪里出错了？	Hừm. Sai ở đâu nhỉ?
简直就是阴间版强心针。	Đúng là mũi trợ tim phiên bản âm ty.
我感觉一阵恐惧袭来。	Ta thấy một luồng sợ hãi ập tới.
我举着马跑都不会慢。	Ta vác cả con ngựa mà chạy cũng chẳng chậm.
它回来了！	Nó quay lại rồi!
本来我正忙着溺水呢，结果我脑海中就浮现……我就浮起来了！	Ta vốn đang bận chết đuối, thế rồi trong đầu hiện lên…… rồi ta nổi lên!
我讨厌被吊——	Ta ghét bị treo——
原来鸦群被杀死是这样的声音。	Thì ra đàn quạ bị giết thì kêu như thế.
像鸟一样掉了下来。	Rơi xuống như con chim.
我太累了。	Ta mệt quá.
有鸟!	Có chim!
给我个结实点的东西！	Cho ta thứ gì chắc chắn hơn!
是不是另一边出故障了？	Có phải đầu bên kia trục trặc không?
等一下，那东西在这下面做什么？	Khoan đã, thứ đó làm gì dưới này?
走开！我们还没死呢！等等，这些家伙发生了变异。	Tránh ra! Bọn ta chưa chết! Khoan, mấy gã này biến dị rồi.
我怎么还在这里？	Sao ta vẫn còn ở đây?
我有晕船的感觉！	Ta có cảm giác say sóng!
他们多半是在忙着瞎胡闹。	Bọn chúng phần nhiều đang bận nghịch bậy.
受死吧！	Chịu chết đi!
到这儿来，小猪！	Lại đây, heo con!
我要灭了你！	Ta phải diệt ngươi!
我要踩死你！	Ta giẫm chết ngươi!
你死好过我死！	Ngươi chết còn hơn ta chết!
去死吧，鹿！	Chết đi, hươu!
他肯定尝到我的厉害了！	Hắn hẳn đã nếm mùi lợi hại của ta!
这次姑且放过他。	Lần này tạm tha cho hắn.
他速度太快了！	Hắn nhanh quá!
不管怎么说，他真是太恶心了。	Dù sao đi nữa, hắn cũng thật đáng tởm.
嘘…你这个讨厌的家伙！	Suỵt… cái đồ đáng ghét nhà ngươi!
这在科学上说不通。	Chuyện này về mặt khoa học không thông.
我想这是有科学道理的。	Ta nghĩ chuyện này có lý về khoa học.
我只崇拜科学。	Ta chỉ sùng bái khoa học.
科学用品！	Đồ dùng khoa học!
我身上有它想要的东西。	Trên người ta có thứ nó muốn.
看起来跟我关系不错。	Xem chừng quan hệ với ta khá tốt.
看起来很生气。	Trông có vẻ rất giận.
有人可能对此感兴趣。	Có người có lẽ sẽ hứng thú với cái này.
我原本会被刺穿的！	Suýt nữa ta đã bị đâm xuyên!
真是坚持不懈！	Thật là kiên trì bền bỉ!
我还没有被刺穿时的记忆。	Ta chưa có ký ức lúc bị đâm xuyên.
这份科学送给你。	Phần khoa học này tặng ngươi.
太漂亮了，让人流连忘返。	Đẹp quá, khiến người ta lưu luyến chẳng nỡ rời.
你想一个人待着吗？	Ngươi muốn ở một mình sao?
她准备跟我们吐露心扉了。	Nàng ta chuẩn bị thổ lộ tâm can với bọn ta rồi.
精神头真足啊！	Tinh thần sung mãn thật!
看到那东西时，我的灵魂受伤了。	Lúc nhìn thấy thứ đó, linh hồn ta bị tổn thương.
这让我毛骨悚然。	Cái này làm ta rợn tóc gáy.
那朵花有情况！	Đoá hoa đó có vấn đề!
我该放下它。	Ta nên buông nó xuống.
我会查明它到底做了些什么。	Ta sẽ tra cho ra nó rốt cuộc đã làm gì.
看起来像小丑货币。	Trông như tiền của gã hề.
他们怎么漂浮的？	Bọn chúng bay lơ lửng bằng cách nào?
他怎么把小气球放进去的？	Hắn nhét quả bóng bay vào đó bằng cách nào?
所有气球都一样。	Bóng bay đều như nhau cả.
中间的孔让它更符合空气动力学，经典的物理学原理！	Cái lỗ ở giữa khiến nó hợp khí động học hơn, nguyên lý vật lý kinh điển!
即使鲜艳的颜色不会引来可怕的生物，它吱吱的声音也会。	Cho dù màu sặc sỡ không dụ được sinh vật đáng sợ, thì tiếng kêu chin chít của nó cũng dụ được.
静电把我的头发弄得很可怕。	Tĩnh điện làm tóc ta trông đáng sợ quá.
它最终土崩瓦解。	Rốt cuộc nó cũng tan tành.
它全烧焦了。	Nó cháy đen cả rồi.
泰迪熊在四处溜达。好好玩。	Gấu bông đi lang thang khắp nơi. Vui thật.
千万不要惹薇洛。	Ngàn vạn lần đừng chọc Willow.
能做实验谁要学习？	Làm được thí nghiệm thì ai thèm học?
看来图书馆关门了。	Xem ra thư viện đóng cửa rồi.
一本鸟书。	Một quyển sách về chim.
有人会被拖着去读这本书。	Sẽ có kẻ bị lôi đi đọc quyển này.
读了半天没看到一个农场。	Đọc mãi chẳng thấy nông trại nào.
我还是坚持自己的实验吧。	Ta vẫn cứ theo thí nghiệm của mình thôi.
奇怪，这只是五百页的电报码。	Kỳ lạ, đây chỉ là năm trăm trang mã điện tín.
开头很无聊，但将近结尾就变好了。	Mở đầu rất chán, nhưng gần cuối thì khá hơn.
它并没有让我上钩。	Nó chẳng khiến ta bị cuốn vào.
并没有心急火燎的阅读冲动。	Chẳng có nỗi thôi thúc đọc cho bằng được.
我不怕蜘蛛的！我不怕！	Ta không sợ nhện! Ta không sợ!
我对它的想法不温不火。	Ta thấy nó cũng chẳng nóng chẳng lạnh.
写这本书的人头脑相当灵光。	Người viết quyển này đầu óc khá sáng.
听上去不是十分科学。	Nghe chẳng khoa học cho lắm.
所有这些对月亮的兴趣可能只是阶段性的。	Cái hứng thú với mặt trăng này có lẽ chỉ là nhất thời.
我不理解这本书为什么会嗡嗡响。	Ta không hiểu sao quyển sách này lại kêu vo vo.
书中内容大约和盯着草长高一样精彩。	Nội dung trong sách đại khái hấp dẫn ngang với ngồi nhìn cỏ mọc.
薇克巴顿喜欢跟随书籍的指导。	Wickerbottom thích làm theo chỉ dẫn trong sách.
光芒万丈！	Hào quang vạn trượng!
趁热打笔！	Nhân lúc nóng mà hạ bút!
你好，%s！	Chào %s!
%s 看着很善变...	%s trông thay đổi thất thường...
谋杀犯！	Kẻ sát nhân!
%s，鬼魂的朋友。	%s, bạn của hồn ma.
%s 可以使用一颗心。	%s có thể dùng một trái tim.
烧掉这个并不科学，%s。	Đốt cái này chẳng khoa học chút nào, %s.
星星和原子！你是我的分身吗？	Sao trời và nguyên tử! Ngươi là phân thân của ta sao?
是的。我总是看起来很吓人吗？	Đúng vậy. Ta lúc nào trông cũng đáng sợ à?
你的存在触犯了科学规律，%s！	Sự tồn tại của ngươi phạm vào quy luật khoa học, %s!
%s很专业地将我们的理论付诸实现。	%s rất chuyên nghiệp khi biến lý thuyết của bọn ta thành hiện thực.
最好弄个复活设备。不能让另一个科学人漂着。	Tốt nhất là chế một cỗ máy hồi sinh. Không thể để thêm một người khoa học lửng lơ.
很高兴见到你，%s！	Rất vui được gặp ngươi, %s!
不要和强者挑起战斗...	Đừng gây sự với kẻ mạnh...
谋杀犯！我能抓到你！	Kẻ sát nhân! Ta bắt được ngươi!
%s只是一只巨型泰迪熊。	%s chẳng qua là con gấu bông khổng lồ.
我跟你说过不要硬拉那个大石头了。数值都不对。	Ta đã bảo đừng có cố kéo tảng đá lớn đó. Số liệu đều sai cả.
你是没法打倒火的，%s！	Ngươi không đánh bại được lửa đâu, %s!
日安，%s！	Chào ngày lành, %s!
你似乎从“说话干净利落”变成“粘舌”。	Ngươi hình như từ “nói năng gọn gàng” chuyển sang “líu lưỡi”.
我要教教你逻辑和推理...这是我的强项！	Ta phải dạy ngươi logic và suy luận... đây là sở trường của ta!
%s他把能力用在正义的事业。	%s dùng năng lực vào việc chính nghĩa.
不要那样看我，%s！我在努力！	Đừng nhìn ta như vậy, %s! Ta đang cố mà!
%s只求火烤。	%s chỉ mong được lửa nướng.
%s，我想我们得调整你的首要指令...	%s, ta nghĩ phải chỉnh lại mệnh lệnh tối cao của ngươi...
%s！你已经违反了第一律法！	%s! Ngươi đã vi phạm luật thứ nhất!
我猜是%s让感同身受组件启动并运行。	Ta đoán %s đã khởi động bộ phận đồng cảm.
我一直认为%s该长点心。现在，我很确定！	Ta vẫn cho rằng %s nên có trái tim. Giờ thì ta chắc chắn!
%s！你看起来快融化了。发生什么事？	%s! Ngươi trông sắp tan chảy rồi. Có chuyện gì vậy?
%s紧紧抓住那个打火机...	%s nắm chặt cái bật lửa đó...
谋杀犯！纵火犯！	Kẻ sát nhân! Kẻ phóng hoả!
%s，我敢肯定你渴望有一颗心。	%s, ta dám chắc ngươi khao khát có một trái tim.
再来？	Lại nữa?
%s没有尖锐的东西，有吗？	%s không có thứ gì sắc nhọn, đúng không?
%s视鬼魂为家人。	%s coi hồn ma như người nhà.
我看到两个！我最好给%s制造一颗心。	Ta thấy hai cái! Tốt nhất ta nên chế cho %s một trái tim.
我知道是你点的那些火焰，%s。	Ta biết mấy ngọn lửa đó là ngươi đốt, %s.
%s最近有点活力...	%s dạo này hơi sung sức...
凶手！来把斧子，我们砍起来！	Hung thủ! Đưa cây rìu đây, chém thôi!
%s救下了大家的培根。	%s đã cứu nguy cho mọi người.
%s，“宇宙”包括虚无吗？	%s, “vũ trụ” có bao gồm hư vô không?
%s在疯狂的砍树，根本停不下来！	%s đang chặt cây điên cuồng, dừng chẳng nổi!
%s，如果我不复活你，你会生气吗？	%s, nếu ta không hồi sinh ngươi, ngươi có giận không?
天老爷啊，这是一头鹿！	Trời đất ơi, đây là một con hươu!
那一定很不舒服吧。	Chắc khó chịu lắm nhỉ.
瞧瞧这玩意！	Nhìn cái thứ này xem!
以后长点心，你这头蠢鹅！	Sau này để ý chút, con ngỗng ngốc kia!
%s，别把自己烧了。	%s, đừng tự thiêu mình.
我感觉%s准备拿书丢我。	Ta thấy %s chuẩn bị ném sách vào ta.
同行评审来了！	Bình duyệt đồng nghiệp tới rồi!
我对%s的实践原理深怀敬意。	Ta rất kính trọng nguyên lý thực hành của %s.
这似乎不太科学，不是吗，%s？	Chuyện này chẳng khoa học lắm, phải không %s?
我相信你很有理由才点火。	Ta tin ngươi có lý do chính đáng mới đốt lửa.
%s死寂般沉默...	%s im lặng như tờ...
用哑剧表达这个！	Diễn tả cái này bằng kịch câm đi!
%s突破固有的思维模式。	%s phá vỡ lối tư duy cố hữu.
怎样用哑剧动作表示“我要弄个复活装备”？	Làm sao diễn kịch câm câu “ta muốn chế một bộ hồi sinh”?
等等，不要跟我说。火是你点的。	Khoan, đừng nói với ta. Lửa là ngươi đốt.
我会卷起一张纸莎草报纸，以防万一。	Ta sẽ cuộn một tờ báo giấy cói lại, phòng khi bất trắc.
杀人凶手！我要灭了你，%s！	Kẻ giết người! Ta phải diệt ngươi, %s!
%s和其他人打成一片。	%s hoà đồng với mọi người.
%s真的很想让我给它一颗心。	%s thật sự rất muốn ta cho nó một trái tim.
我们得开个防火安全群组会议。	Bọn ta phải họp nhóm về an toàn phòng cháy.
有可能的话，我会躲开%s的拳头。	Nếu có thể, ta sẽ tránh nắm đấm của %s.
%s变得狂暴！	%s hoá cuồng bạo!
%s精神饱满。	%s tinh thần phấn chấn.
做的不错。你还没逃离英灵殿呢，%s。	Làm không tệ. Ngươi vẫn chưa thoát khỏi Valhalla đâu, %s.
%s是个加热好手。	%s là tay sưởi ấm cừ khôi.
%s是安全隐患.	%s là mối hoạ an toàn.
到此为止了，%s！	Đến đây là hết, %s!
你可真是方便好用啊，%s。	Ngươi đúng là tiện lợi hữu dụng thật, %s.
好像有人在给你的计划泼冷水呢。	Hình như có kẻ đang dội nước lạnh vào kế hoạch của ngươi.
工厂的东西烧起来了。	Đồ trong xưởng bốc cháy rồi.
我就知道%s不可信！	Ta biết ngay %s không đáng tin mà!
是时候正面对抗这个长角的恶魔了！	Đã đến lúc đối đầu trực diện với con ác quỷ có sừng này!
多谢你的援助之爪%s。	Đa tạ móng vuốt cứu giúp của %s.
我拒绝接受有鬼魂和恶魔的现实。	Ta không chấp nhận cái hiện thực có hồn ma và ác quỷ.
%s正在变成一个生存的负担。	%s đang trở thành gánh nặng sinh tồn.
%s今天似乎比平时更多刺。	%s hôm nay có vẻ nhiều gai hơn thường ngày.
准备被除草吧，小杂草，%s!	Chuẩn bị bị nhổ đi, cỏ dại con, %s!
%s从来不会放弃他的朋友。	%s chưa bao giờ bỏ rơi bạn mình.
需要一些帮助吧，小伙伴？	Cần giúp một tay không, bạn nhỏ?
我以为你讨厌火，%s.	Ta tưởng ngươi ghét lửa, %s.
酝酿着灾难。	Đang ấp ủ tai hoạ.
别打杀我的主意！	Đừng có nghĩ tới chuyện giết ta!
总是可以指望%s来做一个计划。	Lúc nào cũng có thể trông cậy %s vạch một kế hoạch.
它现在用幽灵辣椒做饭吧。	Giờ nó nấu bằng ớt ma rồi nhỉ.
他会把这个地方都烧了！	Hắn sẽ đốt trụi cả chỗ này!
%s今天一副凶神恶煞的样子……	%s hôm nay một bộ mặt hung thần ác sát……
你是条杀人鱼！	Ngươi là con cá giết người!
为什么要谢你，%s！	Việc gì phải cảm ơn ngươi, %s!
%s鱼鳃周围比平时更绿了。	Quanh mang của %s xanh hơn thường ngày.
就没人教你别玩火吗？！	Chẳng ai dạy ngươi đừng nghịch lửa à?!
这是松树先锋队员该做的事吗？	Đây là việc một đội viên Hướng đạo Thông nên làm sao?
你的故事素材用完了吗，%s？	Ngươi hết chất liệu kể chuyện rồi à, %s?
%s永远靠谱。	%s luôn đáng tin cậy.
我知道你玩的很开心，但是我们要去找一颗心。	Ta biết ngươi chơi rất vui, nhưng bọn ta phải đi tìm một trái tim.
那个看起来可不像是营火，%s。	Cái đó trông chẳng giống lửa trại chút nào, %s.
不要这么不分时间，不分场合，%s！	Đừng có bất kể thời gian, bất kể chỗ nào như thế, %s!
杀人犯！我绝不会给你第二次机会的！	Kẻ giết người! Ta quyết không cho ngươi cơ hội thứ hai!
要不是%s，我就成为历史了！	Nếu không nhờ %s, ta đã thành người thiên cổ!
赶紧去找颗心脏。	Mau đi tìm một trái tim.
让我猜猜，这与“保存时间线”有关？	Để ta đoán, chuyện này liên quan tới “bảo tồn dòng thời gian”?
是只猴子。	Là một con khỉ.
嘿，别像猴子一样胡闹了！	Này, đừng có nghịch như khỉ nữa!
它们发猴疯了！	Chúng phát cuồng như khỉ rồi!
我的命居然是……猴子救的？	Mạng ta lại là…… khỉ cứu sao?
那只猴子真吓人。	Con khỉ đó đáng sợ thật.
恐龙当时是不是就是这种感觉？	Khủng long hồi đó có phải cũng cảm thấy thế này không?
恶趣味，确又不失可爱。	Sở thích quái gở, nhưng cũng không kém phần đáng yêu.
这虫子过的真不错。	Con sâu này sống sướng thật.
花瓣微微发亮。	Cánh hoa hơi phát sáng.
花瓣枯萎，微微发亮。	Cánh hoa héo úa, hơi phát sáng.
这些装在头盔上好看极了！	Mấy thứ này gắn lên mũ đẹp hết sức!
这团糊糊恶臭无比。	Đống nhão nhoét này hôi thối vô cùng.
叮呤呤。	Leng keng keng.
我不确定那是什么东西。	Ta không chắc đó là thứ gì.
打碎了，那是为了科学。	Đập vỡ rồi, ấy là vì khoa học.
这地不赖啊。	Chỗ này không tệ.
可怜的小家伙。应该为他举办一个体面的葬礼。	Tội nghiệp thằng bé. Nên tổ chức cho nó một đám tang tử tế.
看起来很好吃。	Trông ngon lắm.
有点皱巴巴的。	Hơi nhăn nheo.
我觉得挺安全。	Ta thấy khá an toàn.
看起来就像一堆土。	Trông chỉ như một đống đất.
它是一只蠕虫！	Nó là một con giun!
没什么可挖的了，我的朋友。	Chẳng còn gì để đào nữa, bạn ta ơi.
下面有个正在寻找矿物的家伙。	Dưới đó có gã đang tìm khoáng vật.
我想像打地鼠那样敲昏那只鼹鼠...	Ta muốn đập cho con chuột chũi đó ngất như trò đập chuột...
多么美好舒适的地洞啊！	Cái hang đất mới dễ chịu làm sao!
散发着讨厌的恶臭，但视野极佳。	Toả mùi hôi khó chịu, nhưng tầm nhìn cực tốt.
这能做一道好菜。	Cái này làm được một món ngon.
闻起来真香！	Ngửi thơm thật!
希望这不会让任何人变为鳗鱼！	Mong là cái này không biến ai thành lươn!
希望它不会看向我。	Mong nó đừng nhìn về phía ta.
我想它在睡觉。	Ta nghĩ nó đang ngủ.
哇哦！我很高兴那家伙没用角撞我！	Chà! Ta mừng vì gã đó không húc sừng vào ta!
里面可能有更大的好东西！也可能是可怕的东西。	Bên trong có lẽ có đồ tốt to hơn! Cũng có thể là thứ đáng sợ.
更小块的铥矿。	Mảnh quặng thulium nhỏ hơn.
池塘边的水藻。	Rong nước bên bờ ao.
这东西迟早派得上用场。	Thứ này sớm muộn cũng có chỗ dùng.
那是给我的吗？	Cái đó cho ta sao?
我太厉害了！	Ta lợi hại quá!
盆里的蕨类植物。	Cây dương xỉ trong chậu.
盆里的多肉植物。	Cây mọng nước trong chậu.
那里有芦荟。	Chỗ đó có lô hội.
我能吃那个，但我不想吃。	Ta ăn được cái đó, nhưng ta không muốn ăn.
十分科学的测绘工具。	Công cụ đo vẽ hết sức khoa học.
这个金字塔控制着沙子。	Kim tự tháp này khống chế cát.
准备好分离。	Sẵn sàng tách rời.
迷你分离器。	Máy tách mini.
更清醒的人会选择步行。	Người tỉnh táo hơn sẽ chọn đi bộ.
我希望它快点干。	Ta mong nó mau khô.
这个包裹只能勉强绑在一起。	Cái bọc này chỉ miễn cưỡng buộc lại được.
我应该能打碎它。	Ta chắc đập vỡ được nó.
中间有个洞，好像可以扔东西进去。	Ở giữa có cái lỗ, hình như ném đồ vào được.
都搞砸了。	Hỏng bét cả rồi.
然后呢？	Rồi sao nữa?
我有一种明显的感觉，这不对。	Ta có cảm giác rõ rệt rằng chuyện này không ổn.
石头神奇的点燃了它。	Hòn đá thần kỳ đã nhóm cháy nó.
水放大了科学，让我们能够测量月亮。	Nước phóng đại khoa học, cho phép bọn ta đo được mặt trăng.
是新月。	Là trăng non.
月亮慢慢在变圆。	Trăng đang tròn dần.
是满月。	Là trăng tròn.
月亮正在变小。	Trăng đang khuyết dần.
这下面没有月亮来测量。	Dưới này chẳng có trăng để mà đo.
我有种奇怪的感觉，好像有人在盯着我。	Ta có cảm giác kỳ lạ, như có ai đang nhìn chằm chằm.
我想知道这是哪来的？	Ta muốn biết cái này từ đâu ra?
它轻得古怪。	Nó nhẹ một cách kỳ quái.
铮铮白骨	Xương trắng lởm chởm
它给我带来可怕的幻象。	Nó mang tới cho ta những ảo ảnh đáng sợ.
份量相当重。	Khá là nặng.
我的头发怎么样？	Tóc ta thế nào?
一切都好了。	Mọi thứ ổn cả rồi.
感测到这里有相当强的魔法能量。	Cảm nhận được chỗ này có ma lực khá mạnh.
变得越来越密集了！	Càng lúc càng dày đặc!
好像保持稳定了。	Hình như đã ổn định.
感觉魔法能量正在逐渐减弱。	Cảm thấy ma lực đang yếu dần.
噩梦就要结束了！	Ác mộng sắp kết thúc rồi!
这里没有魔法能量。	Chỗ này không có ma lực.
它在分崩离析！	Nó đang tan rã!
真可怕！	Đáng sợ thật!
一个残暴的发条骑士！	Một hiệp sĩ dây cót tàn bạo!
那家伙看起来不太高兴。	Gã đó trông chẳng vui vẻ gì.
自我提醒：别向上看。	Tự nhắc mình: đừng nhìn lên.
我想知道这个东西有什么用。	Ta muốn biết thứ này dùng làm gì.
它带电！	Nó mang điện!
绿色的，闪耀着光芒。	Màu xanh lục, sáng lấp lánh.
太高明了！	Cao minh quá!
这比走路好。	Cái này hơn đi bộ.
手感温暖。	Cầm thấy ấm tay.
所有基地都得配一个！	Căn cứ nào cũng phải có một cái!
死了的样子也没什么不同。	Chết rồi trông cũng chẳng khác gì.
好多毛！	Lắm lông thật!
一根湿漉漉的、帮助你抵抗饥饿的腰带。	Một cái thắt lưng ướt nhẹp, giúp ngươi chống đói.
瞬移的用处可大了。	Dịch chuyển tức thời công dụng lớn lắm.
天才发明...棍子上有宝石。	Phát minh thiên tài... trên gậy có bảo thạch.
这个宝石是黄色的。	Viên bảo thạch này màu vàng.
一颗橙宝石。	Một viên bảo thạch cam.
科学方面证明，宝石在棍子的顶部看起来更耀眼。	Khoa học chứng minh, bảo thạch gắn trên đầu gậy trông rực rỡ hơn.
这个宝石看起来很特别。	Viên bảo thạch này trông rất đặc biệt.
它准备好了。	Nó sẵn sàng rồi.
它需要更多紫宝石。	Nó cần thêm bảo thạch tím.
看起来准备就绪了。	Trông đã sẵn sàng.
它需要一颗宝石。	Nó cần một viên bảo thạch.
那似乎非常危险。	Cái đó xem chừng rất nguy hiểm.
呃！令人寒心。	Ừ! Lạnh cả lòng.
古老而神秘的建筑。	Kiến trúc cổ xưa và thần bí.
这个好像破损了。	Cái này hình như hỏng rồi.
它好像在与世界格格不入地震动。	Nó rung lên như thể chẳng thuộc về thế giới này.
只有蓝藻能在这种光线条件下生长。	Chỉ tảo lam mới mọc được trong điều kiện ánh sáng này.
有营养，但保存不了多久。	Có dinh dưỡng, nhưng giữ chẳng được lâu.
软塌塌的。	Mềm nhũn.
怀疑它能不能光合作用。	Nghi là nó có quang hợp được không.
它的钳子真吓人。	Cái càng của nó đáng sợ thật.
我面朝哪个方向？	Ta đang quay mặt về hướng nào?
北。	Bắc.
南。	Nam.
东。	Đông.
西。	Tây.
东北。	Đông bắc.
东南。	Đông nam.
西北。	Tây bắc.
西南。	Tây nam.
真锋利！	Sắc thật!
穿这衣服时，会粘在背上。	Mặc áo này thì nó dính vào lưng.
啊！真可怕！	A! Đáng sợ thật!
我敢打赌，如果我拿着其中俩个我就能飞起来。	Ta dám cá, cầm hai cái là ta bay lên được.
那些东西即使死了都很讨厌。	Mấy thứ đó chết rồi vẫn đáng ghét.
至少它不会再活过来了。	Ít ra nó không sống lại nữa.
我可不想吵醒它们。	Ta chẳng muốn đánh thức chúng.
真是又暖和又舒服。	Vừa ấm vừa dễ chịu thật.
我要马上搞科研，饥渴难耐。	Ta phải nghiên cứu ngay, khát khao không chịu nổi.
是科学的力量让它发光。	Chính sức mạnh khoa học khiến nó phát sáng.
另一种味道的粪便。	Một loại phân mùi khác.
更文明的灯具。	Đèn văn minh hơn.
奇怪，看起来就很好吃。	Lạ thật, trông đã thấy ngon.
手里抓个东西挺好的。	Trong tay cầm cái gì đó cũng hay.
让穿戴者看起来像一个有趣的家伙。	Khiến người đội trông như một gã thú vị.
蓝色明显是最科学的颜色。	Màu xanh rõ ràng là màu khoa học nhất.
我们可以用一些主要颜色来生成一个主要光源。	Bọn ta có thể dùng vài màu cơ bản để tạo một nguồn sáng chính.
我没有让它发霉，我发誓。	Ta không làm nó mốc đâu, ta thề.
科学把它点亮了。	Khoa học đã thắp sáng nó.
它是一个又大又科学的蘑菇。	Nó là một cây nấm to và khoa học.
完全烧焦。	Cháy đen hoàn toàn.
一扔就让我犯困。	Ném một cái là ta buồn ngủ.
一朵蘑菇云正在生成！	Một đám mây hình nấm đang hình thành!
疣，都是疣！	Mụn cóc, toàn mụn cóc!
只是地上的一个洞。	Chỉ là một cái lỗ trên mặt đất.
有东西伸出来了。	Có thứ gì thò ra rồi.
那毒菌只是想被砍掉。	Cây nấm độc đó chỉ muốn bị chặt đi thôi.
咦嘘！我不要亲吻那东西！	Ơ ê! Ta không hôn thứ đó đâu!
它狂跳不止！	Nó nhảy loạn không ngừng!
多么科学！	Khoa học làm sao!
多么不道德！	Vô đạo đức làm sao!
那个蘑菇长得太大了。	Cây nấm đó mọc to quá.
从远处看不出来，但它相当臭。	Nhìn từ xa không thấy, nhưng nó khá thối.
沾满了酸液。	Dính đầy dịch axit.
我的浴室里过去生长着这些东西。	Trước kia trong nhà tắm của ta mọc mấy thứ này.
这个让我有点反感。	Cái này khiến ta hơi ghê.
魔法蘑菇？	Nấm ma pháp?
它在努力繁殖。	Nó đang cố sức sinh sôi.
蜘蛛们觉得这个很重要。	Lũ nhện thấy cái này rất quan trọng.
它四处飘荡。	Nó bay lởn vởn khắp nơi.
我要在口袋里装一点光。	Ta muốn bỏ chút ánh sáng vào túi.
在这世上已了无牵挂。	Trên đời này chẳng còn gì vướng bận.
那是孢子的眼睛看到的景象。	Đó là cảnh mà mắt bào tử nhìn thấy.
那可不是真的胡萝卜。	Cái đó đâu phải cà rốt thật.
那可不是真的烤胡萝卜。	Cái đó đâu phải cà rốt nướng thật.
呕...恶心...	Ọe... kinh quá...
拼不好的拼图。	Bức ghép hình không ghép nổi.
那会弄乱我的头发。	Cái đó sẽ làm tóc ta rối tung.
“恶心的”洞穴。	Hang động “kinh tởm”.
要不是有用的话，我才不会去碰呢。	Nếu không hữu dụng thì ta chẳng đụng vào.
他不算太恶心，但还是恶心。	Hắn không quá kinh, nhưng vẫn kinh.
哇！更多蜘蛛！	Oa! Thêm nhện nữa!
我讨厌蜘蛛！	Ta ghét nhện!
它外面盖满了蛛网。	Bên ngoài nó phủ đầy mạng nhện.
我看它就是块石头。	Ta thấy nó chỉ là hòn đá.
石头，石头，石头，石头...	Đá, đá, đá, đá...
非常扎人。	Đâm rất đau.
这些非常华丽。	Mấy thứ này rất hoa lệ.
一块地皮。	Một mảnh nền đất.
一块月球地面。	Một mảnh nền mặt trăng.
一块海滩。	Một mảnh bãi biển.
草草铺砌的石头。	Đá lát qua loa.
这些是木地板。	Đây là sàn gỗ.
又一种地皮类型。	Lại một loại nền nữa.
你想证明它能防火吗？	Ngươi muốn chứng minh nó chống cháy à?
一片沙地。	Một vạt đất cát.
它出奇地柔软。	Nó mềm đến bất ngờ.
我用我的胡须做的！	Ta làm bằng râu của mình đấy!
科学啊，帮帮我们吧。	Khoa học ơi, giúp bọn ta với.
我在想那岩石能不能移开。	Ta đang nghĩ tảng đá đó có dời được không.
它有可能在隐瞒什么事情。	Có khả năng nó đang giấu chuyện gì đó.
大地本身在排斥我！	Chính mặt đất đang chối bỏ ta!
我敢打赌在那下面肯定能发现各种各样的东西。	Ta dám cá dưới đó nhất định tìm được đủ thứ.
我会等到有人离开进入。	Ta sẽ đợi có người rời đi rồi vào.
我想我该待在这下面。	Ta nghĩ mình nên ở lại dưới này.
我暂时不想再探险了。	Tạm thời ta không muốn thám hiểm nữa.
上面太拥挤！	Trên đó chật quá!
音乐原来是从那来的。	Thì ra tiếng nhạc từ đó phát ra.
空气动力学！	Khí động học!
他看起来不那么友善。	Hắn trông chẳng thân thiện cho lắm.
噢，她有一个可爱的小蝴蝶结。	Ồ, nàng có cái nơ bướm nhỏ đáng yêu.
我不想再一次上当了。	Ta không muốn mắc lừa thêm lần nữa.
戴着它我感觉很安全。	Đội nó vào ta thấy rất an toàn.
食物留下的踪迹。我指的是...一只动物。	Dấu vết do thức ăn để lại. Ý ta là... một con vật.
希望里面没虫子。	Mong bên trong không có sâu.
那看起来真的很沉。	Cái đó trông nặng thật.
那是一件非常合适的衣服。	Đó là một bộ đồ rất vừa vặn.
穿着我虽然安全了，心里确不踏实。	Mặc vào thì an toàn thật, nhưng trong lòng chẳng yên.
火烧完之后剩下的一切。	Tất cả những gì còn lại sau khi lửa tàn.
传送时，花被火焰吞噬了！	Lúc truyền tống, đoá hoa bị lửa nuốt chửng!
传送时，眼骨被火焰吞噬了！	Lúc truyền tống, xương mắt bị lửa nuốt chửng!
这肯定有个完美的科学解释。	Chuyện này nhất định có lời giải khoa học hoàn hảo.
可靠的斧头。	Cây rìu đáng tin.
啊。太可爱了！	A. Đáng yêu quá!
做个好梦，臭家伙。	Ngủ ngon nhé, đồ hôi hám.
我们的物资都在那里面！	Vật tư của bọn ta đều ở trong đó!
把东西打包起来应该会容易搬一点。	Gói đồ lại chắc sẽ dễ mang hơn.
你可以在那里面装进许多科学。	Ngươi có thể nhét cả đống khoa học vào trong đó.
适合科学家的完美早餐。	Bữa sáng hoàn hảo cho nhà khoa học.
似乎挺卫生的。	Xem chừng khá vệ sinh.
太硬了，敲不碎！	Cứng quá, đập không vỡ!
当它们不是你自己的时候才会恶心。	Chỉ khi chúng không phải của mình thì mới thấy kinh.
熊一样大的獾。	Con lửng to như gấu.
欢迎来到冬眠站！	Chào mừng tới trạm ngủ đông!
毛皮使包内有保温效果。	Da lông khiến bên trong túi giữ nhiệt.
一块厚毛皮。	Một tấm da lông dày.
看起来挺舒适，但闻起来一股霉味。	Trông khá dễ chịu, nhưng ngửi thấy mùi mốc.
让那蜂刺离我远点！	Cho cái ngòi ong đó tránh xa ta ra!
太黏了，没法走下去了。	Dính quá, không đi tiếp được.
那东西以前在那里吗？	Thứ đó trước giờ vẫn ở đấy à?
不科学啊，它是怎么长到这么大的？！	Chẳng khoa học chút nào, nó lớn tới cỡ này bằng cách nào?!
它正在守卫女王。	Nó đang canh gác nữ hoàng.
当我戴上它时，这世界似乎少一点疯狂了。	Lúc ta đội nó vào, thế giới này dường như bớt điên một chút.
我可以画得比那好！	Ta vẽ đẹp hơn thế!
我们应该在那上面画些东西。	Bọn ta nên vẽ gì đó lên trên.
像这样没有太多用处。我们应该把它放下。	Thế này thì chẳng mấy hữu dụng. Bọn ta nên đặt nó xuống.
嗡嗡嗡，嗡嗡嗡。	Vo vo vo, vo vo vo.
当心！	Cẩn thận!
它里面装满了蜂蜜。	Bên trong nó đầy mật ong.
蜜蜂！	Ong!
需要等一会。	Cần đợi một lát.
怎么被烧掉的？！！	Sao lại cháy mất rồi?!!
那真是许许多多的蘑菇！	Nấm nhiều thật là nhiều!
木头上长满了蘑菇。	Trên khúc gỗ mọc đầy nấm.
现在它应该继续生长。	Giờ nó nên tiếp tục mọc.
它可以使用一个孢子。或是一个蘑菇移植植物。	Nó dùng được một bào tử. Hoặc một cây nấm ghép.
木头死亡了。我们应该用一个活的来替换它。	Khúc gỗ chết rồi. Bọn ta nên thay bằng khúc còn sống.
科学的力量催生了它。	Sức mạnh khoa học đã thúc nó nảy nở.
我认为它在这种寒冷的天气里没办法生长。	Ta cho rằng nó chẳng mọc nổi trong thời tiết lạnh thế này.
他在静静地跟着我。	Nó lặng lẽ đi theo ta.
是皮弗娄牛！	Là Beefalo!
呃，他很伤心。	Ừ, nó buồn lắm.
这些家伙睡得真死。	Mấy gã này ngủ say như chết.
这个没其他的那么臭。	Cái này không thối bằng mấy cái kia.
它看起来非常生气。	Nó trông rất giận.
这家伙看起来挺好骑的。	Gã này trông khá dễ cưỡi.
嗯，它可能吃太多东西了。	Ừm, nó có lẽ ăn nhiều quá.
我们永远都是朋友。	Chúng ta mãi là bạn.
它很坚强。	Nó rất kiên cường.
希望我们能重逢。	Mong chúng ta còn gặp lại.
可以预见，我的发型要被帽子毁了。	Đoán trước được thôi, kiểu tóc của ta sẽ bị cái mũ phá hỏng.
闻起来像皮弗娄牛的眼泪。	Ngửi như nước mắt Beefalo.
保护你的皮肤，但会压坏你精心设计的发型。	Bảo vệ da ngươi, nhưng sẽ bẹp mất kiểu tóc ngươi kỳ công tạo.
科学证明蜂蜡可以防腐！	Khoa học chứng minh sáp ong chống thối!
蜜蜂嗡嗡忙不停。	Ong vo ve bận rộn không ngơi.
它晃动时就会嗡嗡叫。	Lắc lên là nó kêu vo vo.
被装在地雷里的狂暴蚊子！	Muỗi cuồng bạo nhét trong quả mìn!
红色浆果最好吃。	Quả mọng đỏ ngon nhất.
我认为加热并没有让它们变得更好。	Ta cho rằng đun nóng chẳng làm chúng ngon hơn.
非常美味，虽然美味稍纵即逝。	Rất ngon, dù cái ngon thoáng qua rất nhanh.
最好在变质前吃掉！	Tốt nhất ăn trước khi hỏng!
我想它需要施肥。	Ta nghĩ nó cần bón phân.
这么热的天气什么也生长不了。	Thời tiết nóng thế này chẳng gì mọc nổi.
我觉得这些应该能吃。	Ta thấy mấy thứ này chắc ăn được.
或许它们会再长出来？	Có lẽ chúng sẽ mọc lại?
看上去病的很重。	Trông bệnh nặng lắm.
呃...有些地方不对劲。	Ừ... có chỗ nào đó không ổn.
它大部分都着火了。	Phần lớn nó đang cháy.
在这种状态下，它长不出浆果。	Ở trạng thái này, nó không ra quả mọng được.
高温将多汁的浆果脱水！	Nhiệt độ cao rút hết nước khỏi quả mọng mọng nước!
我应该把他们留到吃饭时间。	Ta nên để dành chúng tới bữa ăn.
下一批丛林在努力生长。	Lứa bụi cây tiếp theo đang cố sức mọc.
它看上去很不舒服。	Nó trông rất khó chịu.
那真是一只巨大无比的脚。	Đó đúng là một cái chân to khổng lồ.
现在只需要一只鸟。	Giờ chỉ cần một con chim.
谁是好鸟？	Ai là chim ngoan nào?
哇哦，他睡着了。	Chà, nó ngủ rồi.
它看起来有点饿。	Nó trông hơi đói.
好久都没人喂食了吧？	Lâu rồi chẳng ai cho ăn nhỉ?
也许它只是在休息？	Có lẽ nó chỉ đang nghỉ thôi?
那只鸟肯定死了。	Con chim đó chắc chắn chết rồi.
蛛网带来的收益！	Lợi lộc mạng nhện mang lại!
不是我的错！	Không phải lỗi của ta!
一颗正常的、小小的鸟蛋。	Một quả trứng chim nhỏ, bình thường.
真好吃！	Ngon thật!
退后，传教士！	Lùi lại, nhà truyền giáo!
这东西似乎根本不安全。	Thứ này xem ra chẳng an toàn chút nào.
不要倒吸进去。	Đừng hít ngược vào.
我可以好好练习怎么吹生日蜡烛！	Ta có thể luyện cách thổi nến sinh nhật cho tốt!
它的准确性令人震惊。	Độ chính xác của nó khiến người ta kinh ngạc.
像冰一样冷！	Lạnh như băng!
它散发着冰冷能量的光芒。	Nó toả ra thứ ánh sáng năng lượng băng giá.
科学啊！	Khoa học ơi!
太科学了！	Khoa học quá!
一张雕像的图片。要找个地方才能做出来。	Một bức hình tượng đá. Phải tìm chỗ mới làm ra được.
科学帮帮我吧，我实在破译不了这些笔迹。	Khoa học cứu ta với, ta thật sự không giải nổi mấy nét chữ này.
它很古怪，还黏黏的。	Nó vừa kỳ quái vừa dinh dính.
这回不一样了……	Lần này khác rồi……
是蘑菇。	Là nấm.
它在睡觉。	Nó đang ngủ.
不知道它会不会长回来？	Không biết nó có mọc lại không?
木板。	Ván gỗ.
一小片骨头。	Một mảnh xương nhỏ.
能让我的骨头上长点肉的炖菜。	Món hầm giúp xương ta có thêm chút thịt.
抓虫子用的。	Dùng để bắt sâu bọ.
看着有点扎人。	Trông hơi châm chích.
我无法相信这是黄油！	Ta không tin nổi đây là bơ!
蝴蝶，扑扑翅膀飞走了。	Bươm bướm, vỗ cánh bay đi mất.
总算抓到你了！	Rốt cuộc cũng bắt được ngươi!
我们扔掉了食谱，即兴发挥了一下。	Bọn ta vứt công thức đi, tuỳ hứng làm một phen.
没了这些，它只是条毛虫。	Không có mấy thứ này, nó chỉ là con sâu róm.
多么丑怪的一只秃鹫！	Con kền kền mới xấu xí quái dị làm sao!
哦，挺好的。现在不止他一个了。	Ồ, hay đấy. Giờ không chỉ mình hắn nữa.
有些东西你看到后就想赶紧忘掉……	Có những thứ nhìn xong chỉ muốn quên ngay……
虽然有刺，但很美味。	Tuy có gai, nhưng rất ngon.
干瘪了，但还是很多刺。	Teo quắt rồi, mà vẫn lắm gai.
来自沙漠的烤水果。	Trái cây nướng đến từ sa mạc.
要想把它变成一顿美味，还需要把上面的刺弄掉。	Muốn biến nó thành món ngon thì còn phải gỡ hết gai đi.
多刺植物开出的美丽花朵。	Đoá hoa đẹp nở trên cây đầy gai.
得给那火加油了，或者就要灭了。	Phải tiếp nhiên liệu cho ngọn lửa, không thì tắt mất.
肯定能驱走黑暗。	Chắc chắn xua được bóng tối.
火要失控了！	Lửa sắp mất kiểm soát rồi!
火变得有点小了。	Lửa nhỏ đi một chút rồi.
真舒服。	Dễ chịu thật.
哦，火灭了。	Ồ, lửa tắt rồi.
得加燃料了，不然火就要灭了。	Phải thêm nhiên liệu, không thì lửa tắt mất.
从技术上讲，走路就是有控制的跌倒。	Nói cho đúng kỹ thuật, đi bộ chính là ngã có kiểm soát.
顽皮的小东西。	Đồ nhỏ nghịch ngợm.
树桩里的窝。	Cái tổ trong gốc cây.
它的主人没命了。	Chủ nhân của nó mất mạng rồi.
遮住耳朵的帽子！	Cái mũ che kín tai!
我觉得它还在摆动。	Ta thấy nó vẫn còn ngọ nguậy.
真恶心，这棵蔬菜是从土里出来的。	Kinh thật, cây rau này chui từ đất lên.
土地在创造植物宝宝。	Đất đang tạo ra cây con.
这是一颗种子。	Đây là một hạt giống.
现在我可以让大家伙看看我找到什么了！	Giờ ta có thể cho mọi người xem ta tìm được gì rồi!
那件事到此为止。	Chuyện đó đến đây là hết.
现在就只有灰烬了。	Giờ chỉ còn tro tàn.
它是一种蕨类植物。	Nó là một loài dương xỉ.
又小又黑，闻起来像烧焦的木头。	Vừa nhỏ vừa đen, ngửi như gỗ cháy.
我有同感。	Ta cũng thấy vậy.
它比看上去的更重。	Nó nặng hơn vẻ ngoài.
棋子们自己在动！	Mấy quân cờ tự động đậy!
它是匹马，当然。	Nó là con ngựa, dĩ nhiên.
是个石头主教。	Là quân tượng bằng đá.
嗯...看起来很熟悉。	Ừm... trông quen lắm.
对我来说，看起来没有非常“高贵”。	Với ta mà nói, trông chẳng “cao quý” cho lắm.
仅仅看着它就让我的肚子咕噜叫了。	Chỉ nhìn thôi mà bụng ta đã kêu réo.
那从来不是我的菜。	Cái đó chưa bao giờ hợp gu ta.
感觉它的目光在跟着你。	Cảm giác ánh mắt nó dõi theo ngươi.
靠近后它大得多了。	Lại gần mới thấy nó to hơn nhiều.
呃。这太逼真了。	Ừ. Cái này giống thật quá.
啊，这让我想起一些事情。不好的记忆。	À, cái này khiến ta nhớ vài chuyện. Ký ức không hay.
现在轮到你被吓得一动不动了！	Giờ đến lượt ngươi sợ đến đứng hình!
看着挺美的，对吧？	Trông đẹp đấy chứ nhỉ?
果然和看上去一样沉。	Quả nhiên nặng đúng như vẻ ngoài.
最近我感到备受启发。	Dạo này ta thấy được khai sáng nhiều.
有人胜出了！	Có người thắng rồi!
它不追着杀你的时候还是挺可爱的。	Lúc không đuổi giết ngươi thì nó cũng khá đáng yêu.
看着不如麦斯威尔脾气大。	Trông không nóng tính bằng Maxwell.
不能拿来当板凳坐，对吧？	Không dùng làm ghế ngồi được nhỉ?
一动不动的骨架。	Bộ xương bất động.
我能召唤出“非节日装饰版”的克劳斯吗？	Ta triệu được Klaus bản “không trang trí lễ hội” không?
很有雕塑感。	Rất có chất điêu khắc.
蚁狮雕塑。	Tượng Antlion.
这座雕塑很牛。	Bức tượng này ngầu thật.
这些就很容易找到。	Mấy thứ này thì rất dễ tìm.
它做抓柱很合适。	Nó làm cột cào rất hợp.
我想抱抱它，但怕石头擦破皮。	Ta muốn ôm nó, mà sợ đá làm trầy da.
我更喜欢它这样。	Ta thích nó thế này hơn.
它冷冰冰地盯着我。	Nó lạnh lùng nhìn chằm chằm vào ta.
恐怖之夜里出现了非常不舒服的眼神接触。	Trong đêm kinh hoàng lại có màn chạm mắt cực kỳ khó chịu.
谁知道他现在去哪儿了。	Ai mà biết giờ hắn đi đâu.
这东西该扔进垃圾堆！	Thứ này nên quăng vào đống rác!
这座雕塑看起来有点刺眼。	Bức tượng này trông hơi chói mắt.
就差口臭了。	Chỉ thiếu mỗi hơi thở hôi.
不知为什么，它看起来比正版的更暴躁。	Chẳng hiểu sao, nó trông nóng nảy hơn cả bản gốc.
怎么看它都觉得有些鳍跷。	Nhìn kiểu gì cũng thấy có gì đó tanh tanh khả nghi.
它还是让我心有余悸。	Nó vẫn khiến ta còn sợ hãi.
我一般会远离淘金者。	Ta thường tránh xa đám đãi vàng.
设计精妙，制作堪忧。	Thiết kế tinh xảo, chế tác đáng lo.
月看月开心。	Càng ngắm trăng càng vui.
那个骑士马马虎虎。	Vị hiệp sĩ đó tàm tạm.
一堆烂发条装置。	Một đống thiết bị dây cót nát.
另一堆烂发条装置。	Lại một đống thiết bị dây cót nát.
更多的烂发条装置。	Thêm nữa thiết bị dây cót nát.
一只小短腿的...箱子，先生。	Một cái... rương chân ngắn, thưa ngài.
它在看着我。	Nó đang nhìn ta.
它睡着了。	Nó ngủ rồi.
可怜的小家伙。	Thằng bé tội nghiệp.
碳烤熟透。	Nướng than chín kỹ.
只比生吃的时候好吃一点点。	Chỉ ngon hơn lúc ăn sống một chút xíu.
现在我不必担心会生虫子了！	Giờ ta khỏi lo bị sinh sâu rồi!
这还需要一点时间。	Cái này còn cần thêm chút thời gian.
就快好了！	Sắp xong rồi!
嗯！可以吃了！	Ừm! Ăn được rồi!
看着都觉得饿。	Nhìn thôi đã thấy đói.
锅给烧没了。	Cái nồi cháy mất rồi.
高果糖！	Nhiều đường quả!
做熟了，高果糖！	Nấu chín rồi, nhiều đường quả!
某种科学制成的黄色生物。	Một loài sinh vật màu vàng do khoa học tạo ra.
我并没有在压扁你，不是吗？	Ta đâu có đè bẹp ngươi, đúng không?
它可能是好的。	Nó có lẽ tốt.
那里面有什么东西吗？	Trong đó có thứ gì không?
多么富有空气动力学的生物啊！	Một sinh vật giàu tính khí động học làm sao!
它爬进了我的心里。	Nó bò vào tận trong tim ta.
比起它妈妈，它的粘液少多了。	So với mẹ nó, nhớt của nó ít hơn nhiều.
对一只小怪兽来说真是太可爱了！	Với một con quái nhỏ thì đáng yêu quá đi!
你会成为一位很棒的实验室助手。	Ngươi sẽ thành một trợ lý phòng thí nghiệm tuyệt vời.
我的长羽毛的朋友。	Người bạn có lông vũ của ta.
留着她是因为她对飞蛾学有价值。	Giữ nàng lại vì nàng có giá trị với ngành nghiên cứu bướm đêm.
它在那里不太快乐。	Nó ở đó chẳng vui lắm.
割下来的草，可用于制作和合成其他东西。	Cỏ đã cắt, dùng để chế tác và tổng hợp thứ khác.
割下的芦苇，可用于合成和消遣。	Lau sậy đã cắt, dùng để tổng hợp và tiêu khiển.
光滑诱人。	Trơn bóng hấp dẫn.
功效最强的大餐。	Bữa lớn công hiệu mạnh nhất.
它是不是盯着我？…不，我猜没有。	Nó có đang nhìn ta không?… Không, chắc là không.
多么引人注目的一个鹿角啊！	Cái gạc hươu mới bắt mắt làm sao!
掉下来正常吗？	Rụng xuống là bình thường à?
它被那头野兽控制着！	Nó bị con thú đó khống chế!
它体型真大！！	Thân hình nó to thật!!
这真的很恶心。	Cái này kinh thật.
它会守护佩戴人。	Nó sẽ bảo vệ người đeo.
可能是一丛草。	Có lẽ là một bụi cỏ.
这对护目镜可真时髦。	Cặp kính bảo hộ này thời thượng thật.
优质护目用具。	Dụng cụ bảo vệ mắt chất lượng cao.
这是一项破土而出的科学成就。	Đây là thành tựu khoa học phá đất mà ra.
闻起来像培根！	Ngửi như thịt xông khói!
我还不够壮，挥不动它。	Ta chưa đủ khoẻ, vung không nổi nó.
这是一堆土...还是？	Đây là một đống đất... hay không?
信号很弱。	Tín hiệu rất yếu.
它是某种自动引导装置。	Nó là một loại thiết bị dẫn đường tự động.
这东西发疯了！	Thứ này phát điên rồi!
我在正确的方向上。	Ta đang đi đúng hướng.
肯定很接近了。	Chắc chắn gần lắm rồi.
我想知道它有什么用。	Ta muốn biết nó dùng làm gì.
看起来它需要一把大钥匙。	Xem chừng nó cần một chiếc chìa khoá lớn.
现在机器可以工作了！	Giờ cỗ máy chạy được rồi!
那根杖子看起来很有用！	Cây gậy đó trông rất hữu dụng!
那是一只龙蝇！	Đó là một con Dragonfly!
热呼呼的盔甲！	Bộ giáp nóng hổi!
还是热的。	Vẫn còn nóng.
仅次于保险箱！	Chỉ kém két sắt một bậc!
它提供的储存空间可谓是箱中之龙！	Không gian chứa đồ nó cho quả là rồng trong các loại rương!
看起来不太对啊。	Trông không ổn lắm.
产生了大量的热量，但亮光却不多。	Sinh ra rất nhiều nhiệt, mà ánh sáng chẳng bao nhiêu.
它是在朝我眨眼吗？	Nó đang nháy mắt với ta à?
滚烫！	Bỏng rát!
哈奇蛋戈鱼，P.I.	Trứng Gô Hatch, thám tử tư.
我一直想要拥有一件这样的装备。	Ta vẫn luôn muốn có một món trang bị như thế này.
或许他需要点科学的力量？	Có lẽ hắn cần chút sức mạnh khoa học?
好烫的口水！	Nước dãi nóng quá!
我喜欢把它叫作“干唾液”。	Ta thích gọi nó là “nước bọt khô”.
壮观！	Hùng vĩ!
太烫了，没办法处理。	Nóng quá, không xử lý được.
冷却下来，平静下来。	Nguội xuống, bình tĩnh lại.
可怜的东西一定很饿。	Con vật tội nghiệp chắc đói lắm.
我听到它的小肚子在咕咕叫。	Ta nghe cái bụng nhỏ của nó kêu réo.
它似乎很快乐。	Nó có vẻ rất vui.
啊。谁是好怪物？	A. Ai là quái vật ngoan nào?
里面传来微弱的暖意。	Bên trong toả ra hơi ấm yếu ớt.
我觉得蛋不够热。	Ta thấy quả trứng chưa đủ nóng.
我从未想过我会见到一只高兴的蛋。	Ta chưa từng nghĩ sẽ gặp một quả trứng vui vẻ.
一颗蛋牙！	Một chiếc răng trứng!
好奇怪的水果。	Loại quả kỳ lạ thật.
这水果还是很怪。	Quả này vẫn kỳ quái.
那个火龙果非常耐饱。	Quả thanh long lửa đó rất chắc bụng.
准备好狼吞虎咽了。	Sẵn sàng ăn ngấu nghiến rồi.
狼吞虎咽还更好！	Ăn ngấu nghiến còn ngon hơn!
现在可以把它带到任何地方了。	Giờ mang nó đi đâu cũng được.
这树可移植到家附近。	Cây này ghép được về gần nhà.
如今在哪里都可以种这种植物。	Giờ chỗ nào cũng trồng được loài cây này.
这需要种植。	Cái này cần trồng xuống.
呃，真臭！	Ừ, thối thật!
现在它闻起来更臭了！	Giờ nó còn thối hơn!
温暖你内外。	Sưởi ấm ngươi cả trong lẫn ngoài.
它看起来不像一颗蛋。	Nó trông chẳng giống quả trứng.
现在的它更不像蛋了。	Giờ nó càng chẳng giống trứng.
一个放在烧焦的桌子上的烧焦的花瓶。	Một chiếc bình cháy đen đặt trên cái bàn cháy đen.
桌上花瓶里的一朵花。	Một đoá hoa trong bình trên bàn.
我应该把一些东西放进那里。	Ta nên bỏ thứ gì đó vào trong đó.
看起来不太新鲜。	Trông không tươi lắm.
有一点亮光真是好。	Có chút ánh sáng thật là tốt.
我们没忘记拿新灯泡吧？	Bọn ta không quên lấy bóng đèn mới chứ?
真是浪费木材。	Phí gỗ thật.
我觉得我本可以阻止这种事情发生的。	Ta thấy lẽ ra mình đã ngăn được chuyện này.
接招吧，大自然！	Đỡ chiêu này, thiên nhiên!
看来偷桦栗果惹火了它！	Xem ra trộm hạt dẻ bạch dương đã chọc giận nó!
满是阔叶。大部分时候是这样的。	Đầy lá rộng. Phần lớn thời gian là vậy.
里边绝对有东西。	Bên trong nhất định có thứ gì.
它很快将长成一棵树！	Nó sắp mọc thành cây rồi!
烤得很完美。	Nướng hoàn hảo.
疯狂的小坚果。	Hạt nhỏ điên rồ.
满是松针。	Đầy lá kim.
这棵悲催的树没有球果。	Cái cây đáng thương này chẳng có quả thông.
满是树枝。	Đầy cành cây.
它看起来很糟糕。比平常还严重。	Nó trông tệ lắm. Nặng hơn thường ngày.
它生长不需要任何助力。	Nó mọc chẳng cần trợ giúp gì.
那棵树看起来很弱。	Cái cây đó trông yếu lắm.
它里面有一棵想要出去的多枝树。	Bên trong nó có một cây lắm cành đang muốn chui ra.
我觉得有人在看着我。	Ta thấy có ai đang nhìn mình.
我没缺胳膊少腿吧？	Ta không thiếu tay thiếu chân chứ?
我应该试着种一些庄稼。	Ta nên thử trồng ít hoa màu.
长啊，植物，长啊！	Mọc đi, cây ơi, mọc đi!
应该需要施肥。	Chắc cần bón phân.
灰烬中长不出庄稼。	Trong tro tàn chẳng trồng được hoa màu.
变成鸟！	Hoá thành chim!
黑鸟的羽毛。	Lông của con chim đen.
红雀的羽毛。	Lông của chim hồng tước.
雪雀的羽毛。	Lông của chim sẻ tuyết.
金丝雀的羽毛。	Lông của chim hoàng yến.
有根羽毛写出来的字都科学了。	Có cây lông vũ thì chữ viết ra cũng khoa học hẳn.
我对知识的饥饿感从未停止过。	Cơn đói tri thức của ta chưa từng ngừng lại.
她被困住了！	Nàng bị mắc kẹt rồi!
要是我能抓住它们就好了！	Giá mà ta bắt được chúng!
它们让我的口袋发光！	Chúng khiến túi ta phát sáng!
那东西在发红光。	Thứ đó đang phát ánh đỏ.
在火熄灭之前我得加点燃料。	Trước khi lửa tắt ta phải thêm chút nhiên liệu.
好在火被围起来了！	May mà lửa được quây lại!
至少我能让它再烧起来。	Ít ra ta có thể nhóm nó cháy lại.
我不想点着整个世界。	Ta không muốn đốt cháy cả thế giới.
开始灭火！	Bắt đầu dập lửa!
一切都平息了。	Mọi thứ đã lắng xuống.
燃料有点不足了。	Nhiên liệu hơi thiếu rồi.
我现在要吃上一整天。	Giờ ta sẽ ăn cả ngày.
钩子、鱼线和棍子！	Lưỡi câu, dây câu và gậy!
这可以填饱肚子。	Cái này lấp đầy bụng được.
松脆而美味！	Giòn tan và ngon miệng!
烤得恰到好处。	Nướng vừa tới.
非常尖的石头。	Hòn đá cực nhọn.
很漂亮，但闻起来一股汗臭。	Rất đẹp, nhưng ngửi thấy mùi mồ hôi.
衬托我红润的脸颊。	Tôn lên đôi má hồng hào của ta.
我觉得它还没晒够太阳呢。	Ta thấy nó phơi nắng chưa đủ.
闻起来就很美。	Ngửi thôi đã thấy đẹp.
啊！竟如此邪恶！	A! Tà ác đến thế!
一些多叶植物。	Vài cây nhiều lá.
我不喜欢运动。	Ta không thích vận động.
科学的骨头！我们应该把它们一起放回去。	Xương khoa học! Bọn ta nên ghép chúng lại chỗ cũ.
还有些碎片没找到。	Vẫn còn vài mảnh chưa tìm ra.
我科学方面的直觉告诉我这有点不对。	Trực giác khoa học của ta bảo chuyện này hơi sai.
它活着！哦等等，不，它没有。	Nó sống rồi! Ồ khoan, không, chưa đâu.
骨架和暗影融合在一起！	Bộ xương và bóng tối hoà làm một!
为什么它必须这么大呢？	Sao nó nhất định phải to thế này?
会咬到脚踝！	Sẽ cắn vào mắt cá chân!
闻起来像化学试剂。	Ngửi như thuốc thử hoá học.
这些符号我一个都不认得。	Mấy ký hiệu này ta chẳng nhận ra cái nào.
他挂了。	Hắn tèo rồi.
他真可爱！	Hắn đáng yêu thật!
啊，看他的睡相！	A, nhìn dáng ngủ của hắn kìa!
美腿三文治。	Bánh kẹp đùi ngon.
我曾听说它是一道美味。	Ta từng nghe nói đó là món ngon.
味道像鸡肉。	Vị như thịt gà.
果香扑鼻。	Hương quả xộc mũi.
黑白毛皮。	Da lông đen trắng.
一堆机械零件。	Một đống linh kiện cơ khí.
我是一名科学家，这种东西冒犯了我。	Ta là một nhà khoa học, thứ này xúc phạm ta.
挺花哨的一把斧头。	Một cây rìu khá loè loẹt.
金子不是软的吗？	Vàng chẳng phải mềm sao?
一把叉子我都能做的这么精美？	Một cái nĩa mà ta cũng làm tinh xảo thế này ư?
我等不及要挖洞了。	Ta nóng lòng muốn đào hố rồi.
它不能吃，但确实闪闪发光。	Nó không ăn được, nhưng quả thật lấp lánh.
它需要粪肥。	Nó cần phân bón.
天气这么热，它不会长回来。	Trời nóng thế này, nó không mọc lại đâu.
烧得好快！	Cháy nhanh thật!
是一丛草。	Là một bụi cỏ.
它在长得最好的时候被采走了。	Nó bị hái đi đúng lúc tốt nhất.
这是一只多叶状蜥蜴。	Đây là một con thằn lằn dạng nhiều lá.
它看上去真的很不舒服。	Nó trông thật sự rất khó chịu.
它看起来很正常。	Nó trông rất bình thường.
不同了...	Khác rồi...
在睡觉。	Đang ngủ.
看起来像胡椒粉。	Trông như bột tiêu.
这好像不卫生。	Cái này hình như không vệ sinh.
停下！是时候了！用锤子敲点东西吧！	Dừng lại! Đến lúc rồi! Lấy búa nện gì đó đi!
有点儿刺痛感就说明它起作用了。	Hơi châm chích tức là nó có tác dụng.
它比冰还冷。	Nó còn lạnh hơn băng.
一块冰凉的石头。	Một hòn đá lạnh ngắt.
我可以控制它的温度。	Ta có thể khống chế nhiệt độ của nó.
虽然是块石头，但却相当温暖，让人想抱在怀里！	Tuy là hòn đá, nhưng lại khá ấm, khiến người ta muốn ôm vào lòng!
很热很舒服！	Rất nóng rất dễ chịu!
一定有人住在这里。	Nhất định có người sống ở đây.
上面写着“你在这里”。	Trên đó viết “ngươi ở đây”.
这块牌子现在是空白的。	Tấm biển này giờ trống trơn.
“不要玩火柴。”	“Đừng nghịch diêm.”
它说“那个方向”。	Nó ghi “hướng đó”.
看起来很好吃！	Trông ngon lắm!
蜜蜂曾住在这里。	Ong từng sống ở đây.
香甜可口。	Thơm ngọt vừa miệng.
味道像鸡肉，但我觉得不是鸡肉。	Vị như thịt gà, nhưng ta thấy không phải thịt gà.
听起来好像那里面有一个皮弗娄牛牧场。	Nghe như bên trong đó có cả một trang trại Beefalo.
你啥都不是，你只是条狗！	Ngươi chẳng là gì cả, ngươi chỉ là một con chó!
这味道不是我闻过最好闻的。	Mùi này không phải mùi thơm nhất ta từng ngửi.
我认为我们现在安全了。	Ta cho rằng giờ bọn ta an toàn rồi.
科学，救救我们！	Khoa học ơi, cứu bọn ta với!
吓人。	Đáng sợ.
我不想找主人的茬。真的。	Ta không muốn gây sự với chủ nhân. Thật đấy.
我掌控了寒冷的力量！	Ta đã nắm được sức mạnh của giá lạnh!
保持冷静，孩子。	Giữ bình tĩnh, nhóc con.
每个季节都有猎犬吗？	Mùa nào cũng có chó săn à?
神志正常的我还是认了吧！	Cái đầu óc tỉnh táo của ta thôi thì chịu thua vậy!
它更像一座金字塔，而不是方尖碑。	Nó giống kim tự tháp hơn là bia đá.
或许该做个罐子。	Có lẽ nên làm một cái hũ.
串在棍子上的午餐。	Bữa trưa xiên trên que.
哦，不！杀人蜂！	Ồ, không! Ong sát thủ!
这东西好像很危险。	Thứ này hình như rất nguy hiểm.
看！	Nhìn kìa!
吃起来一定很美味。	Ăn vào chắc chắn rất ngon.
它看起来又暖和肉又多。	Nó trông vừa ấm vừa nhiều thịt.
死了都要可爱。	Chết rồi vẫn cứ đáng yêu.
他要偷我的东西！	Hắn định trộm đồ của ta!
呕...上面全是坎普斯的黏液。	Ọe... trên đó toàn nhớt của Krampus.
他真巨大！	Hắn to lớn thật!
她的幸运打火机。	Cái bật lửa may mắn của nàng.
力量在我手中！	Sức mạnh nằm trong tay ta!
主宰天堂！	Thống trị thiên đường!
咩！	Be!
我不认为它喜欢被雷劈。	Ta không nghĩ nó thích bị sét đánh.
它像一根迷你避雷针。	Nó như một cột thu lôi tí hon.
美味，还滋滋作响！	Ngon, lại còn xèo xèo!
等他长大了，就不会这么天真可爱了。	Đợi nó lớn lên thì chẳng còn ngây thơ đáng yêu thế này nữa.
它看着有点着急。	Nó trông hơi sốt ruột.
好烫的木头！	Khúc gỗ nóng quá!
又大又重的木头。	Khúc gỗ vừa to vừa nặng.
这斧子比我之前用过的那把还漂亮。	Cây rìu này còn đẹp hơn cây ta từng dùng.
它如此迷人。	Nó mê hoặc đến vậy.
现在我可以开办我自己的肉农场了。	Giờ ta có thể mở trang trại thịt của riêng mình.
他被困住了！	Hắn bị mắc kẹt rồi!
切断它！	Cắt đứt nó!
我听说过关于这些植物的一些奇怪传言。	Ta từng nghe vài lời đồn kỳ lạ về mấy cây này.
曼德拉草根拥有奇怪的属性。	Rễ cây mandrake có thuộc tính kỳ lạ.
唔，它再也不会醒来了。	Ừm, nó chẳng bao giờ tỉnh lại nữa.
它看起来没有那么奇怪了。	Nó trông đỡ kỳ quái hơn rồi.
一张空白的地图。看起来没什么用。	Một tấm bản đồ trắng. Trông chẳng hữu dụng gì.
高级！	Cao cấp!
我拿家里的老牛换的。	Ta đổi bằng con bò già ở nhà.
看起来刻了点什么。	Trông như có khắc gì đó.
好像有点道理。	Hình như cũng có lý.
我想我能用得上它。	Ta nghĩ ta dùng được nó.
我想斧子可砍不倒它。	Ta nghĩ rìu chẳng đốn nổi nó.
少了一片需要担心的荆棘。	Bớt được một đám gai phải lo.
它看起来很多刺。	Nó trông lắm gai lắm.
哎哟！	Ui da!
被烧得精光。	Cháy sạch trơn.
这是一株植物。	Đây là một cái cây.
尖刺！火！	Gai nhọn! Lửa!
现在它是一棵被烧焦了的针刺树。	Giờ nó là một cây gai nhọn cháy đen.
现在没那么多刺了！	Giờ đỡ gai hơn nhiều rồi!
那些尖刺看起来很锋利！	Mấy cái gai đó trông sắc lắm!
我恨那个家伙。	Ta hận gã đó.
我可以看到他毛孔里面的东西。	Ta nhìn thấy được cả thứ bên trong lỗ chân lông hắn.
我想知道它们是怎么工作的。	Ta muốn biết chúng hoạt động thế nào.
看起来就像一个钥匙孔。	Trông hệt như một lỗ khoá.
那个看起来不太舒适。	Cái đó trông chẳng dễ chịu lắm.
虽然有点腥味，但还凑合。	Tuy hơi tanh, nhưng cũng tạm.
它只是一大块肉而已。	Nó chỉ là một tảng thịt lớn thôi.
肉干可以吃了！	Thịt khô ăn được rồi!
肉风干需要一些时间。	Hong khô thịt cần chút thời gian.
雨天晾干肉需要更长时间。	Ngày mưa hong thịt cần lâu hơn.
我该晾干一些肉。	Ta nên hong khô ít thịt.
晾肉架烧掉了。	Giàn hong thịt cháy mất rồi.
实验术语里，我们管它叫“干燥”。	Trong thuật ngữ thí nghiệm, bọn ta gọi nó là “làm khô”.
风干可算不上科学。	Hong gió chẳng tính là khoa học.
雨啊，快走开。想下，改天来。	Mưa ơi, đi mau. Muốn rơi thì hôm khác hãy tới.
这肉够干的了。	Miếng thịt này khô đủ rồi.
鱼腥味十足！	Tanh mùi cá hết sức!
整天都会闻到，真是臭死了。	Cả ngày đều ngửi thấy, thối chết đi được.
烧过的鱼人肉闻起来更糟糕了。	Thịt người cá cháy còn ngửi tệ hơn.
谁会住在这种地方？	Ai lại ở chỗ thế này?
现在没地住了。	Giờ chẳng còn chỗ ở nữa.
免持照明装置。	Thiết bị chiếu sáng rảnh tay.
好奇的小家伙。	Đứa nhỏ tò mò.
那东西刚刚是不是动了？	Thứ đó vừa nãy có động đậy không?
这是对科学的冒犯。	Đây là sự xúc phạm với khoa học.
一碗绿叶子。	Một bát lá xanh.
我太想吃冰淇淋了！	Ta thèm kem quá đi mất!
冷冻西瓜。	Dưa hấu đông lạnh.
健康、天然的小点心。	Món ăn vặt lành mạnh, tự nhiên.
辣到喷火！	Cay đến phun lửa!
阿伏伽德罗最喜欢的菜。	Món khoái khẩu nhất của Avogadro.
呃，我不该吃那个。	Ừ, ta không nên ăn cái đó.
气味怪怪的肉干。	Thịt khô mùi kỳ kỳ.
我不清楚那东西是什么。	Ta không rõ thứ đó là gì.
它把它的婴儿放在那里。	Nó đặt con của nó ở đó.
婴儿们就像试图逃逸的受激电子。	Lũ con như những electron bị kích thích đang cố thoát ra.
啊哈！你肯定不是一个电子！	A ha! Ngươi chắc chắn không phải electron!
降温用的。	Dùng để hạ nhiệt.
不知道怎么回事，风以两倍的速度从后面吹来。	Chẳng hiểu sao, gió từ sau thổi tới với tốc độ gấp đôi.
毛茸茸的！	Lông lá xù xì!
旋转的毁灭之力。	Sức huỷ diệt xoay tròn.
讨厌的小吸血鬼。	Con ma cà rồng nhỏ đáng ghét.
嘿，那是我的血吗？	Này, đó là máu của ta à?
这也许是别人的血...	Có lẽ đây là máu người khác...
或许，这是他应得的。	Có lẽ đây là thứ hắn đáng nhận.
我敢打赌那下面有各种各样的好东西！	Ta dám cá dưới đó có đủ loại đồ tốt!
它发出阴森可怕的光。	Nó phát ra thứ ánh sáng âm u đáng sợ.
这东西太古怪了！	Thứ này kỳ quái quá!
为什么会有人做这个？太可怕了。	Sao lại có người làm chuyện này? Đáng sợ quá.
我不是地质学家。	Ta không phải nhà địa chất.
我们应该加个皮弗娄牛铃铛。	Bọn ta nên thêm một cái chuông Beefalo.
这是海市蜃楼吗？	Đây là ảo ảnh sao?
干的像一块骨头。	Khô như một khúc xương.
里面可能有很好的东西！也可能是可怕的东西。	Bên trong có lẽ có đồ rất tốt! Cũng có thể là thứ đáng sợ.
为动物们唱小夜曲。	Hát dạ khúc cho lũ thú.
一些纸。	Một ít giấy.
一些蜡纸。	Một ít giấy sáp.
肯定到繁殖季节了。	Chắc chắn tới mùa sinh sản rồi.
蠢鸟！离那些浆果远点！	Con chim ngốc! Tránh xa mấy quả mọng đó ra!
这些东西味道相当不错。	Mấy thứ này vị khá ngon.
这下花儿们知道谁才是老大了！	Phen này lũ hoa biết ai mới là đại ca rồi!
我不确定我想拿这些。	Ta không chắc mình muốn lấy mấy thứ này.
浓稠而软滑。味道咸咸的。	Đặc và mềm mượt. Vị mằn mặn.
很形象，不是吗？	Rất sinh động, phải không?
小猪回...“家”了。	Heo con về... “nhà” rồi.
看起来像是给野兽的供品。	Trông như cống phẩm dâng cho dã thú.
外酥里嫩。	Ngoài giòn trong mềm.
我可以看见有个鼻子贴着窗户。	Ta thấy có cái mũi dí sát cửa sổ.
这些猪的房子真不赖。	Nhà của lũ heo này không tệ.
出来！我知道你在家！	Ra đây! Ta biết ngươi ở nhà!
现在没那么舒适了吧，猪！	Giờ đỡ dễ chịu hơn rồi nhỉ, heo!
他身上好难闻！	Người hắn khó ngửi quá!
应该找人通知它的家人。	Nên tìm người báo cho gia đình nó.
你是我的随从之一。	Ngươi là một trong đám tuỳ tùng của ta.
他们有点吓人。	Bọn chúng hơi đáng sợ.
看起来很严肃。	Trông rất nghiêm túc.
不是友好的猪！！	Không phải heo thân thiện!!
上面还带着尾巴。	Trên đó vẫn còn cái đuôi.
闻起来像培根。	Ngửi như thịt xông khói.
看上去挺惬意。	Trông khá thoải mái.
我可以听见里面有一棵小树，努力想长出来。	Ta nghe được bên trong có cây con đang cố sức mọc ra.
它很快将长成一棵大树！	Nó sắp mọc thành cây lớn rồi!
这棵树是怎么繁殖的？	Cái cây này sinh sôi kiểu gì?
现在我只需要一群暴民的加入。	Giờ ta chỉ cần một đám dân nổi loạn gia nhập.
看着不咋样。	Trông chẳng ra sao.
至少它现在是热的。	Ít ra giờ nó đang nóng.
枝繁叶茂！	Cành lá sum suê!
唉，长得可真慢！	Chao, mọc chậm thật!
嗯。可以采摘了。	Ừm. Hái được rồi.
它是热死的。	Nó chết vì nóng.
它看起来就像外星人的大脑。	Nó trông hệt như bộ não người ngoài hành tinh.
高级料理！	Ẩm thực cao cấp!
我看不到底！	Ta chẳng nhìn thấy đáy!
我应该装满我的口袋！	Ta nên nhét đầy túi!
一桶粪便。	Một thùng phân.
它跟我的头一样大！	Nó to bằng cái đầu ta!
漂亮的南瓜饼！	Bánh bí ngô đẹp quá!
它为什么没变成馅饼？	Sao nó không thành bánh nhân nhỉ?
它在向我低语。	Nó đang thì thầm với ta.
它包含宇宙的奥秘。	Nó chứa đựng bí ẩn của vũ trụ.
他在找胡萝卜。	Nó đang tìm cà rốt.
你喜欢科学吗？	Ngươi thích khoa học không?
那一定通向兔子王国。	Cái đó nhất định thông tới vương quốc thỏ.
兔子王国本季封闭。	Vương quốc thỏ mùa này đóng cửa.
它能测出是否有雨。	Nó đo được có mưa hay không.
测量部分化成一缕青烟了。	Phần đo đạc hoá thành một làn khói xanh.
让雨水待在它应该在的地方。你的身体之外。	Để nước mưa ở đúng chỗ của nó. Bên ngoài cơ thể ngươi.
头发乱了...干燥带来的可怕后果。	Tóc rối rồi... hậu quả đáng sợ của việc khô hanh.
这是良好的纤维原料。	Đây là nguyên liệu sợi tốt.
绑在棍子上的磨利的石头。为了个人卫生！	Hòn đá mài sắc buộc trên que. Vì vệ sinh cá nhân!
它闪着温暖的光。	Nó lấp lánh thứ ánh sáng ấm áp.
闻起来怪怪的。	Ngửi kỳ kỳ.
现在跟生蘑菇不同了...	Giờ khác với nấm sống rồi...
烧的真旺！	Cháy đượm thật!
一簇芦苇。	Một khóm lau sậy.
所有有用的芦苇都已采摘下来。	Toàn bộ lau sậy hữu dụng đã hái xong.
远古家居用品。	Đồ gia dụng thời viễn cổ.
这个可以修复。	Cái này sửa được.
只是些碎石块。	Chỉ là mấy mảnh đá vụn.
它把物品分解成最基本的科学成分。	Nó phân giải vật phẩm thành thành phần khoa học cơ bản nhất.
现在做不了科学研究了。	Giờ không nghiên cứu khoa học được nữa.
它比上一个更科学！	Nó khoa học hơn cái trước!
再多的科学也不能使它幸免于难。	Khoa học nhiều đến mấy cũng chẳng cứu nổi nó.
我创造了什么？	Ta đã tạo ra thứ gì vậy?
不管它原来是什么，现在已经烧掉了。	Dù ban đầu nó là gì, giờ cũng cháy rồi.
谁会起个这样的名字？	Ai lại đặt cái tên như thế?
火并没有真正解决命名问题...	Lửa chẳng thật sự giải quyết được chuyện đặt tên...
多么帅气的恶魔啊！	Con ác quỷ mới bảnh làm sao!
再也没用了。	Chẳng còn dùng được nữa.
摸摸石台总是个好主意。	Sờ vào bệ đá luôn là ý hay.
那是否意味着冬季已经结束了？	Thế có nghĩa mùa đông đã kết thúc chăng?
他喜欢我的口袋。	Nó thích cái túi của ta.
寒荒之地的生命。	Sinh mệnh nơi đất hoang lạnh giá.
它如此柔软。	Nó mềm mại đến vậy.
被困住了！	Bị mắc kẹt rồi!
裹了石皮的熔岩坑。	Hố dung nham bọc lớp vỏ đá.
看起来很易碎。	Trông rất dễ vỡ.
那块熔岩正在裹上石皮。	Khối dung nham đó đang đóng vỏ đá.
我觉得我可以举起这个。	Ta thấy mình nhấc được cái này.
太远了够不着。	Xa quá với không tới.
我口袋里可装不下它。	Túi ta chẳng chứa nổi nó.
看来它被吓僵住了。	Xem ra nó sợ đến cứng đờ.
看起来好可怕。	Trông đáng sợ quá.
见到你很凉快。	Gặp ngươi thật mát mẻ.
在它再次冰冻之前，没什么用处。	Trước khi nó đóng băng lại thì chẳng dùng được gì.
我们可以用这些做点东西出来。	Bọn ta có thể dùng mấy thứ này làm ra cái gì đó.
攻占城堡！	Đánh chiếm thành!
一种短绳。	Một loại dây ngắn.
呕！臭死了！	Ọe! Thối chết đi được!
它给捕食者灌输了科学的力量！	Nó truyền sức mạnh khoa học cho kẻ săn mồi!
一部分是果冻，一部分是豌豆。	Một phần là thạch, một phần là đậu.
有了它就可以骑臭动物了。	Có nó là cưỡi được con vật hôi hám.
这鞍具真的在飞！	Bộ yên này bay thật!
唯一的问题是会长鞍疮。	Vấn đề duy nhất là sẽ bị chai vì yên.
这能够卸下鞍具。	Cái này tháo được yên.
要舔多久才能到中性？	Phải liếm bao lâu mới tới trung tính?
皮弗娄牛肯定很喜欢这个。	Beefalo chắc chắn rất thích cái này.
那石头看起来真疯狂！	Hòn đá đó trông điên rồ thật!
它的其余部分去哪儿了？	Phần còn lại của nó đi đâu rồi?
如果能给它降降温，也许它能好起来。	Nếu hạ nhiệt cho nó được, có lẽ nó sẽ khá lên.
小树苗真可爱！	Cây con đáng yêu thật!
它尝到教训了。	Nó nếm được bài học rồi.
打扮好稻草人就不会有乌鸦了。	Trang trí bù nhìn cho khéo là hết quạ.
有人让那个稻草人吃乌鸦。	Có kẻ bắt con bù nhìn đó ăn quạ.
有人谋杀了那个稻草人！	Có kẻ đã sát hại con bù nhìn đó!
我们可以用这东西来做个石雕。	Bọn ta có thể dùng thứ này tạc một bức tượng đá.
准备雕刻。	Sẵn sàng chạm khắc.
一个杰作！	Một kiệt tác!
其余部分在哪里？	Phần còn lại ở đâu?
是一个古怪的大理石雕像。	Là một bức tượng cẩm thạch kỳ quái.
我猜他在压力之下崩溃了。	Ta đoán hắn suy sụp dưới áp lực.
终于又弄到一起了。	Rốt cuộc cũng ghép lại được.
里面有东西在动。	Bên trong có thứ gì đang động đậy.
那是一颗头吗？	Đó là một cái đầu à?
看起来很老，但感觉挺新。	Trông rất cũ, nhưng cảm giác khá mới.
有一个大的碎片没找到。	Có một mảnh lớn chưa tìm ra.
这是哪儿来的？	Cái này từ đâu ra?
一种大理石雕像。	Một loại tượng cẩm thạch.
它不在最佳状态。	Nó không ở trạng thái tốt nhất.
所有都修补好了。	Đã vá xong tất cả.
我不喜欢它看我的眼神。	Ta không thích ánh mắt nó nhìn ta.
它看起来栩栩如生。	Nó trông sống động như thật.
每一颗都是一个小小的谜。	Mỗi hạt là một câu đố nhỏ.
生命精华都被烤出来了！	Tinh hoa sự sống bị nướng ra hết rồi!
补好！全都补好啦！	Vá xong! Vá xong hết rồi!
修补得不错。	Vá khá đấy.
地下隐藏着很多秘密。	Dưới lòng đất giấu nhiều bí mật.
出自蜘蛛的屁股。	Ra từ mông con nhện.
你死好过我死。	Ngươi chết còn hơn ta chết.
真可怕。	Đáng sợ thật.
不像是人骨。	Chẳng giống xương người.
不确定要不要打开。	Không chắc có nên mở hay không.
好小的一只鸟。	Con chim nhỏ quá.
它看起来饿了。	Nó trông đói rồi.
它一定很饿。	Nó chắc đói lắm.
它都不偷偷睁眼看一下。	Nó chẳng thèm hé mắt nhìn trộm một cái.
一小块动物尸体。	Một mẩu xác thú nhỏ.
一小块肉干。	Một mẩu thịt khô nhỏ.
看起来脾气暴躁的动物。	Con vật trông nóng nảy.
好尖的一根棍子。	Cây que nhọn thật.
它看起来很能戳。	Nó trông đâm rất tốt.
那顶帽子好奇特。	Cái mũ đó kỳ đặc thật.
恶心！	Kinh tởm!
我讨厌蜘蛛。	Ta ghét nhện.
他醒来的时候我最好不要在这里。	Lúc hắn tỉnh dậy tốt nhất ta đừng ở đây.
真黏！	Dính thật!
我希望这些不会孵化。仅此而已。	Ta mong mấy thứ này đừng nở. Chỉ vậy thôi.
它有一股强烈的防腐剂的味道。	Nó có mùi chất chống thối rất nồng.
我希望把蜘蛛的黏性物质都弄掉了。	Ta mong đã gỡ sạch chất dính của nhện.
啊啊啊！那只蜘蛛真巨大！	A a a! Con nhện đó to khổng lồ!
终于摆脱了！	Rốt cuộc cũng thoát!
看起来比平常的蜘蛛更凶恶。	Trông hung ác hơn nhện thường.
我应当保持距离。	Ta nên giữ khoảng cách.
那是长满毛毛的腐烂食物。	Đó là thức ăn thối mọc đầy lông.
总之不要伸出你的手，好吗？	Tóm lại đừng chìa tay ra, được chứ?
这里有些古怪，但我说不出所以然。	Chỗ này có gì đó kỳ quái, mà ta chẳng nói ra được.
高级的大理石雕像。	Bức tượng cẩm thạch cao cấp.
不要失去理智！	Đừng đánh mất lý trí!
雕像般的。	Như một pho tượng.
我想知道是哪个艺术家的作品。	Ta muốn biết đây là tác phẩm của nghệ sĩ nào.
他的头怎么了？	Đầu hắn làm sao thế?
他本人还要矮一点。	Người thật của hắn còn thấp hơn.
粗糙的金属纤维。	Sợi kim loại thô ráp.
看起来很尖锐！	Trông rất sắc nhọn!
帽子总是会弄乱我的发型。	Mũ lúc nào cũng làm rối kiểu tóc của ta.
真的塞满了！	Nhét đầy thật rồi!
这件背心十分体面。	Cái áo gi-lê này rất đàng hoàng.
走开，邪恶的太阳！	Tránh ra, mặt trời tà ác!
穿着它做实验可不安全！	Mặc nó làm thí nghiệm chẳng an toàn đâu!
如果我去看牙医了，他们知道我这样子吃东西的话会疯掉的。	Nếu ta đi khám răng, họ mà biết ta ăn kiểu này chắc phát điên.
好高的一只鸟！	Con chim cao thật!
它会孵化吗？	Nó có nở không?
美味又营养。	Vừa ngon vừa bổ.
是它在哆嗦还是我在哆嗦？	Là nó run hay ta run?
看起来它正在孵化！	Trông như nó đang nở!
蛋也会出汗吗？	Trứng cũng đổ mồ hôi à?
我感觉这需要一些时间...	Ta thấy cái này cần chút thời gian...
它现在随时要孵出来了。	Giờ nó có thể nở bất cứ lúc nào.
那真是个不一般的蛋！	Đó đúng là quả trứng chẳng tầm thường!
巢是空的。	Cái tổ trống không.
不是很高的鸟。	Không phải con chim cao lắm.
你想吃东西想的不行了？	Ngươi thèm ăn đến chịu không nổi rồi à?
它目露凶光。	Mắt nó lộ hung quang.
它在眯眼休息。	Nó đang lim dim nghỉ ngơi.
有了这个，我肯定可以穿越时空！	Có cái này, ta nhất định xuyên được không gian thời gian!
这似乎通向另一个世界！	Cái này dường như thông tới một thế giới khác!
还少了些什么东西。	Vẫn thiếu thứ gì đó.
很快，这个发明就要大功告成！	Sắp rồi, phát minh này sắp hoàn thành!
这可能控制着整个宇宙的极性。	Cái này có lẽ khống chế cực tính của cả vũ trụ.
结实到足以应付最危险的实验。	Chắc chắn đủ để đương đầu với thí nghiệm nguy hiểm nhất.
这个金属土豆包含强大而又可怕的力量...	Củ khoai tây kim loại này chứa sức mạnh vừa lớn vừa đáng sợ...
一个可以聚集空间能量的圆环。	Một vòng tròn có thể tụ năng lượng không gian.
那会揭示这个世界。	Cái đó sẽ hé lộ thế giới này.
我不睡觉会发疯。	Ta không ngủ thì phát điên mất.
不剩什么睡觉的东西了。	Chẳng còn gì để ngủ nữa.
午后安全避暑休息的好地方。	Chỗ tốt để tránh nóng nghỉ ngơi an toàn buổi chiều.
它现在遮不了多少阳了。	Giờ nó chẳng che được mấy nắng.
那个看起来很危险。	Cái đó trông rất nguy hiểm.
它又尖又黏。	Nó vừa nhọn vừa dính.
我想这些是它的生殖器。	Ta nghĩ mấy cái này là cơ quan sinh sản của nó.
黏滑的触手。	Xúc tu nhớt trơn.
似乎很臭，但值得一探。	Xem chừng rất thối, nhưng đáng để dò xét.
滑溜溜的小触手。	Xúc tu nhỏ trơn tuột.
又一种黏滑的触手。	Lại một loại xúc tu nhớt trơn.
多好的帽子。	Cái mũ tốt làm sao.
驱赶黑暗的东西。	Thứ xua đuổi bóng tối.
电力让它呼呼作响。	Điện làm nó kêu vù vù.
我把它编得很紧密。	Ta đan nó rất khít.
真是糟糕的意外。	Đúng là tai nạn tệ hại.
我可不想踩在那上面！	Ta chẳng muốn giẫm lên đó!
一个工具箱！	Một hòm dụng cụ!
那个箱子被烧掉了一截。	Cái hòm đó cháy mất một khúc.
得到了一个数量级的改进。	Cải tiến được cả một bậc độ lớn.
真方便！	Tiện thật!
物理定律竟然如此有弹性。	Định luật vật lý hoá ra co giãn đến vậy.
物理定律遭到了歪曲和破坏。	Định luật vật lý bị bóp méo và phá vỡ.
我听到低语了。它想要什么东西。	Ta nghe thấy tiếng thì thầm. Nó muốn thứ gì đó.
它正在做出判断。	Nó đang đưa ra phán xét.
是不是有人想把我困在这里。	Có phải ai đó muốn nhốt ta ở đây không.
融化了。或许薇洛和他们相处愉快？	Tan chảy rồi. Có lẽ Willow hợp với bọn chúng?
你跟卡祖有什么关系？	Ngươi có quan hệ gì với kazoo?
那是个死结。永远打不开的结。	Đó là nút chết. Nút không bao giờ cởi được.
它一定是某种宗教物品。	Nó nhất định là một loại vật phẩm tôn giáo.
不幸的是，它太小了，我没法乘坐它逃离。	Đáng tiếc, nó nhỏ quá, ta chẳng cưỡi nó chạy trốn được.
它们输送电力的日子结束了。	Những ngày chúng truyền điện đã chấm dứt.
没有时间享乐和游戏！	Không có thời gian hưởng lạc và chơi bời!
太好了。堵浴缸的塞子有了。	Tốt quá. Có nút bịt bồn tắm rồi.
我本人更喜欢拉链。	Bản thân ta thích khoá kéo hơn.
它们很快成为韦斯喜欢的道具了。	Chúng mau chóng thành đạo cụ Wes ưa thích.
哈尔向我轻诉美丽的谎言。	Hal khẽ kể cho ta những lời dối trá đẹp đẽ.
这是求被试验啊。	Cái này đúng là cầu được đem đi thí nghiệm.
一定是某种宗教物品。	Nhất định là một loại vật phẩm tôn giáo.
现在要是能喝点茶，该多好...	Giờ mà uống được chút trà thì hay biết mấy...
...麦斯威尔又落下了他的行头。	...Maxwell lại bỏ quên đồ nghề của hắn.
令人恐惧的器皿融合。也许科学*会*物极必反。	Sự dung hợp đồ vật đáng sợ. Có lẽ khoa học *cũng* vật cực tất phản.
我想知道它在隐藏什么？	Ta muốn biết nó đang giấu gì?
结网不是很顺利。	Giăng lưới chẳng suôn sẻ lắm.
薇格弗德不断跳出去，用那东西打我？！	Wigfrid cứ nhảy ra, lấy thứ đó phang ta?!
这个搅蛋器整个都弯曲变形了。	Cái máy đánh trứng này cong vẹo biến dạng cả rồi.
关于这个绳子，我有几个理论。	Về sợi dây này, ta có vài giả thuyết.
我可以自己穿鞋，谢谢。	Ta tự đi giày được, cảm ơn.
我想薇克巴顿应该有只猫。	Ta nghĩ Wickerbottom nên nuôi một con mèo.
闻起来有点不新鲜。	Ngửi hơi không tươi.
食物和杯子！终极生存容器。	Thức ăn và cốc! Vật chứa sinh tồn tối thượng.
如果你解开它，你可以从远处刺到别人。	Nếu ngươi cởi nó ra, ngươi đâm được người khác từ xa.
简直就是阴谋。	Đúng là một âm mưu.
他怎么到处乱丢呢。	Sao hắn cứ vứt bừa khắp nơi thế.
我认识喜欢这个的人！	Ta biết người thích cái này!
希望不会引来蜘蛛。	Mong là không dụ nhện tới.
让我们许个愿望吧。为了科学。	Ước một điều đi nào. Vì khoa học.
很难在这附近找到一个好的烧瓶。	Khó mà tìm được một cái bình cầu tốt quanh đây.
在吃完所有的糖果后我可能会需要这些东西。	Sau khi ăn hết chỗ kẹo, có lẽ ta sẽ cần mấy thứ này.
我不相信超自然现象。	Ta không tin hiện tượng siêu nhiên.
我想它来自另外一个世界，一个满是欺诈的世界。	Ta nghĩ nó đến từ một thế giới khác, một thế giới đầy lừa lọc.
我想知道另一只在哪里？	Ta muốn biết chiếc còn lại ở đâu?
拿着它让我觉得在赶集。	Cầm nó khiến ta thấy như đang đi chợ phiên.
摸起来有点温热。	Sờ vào hơi âm ấm.
它充满了某人的童年记忆。	Nó đầy ắp ký ức tuổi thơ của ai đó.
它不太擅长跳跃。	Nó chẳng giỏi nhảy lắm.
它是某种植物标本。	Nó là một loại tiêu bản thực vật.
它正在接收另一个世界的频率。	Nó đang thu tần số của một thế giới khác.
也许是测试空气动力学的工具？	Có lẽ là công cụ thử khí động học?
一定有一个完美的科学解释。	Nhất định có một lời giải khoa học hoàn hảo.
就算蛀牙也值得了，对吧？	Dù có sâu răng cũng đáng, phải không?
什么样腐败的科学长出了这些东西？	Thứ khoa học mục ruỗng nào đã mọc ra mấy thứ này?
是…玉米。	Là… ngô.
它们一路蠕动下来。	Chúng bò ngoằn ngoèo suốt dọc đường xuống.
明天我的牙齿可能会对此发表意见。	Ngày mai răng ta có lẽ sẽ có ý kiến về chuyện này.
我…不认为我会吃那些东西。	Ta… không nghĩ mình sẽ ăn mấy thứ đó.
每个人遇到这些东西都会激动的。	Ai gặp mấy thứ này cũng đều phấn khích.
只有傻瓜才不会爱上这东西。	Chỉ kẻ ngốc mới không mê thứ này.
粘牙。	Dính răng.
比真的东西尝起来味道好多了。	Nếm ngon hơn đồ thật nhiều.
那块糖果刚动了一下吗？	Viên kẹo đó vừa động đậy à?
哎呀，我可怜的下巴。	Ây da, cái hàm tội nghiệp của ta.
我吃不了辣。	Ta không ăn cay được.
它是某种美味的小小的甜点。	Nó là một loại tráng miệng nhỏ xinh ngon miệng.
一个可以挂在树上的装饰物。	Một món trang trí treo lên cây được.
古怪的装饰。	Món trang trí kỳ quái.
这块木头看起来很适合挂起来。	Khúc gỗ này trông rất hợp để treo lên.
触触逼真。	Sờ vào y như thật.
八只手的装饰。	Món trang trí tám tay.
最近大家都在热烈讨论树的装饰。	Dạo này ai cũng bàn tán sôi nổi về trang trí cây.
原以为会更大呢。	Cứ tưởng sẽ to hơn cơ.
强力药水。	Thuốc nước mạnh.
满满的勇气。	Đầy ắp dũng khí.
注入了变异的力量。	Được truyền vào sức mạnh biến dị.
烈火结晶。	Kết tinh liệt hoả.
为了科学就算疯了又如何！	Vì khoa học thì điên cũng có sao!
里面有东西！我要把它彻底根除。	Bên trong có thứ gì! Ta phải nhổ tận gốc nó.
它会长得大到吓人。	Nó sẽ lớn tới mức đáng sợ.
所以谁要在前面？	Vậy ai đi trước?
中间的部分让我有点犹豫。	Phần ở giữa khiến ta hơi do dự.
神龙摆尾的洋气帽子。	Cái mũ tây kiểu thần long quẫy đuôi.
感觉它想要什么东西。	Cảm giác nó muốn thứ gì đó.
我要在那里种些东西。	Ta muốn trồng gì đó ở chỗ ấy.
完全没用了。	Hoàn toàn vô dụng rồi.
这个灯笼感觉比其他灯笼特别。	Chiếc đèn lồng này thấy đặc biệt hơn mấy chiếc khác.
多么幸运的发现！	Phát hiện may mắn làm sao!
充满爆炸科学。	Đầy ắp khoa học nổ.
非常大。	Rất to.
里面有什么东西吗？	Bên trong có thứ gì không?
我得做点好玩的东西。	Ta phải làm cái gì đó vui vui.
我需要在里面放支火把。	Ta cần đặt một cây đuốc vào trong.
它烧毁了。	Nó cháy rụi rồi.
黏土怪物！	Quái vật đất sét!
它刚刚是不是动了？	Nó vừa nãy có động đậy không?
它脱离束缚了！	Nó thoát khỏi trói buộc rồi!
它看起来好逼真。	Nó trông y như thật.
这个能阻挡狗的脚步。	Cái này cản được bước chân chó.
反正栓着了，我才不担心呢。	Dù sao cũng buộc rồi, ta chẳng lo.
我竟然没被吃掉！	Ta lại không bị ăn thịt!
有更多东西要做。	Còn nhiều việc phải làm.
它想要肉。	Nó muốn thịt.
烧焦了。	Cháy đen rồi.
这个看起来很重要。	Cái này trông rất quan trọng.
在战斗中花掉它会有好的回报。	Tiêu nó trong chiến đấu sẽ được đền đáp tốt.
一场适合我的盛宴。	Một bữa tiệc hợp với ta.
只有野兽才会喜欢的食物。	Món ăn chỉ dã thú mới thích.
没什么精致的。	Chẳng có gì tinh tế.
看什么呢？	Nhìn gì thế?
他得了淘金热！	Hắn mắc bệnh cuồng vàng rồi!
你眼里有泥！	Trong mắt ngươi có bùn!
难道你不想打其他人吗？	Chẳng lẽ ngươi không muốn đánh người khác sao?
看什么看？	Nhìn cái gì mà nhìn?
真令人不安啊。	Khiến người ta bất an thật.
不错的起点。	Điểm xuất phát không tệ.
关键的一点。	Một điểm then chốt.
与其说是终点线，不如说是终点圈。	Nói là vạch đích thì chẳng bằng nói là vòng đích.
一把火烧的干干净净！	Một mồi lửa thiêu sạch sành sanh!
哈哈！科学胜出了！	Ha ha! Khoa học thắng rồi!
哎……恭喜了，{winner}。	Chao…… chúc mừng, {winner}.
好吧，算是个开始。	Thôi được, coi như một khởi đầu.
总会抵达终点。	Rồi cũng sẽ tới đích.
大限将至。	Kỳ hạn sắp tới.
如果你问我，我会说看起来很多籽。	Nếu ngươi hỏi ta, ta sẽ nói trông lắm hạt.
哟，还是稀罕货啊！	Ồ, vẫn là của hiếm đấy!
真亮！	Sáng thật!
做什么呢……	Làm gì đây……
嗯……胡萝卜鼠喜欢吃什么呢？	Ừm…… chuột cà rốt thích ăn gì nhỉ?
烤胡萝卜的气味。	Mùi cà rốt nướng.
为训练指明方向。	Chỉ rõ phương hướng cho việc luyện tập.
你能当一只优秀的小白鼠。	Ngươi làm được một con chuột bạch xuất sắc.
我的训练计划灰飞烟灭。	Kế hoạch luyện tập của ta tan thành tro bụi.
我需要提高胡萝卜鼠的速度。	Ta cần nâng tốc độ của chuột cà rốt.
快点……快点！	Nhanh lên…… nhanh lên!
我可能放太多燃料了。	Ta có lẽ bỏ quá nhiều nhiên liệu.
我们来训练胡萝卜鼠的反应速度！	Nào ta luyện tốc độ phản xạ cho chuột cà rốt!
对象的反应时间正在稳步提高！	Thời gian phản xạ của đối tượng đang cải thiện đều đặn!
追求科学的过程中付出的微小代价。	Cái giá nhỏ phải trả trên đường theo đuổi khoa học.
变得更加强壮了！	Trở nên khoẻ hơn rồi!
这只胡萝卜鼠……将无人能挡！！	Con chuột cà rốt này…… sẽ không ai cản nổi!!
谁都阻挡不了进步！但这个会推迟它……	Chẳng ai cản được tiến bộ! Nhưng cái này sẽ làm nó chậm lại……
我也该练练了！	Ta cũng nên luyện chút!
我最好把这个组装起来。	Tốt nhất ta lắp cái này lại.
这个会改善胡萝卜鼠的耐力	Cái này sẽ cải thiện sức bền của chuột cà rốt
这个应该能显著提高胡萝卜鼠的反应时间。	Cái này chắc sẽ nâng rõ rệt thời gian phản xạ của chuột cà rốt.
可以秤我的胡萝卜鼠。	Cân được chuột cà rốt của ta.
希望天平向我倾斜。	Mong cán cân nghiêng về phía ta.
它终究只是一个有知觉的蔬菜。	Rốt cuộc nó cũng chỉ là một củ rau có tri giác.
胡萝卜鼠熟到可以赛跑了！	Chuột cà rốt chín tới mức đua được rồi!
真是一团糟	Đúng là một mớ hỗn độn
嗯……皮弗娄牛是什么做的呢？	Ừm…… Beefalo làm từ cái gì nhỉ?
闻起来是烤肉的味道。	Ngửi thấy mùi thịt nướng.
没有皮弗娄牛让我打扮。	Chẳng có Beefalo nào cho ta trang điểm.
让我们来美化一下这头皮弗娄牛！	Nào, làm đẹp cho con Beefalo này thôi!
我用最火的风格打扮了我的皮弗娄牛……然而也付出了代价。	Ta trang điểm cho Beefalo theo phong cách nóng nhất…… nhưng cũng phải trả giá.
我还是换个地方把它装起来吧。	Ta vẫn nên đổi chỗ khác mà lắp nó.
那只兔子看起来饿了。	Con thỏ đó trông đói rồi.
闻起来像素食烧烤。	Ngửi như đồ nướng chay.
本科学家再也不怕睡觉压坏发型了！	Nhà khoa học này không còn sợ ngủ làm bẹp tóc nữa!
它是用胡萝卜做的，所以科学说它肯定健康。	Nó làm từ cà rốt, nên khoa học bảo chắc chắn nó lành mạnh.
蓝色是最科学的风味。	Màu xanh là hương vị khoa học nhất.
摇晃的甜点。	Món tráng miệng lắc lư.
兔兔——快跳到我嘴里来！	Thỏ ơi——nhảy vào miệng ta mau!
这个东西我可不能给错人。	Thứ này ta không được đưa nhầm người.
他们看着很舒服的样子。	Trông chúng có vẻ rất dễ chịu.
要是它闻起来不像皮弗娄牛就好了。	Giá mà nó đừng ngửi như Beefalo.
我不喜欢这么潮。	Ta không thích ẩm thế này.
起码比皮弗娄牛枕头好闻。	Ít ra còn thơm hơn gối Beefalo.
谁会睡在这上面？	Ai lại ngủ trên cái này?
荒野休闲装。	Đồ dạo chơi nơi hoang dã.
冬季生存装备。	Trang bị sinh tồn mùa đông.
不知怎么回事比以前更像鼻子了。	Chẳng hiểu sao lại giống cái mũi hơn trước.
一根轻快通风的象鼻。	Một cái vòi voi nhẹ nhàng thoáng khí.
一根肥厚多毛的象鼻。	Một cái vòi voi dày mập nhiều lông.
谁知道那个风滚草里裹着什么。	Ai mà biết trong bụi cỏ lăn đó bọc thứ gì.
啧~	Chậc~
一堆小树枝。	Một đống cành nhỏ.
我讨厌弄湿我的头发。	Ta ghét làm ướt tóc mình.
我的头发湿的时候很好看...问题出在干的时候。	Tóc ta lúc ướt rất đẹp... vấn đề nằm ở lúc khô.
看起来还没有完工！可能有危险。	Trông như chưa hoàn thành! Có thể nguy hiểm.
我在犹豫是否需要更多的糖浆。	Ta đang phân vân có cần thêm si-rô không.
呃。我想只能将就着用了。	Ừ. Ta nghĩ chỉ đành dùng tạm.
这不像是个好主意。	Cái này chẳng giống ý hay.
不错的墙。	Bức tường không tệ.
它们让我有安全感。	Chúng khiến ta thấy an toàn.
一段古老的墙。	Một đoạn tường cổ.
一段坚固的历史。	Một đoạn lịch sử vững chắc.
尖的！	Nhọn!
烧焦了！	Cháy đen rồi!
木桩！	Cọc gỗ!
空灵而光滑！	Hư ảo mà trơn bóng!
非常轻盈，但出人意料地坚硬。	Rất nhẹ nhàng, nhưng cứng đến bất ngờ.
这种感觉真……安全？	Cảm giác này thật…… an toàn?
会出什么问题？	Có thể sai chỗ nào chứ?
它是用垃圾做的。	Nó làm từ rác.
捆绑包装的垃圾。	Rác bó lại đóng gói.
不过是个木头栅栏。	Chẳng qua là một hàng rào gỗ.
有了它就能造出一个美丽牢固的栅栏。	Có nó là dựng được hàng rào vừa đẹp vừa chắc.
有时开，有时关。	Lúc mở, lúc đóng.
有了它就能造出一个美丽牢固的大门。	Có nó là dựng được cánh cổng vừa đẹp vừa chắc.
海象是天生的捕食者。	Hải mã là kẻ săn mồi bẩm sinh.
上面盖了一层海象毛。	Trên đó phủ một lớp lông hải mã.
看起来有人在这里扎营。	Xem chừng có người cắm trại ở đây.
看起来里面温暖而舒适。	Trông bên trong vừa ấm vừa dễ chịu.
它最终肯定能派上用场。	Rốt cuộc nó nhất định có chỗ dùng.
它承载着黑暗、禁忌的秘密...	Nó mang trong mình bí mật hắc ám, cấm kỵ...
毫无风格可言。	Chẳng có phong cách gì để nói.
你好像不太好对付啊，大狗。	Ngươi xem ra khó đối phó đấy, chó lớn.
又要回到那些个日子了……	Lại phải quay về những ngày ấy rồi……
我看那些蜜蜂都发疯了。	Ta thấy mấy con ong đó phát điên cả rồi.
科学奇迹！	Kỳ tích khoa học!
又黏又甜。	Vừa dính vừa ngọt.
多汁而温热。	Mọng nước và ấm nóng.
让果汁从你的脸上流下。	Để nước quả chảy xuống mặt ngươi.
它尝起来没什么味道。	Nếm chẳng có vị gì.
没什么比大响声更能带来宁静的了。	Chẳng gì mang lại yên tĩnh bằng một tiếng nổ lớn.
冬天来的时候，它能派上大用场。	Lúc mùa đông tới, nó rất có ích.
水银的。	Bằng thuỷ ngân.
再也不能测量了。	Chẳng đo được nữa.
节日气氛受了影响。	Không khí lễ hội bị ảnh hưởng.
我认为那是个错误。	Ta cho rằng đó là một sai lầm.
马上就到冬季盛宴了！	Sắp tới yến tiệc mùa đông rồi!
我需要一颗松果。	Ta cần một quả thông.
每个科学家都会欣赏一个好的玩意。	Nhà khoa học nào cũng biết thưởng thức một món đồ hay.
一棵树没有电流就不算完整。	Một cái cây không có dòng điện thì chưa trọn vẹn.
这一个尤其令人印象深刻。	Cái này đặc biệt gây ấn tượng.
我应该把它悬火上烤。	Ta nên treo nó lên lửa mà nướng.
不知道为什么，这让我觉得很饿。	Chẳng hiểu sao, cái này khiến ta thấy rất đói.
以她的爪子来说，做工不可谓不精美。	So với móng vuốt của nàng, tay nghề quả là tinh xảo.
解剖结构是错的，但是我会忽略它。	Cấu trúc giải phẫu sai, nhưng ta sẽ bỏ qua.
我要吃四十个。为了科学。	Ta sẽ ăn bốn mươi cái. Vì khoa học.
圣诞节期间的牙疼马上就要发生了。	Cơn đau răng dịp Giáng sinh sắp xảy ra rồi.
那个实验可能有点儿不道德。	Thí nghiệm đó có lẽ hơi vô đạo đức.
能有一次吃浆果以外的东西真是好。	Được một lần ăn thứ khác ngoài quả mọng thật là tốt.
直接放进嘴里！	Bỏ thẳng vào miệng!
充满了美味汁液的空心苹果。	Quả táo rỗng ruột đầy nước ngon lành.
它是怎么保持温暖的？一个热力马克杯？	Nó giữ ấm bằng cách nào? Một chiếc cốc nhiệt?
科学能够解释它为什么味道这么棒吗？	Khoa học giải thích được vì sao nó ngon thế này không?
喜庆的炉子，用来做火烤的食物！	Cái lò lễ hội, dùng làm món nướng lửa!
烹饪果然是科学。	Nấu ăn quả nhiên là khoa học.
科学就快完成了！	Khoa học sắp hoàn thành rồi!
科学说完成了。	Khoa học bảo xong rồi.
浆果果酱。	Mứt quả mọng.
像海绵一样软。	Mềm như miếng bọt biển.
肉躲在白菜里面躲避天敌。	Thịt trốn trong cải thảo để tránh thiên địch.
品尝品尝时令海鲜。	Nếm thử hải sản đúng mùa.
全是肉汁。	Toàn nước thịt.
我能吃好多个。	Ta ăn được nhiều cái lắm.
那有喇叭鱼吗？	Chỗ đó có cá kèn không?
这杯潘趣酒劲很足。	Cốc rượu punch này rất nặng đô.
这个仲冬节的面包真是应景。	Ổ bánh mì tết trung đông này đúng cảnh thật.
我最爱巴甫洛娃了。	Ta thích nhất bánh pavlova.
无可挑剔的美味。	Ngon đến không chê vào đâu được.
我要来一次光碟行动！	Ta phải làm một trận vét sạch đĩa!
为了科学，我要全部吃掉。	Vì khoa học, ta sẽ ăn hết.
肥美多汁的鸡腿，专门为我做的。	Đùi gà béo ngậy mọng nước, làm riêng cho ta.
都是好料！	Toàn nguyên liệu tốt!
科学创造出了晚餐和甜点的完美混合物。	Khoa học đã tạo ra hỗn hợp hoàn hảo giữa bữa tối và tráng miệng.
我要是再多吃一些，也许会变得健壮了。	Nếu ta ăn thêm chút nữa, có lẽ sẽ khoẻ mạnh lên.
很高兴肉食你！	Rất hân hạnh được thịt ngộ ngươi!
节庆餐桌。	Bàn tiệc lễ hội.
吃饭时间到了！	Đến giờ ăn cơm rồi!
不是吃这个的季节。	Không phải mùa ăn cái này.
谁会做这种事？	Ai lại làm chuyện thế này?
舔品一下甜品。	Liếm nếm chút đồ ngọt.
管吃管住。	Bao ăn bao ở.
我最好跟着他。	Tốt nhất ta đi theo hắn.
走一路掉一路。	Đi đến đâu rơi đến đó.
冬季精神!	Tinh thần mùa đông!
那究竟是什么东西！	Rốt cuộc đó là thứ gì!
我们绝对应该打开那东西。	Bọn ta tuyệt đối nên mở thứ đó ra.
对一个鹿角来说这真是太花俏了。	Với một cái gạc hươu thì cái này loè loẹt quá.
柔软，呈波浪形。	Mềm mại, dạng gợn sóng.
科学催促我跳进去。	Khoa học thúc giục ta nhảy vào.
啊，那玩意看着不太对啊。	À, cái thứ đó trông không ổn lắm.
我想用一下它，我想让全世界都知道我的所作所为。	Ta muốn dùng nó một lần, ta muốn cả thế giới biết việc ta làm.
它在观察我吗？	Nó đang quan sát ta à?
摸上去冷冰冰的。	Sờ vào lạnh ngắt.
丑陋之心在跳动，将鬼魂复活了！	Trái tim xấu xí đang đập, làm hồn ma sống lại!
科学的力量肯定使它恢复生气了...	Sức mạnh khoa học chắc chắn đã khiến nó hồi sinh khí...
它描绘了一个古老的文明。人们看起来又饿又怕。	Nó khắc hoạ một nền văn minh cổ xưa. Người ta trông vừa đói vừa sợ.
这块石板已经无法识别了。	Phiến đá này đã không nhận ra được nữa.
有黑暗的东西悄悄逼近这座城市和城里的人。	Có thứ hắc ám lặng lẽ áp sát toà thành này và người trong thành.
人们的皮肤在脱落。他们的表里截然不同。	Da người đang bong ra. Trong ngoài họ khác hẳn nhau.
这里描绘了一座科技发达的宏伟城市。	Chỗ này khắc hoạ một toà thành hùng vĩ có kỹ thuật phát triển.
这看起来并不全是真的。	Cái này trông không hoàn toàn là thật.
非常令人不安的光。	Thứ ánh sáng khiến người ta rất bất an.
它必须有动力来源。	Nó phải có nguồn động lực.
回到正常运转状态。	Trở lại trạng thái vận hành bình thường.
主要部分依然完好无损。	Phần chính vẫn nguyên vẹn không tổn hại.
它正在获得能量。	Nó đang thu nạp năng lượng.
大门在晃动。	Cổng lớn đang rung.
它需要时间恢复。我也是。	Nó cần thời gian hồi phục. Ta cũng vậy.
它在向外发射能量。	Nó đang phóng năng lượng ra ngoài.
科学的突破！生命的答案！	Đột phá khoa học! Đáp án của sự sống!
%s一定是在和%s进行试验时死的。	%s hẳn đã chết lúc làm thí nghiệm với %s.
肉就是肉。有区别么？	Thịt thì là thịt. Có khác gì đâu?
煮的粉嫩，但在道德上还是灰色地带。	Nấu hồng mềm, nhưng về đạo đức vẫn là vùng xám.
风干了就不是人肉了，对吧？	Hong khô rồi thì không còn là thịt người nữa, đúng không?
那块石头来自月亮。	Hòn đá đó đến từ mặt trăng.
我应该把闪亮的东西粘在它里面。用来研究。	Ta nên dán thứ lấp lánh vào trong nó. Để nghiên cứu.
里面蕴藏着科学！	Bên trong ẩn chứa khoa học!
它能看几公里，也能在几公里外被看到。	Nó nhìn xa được vài dặm, cũng bị nhìn thấy từ vài dặm.
是个很好的标记物，但我希望它不要再那样看我。	Là vật đánh dấu rất tốt, nhưng ta mong nó đừng nhìn ta như thế nữa.
那东西会密切关注这地方。	Thứ đó sẽ trông chừng nơi này sát sao.
有那东西帮忙观望，没有人会迷路。	Có thứ đó giúp trông chừng, chẳng ai lạc đường.
那应该给每个人指路。	Cái đó chắc sẽ chỉ đường cho mọi người.
留个心眼总是比较明智的。	Đề phòng một chút bao giờ cũng khôn ngoan hơn.
你可真大！	Ngươi to thật đấy!
我可以应对他！	Ta đối phó được với hắn!
那家伙喷出来的东西有腐蚀性！	Thứ gã đó phun ra có tính ăn mòn!
他的胳膊真壮啊。	Cánh tay hắn khoẻ thật.
它的壳有尖刺！	Vỏ nó có gai nhọn!
这家伙会咬人。	Gã này biết cắn người.
他的鼻子很适合干这个活。	Cái mũi hắn rất hợp làm việc này.
我在这里都能闻到他的气味！	Ở đây ta cũng ngửi thấy mùi hắn!
我要走了。	Ta đi đây.
能过来，应该也能回去吧？	Qua được thì chắc cũng về được chứ?
释放再生的力量。	Thi triển sức mạnh tái sinh.
召唤流星从天而降。	Triệu sao băng từ trời giáng xuống.
这把敲东西的锤子可真重。	Cây búa nện đồ này nặng thật.
我可以用它快速充电。	Ta dùng nó nạp điện nhanh được.
我可以在范围内用这个武器。	Ta dùng được vũ khí này trong tầm.
它利用一股强气流来推动抛射物。	Nó dùng một luồng khí mạnh để đẩy vật phóng.
可以说他们是在为我们战斗吧。	Có thể nói chúng đang chiến đấu vì bọn ta.
这样能把那些怪物拖住一阵子。	Thế này sẽ giữ chân đám quái vật đó một lúc.
它直击要害。	Nó đánh thẳng vào yếu hại.
我看不清这些字。	Ta nhìn không rõ mấy chữ này.
我们最好开始煮些祭品。	Tốt nhất bọn ta bắt đầu nấu ít đồ tế.
它正在消化。	Nó đang tiêu hoá.
它含有大量美味可口的树液。	Nó chứa rất nhiều nhựa cây thơm ngon.
那棵树哪去了？真是一桩谜题。	Cái cây đó đi đâu rồi? Đúng là một câu đố.
丰富的汁液。	Nhựa dồi dào.
香甜的金黄色汁液。	Nhựa vàng óng thơm ngọt.
蚂蚁就是这样来的。	Kiến đến là vì thế đấy.
它看上去生病了。	Nó trông có vẻ bị bệnh.
它让我想起来那些带触手的怪物。	Nó khiến ta nhớ tới mấy con quái có xúc tu.
从那丛灌木中采集不到更多果实了。	Từ bụi cây đó chẳng hái thêm được quả nào nữa.
盐积聚在绳子上了。	Muối đóng lại trên sợi dây.
科学是需要时间的。	Khoa học cần thời gian.
这是保险箱，用来保护物品安全的。	Đây là két sắt, dùng để giữ đồ an toàn.
没有钥匙就打不开。	Không có chìa thì không mở được.
那些是蘑菇吗？这真是一桩难题。	Mấy thứ đó là nấm à? Đúng là một bài toán khó.
应该不会长回来了。	Chắc không mọc lại nữa.
空无一人。	Không một bóng người.
这个小镇被摧毁了。	Thị trấn nhỏ này bị phá huỷ rồi.
不知道他们惹怒了谁。	Không biết bọn họ chọc giận ai.
我猜你是这里的老大？	Ta đoán ngươi là đại ca ở đây?
它睡着了，暂时睡着了。	Nó ngủ rồi, tạm thời ngủ.
我应该把它献祭在饕餮祭坛上。	Ta nên dâng tế nó lên tế đàn Thao Thiết.
不是它想要的。	Không phải thứ nó muốn.
科学说这样会安抚天空之神。	Khoa học bảo làm vậy sẽ xoa dịu vị thần bầu trời.
真的，这更像是小吃。	Thật đấy, cái này giống món ăn vặt hơn.
没钥匙不行。	Không có chìa thì không được.
锁得牢牢的。	Khoá chặt cứng.
死了。	Chết rồi.
羽翼丰满。	Lông cánh đầy đủ.
暂时睡着了。	Tạm thời ngủ rồi.
她制造了一种自动防卫系统。	Nàng chế ra một hệ thống phòng vệ tự động.
需要通电。	Cần thông điện.
熊熊烈火！	Lửa cháy hừng hực!
科学也没能拯救它。	Khoa học cũng chẳng cứu nổi nó.
好棒的主意！	Ý hay quá!
看起来很科学。工作原理是什么？	Trông rất khoa học. Nguyên lý hoạt động là gì?
电量正在下降。	Lượng điện đang giảm.
要是薇诺娜忙，我也能让它运作起来。	Nếu Winona bận, ta cũng làm nó chạy được.
嘿！这不科学！	Này! Cái này chẳng khoa học!
马上就没电了。	Sắp hết điện rồi.
科学每次都能战胜魔法。	Khoa học lần nào cũng thắng ma pháp.
快要爆炸了！……抱歉，让你看到我在实验室时的旧习惯了。	Sắp nổ rồi!…… Xin lỗi, để ngươi thấy thói quen cũ hồi ta ở phòng thí nghiệm.
她大概忘了把按钮装到她的机器上了。	Nàng chắc quên lắp nút bấm vào cỗ máy của mình.
薇诺娜正在头脑风暴。	Winona đang động não.
它遵循位移理论——东西从介个位置移到辣个位置。	Nó tuân theo lý thuyết dịch chuyển——đồ từ chỗ nầy dời sang chỗ kía.
你不就是最可爱的螺栓筒吗？	Ngươi chẳng phải cái ống bu-lông đáng yêu nhất sao?
是在休息吗？薇诺娜倒是让你喘口气了。	Đang nghỉ à? Winona cũng cho ngươi thở một hơi đấy.
薇诺娜在我眼里一直是一个对未来有远见的人。	Trong mắt ta Winona luôn là người có tầm nhìn xa về tương lai.
跟薇诺娜一贯的风格多少有些出入。	So với phong cách quen thuộc của Winona thì ít nhiều có chỗ lệch.
沃姆伍德曾想让我尝一口，但我礼貌的拒绝了。	Wormwood từng muốn ta nếm một miếng, nhưng ta lịch sự từ chối.
防守是最好的进攻。	Phòng thủ là tấn công tốt nhất.
谁要是踩上去肯定会被戳到。	Ai mà giẫm lên chắc chắn bị đâm.
就剩下了这一点。	Chỉ còn lại chừng này.
要补漏，不然会沉。	Phải vá lỗ, không thì chìm.
且慢！桅杆！	Khoan đã! Cột buồm!
这是一块石头。	Đây là một hòn đá.
就是一张网。	Chỉ là một cái lưới.
啊,我能丢回去吗？	À, ta ném lại được không?
来世要做一名水手。	Kiếp sau phải làm thuỷ thủ.
我可不想让小船飘走。	Ta chẳng muốn con thuyền nhỏ trôi mất.
以防不测。	Phòng khi bất trắc.
浮木在燃烧！	Gỗ trôi đang cháy!
看起来没什么用了。	Trông chẳng còn dùng được gì.
可能还有东西值得挖一挖。	Có lẽ vẫn còn thứ đáng đào.
被冲到岸上的一颗枯树。	Một cái cây khô bị dạt vào bờ.
能浮在水上。	Nổi được trên nước.
树在燃烧。	Cây đang cháy.
树烧尽了。	Cây cháy hết rồi.
好粗的一颗树。	Cái cây to thật.
没曾想月亮上还长树。	Không ngờ trên mặt trăng còn mọc cây.
从月亮树上掉下来的。	Rơi xuống từ cây mặt trăng.
我渊博的科学知识告诉我，这是一只月光蝴蝶。	Kiến thức khoa học uyên bác của ta bảo, đây là một con bướm ánh trăng.
这下抓到你了。	Phen này bắt được ngươi rồi.
美丽的蝴蝶翅膀。	Đôi cánh bướm xinh đẹp.
蛾子变树？疯狂的月光！	Bướm đêm hoá cây? Ánh trăng điên rồ!
会把我的牙都咬碎。	Sẽ làm vỡ hết răng ta.
没煮熟的核果最糟了。	Quả hạch chưa chín là tệ nhất.
够软了，可以吃了。	Đủ mềm rồi, ăn được.
它正在生长。	Nó đang lớn.
它结果的日子结束了。	Những ngày nó ra quả đã chấm dứt.
被热坏了。	Bị nóng làm hỏng.
是月亮上来的灌木！	Là bụi cây từ mặt trăng xuống!
得过些时间才能结出果实。	Phải qua ít lâu mới ra quả được.
它在燃烧。	Nó đang cháy.
上了岸，结果落得如此下场。	Lên bờ rồi, kết cục lại ra nông nỗi này.
能泡下这身疲倦的身骨该多好。	Được ngâm cái thân xác mệt mỏi này thì hay biết mấy.
简单的化学反应而已。	Chỉ là phản ứng hoá học đơn giản thôi.
水在月光下凝结成玻璃，这就是科学。	Nước dưới ánh trăng đông lại thành thuỷ tinh, đó là khoa học.
那我就等等它再变满吧。	Vậy ta đợi nó đầy lại vậy.
它非常锋利。	Nó rất sắc bén.
我应该在能量耗尽前为它找到科学的用途！	Ta nên tìm cho nó công dụng khoa học trước khi năng lượng cạn!
我都能看到自己的倒影。	Ta nhìn thấy cả bóng mình phản chiếu.
教科书式的化学反应。	Phản ứng hoá học kiểu sách giáo khoa.
噢，多可爱的一只小海星！	Ồ, con sao biển nhỏ đáng yêu làm sao!
它差点吞了我！	Nó suýt nuốt chửng ta!
它再也骗不了人了。	Nó chẳng lừa được ai nữa.
好的，月亮让它产生了变异。	Được rồi, mặt trăng khiến nó biến dị.
感谢科学，终于不动了。	Cảm tạ khoa học, rốt cuộc cũng nằm im.
真的死了吧？	Chết thật rồi chứ?
那可不是寻常的蜘蛛巢。	Cái đó đâu phải tổ nhện bình thường.
挺可爱的，不过还没熟。	Khá đáng yêu, nhưng chưa chín.
现在应该熟了。	Giờ chắc chín rồi.
在打盹呢。	Đang chợp mắt.
我以前从来没见过活的海鹦。	Trước giờ ta chưa từng thấy chim hải âu cổ rụt còn sống.
抓到一只，吹嘘一下也不为过。	Bắt được một con, khoe khoang chút cũng chẳng quá.
呼呼的安睡。	Ngủ say khò khò.
我把它做的非常好用。	Ta làm nó rất dễ dùng.
我真的不是打架的料。	Ta thật sự không phải người hợp đánh nhau.
一定要避开那东西。	Nhất định phải tránh thứ đó.
完全融化了。	Tan chảy hoàn toàn.
我可以点一发，让所有人都知道我在这。	Ta có thể bắn một phát, cho mọi người biết ta ở đây.
它会让一切存在都知道我在这里。一切存在。	Nó sẽ khiến mọi tồn tại biết ta ở đây. Mọi tồn tại.
平静和恐惧同时在我的脑中回响。	Bình tĩnh và sợ hãi cùng vang lên trong đầu ta.
这个地方的裂隙越来越明显。	Vết nứt nơi này càng lúc càng rõ.
它想被完成。	Nó muốn được hoàn thành.
唔？你说什么？	Ừm? Ngươi nói gì?
我有种强烈的感觉想把它搬走。	Ta có cảm giác mãnh liệt muốn dời nó đi.
它不想待在地上。	Nó không muốn ở dưới đất.
它想让我给它一个家。	Nó muốn ta cho nó một mái nhà.
我钓上来的，现在去找个裂隙吧！	Ta câu được đấy, giờ đi tìm một vết nứt nào!
感觉它在等什么事情发生。	Cảm giác nó đang chờ chuyện gì đó xảy ra.
它似乎是一个更大机制的一部分。	Nó dường như là một phần của cơ chế lớn hơn.
我知道把你放哪了。	Ta biết đặt ngươi ở đâu rồi.
它需要和其他的那些放在一起。	Nó cần được đặt cùng với những cái kia.
是不是该谢谢我了。	Có phải nên cảm ơn ta rồi không.
科学在大海上丢失了。	Khoa học lạc mất giữa biển khơi.
在水上做些实验挺不错的。	Làm vài thí nghiệm trên mặt nước cũng hay.
从技术上讲，这是一条船。	Nói cho đúng kỹ thuật, đây là một con thuyền.
它能做成方向舵。	Nó làm được bánh lái.
现在我能造出锚了。	Giờ ta đúc được mỏ neo rồi.
现在我能造出桅杆了。	Giờ ta dựng được cột buồm rồi.
现在我可以轻松的呼吸了。	Giờ ta thở nhẹ nhõm được rồi.
有股强烈的欲望让我赶快跑。	Có một thôi thúc mãnh liệt bảo ta chạy mau.
它走到了尽头。	Nó đã đi tới tận cùng.
那东西真可怕！	Thứ đó đáng sợ thật!
谢天谢地，它在睡觉。	Tạ ơn trời đất, nó đang ngủ.
胡萝卜怎么还长腿了？	Sao cà rốt lại mọc chân?
近看真是丑。	Nhìn gần xấu thật.
有点可爱了。	Đáng yêu lên chút rồi.
不赖，海带。	Không tệ, rong biển.
海带让我激动难耐。	Rong biển khiến ta phấn khích khó kìm.
可以种在深海里。	Trồng được dưới biển sâu.
有时为了好受点，必须先难受一下。	Đôi khi muốn dễ chịu hơn thì phải khó chịu trước.
把我的口袋全弄湿了，好恶心。	Làm ướt hết túi ta, kinh quá.
熟了以后有点稀，黏黏的。	Chín rồi thì hơi loãng, dinh dính.
钠的成分有点高。	Hàm lượng natri hơi cao.
好像能给我...知识。	Hình như cho ta được... tri thức.
它跟我保证……靠得太近就扇我一巴掌。	Nó bảo đảm với ta…… lại gần quá là tát ta một cái.
我不喜欢它盯着船看的眼神……	Ta không thích ánh mắt nó nhìn chằm chằm con thuyền……
曾经尖牙利齿，如今只剩空壳。	Xưa nanh nhọn răng sắc, nay chỉ còn vỏ rỗng.
至少不会打湿我的头发。	Ít ra không làm ướt tóc ta.
是天然形成的吗？	Là hình thành tự nhiên à?
挖过了……全挖过了！	Đào rồi…… đào hết rồi!
我猜它自己就是会长成这样。	Ta đoán tự nó vốn mọc thành thế này.
科学催促我去舔一下。	Khoa học thúc giục ta liếm thử một cái.
防止食物变质的灵药！	Linh dược ngăn thức ăn hỏng!
是时候解决海钓的问题了。	Đến lúc giải quyết chuyện câu biển rồi.
某种钓具的图片。我打赌我自己就能做……	Bức hình một loại đồ câu. Ta dám cá tự mình làm được……
禽鸟巨兽！	Cầm điểu cự thú!
从大鸟身上拔下的漂亮羽毛。	Chiếc lông đẹp nhổ từ con chim lớn.
闻起来有鱼腥味。	Ngửi có mùi tanh cá.
它比看上去还轻。	Nó nhẹ hơn cả vẻ ngoài.
展翅远航！	Giương cánh viễn hành!
我在织羽毛被！	Ta đang đan chăn lông vũ!
天啊，你的角真大。	Trời ạ, sừng ngươi to thật.
你的鼻子没了！	Mũi ngươi mất rồi!
鲸鱼，挺好的。	Cá voi, hay đấy.
这就是你到处伸鼻子的下场！	Đây là hậu quả của việc ngươi chõ mũi khắp nơi!
不可思议！	Không thể tin nổi!
我们就不能造一艘救生船吗？	Bọn ta không đóng nổi một chiếc xuồng cứu sinh sao?
手动加速。	Tăng tốc thủ công.
手动加速船只。	Tăng tốc thuyền thủ công.
这才是货真价实的海钓竿！	Đây mới là cần câu biển hàng thật giá thật!
可以用浮漂提高准度。	Dùng phao nâng được độ chính xác.
鱼群会喜欢这个球的。	Đàn cá sẽ thích quả bóng này.
那些鱼这次休想逃出我的手掌心！	Phen này đám cá đó đừng hòng thoát khỏi lòng bàn tay ta!
我吃鱼，不吃乌鸦。	Ta ăn cá, không ăn quạ.
希望别引来红鲱鱼。	Mong đừng dụ tới cá trích đỏ.
雪鸟的羽毛十分高冷。	Lông chim tuyết hết sức lạnh lùng cao ngạo.
快来跟我的小伙伴问好！	Mau chào bạn nhỏ của ta đi!
你要完了，鱼！	Ngươi tiêu rồi, cá!
这么漂亮的羽毛，见过没。	Chiếc lông đẹp thế này, thấy bao giờ chưa.
也许有鱼会上当！	Có lẽ sẽ có cá mắc bẫy!
也许有小鱼会上当！	Có lẽ sẽ có cá nhỏ mắc bẫy!
把自己弄湿能帮助我像鱼一样思考……	Làm ướt mình giúp ta nghĩ như một con cá……
鱼儿都不会知道是谁下的手！	Lũ cá sẽ chẳng biết ai ra tay!
我的大脑有一层硬科学在保护！	Não ta có một lớp khoa học cứng bảo vệ!
感觉有些沉重。	Cảm thấy hơi nặng nề.
看起来是个小家伙。	Trông là một con nhỏ.
这条不会给我带来吹嘘的资本。	Con này chẳng cho ta vốn liếng để khoe khoang.
还没长开。	Vẫn chưa lớn hẳn.
小鱼小虾，成不了大气候。	Cá con tôm nhỏ, chẳng nên trò trống gì.
我等不及一口吞了它！	Ta nóng lòng nuốt chửng nó một miếng!
“叶”见为食啊。	Thấy “lá” là thấy ăn.
总算给我抓到开花的鱼了！	Rốt cuộc ta cũng bắt được con cá nở hoa!
烫得很呢！	Nóng lắm đấy!
只是随便说说，不过我应该能让你派上用场……	Chỉ nói vu vơ thôi, nhưng ta chắc sẽ khiến ngươi có chỗ dùng……
看着丑，希望味道好吃点吧。	Trông thì xấu, mong vị ngon hơn chút.
花大力气钓的。	Câu được bằng công sức lớn.
我钓鱼的技术可不是盖的！	Tay nghề câu cá của ta không phải dạng vừa!
不知道这个会不会带来厄运。	Không biết cái này có mang tới xui xẻo không.
这条鱼看着有些俗气。	Con cá này trông hơi quê mùa.
好一条大肥鱼！	Một con cá béo lớn!
冰鲷鱼。	Cá tráp băng.
成功钓鱼之旅的甜蜜味道。	Vị ngọt ngào của chuyến câu thành công.
一块鱼肉。	Một miếng thịt cá.
一点点鱼肉。	Một chút thịt cá.
一点点熟鱼肉。	Một chút thịt cá chín.
我不太想知道那种气味是怎么来的。	Ta chẳng muốn biết cái mùi đó từ đâu ra.
它们像沙丁鱼一样塞得满满的！	Chúng nhét chặt cứng như cá mòi!
低配称重设备。	Thiết bị cân cấu hình thấp.
这件额外的储存工具钩住了我的注意力。	Món đồ chứa thêm này móc lấy sự chú ý của ta.
我费了九牛二虎之力才弄到手的。	Ta tốn sức chín trâu hai hổ mới lấy được.
来瞻仰我今天的海钓成绩吧！	Tới chiêm ngưỡng thành tích câu biển hôm nay của ta nào!
重量: {weight}\n捕获人: {owner}	Trọng lượng: {weight}\nNgười bắt: {owner}
重量: {weight}\n捕获人: {owner}\n所获颇丰!	Trọng lượng: {weight}\nNgười bắt: {owner}\nThu hoạch khá bộn!
如果要给火爆程度打分……全烧起来了。	Nếu phải chấm điểm độ cháy……cháy hết cả rồi.
我所有吹嘘的资本全都给烧没了！	Toàn bộ vốn liếng khoe khoang của ta cháy sạch rồi!
完全没有炫技的意思，大家就随便看看……\n重量: {weight}\n捕获人: {owner}	Hoàn toàn không có ý khoe tài, mọi người xem qua thôi……\nTrọng lượng: {weight}\nNgười bắt: {owner}
重量: {weight}\n捕获人: {owner}\n还真抓了条大肥鱼！	Trọng lượng: {weight}\nNgười bắt: {owner}\nQuả thật bắt được con cá béo lớn!
长了些泥巴的草。	Cỏ mọc dính chút bùn.
但我没有筷子。	Nhưng ta không có đũa.
一大碗海鲜浓汤。	Một bát lớn súp hải sản đặc.
太完美了！	Hoàn hảo quá!
好一只调皮的龙虾。	Một con tôm hùm tinh nghịch.
一块石头，里面有龙虾。	Một hòn đá, bên trong có tôm hùm.
这烹饪出来应该挺不错的。	Nấu ra chắc sẽ khá ngon.
我等不及要吃了你。	Ta nóng lòng muốn ăn ngươi.
可以再加点盐，但是不关我的事。	Có thể thêm chút muối, nhưng chẳng liên quan tới ta.
如果我早上吃它，它还算正餐吗？	Nếu ta ăn nó buổi sáng, nó còn tính là bữa chính không?
好一只调皮的月光龙虾。	Một con tôm hùm ánh trăng tinh nghịch.
一块月光玻璃，里面有月光龙虾。	Một khối thuỷ tinh ánh trăng, bên trong có tôm hùm ánh trăng.
等着轰轰轰吧！	Chờ nổ ầm ầm đi!
这个在必要时能派上用场。	Cái này lúc cần sẽ có ích.
重活就交给它干吧。	Việc nặng cứ giao cho nó.
看看这里是什么东西？	Xem ở đây có thứ gì nào?
这是一座空壳房子。	Đây là một căn nhà vỏ rỗng.
它只需要一点点的爱。	Nó chỉ cần một chút yêu thương.
我打赌里面有不少漂亮贝壳。	Ta dám cá bên trong có khối vỏ sò đẹp.
调有点低。	Tông hơi thấp.
这就是大海的声音吗？	Đây là tiếng của biển sao?
它可以发出高音C。	Nó phát được nốt đô cao.
鱼儿的美味佳肴！	Món ngon cho lũ cá!
真正的宝物是我们在寻宝过程中的成长。	Bảo vật thật sự là sự trưởng thành của bọn ta trên đường tìm báu.
贝壳闭上了！	Vỏ sò khép lại rồi!
这些东西她有的是。	Mấy thứ này nàng có đầy.
她确实是卖海贝壳的！	Nàng đúng là người bán vỏ sò biển!
我喜欢这些粉尘！感觉十分学术！	Ta thích mấy hạt bụi phấn này! Cảm giác rất học thuật!
虽然不科学……但是很有效。	Tuy chẳng khoa học…… nhưng rất hiệu nghiệm.
你以科学的名义给她喂了什么？	Nhân danh khoa học ngươi cho nàng ăn cái gì vậy?
科学证明，喂养宠物狗能够显著改善心情。	Khoa học chứng minh, nuôi chó cưng cải thiện tâm trạng rõ rệt.
我年轻的时候也没喜欢过“户外活动”。	Hồi trẻ ta cũng chưa từng thích “hoạt động ngoài trời”.
所有玻璃的噩梦。	Cơn ác mộng của mọi tấm kính.
即将打出的弹药。	Đạn dược sắp bắn ra.
粪便弹道。	Đường đạn phân.
子弹，能叮咬？	Đạn, biết đốt cắn?
子弹，能被打……发出去？	Đạn, có thể bị đánh… bắn ra ngoài?
我感觉已经几辈子没睡过好觉了！	Ta thấy mấy kiếp rồi chưa ngủ ngon!
有了帐篷可不要膨胀。	Có lều rồi thì đừng có tự mãn.
戏剧让我坐立不安。	Kịch nghệ khiến ta đứng ngồi không yên.
我有一次看戏前不小心把背心烧出个洞。我称此为戏剧性熨烫。	Có lần trước khi xem kịch ta lỡ là thủng cái áo gi-lê. Ta gọi đó là ủi kiểu kịch tính.
恐怕我不是一个持照诗人。	E rằng ta không phải nhà thơ có giấy phép.
哦，哇，这看起来嗯……很好吃，韦伯!	Ồ, chà, cái này trông ừm…… ngon lắm, Webber!
呃，我……刚吃过饭！你拿去给你的蜘蛛朋友好吗？	Ơ, ta…… vừa ăn xong! Ngươi mang cho đám bạn nhện của ngươi nhé?
我可不想引来任何蜘蛛!	Ta chẳng muốn dụ con nhện nào tới!
看起来某人的手艺提高了不少啊。	Xem ra tay nghề ai đó tiến bộ nhiều rồi.
哦，太好了。现在蜘蛛可以自愈了。	Ồ, hay quá. Giờ nhện tự chữa lành được rồi.
如果科学能让它为我所用就好了。	Giá mà khoa học khiến nó phục vụ ta được.
要是看到蜘蛛，我一定会把它送给它们。也许吧。	Nếu thấy nhện, ta nhất định sẽ tặng nó cho chúng. Có lẽ vậy.
嗯，对。非常科学。	Ừm, đúng. Rất khoa học.
弄点花会显得更有生机。	Cắm chút hoa vào sẽ trông có sức sống hơn.
多拿些花来应该就可以了。	Lấy thêm ít hoa nữa chắc là được.
好美的花束！	Bó hoa đẹp quá!
它让我感觉不妙。	Nó khiến ta thấy chẳng lành.
多么怪异的声音。	Âm thanh mới quái dị làm sao.
跟坎普斯是一个模子里印出来的家伙。	Cái gã đúc cùng khuôn với Krampus.
我能猜到那个有毛用。	Ta đoán được cái đó có tác dụng cóc khô gì.
如果你仔细想想，它还真不是一般的罐子。	Nếu ngươi nghĩ kỹ, nó quả thật chẳng phải cái nồi tầm thường.
这才是烹饪！	Đây mới là nấu nướng!
行，做完饭了！	Được, nấu xong rồi!
这顿饭需要一点时间了。	Bữa này cần chút thời gian.
马上就能好！	Sắp xong rồi!
我打赌里面什么都没有。	Ta dám cá bên trong chẳng có gì.
把所有食物混合起来。	Trộn tất cả thức ăn lại.
它可以给食物增添辛香风味。	Nó thêm được hương cay thơm cho món ăn.
应该能让饭菜更可口。	Chắc sẽ khiến cơm nước ngon miệng hơn.
烹饪科学的突破！	Đột phá của khoa học nấu nướng!
威力强大的粉末。	Thứ bột uy lực mạnh mẽ.
甜！真甜！	Ngọt! Ngọt thật!
一壶液体火焰。	Một bình lửa lỏng.
适量的钠对心脏有好处。	Lượng natri vừa phải tốt cho tim.
这儿一定还有别的什么能吃的。	Chỗ này nhất định còn thứ khác ăn được.
甜水果！营养均衡的早餐的一部分。	Trái cây ngọt! Một phần của bữa sáng cân bằng dinh dưỡng.
这是鱼里面塞了只青蛙吗？	Đây là cá nhét con ếch vào bên trong à?
土豆，科学的融合了龙卷风的力量！	Khoai tây, dung hợp một cách khoa học sức mạnh của lốc xoáy!
希望能承受住辛辣的程度。	Mong là chịu nổi độ cay.
沃利烧的一手好菜。	Warly nấu ăn một tay cừ khôi.
惊人的美味。	Ngon đến kinh ngạc.
有点吓人啊。	Hơi đáng sợ đấy.
沃利骨子里是名好厨师。	Warly trong cốt cách là một đầu bếp giỏi.
我听说做饭基本上就是化学。我应该试试。	Ta nghe nói nấu ăn về cơ bản là hoá học. Ta nên thử.
我都忘记了可口的饭菜是什么味道！	Ta quên mất cơm ngon có vị thế nào rồi!
他把横溢的才华用在了烹饪，我用在了科学。	Hắn đem tài hoa tràn trề dùng vào nấu nướng, ta dùng vào khoa học.
不科学啊，怎么这么好吃？	Chẳng khoa học chút nào, sao lại ngon thế này?
闻起来很好吃。	Ngửi thấy rất ngon.
你能把芹菜当吸管用吗？	Ngươi dùng cần tây làm ống hút được không?
不，别冻大脑！我需要它来做科学研究！	Không, đừng đông não! Ta cần nó để nghiên cứu khoa học!
能弄一只大点的碗吗？这只看起来有点小。	Kiếm cái bát to hơn được không? Cái này trông hơi nhỏ.
真...辣...！	Cay... thật...!
这么一大口！	Một miếng lớn thế này!
是个生萝卜。	Là củ cải sống.
做饭就是将科学付诸实践。	Nấu ăn chính là đem khoa học vào thực hành.
一把古怪的种子。	Một nắm hạt giống kỳ quái.
第一口气清新剂。	Thứ làm thơm hơi thở đầu tiên.
完美的焦黄。	Vàng cháy hoàn hảo.
看起来很脆。	Trông rất giòn.
一次成功的化学反应。	Một phản ứng hoá học thành công.
埋在地下的苹果。	Quả táo chôn dưới đất.
一次成功的温度实验。	Một thí nghiệm nhiệt độ thành công.
红色的，满满都是科学。	Màu đỏ, đầy ắp khoa học.
懂化学的话做饭就非常简单了。	Hiểu hoá học thì nấu ăn cực kỳ đơn giản.
一种蔬菜。	Một loại rau.
科学说这对我有好处。	Khoa học bảo cái này tốt cho ta.
就是些种子。	Chỉ là mấy hạt giống.
好一个火辣辣的辣椒。	Một quả ớt cay xé lưỡi.
本来就是辣的。	Vốn dĩ là cay.
一把种子。	Một nắm hạt giống.
我猜科学在北方有不同的奏效方法。	Ta đoán ở phương bắc khoa học có cách hiệu nghiệm khác.
它让我浑身起鸡皮疙瘩。	Nó làm ta nổi da gà khắp người.
一头再正常不过的受诅咒的鹿。	Một con hươu bị nguyền rủa bình thường hết mức.
我终于能在公开场合以真面目示人了。	Rốt cuộc ta cũng lộ chân diện mục nơi công cộng được rồi.
配得上沼泽之王的地位！	Xứng với địa vị vua đầm lầy!
本来那王座就一股鱼腥味。	Vốn dĩ cái ngai đó đã một mùi tanh cá.
那些吸血鬼休想碰我！	Đám ma cà rồng đó đừng hòng đụng vào ta!
我手痒想把它扔出去。	Tay ta ngứa ngáy muốn ném nó đi.
植物居然喜欢它。	Cây cối lại thích nó.
这是鱼人之间最潮的东西。	Đây là thứ mốt nhất trong giới người cá.
她究竟在盘算什么？	Rốt cuộc nàng đang tính toán gì?
永远都不会这道它原来是什么了。	Sẽ chẳng bao giờ biết ban đầu nó là gì nữa.
样子还挺可爱的。	Dáng vẻ cũng khá đáng yêu.
啊，刺鼻的味道！	A, cái mùi xộc mũi!
他们找到了国王后高兴了起来。	Bọn chúng tìm được vua rồi thì vui hẳn lên.
皇帝守卫没有皇帝可以守卫。	Cấm vệ hoàng đế chẳng có hoàng đế nào để canh.
国王陛下！	Bệ hạ quốc vương!
在他们周围感觉受到了护卫……	Ở quanh bọn chúng thấy như được hộ vệ……
他们遵循先到先得的规矩。	Bọn chúng theo lệ ai tới trước được trước.
我有预感会派上用场。	Ta linh cảm sẽ có chỗ dùng.
我科学的大脑拒绝相信这一切。	Bộ não khoa học của ta từ chối tin tất cả chuyện này.
嗷，你是不是个小可爱啊？	Ồ, ngươi có phải đứa nhỏ đáng yêu không nào?
咦！蟹蟹您啊。	Ơ! Cua ơn ngài.
那座城堡需要装修一下。	Toà lâu đài đó cần sửa sang chút.
警惕蟹爪！	Cảnh giác càng cua!
不知道是不是送给我的！	Không biết có phải tặng ta không!
空无一物。	Trống rỗng không một vật.
肉晾在这里应该错不了。	Phơi thịt ở đây chắc không sai.
不知道里面有没有些许甜蜜。	Không biết bên trong có chút ngọt ngào nào không.
一个人住多少会寂寞吧。	Ở một mình ít nhiều cũng cô quạnh.
我会照顾好它。	Ta sẽ chăm sóc nó tử tế.
我……没有照顾好它。	Ta…… đã không chăm sóc nó tử tế.
只要我们不拿它们的藤壶，它们就会跟我们做朋友。	Chỉ cần bọn ta không lấy hà của chúng, chúng sẽ kết bạn với bọn ta.
是种子啊！	Là hạt giống!
还在萌芽阶段。	Vẫn còn ở giai đoạn nảy mầm.
它们在大海中的岩石上长的最好。	Chúng mọc tốt nhất trên đá giữa biển.
我们可能需要一艘更大的船……	Bọn ta có lẽ cần một con thuyền lớn hơn……
我有的都是闪闪发光的好主意。	Ta có toàn những ý hay lấp lánh.
我已经驾驭了陆上和海上的电力！	Ta đã điều khiển được điện trên cạn lẫn trên biển!
可以非常有效的灭火。	Dập lửa cực kỳ hiệu quả.
看着不像是指关节。	Trông chẳng giống khớp ngón tay.
我听说这是一道珍馐美味。	Ta nghe nói đây là món sơn hào hải vị.
你看不见它们是藤壶的时候，它们的味道会更好。	Lúc ngươi không nhìn thấy chúng là con hà thì chúng ngon hơn.
我的筷子好像还是放错了地方。	Đôi đũa của ta hình như vẫn để nhầm chỗ.
把面递过来！	Đưa mì qua đây!
我真是饿得够呛，居然连它都会考虑……	Ta đói đến khổ sở, đến cả nó cũng cân nhắc……
神秘叶子肉。	Thịt lá thần bí.
虽然是素食，但也挺残忍的。	Tuy là đồ chay, nhưng cũng khá tàn nhẫn.
这科技是不是有点走偏了？	Kỹ thuật này có phải đi hơi lệch rồi không?
屈屈一份沙拉，居然这么顶饱。	Chỉ một phần salad thôi mà lại no đến vậy.
一只标准的小吸血鬼。	Một con ma cà rồng nhỏ chuẩn mực.
不知道那个老鼠窝里藏了什么。	Không biết trong cái ổ chuột đó giấu gì.
有人知道这是谁的鼻子吗？	Có ai biết đây là mũi của ai không?
出来的时候，闻到的是鼻子的味道。	Lúc ra ngoài, ngửi thấy là mùi của cái mũi.
有了它喝奶都不用动手了。	Có nó thì uống sữa cũng chẳng cần động tay.
它也许会周期性的发起攻击。	Nó có lẽ sẽ tấn công theo chu kỳ.
我要尽量离这些孢子远一点。	Ta phải cố tránh xa mấy cái bào tử này.
看起来不怎么好吃。	Trông chẳng ngon lắm.
我为了科学也是豁出去了……	Vì khoa học ta cũng liều rồi……
这颗蘑菇树明显跟其他的有异。	Cây nấm này rõ ràng khác với những cây kia.
真是奇怪，装在我的口袋里居然还能发光！	Lạ thật, bỏ trong túi ta mà vẫn phát sáng!
来自月亮的水让玻璃增长了。这就是科学。	Nước từ mặt trăng khiến thuỷ tinh lớn lên. Đó là khoa học.
真是些整齐的小家伙，不是吗？	Đúng là mấy đứa nhỏ ngăn nắp, phải không?
它们在里面过得很舒服。	Chúng ở bên trong sống rất thoải mái.
我怎么把知识取出来呢？	Ta lấy tri thức ra bằng cách nào?
你休想阻止我进步！	Ngươi đừng hòng cản ta tiến bộ!
一堆旧零件。	Một đống linh kiện cũ.
把上面的灰尘先抖干净，怎么样？	Giũ sạch bụi trên đó trước, thế nào?
这些宏伟的月亮雕像让我充满了诗意。	Mấy pho tượng mặt trăng hùng vĩ này khiến ta tràn đầy thi vị.
如此多的知识，我要是能看懂就好了！	Nhiều tri thức đến thế, giá mà ta đọc hiểu được!
这些标记看起来与其他废墟中的标记不同。	Mấy dấu hiệu này trông khác với dấu ở các phế tích khác.
我看不懂那个。	Ta không đọc hiểu được cái đó.
他的尾声是黑暗的……	Đoạn kết của hắn là bóng tối……
它蠢蠢欲动的样子真让我发毛。	Cái dáng nhấp nhổm muốn động của nó khiến ta rợn người.
好一个尖锐的表达。	Một cách diễn đạt thật sắc nhọn.
能用一个超级负责的机器，谁还要用地图？	Dùng được cỗ máy siêu trách nhiệm thì ai còn cần bản đồ?
它似乎找到了值得被找到的东西。	Nó dường như đã tìm ra thứ đáng được tìm.
啊哈！我运用秘密知识建造了一个设备！为什么这种感觉似曾相识呢……	A ha! Ta dùng tri thức bí mật dựng nên một thiết bị! Sao cảm giác này lại quen thuộc thế……
要是有办法让它重新运作就好了……	Giá mà có cách khiến nó chạy lại……
我有一种强烈的冲动，想站在它的周围侃侃而谈。	Ta có thôi thúc mãnh liệt muốn đứng quanh nó mà thao thao bất tuyệt.
它已经失去了从前的作用。	Nó đã mất đi tác dụng ngày trước.
它想亲近我。	Nó muốn thân cận với ta.
你这是要上哪去？是个有意思的地方吗？	Ngươi định đi đâu thế? Là chỗ thú vị chăng?
它看起来是由这些宝石供能……十分科学，我敢肯定。	Nó xem ra được mấy viên bảo thạch cấp năng lượng…… hết sức khoa học, ta dám chắc.
这个插槽是空的。	Cái khe cắm này trống.
一点反应都没。	Chẳng có phản ứng gì.
奇怪，电源是开着的，但它却没反应。	Lạ thật, nguồn điện đang bật, mà nó chẳng phản ứng.
啊——嚏！	A——xì!
这玩意谁会愿意吃？	Thứ này ai lại chịu ăn?
果然名副其实。	Quả nhiên danh xứng với thực.
如梦似幻的味道。	Hương vị như mơ như ảo.
这些晶体值得引起我们的警惕。	Mấy tinh thể này đáng để bọn ta cảnh giác.
真正的科学家永远都在开拓新天地！	Nhà khoa học thật sự luôn khai phá chân trời mới!
似乎在酝酿什么。	Dường như đang ấp ủ điều gì.
我真是有点受不了这个味道。	Ta thật sự hơi chịu không nổi cái mùi này.
看起来太湿了。	Trông ướt quá.
嗯……太干了。	Ừm…… khô quá.
恰到好处！	Vừa vặn đúng độ!
我真没想到它还能发出更糟糕的味道……	Ta thật không ngờ nó còn bốc ra được mùi tệ hơn……
植物的食物，派不上别的用场。	Thức ăn của cây, chẳng dùng được vào việc khác.
现在我们就等着科学来做它的工作。	Giờ bọn ta chỉ chờ khoa học làm việc của nó.
它在制造我们科学家所说的化学反应!	Nó đang tạo ra cái mà giới khoa học bọn ta gọi là phản ứng hoá học!
那股令人作呕的味道说明它起作用了!	Cái mùi buồn nôn đó cho thấy nó có tác dụng!
这可是很强的科学！	Đây là khoa học rất mạnh đấy!
我可以用这个给植物浇水。	Ta dùng cái này tưới cây được.
也许这附近有个池塘...	Có lẽ gần đây có một cái ao...
它是经过科学……和鸟类部位改良的！	Nó được cải tiến bằng khoa học…… và bộ phận của chim!
没有水就没用了。	Không có nước thì vô dụng.
方便的地块设备。	Thiết bị luống đất tiện lợi.
我得先找个好的种地的园子才能使用它。	Ta phải tìm được khu vườn tốt để trồng rồi mới dùng nó được.
我得把地弄的让种子更舒服一些。	Ta phải làm đất cho hạt giống dễ chịu hơn chút.
我真的需要这么花哨的东西来搬土吗？	Ta thật sự cần thứ loè loẹt thế này để xúc đất à?
它将帮助我看到所有藏在泥土里的科学。	Nó sẽ giúp ta thấy hết khoa học ẩn trong lớp đất.
要了解植物，就必须戴上植物。	Muốn hiểu cây thì phải đội cây lên.
它把我的园子弄得一团糟。	Nó làm khu vườn của ta bừa bộn cả lên.
如果你受不了热，就不要在花园里呆着。	Nếu ngươi chịu không nổi nóng thì đừng ở trong vườn.
嗯，我不记得我想说什么了。	Ừm, ta không nhớ mình định nói gì nữa.
一杯好茶，让我忘记所有的问题。	Một tách trà ngon, khiến ta quên hết mọi phiền muộn.
你给我滚出我的园子！	Cút ra khỏi vườn của ta cho ta!
我的救赎。	Sự cứu rỗi của ta.
嘿，你不是蔬菜！	Này, ngươi đâu phải rau!
真是没礼貌。	Đúng là vô lễ.
我可以科学地测算出收获的薄厚。	Ta có thể tính toán một cách khoa học vụ mùa dày mỏng.
重量: {weight}\n收获日: {day}\n不赖。	Trọng lượng: {weight}\nNgày thu hoạch: {day}\nKhông tệ.
重量: {weight}\n收获日: {day}\n谁能想到会长这么大？	Trọng lượng: {weight}\nNgày thu hoạch: {day}\nAi ngờ lại lớn thế này?
它太一般了，秤都懒得告诉我它的重量。	Nó tầm thường quá, cái cân cũng lười báo trọng lượng cho ta.
这是烧什么菜啊？	Đây là nấu món gì thế?
我想这不是最好的烹饪方式。	Ta nghĩ đây không phải cách nấu tốt nhất.
一大堆的胡萝卜!	Cả một đống cà rốt!
好大的玉米棒！	Bắp ngô to quá!
好膨胀的南瓜啊。	Quả bí ngô phồng to quá.
真想不通它为什么叫茄子。	Chẳng nghĩ ra sao nó lại gọi là cà tím.
我很确定它臭味更大。	Ta rất chắc nó thối hơn.
这可能是我见过的最大的石榴。	Đây có lẽ là quả lựu to nhất ta từng thấy.
我还有点期待它会长出翅膀呢。	Ta còn hơi mong nó mọc ra đôi cánh cơ.
又大又多汁的西瓜。	Quả dưa hấu vừa to vừa mọng nước.
一颗比例惊人的西红柿。	Một quả cà chua tỷ lệ kinh người.
这土豆真大。	Củ khoai tây này to thật.
我想我们会吃一段时间的芦笋了……	Ta nghĩ bọn ta sẽ ăn măng tây một thời gian……
它们这么快就长这么大了！不禁让我的眼眶都湿了。	Chúng lớn nhanh thế này! Khiến ta không khỏi cay khoé mắt.
巨大的大蒜！	Củ tỏi khổng lồ!
一种大小相当不寻常的辣椒。	Một quả ớt kích cỡ khá bất thường.
腐烂的霉运。	Vận xui mục nát.
那是一株植物！	Đó là một cái cây!
现在等着就好了。	Giờ chỉ việc chờ.
生长吧，我美丽的造物，生长吧！	Mọc đi, tạo vật xinh đẹp của ta, mọc đi!
是时候收获科学的成果了。	Đến lúc thu hoạch thành quả khoa học rồi.
可惜啊！要是在成熟的时候收割就好了!	Tiếc thật! Giá mà thu hoạch lúc chín thì tốt!
我用科学的力量生产出了巨型农作物!	Ta dùng sức mạnh khoa học tạo ra nông sản khổng lồ!
我早就想到了有天我会把这个冒牌货斩草除根！	Ta đã nghĩ tới có ngày sẽ nhổ tận gốc cái đồ giả mạo này!
这对植物来说不是好事……	Với cây mà nói thì đây chẳng phải chuyện tốt……
到别的地方嗡嗡去！	Đi chỗ khác mà vo ve!
嘿，别再打扰植物了！	Này, đừng quấy rầy cây nữa!
有它在，花园似乎更开心了。	Có nó ở đây, khu vườn dường như vui hơn.
现在我是老大了！	Giờ ta là đại ca!
我早就不想把种子装在口袋里了。	Ta chẳng muốn nhét hạt giống trong túi từ lâu rồi.
是个怪人。	Là một kẻ kỳ quái.
日安，小鸟人。	Chào ngày lành, người chim nhỏ.
一枚闪亮的代币。	Một đồng thẻ lấp lánh.
就是那张奖票！	Chính là tấm vé thưởng đó!
就是那些奖票！	Chính là mấy tấm vé thưởng đó!
好多的奖票啊！	Nhiều vé thưởng quá!
这是一扇小活门。	Đây là một cánh cửa lật nhỏ.
它要我给它一些闪亮的东西才让我玩。	Nó đòi ta đưa ít đồ lấp lánh mới cho ta chơi.
这个看起来有趣喔！	Cái này trông thú vị đấy!
这还真是个快闪嘉年华。	Đây đúng là một hội chợ chớp nhoáng.
我不需要先把它们嚼碎，对吧？	Ta không cần nhai nát chúng trước, đúng không?
不是我吹牛，我是这方面的行家。	Không phải ta khoác lác, ta là dân trong nghề khoản này.
是它吗？	Là nó à?
这些鸡蛋看起来想跑。	Mấy quả trứng này trông như muốn chạy.
回来这！	Quay lại đây!
我可以算出弹道，但这涉及到很多复杂的数字和演算。	Ta tính được đường đạn, nhưng chuyện này dính tới rất nhiều con số và phép tính phức tạp.
这个靶子让我心痒痒了。	Cái bia này làm ta ngứa nghề rồi.
科学迫使我按下那个闪亮的大按钮！	Khoa học buộc ta phải nhấn cái nút to lấp lánh đó!
事实证明，旋转你的车轮能带来生产力。	Thực tế chứng minh, quay bánh xe mang lại năng suất.
物理规律并不能时刻复现。	Quy luật vật lý không phải lúc nào cũng tái hiện được.
真正的奖品是我制作摊位的过程。	Phần thưởng thật sự là quá trình ta dựng gian hàng.
我已经看到了我想要的奖品。就是那边那个！	Ta đã nhìn thấy phần thưởng ta muốn. Chính là cái đằng kia!
我在把东西弄炸方面积累了丰富的经验。	Về khoản làm nổ đồ vật thì ta tích luỹ được kinh nghiệm phong phú.
这个实验的目的就是爆炸！	Mục đích của thí nghiệm này chính là nổ!
太炸了！	Nổ quá đã!
科学已经证明了鸟儿喜欢树。	Khoa học đã chứng minh chim thích cây.
现在看没“鸦年华”的样子，对不对？	Giờ nhìn chẳng ra dáng “hội quạ”, phải không?
一只小鸟告诉我，这里要多放点装饰品。	Một con chim nhỏ bảo ta, chỗ này phải đặt thêm đồ trang trí.
这是一棵庆祝之树！	Đây là một cái cây ăn mừng!
希望奖品就只是这些。	Mong phần thưởng chỉ có chừng này.
我可以几个小时一直盯着它看。	Ta có thể nhìn nó chằm chằm hàng giờ.
光剩下一点工作了。	Chỉ còn lại chút việc.
它的能量来自于奇思妙想。	Năng lượng của nó đến từ những ý tưởng kỳ diệu.
也许这是一棵黄杨？	Có lẽ đây là cây hoàng dương?
不是它小，就是我大。	Không phải nó nhỏ thì là ta to.
我必须自己建造它？我早该料到的。	Ta phải tự dựng nó? Lẽ ra ta phải đoán được.
这些闪亮的装饰品已经说明了一切。	Mấy món trang trí lấp lánh này đã nói lên tất cả.
看到没？重复做同样的事情终究会取得成功，这就是证据！	Thấy chưa? Làm đi làm lại cùng một việc rốt cuộc cũng thành công, đây là bằng chứng!
这种设计不是很常见。	Kiểu thiết kế này không thường gặp lắm.
我怎么弄到这么多的这些东西……	Ta kiếm đâu ra lắm thứ này thế……
探索的刺激！	Sự kích thích của khám phá!
天才般的极简设计。	Thiết kế tối giản kiểu thiên tài.
我觉得有点饿了。	Ta thấy hơi đói rồi.
这种饮料本该这么松脆吗？	Loại đồ uống này vốn dĩ phải giòn tan thế à?
这让我看起来很有冒险精神。	Cái này khiến ta trông rất có tinh thần mạo hiểm.
就像穿上了自己专属的树荫。	Như thể khoác lên bóng râm riêng của mình.
希望这里头没虫子……	Mong bên trong không có sâu……
缝纫能有多难……对吧？	May vá thì khó đến mức nào…… phải không?
看来需要组装一下。	Xem ra cần lắp ráp chút.
奇怪啊，我没见到他登台和离开……	Lạ thật, ta chẳng thấy hắn lên sân khấu hay rời đi……
这场比赛将会顺利进行！	Cuộc thi này sẽ diễn ra suôn sẻ!
看起来要搭建一下才行。	Xem ra phải dựng lên mới được.
我最好先装好它。	Tốt nhất ta lắp nó xong trước.
我打赌把这些拼在一起之后，一定能做出一件皮弗娄牛礼服。	Ta dám cá ghép mấy thứ này lại thì nhất định làm ra được bộ lễ phục cho Beefalo.
科学的配方使其具有最大的可拥抱性。	Công thức khoa học khiến nó có độ ôm ấp tối đa.
不知道裁判会怎么说？	Không biết trọng tài sẽ nói gì?
多么威猛！	Uy mãnh làm sao!
我的皮弗娄牛一定会可爱动人！	Beefalo của ta nhất định sẽ đáng yêu rung động lòng người!
是时候来点节庆活动了！	Đến lúc làm chút hoạt động lễ hội rồi!
对于一个缝纫项目来说，如此大量的焊接工作实在有些可疑。	Với một dự án may vá thì lượng hàn xì lớn thế này quả thật hơi khả nghi.
花朵真是百搭。	Hoa quả thật hợp với mọi thứ.
这是A级皮弗娄牛的专属礼服。	Đây là lễ phục riêng cho Beefalo hạng A.
我奶奶好像穿过件类似的衣服。	Bà ta hình như từng mặc bộ đồ tương tự.
我喜欢新鲜的皮弗娄牛，不是冷冻的。	Ta thích Beefalo tươi, không phải đông lạnh.
我觉得我要走运了！	Ta thấy mình sắp gặp may rồi!
它会让皮弗娄牛变得友好。我相信科学对此一定有解释。	Nó khiến Beefalo trở nên thân thiện. Ta tin khoa học nhất định giải thích được.
个头够小才能藏在里面。	Đủ nhỏ mới trốn được vào trong.
不！	Không!
它们去了哪里呢……	Chúng đi đâu rồi nhỉ……
剩下的时间不多了！它们在哪？！	Thời gian còn lại không nhiều! Chúng ở đâu?!
一套都在这了。	Cả bộ đều ở đây.
他看起来好像知道自己在做什么！	Nó trông như biết mình đang làm gì!
我一定能靠自己找到它们。	Ta nhất định tự mình tìm được chúng.
嘿，他找到了一个！	Này, nó tìm được một con rồi!
有人先发现了它们。	Có người phát hiện ra chúng trước.
看起来附近有东西。	Xem chừng gần đây có thứ gì.
我应该紧跟他的步伐。	Ta nên bám sát bước chân nó.
他在为别人引路。	Nó đang dẫn đường cho người khác.
看起来没有什么可找的了。	Xem ra chẳng còn gì để tìm nữa.
它们可能离得太远，他嗅不到味道。	Chúng có lẽ ở quá xa, nó ngửi không thấy mùi.
也许它想弄根羽毛来玩玩……	Có lẽ nó muốn kiếm cái lông chim chơi cho vui……
闻起来像烧焦的毛皮。	Ngửi như da lông cháy khét.
你就是最可爱的小猫咪！	Ngươi chính là con mèo con đáng yêu nhất!
我必须多收集点……做研究！	Ta phải thu thập thêm chút…… để nghiên cứu!
你会为破坏科学付出代价！	Ngươi sẽ trả giá vì phá hoại khoa học!
有了！	Có rồi!
我想我激怒它了……	Ta nghĩ mình chọc giận nó rồi……
这回我很确定我收拾了它。	Phen này ta rất chắc mình đã xử nó.
你已经表明了你的观点！	Ngươi đã bày tỏ quan điểm rồi đấy!
它现在一定生气了！	Giờ nó nhất định giận rồi!
经过不懈测试，我可以确认它们让我想打盹。	Sau khi thử nghiệm không ngơi, ta xác nhận chúng khiến ta buồn ngủ.
它死了吗？那股神秘的力量好像还在它附近游荡。	Nó chết chưa? Cái sức mạnh thần bí đó hình như vẫn lởn vởn quanh nó.
应该找个人过去戳一下……这样才能确定。	Nên tìm ai đó qua chọc một cái…… thế mới chắc được.
它让我看到了无限可能……	Nó khiến ta nhìn thấy vô hạn khả năng……
连部件都如此光彩夺目！	Đến cả bộ phận cũng rực rỡ chói mắt!
呈现玻璃状。	Có dạng thuỷ tinh.
它焕发着地外能量。	Nó toả rạng năng lượng ngoài trái đất.
全新的发现，像过电一样刺激！	Phát hiện mới toanh, kích thích như bị điện giật!
它让我的头发产生疯狂的变化。	Nó khiến tóc ta biến đổi điên rồ.
它好像在传输过程中迷路了。	Nó hình như lạc đường trong lúc truyền đi.
姑且叫它“希格斯伯里粒子。”	Cứ tạm gọi nó là “hạt Higgsbury.”
我觉得那个以前应该是只乌鸦。	Ta thấy cái đó trước kia chắc là một con quạ.
我不喜欢它盯着我的眼神……	Ta không thích ánh mắt nó nhìn chằm chằm ta……
作为科学界的同行，我有义务帮他！	Là đồng nghiệp trong giới khoa học, ta có nghĩa vụ giúp hắn!
科学从不休息！	Khoa học chẳng bao giờ nghỉ!
他到底上哪去了……	Rốt cuộc hắn đi đâu rồi……
它正在耗尽那个怪物的能量！	Nó đang rút cạn năng lượng của con quái đó!
那正是我苦苦寻找的工具！	Đó đúng là công cụ ta khổ công tìm kiếm!
我当然知道是怎么回事！只是，诶……解释起来太复杂。	Đương nhiên ta biết là chuyện gì! Chỉ là, ờ…… giải thích thì phức tạp quá.
这明显是一个十分科学的工具！	Đây rõ ràng là một công cụ hết sức khoa học!
我的科学本能告诉我，这就是我一直在寻找的工具！	Bản năng khoa học của ta bảo, đây chính là công cụ ta vẫn tìm!
我知道它能做什么！科学！	Ta biết nó làm được gì! Khoa học!
对啊！结合月亮与土豆能量，我为什么没有早点想到呢？	Đúng rồi! Kết hợp năng lượng mặt trăng với khoai tây, sao ta không nghĩ ra sớm hơn nhỉ?
它捕捉到能量了！当然，我一早就知道会这样。	Nó bắt được năng lượng rồi! Đương nhiên, ta biết trước sẽ thế mà.
科学才刚刚开始。	Khoa học chỉ mới bắt đầu.
看起来科学多了！	Trông khoa học hơn nhiều rồi!
我打赌里面一定有十分有趣的科学结构。	Ta dám cá bên trong nhất định có cấu trúc khoa học hết sức thú vị.
我想它需要时间来……重新校准……时间什么的。	Ta nghĩ nó cần thời gian để…… hiệu chỉnh lại…… thời gian gì đó.
我想它需要时间来……重新校准，那个……时间什么的。	Ta nghĩ nó cần thời gian để…… hiệu chỉnh lại, cái đó…… thời gian gì đó.
它在做“时间之类的东西”，这就是它的术语名。	Nó đang làm “thứ đại loại là thời gian”, đó chính là tên thuật ngữ của nó.
它在弄“时间之类的东西”，这就是它的术语名。	Nó đang xử “thứ đại loại là thời gian”, đó chính là tên thuật ngữ của nó.
坏事发生只是时间问题。	Chuyện xấu xảy ra chỉ là vấn đề thời gian.
还没过一分钟，已经从科学变成了魔法！	Chưa qua một phút, đã từ khoa học biến thành ma pháp!
可能买的时候就是二手的。	Có lẽ lúc mua đã là hàng cũ.
向前走，去发现！	Tiến lên, đi khám phá!
好一个漫长的下降过程。	Một quá trình hạ xuống dài đằng đẵng.
好大一棵树！	Cây to quá!
这些树应该是迷路了。	Mấy cái cây này chắc lạc đường rồi.
里面有活着的东西。	Bên trong có thứ còn sống.
不是平方根。	Không phải căn bậc hai.
虽然不如原来那个那么好，但还是挺不错的。	Tuy không bằng cái ban đầu, nhưng vẫn khá tốt.
它的科学术语是“树面条”。	Thuật ngữ khoa học của nó là “mì cây”.
我管它叫“牛顿的无花果”。	Ta gọi nó là “quả vả của Newton”.
它被科学加热了。	Nó được khoa học làm nóng.
科学怎么解释它们能浮起来这回事？	Khoa học giải thích chuyện chúng nổi lên được thế nào?
我轻轻戳它一下会怎么样？	Ta chọc nhẹ nó một cái thì sao nhỉ?
闻到了吐司烧焦的味道。	Ngửi thấy mùi bánh mì nướng cháy.
我觉得他不太喜欢我。	Ta thấy hắn chẳng ưa ta lắm.
嗯，树木的食粮！	Ừm, lương thực của cây cối!
妈妈咪呀！	Mamma mia!
旁边有根棍子的无花果。	Quả vả bên cạnh có cái que.
这下好了，我有个塞得满满的鼻子了。	Hay rồi, mũi ta bị nghẹt cứng.
无花果有效弥合了其他原料的味道。	Quả vả dung hoà hiệu quả vị của các nguyên liệu khác.
看着它让我的头感觉很模糊，好像有很多小方块。	Nhìn nó khiến đầu ta thấy mờ mịt, như có rất nhiều ô vuông nhỏ.
我有种不好的预感……	Ta có linh cảm chẳng lành……
我到了彩虹的另一边了吗？！	Ta tới bên kia cầu vồng rồi sao?!
会是什么呢？不然睡一觉起来再看。	Sẽ là gì nhỉ? Hay là ngủ một giấc dậy rồi xem.
这之后需要冷却一下。	Sau chuyện này cần hạ nhiệt một chút.
我应该不会再被窥视的目光所打扰了。	Ta chắc sẽ không bị ánh mắt nhòm ngó quấy rầy nữa.
我光是看它一眼就感觉肌肉拉伤了……	Ta chỉ nhìn nó một cái đã thấy giãn cơ rồi……
再也不会让谁肌肉拉伤了。	Chẳng còn khiến ai giãn cơ nữa.
我做脑力训练比较多。	Ta luyện trí óc thì nhiều hơn.
精诚所至，金石为开。	Lòng thành tới đâu, vàng đá cũng mở.
我已经把我的大脑锻炼成了我身上最强壮的肌肉。	Ta đã rèn bộ não thành bắp thịt khoẻ nhất trên người mình.
这点重量，我轻松就能征服——啊！我的脊柱！！	Chút trọng lượng này, ta chinh phục dễ như chơi——A! Cột sống của ta!!
不是装满了土豆形状的石头，就是石头形状的土豆。	Không phải chứa đầy đá hình khoai tây thì là khoai tây hình đá.
用来热身还不错。	Dùng để khởi động cũng không tệ.
我确实感受到肌肉在燃烧。	Ta quả thật cảm nhận được cơ bắp đang cháy.
没有比这更酷的了。	Chẳng có gì ngầu hơn thế.
没有谁因为偷看盒子里的东西而出事吧？	Chẳng ai gặp chuyện vì lén nhìn đồ trong hộp chứ?
它不会再打扰任何人了。	Nó sẽ không quấy rầy ai nữa.
那个看起来有点格格不入……	Cái đó trông hơi lạc lõng……
不得不说，我独具慧眼。	Phải nói là, ta có con mắt tinh đời.
瞄准眼睛！	Nhắm vào mắt!
我开始觉得不自在了。	Ta bắt đầu thấy không thoải mái.
我想它就要孵化了……	Ta nghĩ nó sắp nở rồi……
黄而醇厚。	Vàng và đậm đà.
这家伙的运气到头了。	Vận may của gã này tới hồi kết rồi.
……呃。	……ừ.
多一双眼睛总是好事！呃……应该是一只眼睛。	Thêm một đôi mắt luôn là chuyện tốt! Ờ…… chắc là một con mắt.
最好的防御就是下巴做成的盾牌。	Phòng thủ tốt nhất là cái khiên làm bằng hàm.
是敌是友？……	Là địch hay bạn?……
这是多么了不起的成就啊。	Đây là thành tựu phi thường làm sao.
别踩在那上面，那个很贵的！	Đừng giẫm lên đó, cái đó đắt lắm!
砖块是地板的组成部分。	Gạch là thành phần cấu tạo nên sàn.
多么舒缓的光啊。	Thứ ánh sáng dịu êm làm sao.
需要燃料。	Cần nhiên liệu.
多么鼓舞人心的雕塑啊！	Bức tượng cổ vũ lòng người làm sao!
我可以永远盯着它……永远……	Ta có thể nhìn nó mãi mãi…… mãi mãi……
给老鼠都安上轮子了，科学家们接下来还会想出什么呢？	Lắp cả bánh xe cho chuột, mấy nhà khoa học tiếp theo còn nghĩ ra cái gì nữa?
我应该想几个名字！叫什么呢，小威尔逊，小威尔逊2号……	Ta nên nghĩ vài cái tên! Gọi là gì nhỉ, Wilson nhỏ, Wilson nhỏ số 2……
不是真鸟，但那些小家伙根本分不清。	Không phải chim thật, nhưng mấy đứa nhỏ đó chẳng phân biệt nổi.
烧起来了！	Cháy lên rồi!
这些小家伙总是三心二意。我要干什么来着？	Mấy đứa nhỏ này lúc nào cũng ba lòng bốn dạ. Ta định làm gì ấy nhỉ?
它给烧了。	Nó bị cháy rồi.
看起来需要组装一下。	Xem ra cần lắp ráp chút.
看起来不是很难制作。	Trông chế tạo không khó lắm.
一个小玩意竟然装得下这么多的科学知识。	Một món đồ nhỏ mà chứa nổi ngần ấy tri thức khoa học.
WX-78真的把自己的一部分投入到了工作中。	WX-78 thật sự đã dốc một phần bản thân vào công việc.
抓住那份数据！	Tóm lấy dữ liệu đó!
它似乎发现了什么。	Nó dường như phát hiện ra gì đó.
我想知道它是否会梦到扫描羊。	Ta muốn biết nó có mơ thấy đàn cừu bị quét không.
它有一种迫不及待向世人展示自己作品的急迫。	Nó có vẻ nóng lòng muốn khoe tác phẩm của mình với thiên hạ.
这显然是一个非常精细和复杂的科学仪器。	Đây rõ ràng là một thiết bị khoa học rất tinh vi và phức tạp.
闻起来像新鲜的研究。	Ngửi như nghiên cứu tươi mới.
可以再来点培根。	Có thể thêm chút thịt xông khói.
早餐是一天中最科学的一餐。	Bữa sáng là bữa khoa học nhất trong ngày.
早餐技术的突破！	Đột phá kỹ thuật bữa sáng!
我不要，谢谢你。	Ta không lấy, cảm ơn ngươi.
就我的口味而言，颗粒感太强了。	Với khẩu vị của ta thì lợn cợn quá.
事情正朝着正确的方向发展。这个方向非左即右。	Mọi việc đang đi đúng hướng. Hướng đó không trái thì phải.
我想我要带它出去转转。	Ta nghĩ ta sẽ dắt nó ra ngoài dạo một vòng.
虽然不能解决小船的所有问题，但也起到了海带应有的作用。	Tuy không giải quyết được mọi vấn đề của thuyền, nhưng cũng làm đúng phần việc của rong biển.
一个即将到来的船用保险杠。	Một cái giảm chấn thuyền sắp thành hình.
能给小船提供一个小的防御外壳。	Cho con thuyền một lớp vỏ phòng thủ nhỏ.
它在我的小船上闪耀着王冠的光芒。	Nó toả ánh vương miện trên con thuyền của ta.
我应该找东西装填进去。	Ta nên tìm thứ gì nạp vào.
大炮已经准备好开火了！	Khẩu đại pháo sẵn sàng khai hoả rồi!
我没忘记炮弹的事，我只是在酝酿群众的期待。	Ta không quên chuyện đạn pháo, ta chỉ đang nuôi sự mong đợi của quần chúng.
现在还不是大炮，不过将来会是。	Giờ chưa phải đại pháo, nhưng tương lai sẽ là.
它能完美地装进炮膛里。	Nó nhét vừa khít vào nòng pháo.
高效渔业的必备产品。	Sản phẩm thiết yếu cho nghề cá hiệu suất cao.
现在我们得等等。	Giờ bọn ta phải chờ.
抓到个东西！	Bắt được thứ gì rồi!
好像是抓到了，但又被它跑掉了……	Hình như bắt được, mà lại để nó chạy mất……
又可以抓鱼了！	Lại bắt cá được rồi!
我应该把它放在有很多鱼的地方。	Ta nên đặt nó ở chỗ nhiều cá.
一直以来我都被物理学所吸引，就像……一样，怎么想不起那个词了。	Từ trước tới nay ta luôn bị vật lý học hút vào, như là…… ấy, sao nghĩ mãi không ra từ đó nhỉ.
奏效了！！呃，我当然一早就知道它能行。	Hiệu nghiệm rồi!! Ờ, đương nhiên ta biết trước là nó chạy được.
可以这么讲，这只是我的天才创意之一。	Có thể nói thế này, đây chỉ là một trong những ý tưởng thiên tài của ta.
附近只要有强磁铁就会受到它的吸引。	Gần đây chỉ cần có nam châm mạnh là sẽ bị nó hút.
磁力！	Từ lực!
这里有为小船建造一个码头所需的一切。	Ở đây có mọi thứ cần để dựng một bến cho thuyền.
啊哈！我就猜到码头缺了点东西。	A ha! Ta đoán ngay cái bến còn thiếu thứ gì.
树屋过于易燃，并非最佳实验场所。	Nhà trên cây quá dễ cháy, chẳng phải chỗ thí nghiệm tốt nhất.
我早就说吧！	Ta đã bảo mà!
泼猴你敢在我的小船上撒野！	Con khỉ hỗn kia dám làm càn trên thuyền của ta!
一顶漂亮的帽子总能清楚地表明谁是老大。	Một chiếc mũ đẹp luôn nói rõ ai là đại ca.
它是发光生物！	Nó là sinh vật phát sáng!
虽然它切不了东西，但是它木刺多呀。	Tuy nó chẳng cắt được gì, nhưng nó lắm dằm gỗ.
好像是无害的。	Hình như vô hại.
拿起船桨去战斗。	Cầm mái chèo lên mà chiến đấu.
那片灌木丛是香蕉！	Bụi cây đó là chuối!
一颗长得像松树的棕榈树。	Một cây cọ mọc giống cây thông.
树的开始。	Khởi đầu của một cái cây.
它的伟大梦想就是有一天能长成一棵树。	Giấc mơ lớn của nó là một ngày mọc thành cây.
如果树有脚趾甲，大抵该是这样吧。	Nếu cây có móng chân, đại khái là thế này.
不知道能不能吃？看来要安排一个实验了。	Không biết ăn được không? Xem ra phải xếp lịch một thí nghiệm.
戴上以后我就变得潇洒，有船长范儿了。	Đội vào là ta hoá phóng khoáng, ra dáng thuyền trưởng.
起码能让我的头发不被水打湿。	Ít ra khiến tóc ta không bị nước làm ướt.
一只小鸟告诉我它会派上用场。	Một con chim nhỏ bảo ta nó sẽ có ích.
就是那只小鸟说的。	Chính con chim nhỏ đó nói.
没有东西可以进入，它会不断地吐出东西。	Chẳng có gì vào được, nó cứ liên tục nhả đồ ra.
奇怪，这套设备看起来怎么眼熟呢……	Lạ thật, bộ thiết bị này sao trông quen mắt thế……
这片儿看起来是她说了算。	Vùng này xem ra nàng nói mới có giá.
名副其实的社会栋梁。	Rường cột xã hội danh xứng với thực.
喂！	Này!
绅士海盗-科学家这名号还真有点上口。	Cái danh hiệu hải tặc quý ông kiêm nhà khoa học nghe cũng thuận miệng thật.
我喜欢这个装饰。	Ta thích món trang trí này.
在生活中有一些方向是极好的。	Trong đời có được vài phương hướng là điều cực tốt.
有点落草为寇的感觉了。	Có chút cảm giác lạc thảo làm giặc rồi.
注意！重新部署！	Chú ý! Triển khai lại!
这是个陷阱! 感觉……剧本都写好了。	Đây là cái bẫy! Cảm giác…… kịch bản viết sẵn cả rồi.
有人在演话剧吗？	Có ai đang diễn kịch nói à?
它们来是为了提高戏剧性。	Chúng tới là để tăng tính kịch.
“由 C.W. 撰写”	“Do C.W. chấp bút”
“由暗域先驱为您带来。”	“Do Tiên phong Vùng Tối mang đến cho bạn.”
作者是“E.”？	Tác giả là “E.”?
花长回来了，但头却没有。	Hoa mọc lại rồi, nhưng đầu thì không.
有埋伏！	Có mai phục!
是个灌木丛。	Là một bụi cây.
这是一张玩偶面具。	Đây là mặt nạ con rối.
这是一张开裂的玩偶面具。	Đây là mặt nạ con rối bị nứt.
这是一张曾经的玩偶面具。	Đây là mặt nạ con rối thuở trước.
这是一张铁匠面具。	Đây là mặt nạ thợ rèn.
这是一张面具，但它看起来像一面镜子。	Đây là một cái mặt nạ, nhưng trông như một tấm gương.
这是一张女王面具。	Đây là mặt nạ nữ hoàng.
这是一张国王面具。	Đây là mặt nạ quốc vương.
这是一张树的面具。	Đây là mặt nạ cây.
这是一张小丑面具。	Đây là mặt nạ chú hề.
这是玩偶的戏服。	Đây là bộ đồ diễn của con rối.
这是女王的戏服。	Đây là bộ đồ diễn của nữ hoàng.
这是国王的戏服。	Đây là bộ đồ diễn của quốc vương.
这是铁匠的戏服。	Đây là bộ đồ diễn của thợ rèn.
这是一套戏服。	Đây là một bộ đồ diễn.
这是树的戏服。	Đây là bộ đồ diễn của cây.
这是小丑的戏服。	Đây là bộ đồ diễn của chú hề.
即使打扮得漂漂亮亮，还是哪也去不了。	Dù có chưng diện đẹp đẽ, vẫn chẳng đi đâu được.
即使烧光了，还是哪也去不了。	Dù có cháy sạch, vẫn chẳng đi đâu được.
为什么我开始感到有点不安了……？	Sao ta bắt đầu thấy hơi bất an……?
那顶帽子流露着时尚。	Chiếc mũ đó toát ra vẻ thời thượng.
它一定是为了科学而建造的！	Nó nhất định được dựng lên vì khoa học!
暂时平静下来了。	Tạm thời lắng xuống rồi.
我想我们今天都在这里学到了很多东西。	Ta nghĩ hôm nay bọn ta đều học được nhiều thứ ở đây.
那只兔子真的可以点亮一个房间。	Con thỏ đó thật sự thắp sáng được cả căn phòng.
这兔子什么都照不亮。	Con thỏ này chẳng chiếu sáng nổi thứ gì.
到如今……比这更糟的东西我都吃过。	Đến giờ…… thứ tệ hơn thế ta cũng từng ăn.
我知道把它放在哪。	Ta biết đặt nó ở đâu.
它竟然反射暗影而非光线。	Nó lại phản chiếu bóng tối chứ không phải ánh sáng.
它让我脊椎发出了可怕的颤抖。	Nó khiến cột sống ta rùng lên đáng sợ.
释放他可能有些草率了。	Thả hắn ra có lẽ hơi thiếu suy nghĩ.
我有些为他惋惜。	Ta có chút tiếc cho hắn.
大理石里有东西在闪烁。	Trong đá cẩm thạch có thứ gì lấp lánh.
坚不可摧的石柱。	Cột đá kiên cố bất hoại.
我们别惹他。	Bọn ta đừng chọc hắn.
他被困在那堆垃圾下面了。	Hắn bị kẹt dưới đống rác đó.
他好像被惹到了。	Hắn hình như bị chọc giận rồi.
轻便、结实，时髦！	Nhẹ, chắc, lại thời thượng!
它能保护我无以伦比的大脑安然无恙。	Nó bảo vệ bộ não vô song của ta an toàn vô sự.
那么多科学藏在里面……而我却无法触碰到它！	Ngần ấy khoa học giấu bên trong…… mà ta lại chẳng chạm tới được!
发光体结晶。	Kết tinh của vật phát sáng.
它似乎不太在乎个人空间。	Nó dường như chẳng bận tâm mấy tới không gian riêng.
它有着带刺的外观。	Nó có vẻ ngoài đầy gai.
它一定是通过那个奇怪的裂隙来的！	Nó nhất định tới qua cái vết nứt kỳ lạ đó!
它在用科学致盲我！	Nó đang dùng khoa học làm ta mù!
出奇的坚硬。我可以用得上！	Cứng đến bất ngờ. Ta dùng được!
就在这里做一些非常聪明和科学的东西吧。	Cứ ở đây làm vài thứ hết sức thông minh và khoa học đi.
简单的元素组合！	Tổ hợp nguyên tố đơn giản!
月余时间我也做裁缝。	Hơn tháng trời ta cũng làm thợ may.
这盔甲再叶没有改进空间了。	Bộ giáp này chẳng còn chỗ nào để “lá” cải tiến nữa.
它让我看起来比平时还要聪明。	Nó khiến ta trông thông minh hơn thường ngày.
植物学和化学一起奏效。	Thực vật học và hoá học cùng phát huy tác dụng.
植物的力量！	Sức mạnh của thực vật!
挥舞它的时候，不自觉就想给它配音。	Lúc vung nó lên, bất giác muốn lồng tiếng cho nó.
打碎！	Đập vỡ!
转移泥土的潜力无限大！	Tiềm năng dời đất là vô hạn!
它破损了，但是我可以把它修好。	Nó hỏng rồi, nhưng ta sửa được.
它配备了一个精心校准的“哎哟”仪表。	Nó được trang bị một cái đồng hồ “ui da” hiệu chỉnh kỹ lưỡng.
那东西看起来像是会一直持续下去。	Thứ đó trông như sẽ kéo dài mãi.
它会为哪些黑暗设计带来生命呢？	Nó sẽ thổi sự sống vào những thiết kế hắc ám nào đây?
如果连实验都不做就有悖我科学家的素养了。	Nếu đến thí nghiệm cũng không làm thì trái với tố chất nhà khoa học của ta.
我还是更喜欢你小的时候，那时候你烦的是别人。	Ta vẫn thích ngươi lúc còn nhỏ hơn, khi đó ngươi phiền người khác.
轰轰烈烈！	Rầm rộ hào hùng!
那些暗影都是从同一块布上裁下来的。	Mấy cái bóng tối đó đều cắt ra từ cùng một tấm vải.
我对于在暗影中缝纫只有一些零星的了解。	Về chuyện may vá trong bóng tối ta chỉ hiểu biết lẻ tẻ.
黑暗的神秘感扑面而来。	Vẻ thần bí hắc ám phả thẳng vào mặt.
哦，糟糕，前面撕开了一个口子！	Ồ, hỏng rồi, phía trước rách toạc một đường!
我最烦头发被强酸溶解了。	Ta ghét nhất là tóc bị axit mạnh hoà tan.
大为简化了收割流程，简直可怕！	Đơn giản hoá quy trình thu hoạch rất nhiều, đáng sợ thật!
把手拿开！	Bỏ tay ra!
它看起来渴望战斗。	Nó trông khao khát chiến đấu.
翅膀貌似仅仅是用来看的。	Đôi cánh xem ra chỉ để ngắm.
是个多嘴的。	Là kẻ lắm mồm.
等等，那是……？	Khoan, đó là……?
它想要某种可怕的东西。	Nó muốn một thứ gì đó đáng sợ.
这绝对是某种石头。	Đây tuyệt đối là một loại đá.
它来自于那些裂隙深处...	Nó đến từ sâu trong những vết nứt kia...
看来有些人喜欢记录图鉴。	Xem ra có người thích ghi chép đồ giám.
把木头雕刻成树的样子似乎有点多余。	Tạc gỗ thành hình cái cây xem ra hơi thừa.
看起来像是经过精心雕刻的。	Trông như được chạm khắc kỹ lưỡng.
这是一根非常好的棍子。	Đây là một cây gậy rất tốt.
我不太想吃这个。	Ta chẳng muốn ăn cái này lắm.
我们的朋友似乎对他的月亮根源有了更多的接触。	Bạn của bọn ta dường như tiếp xúc nhiều hơn với cội nguồn mặt trăng của mình.
目前一切都处于保密状态。	Hiện tại mọi thứ đều trong trạng thái bí mật.
我得尽快抽出时间来解决这个问题。	Ta phải sớm dành thời gian giải quyết vấn đề này.
它让我充满安全感。	Nó khiến ta tràn đầy cảm giác an toàn.
你曾经又高又壮。	Ngươi từng vừa cao vừa vạm vỡ.
看起来强大得可怕。	Trông mạnh đến đáng sợ.
多么可怕啊。	Đáng sợ làm sao.
它让我回忆起了小时候糟糕的体育课……	Nó khiến ta nhớ lại mấy giờ thể dục tồi tệ hồi nhỏ……
它的眼睛里有一点东西。	Trong mắt nó có chút gì đó.
瞧你那双闪光的大眼睛！	Nhìn đôi mắt to lấp lánh của ngươi kìa!
事情要变得毛骨悚然了……	Chuyện sắp trở nên rợn tóc gáy rồi……
别盯着看了。	Đừng nhìn chằm chằm nữa.
结束了……吧？	Kết thúc rồi…… nhỉ?
小心没大错。	Cẩn thận thì chẳng sai lớn.
我不愿相信双眼正在看到的这一切！	Ta không muốn tin tất cả những gì đôi mắt đang thấy!
为什么我仍然感到不安？	Sao ta vẫn thấy bất an?
一切都是最好的安排。	Mọi sự đều là sắp đặt tốt nhất.
以科学的名义，这是什么玩意？！	Nhân danh khoa học, đây là cái thứ gì?!
臭不可闻！	Thối không ngửi nổi!
好险。	Hú vía.
这一定有科学的解释！	Chuyện này nhất định có lời giải khoa học!
上面还有它的毛。寒毛直竖啊。	Trên đó còn lông của nó. Dựng cả tóc gáy.
牙齿？那可不太卫生啊。	Răng à? Cái đó chẳng vệ sinh lắm đâu.
这才叫冰冷的目光吧？	Đây mới gọi là ánh mắt lạnh lẽo nhỉ?
是谁丢了一只眼睛呢？	Ai đánh rơi mất một con mắt vậy?
所有人退后一步，本人是一名训练有素的科学家！	Mọi người lùi lại một bước, ta là một nhà khoa học được đào tạo bài bản!
有趣。它是空的。	Thú vị. Nó trống rỗng.
你是最可爱的纯能量小球吗？	Ngươi là quả cầu năng lượng thuần khiết đáng yêu nhất phải không?
它能造家具。	Nó làm được đồ nội thất.
它不能造家具了。	Nó không làm được đồ nội thất nữa.
我周期性地使用桌子。	Ta dùng bàn theo chu kỳ.
以后用不了了。	Sau này không dùng được nữa.
我想坐上去！	Ta muốn ngồi lên!
别人在坐着。	Người khác đang ngồi.
我可不想坐上去。	Ta chẳng muốn ngồi lên.
太精密了。	Tinh vi quá.
一盏迎宾灯。	Một ngọn đèn đón khách.
插花的漂亮花瓶。	Chiếc bình đẹp cắm hoa.
没有花的漂亮花瓶。	Chiếc bình đẹp không có hoa.
我记得告诉过麦斯威尔换灯泡的。	Ta nhớ đã bảo Maxwell thay bóng đèn rồi.
真美啊。	Đẹp thật.
我应该画点东西在里面。	Ta nên vẽ gì đó vào trong.
看上去不错！	Trông không tệ!
哦不，我以前见过那个。	Ồ không, ta từng thấy cái đó rồi.
该死，我刚把那首歌从脑袋里赶走！	Chết tiệt, ta vừa mới tống bài hát đó ra khỏi đầu!
一张唱片能录一整首歌？技术已经走到了这一步。	Một cái đĩa ghi được cả một bài? Kỹ thuật đã đi tới bước này rồi.
不是我最喜欢的。	Không phải bài ta thích nhất.
需要多一点小号。	Cần thêm chút kèn trumpet.
更实验性的曲目。	Bản nhạc mang tính thí nghiệm hơn.
惊艳不惊艳！	Kinh diễm hay không kinh diễm!
无法抗拒！它仿佛触动了我的心灵！	Không thể cưỡng lại! Nó như chạm tới tâm hồn ta!
好像专门做成让人摸不着头脑的样子。	Như thể cố tình làm ra cho người ta chẳng hiểu đầu cua tai nheo.
它让我身上的齿轮也动起来了。	Nó khiến bánh răng trong người ta cũng chuyển động.
令人敬畏的齿轮。	Bánh răng khiến người ta kính sợ.
在这堆垃圾中也许会有所发现。	Trong đống rác này có lẽ sẽ có phát hiện.
我敢打赌，我能用它做出惊人的科学突破。	Ta dám cá, ta dùng nó tạo ra được đột phá khoa học kinh người.
机器修理别的机器！科学接下来还会想出什么？	Máy sửa máy khác! Khoa học tiếp theo còn nghĩ ra cái gì nữa?
引人入胜！引人深思！引人大脑变大！	Cuốn hút! Gợi suy tư! Khiến não người ta to ra!
这首曲子太有生命力了。	Bản nhạc này quá đỗi tràn đầy sức sống.
薇格弗德有领导经验吗？又让她如虎添翼了？	Wigfrid có kinh nghiệm lãnh đạo à? Lại khiến nàng như hổ thêm cánh?
它得到了电流的加强。	Nó được dòng điện tăng cường.
哇，它能存这么多歌。	Chà, nó chứa được nhiều bài thế.
那是薇格弗德做的？这个让她猛虎插翅。	Cái đó Wigfrid làm à? Cái này khiến nàng mãnh hổ mọc cánh.
保护我！！	Bảo vệ ta!!
吓得我一哆嗦！	Sợ đến run cả người!
远方的远方，有个海盗丢了靴子。	Xa xa nơi phương xa, có một tên hải tặc đánh mất đôi ủng.
涡来漩一下。	Xoáy tới xoay một vòng.
不用燃料的火焰？不要紧。	Ngọn lửa không cần nhiên liệu? Không sao.
供品会是什么？我的好奇心在燃烧。	Đồ cúng sẽ là gì? Lòng hiếu kỳ của ta đang bốc cháy.
它也许想要块木炭。	Nó có lẽ muốn một cục than.
稍微有些过火了。	Hơi quá lửa một chút.
别拖泥带水了，麻利点做好吧。	Đừng dây dưa nữa, làm cho gọn ghẽ đi.
让造船变得简单！	Khiến việc đóng thuyền trở nên đơn giản!
检查点就在那！	Điểm kiểm tra ở ngay đó!
我的清单上又多了一件要检查的事。	Danh sách của ta lại thêm một việc phải kiểm tra.
总得有个起点。	Rồi cũng phải có một điểm xuất phát.
起点放在哪呢？	Điểm xuất phát đặt ở đâu nhỉ?
有人对我如影随形！	Có kẻ bám ta như hình với bóng!
它的支持让我燃了起来！	Sự ủng hộ của nó khiến ta bốc cháy!
它会让我驶向正确的航向，左右都逢源。	Nó sẽ đưa ta đi đúng hải trình, tả hữu đều thuận.
好方便的船桨。	Mái chèo tiện thật.
我可不能让我的小船飞走了。	Ta không thể để con thuyền của mình bay mất.
满是鳞片的帆。	Cánh buồm phủ đầy vảy.
和龙舟角力？你会尝到龙角的滋味。	Đọ sức với thuyền rồng? Ngươi sẽ nếm mùi sừng rồng.
浮标啊浮标！	Phao ơi là phao!
快看，它一见到我眼睛都亮起来了！	Nhìn xem, vừa thấy ta là mắt nó sáng lên!
不管怎么装扮我在用它时都不会感觉良好。	Dù có trang trí thế nào thì lúc dùng nó ta cũng chẳng thấy dễ chịu.
光是看着它我就已经心跳加速了！	Chỉ nhìn nó thôi tim ta đã đập nhanh rồi!
这个能解决不少问题。	Cái này giải quyết được khối vấn đề.
我是闻到甲醛了吗？	Ta ngửi thấy mùi formaldehyde à?
它被冻结在了恐惧中！	Nó bị đóng băng trong nỗi sợ!
咱们别太自满了。	Bọn ta đừng quá tự mãn.
它坏掉了。	Nó hỏng rồi.
有没有让我看起来更尊贵一点？	Có khiến ta trông tôn quý hơn chút nào không?
帽尖几乎和我的头脑一样的……锐利！	Chóp mũ gần như…… sắc bén ngang đầu óc ta!
丑虽丑，不过我不介意。	Xấu thì xấu, nhưng ta không bận tâm.
要翻垃圾堆？我绝对不会拒绝。	Bới đống rác à? Ta tuyệt đối không từ chối.
这上面有些东西。	Trên này có thứ gì đó.
随时可能倒塌。	Có thể đổ sập bất cứ lúc nào.
它会给你身上扎根刺。	Nó sẽ cắm một cái gai vào người ngươi.
你去找另外一只水獭看看。	Ngươi đi tìm con rái cá khác mà xem.
除了一个水獭窝，再没什么别的了。	Ngoài một cái ổ rái cá ra thì chẳng còn gì khác.
这我得仔细看看。	Cái này ta phải xem cho kỹ.
还是得用老法子来。	Vẫn phải dùng cách cũ thôi.
“货物”是水手们的黑话，意思就是 “东西”。	“Hàng hoá” là tiếng lóng của thuỷ thủ, nghĩa là “đồ đạc”.
世上没有惊喜，只有不全面的统计。	Trên đời không có bất ngờ, chỉ có thống kê chưa đầy đủ.
蔬菜与矿物质的化合物。奇特啊。	Hợp chất của rau và khoáng vật. Kỳ đặc thật.
这棵树已经被开采过了。	Cái cây này đã bị khai thác rồi.
我得把它种在对的地方。	Ta phải trồng nó đúng chỗ.
它在长大！我觉得？	Nó đang lớn! Ta nghĩ vậy?
这里给不了它所需的营养。	Chỗ này không cho nó được dưỡng chất nó cần.
它看起来很适合，但还没准备要生长。	Nó trông rất hợp, nhưng chưa sẵn sàng mọc.
请谨慎树用。	Xin hãy dùng “cây” cẩn thận.
一截树桩。	Một khúc gốc cây.
树上新鲜掉下来的，还热着呢。	Vừa rụng tươi từ trên cây, còn nóng đấy.
要是能少……抽搐一点就好了。	Giá mà bớt…… co giật đi một chút.
这下起码不抽搐了。	Phen này ít ra không co giật nữa.
现在只能这样了。	Giờ chỉ có thể như vậy.
你想蟹愤吗？	Ngươi muốn “cua” giận sao?
这壳是个大挑战。	Cái vỏ này là một thử thách lớn.
我就知道这些螃蟹会炮制点什么。	Ta biết ngay đám cua này sẽ bày trò gì đó.
我和那螃蟹之间隔了一道墙。	Giữa ta và con cua đó cách một bức tường.
光是看着它我就觉得口渴了。	Chỉ nhìn nó thôi ta đã thấy khát.
看起来好悲伤，一条海带都没……	Trông buồn quá, chẳng có lấy một cọng rong biển……
我觉得里面应该还能放一些海带进去。	Ta thấy bên trong chắc còn nhét thêm được ít rong biển.
海量的海带！	Rong biển nhiều như biển!
上面写着“止给鱼人用。”	Trên đó viết “chỉ dành cho người cá dùng.”
这里头估计找不出什么科学的东西。	Trong này chắc chẳng tìm ra được thứ gì khoa học.
这个不适合我，这是一个鱼人头盔。	Cái này không hợp ta, đây là mũ của người cá.
啥都能干，但又干啥啥不行。	Cái gì cũng làm được, mà làm gì cũng chẳng ra hồn.
这工具看起来有些可鱼。	Công cụ này trông hơi… có mùi cá.
简直恐怖……但别告诉她是我说的。	Đúng là kinh khủng…… nhưng đừng nói với nàng là ta nói.
看着它让我的头感觉怪怪的。	Nhìn nó khiến đầu ta thấy kỳ kỳ.
这个影子是它从前的自我。	Cái bóng này là bản thân nó thuở trước.
这是鱼人进化的下一个相位。	Đây là pha tiến hoá kế tiếp của người cá.
这家伙长得就像我旧的那个皮弗娄牛铃。	Gã này mọc y hệt cái chuông Beefalo cũ của ta.
这让我想起了一些东西，呃。	Cái này khiến ta nhớ tới vài thứ, ừ.
哎呀！让我们放下恩怨。	Ây da! Bọn ta bỏ qua ân oán đi.
我能了解一下这个的退回条款吗？	Ta hỏi điều khoản trả lại của cái này được không?
吊桥效应！	Hiệu ứng cầu treo!
”咦~“就对了！	“Ơ~” là đúng rồi!
哦，我把东西落在这里了。	Ồ, ta bỏ quên đồ ở đây rồi.
有人陷入了困境。	Có người lâm vào cảnh khốn.
它有兔子脾气！	Nó có tính khí của thỏ!
为善良欢呼！	Hoan hô lòng thiện lương!
为了科学得抓住它！	Vì khoa học phải bắt lấy nó!
他们疯了！	Bọn chúng điên rồi!
我喜欢紧密团结的盔甲。	Ta thích bộ giáp gắn kết chặt chẽ.
兔子们喜欢音乐。	Lũ thỏ thích âm nhạc.
我会时不时地使用它。	Ta sẽ thi thoảng dùng nó.
这会带来很好的冲击力。	Cái này tạo được lực va chạm rất tốt.
这个帽子会把兔子放在你的头上。	Cái mũ này sẽ đặt thỏ lên đầu ngươi.
大虫子！	Con sâu lớn!
我想坐在那张...石椅上！	Ta muốn ngồi lên cái... ghế đá đó!
就像我的头脑一样，剃刀般锋利！	Hệt như đầu óc ta, sắc như dao cạo!
可怕！太可怕了！	Đáng sợ! Đáng sợ quá!
上面是空的。	Trên đó trống không.
用来保持......新鲜？	Dùng để giữ...... tươi?
我会保存好自己的判断。	Ta sẽ giữ lại phán đoán của mình.
我喜欢把东西装瓶放好。                            	Ta thích đóng chai cất đồ cho gọn.
已经被占有了。	Đã bị chiếm rồi.
我已经在疯狂的边上了。	Ta đã ở bên rìa điên loạn rồi.
看起来很犀利。	Trông rất sắc sảo.
看起来有些笨拙。	Trông hơi vụng về.
我是不是该配合一下？	Ta có nên phối hợp một chút không?
它让我的大脑发痒。	Nó làm não ta ngứa ngáy.
有没有人要参与一个顶瓜瓜的项目？	Có ai muốn tham gia một dự án đỉnh của chóp không?
不雪随便嬉笑！	Không được “tuyết” cười đùa lung tung!
真是个会“滚”的高手！	Đúng là cao thủ biết “lăn”!
绝不会抛弃这个机会……	Tuyệt không bỏ lỡ cơ hội này……
它洋溢着美好的前景！	Nó tràn trề viễn cảnh tươi đẹp!
它有怪兽般的吞噬欲。	Nó có dục vọng nuốt chửng như quái vật.
薇洛！	Willow!
它来自浅层的深渊。	Nó đến từ vực sâu tầng nông.
柱定在那里。	“Cột” định ở đó.
柱子的未来完成时。	Thì tương lai hoàn thành của cái cột.
柱定在哪里？	“Cột” định ở đâu?
是条蠕虫，没跑了。	Là con giun, không chạy thoát đâu.
沃尔特真是拼尽全力了。	Walter đúng là dốc hết sức rồi.
这个零食恐怕不是给人吃的吧。	Món ăn vặt này e rằng không phải cho người ăn.
都上绷带了，可得小心翼翼。	Băng bó cả rồi, phải cẩn thận từng li.
终于可以随身带火了！专利待批。	Rốt cuộc cũng mang lửa theo người được! Bằng sáng chế đang chờ duyệt.
它充满了潜在……能量！	Nó đầy ắp năng lượng…… tiềm tàng!
与其说是篮子，不如说是殡仪员的袋子。	Nói là cái giỏ thì chẳng bằng nói là túi của người nhà đòn.
这个让我觉得口渴。	Cái này khiến ta thấy khát.
古怪却让人安心！	Kỳ quái mà lại khiến người ta yên lòng!
这个骨灰瓮缺少灵魂。	Chiếc bình tro này thiếu mất linh hồn.
这个灵魂找到了一个新家！	Linh hồn này tìm được một mái nhà mới!
有人抓到最新的蜂巢了吗？	Có ai bắt được tổ ong mới nhất chưa?
我们要玩全套吗？	Bọn ta chơi cả bộ chứ?
还差51张就够凑齐一副牌了。	Còn thiếu 51 lá nữa là đủ một bộ bài.
我来玩一局吧。	Ta chơi một ván nào.
可恶，是空的。	Đáng ghét, trống không.
有人占着呢。	Có người chiếm rồi.
真迷人！	Mê hoặc thật!
迷人啊！	Mê hoặc quá!
有人试过关机重启吗？	Có ai thử tắt bật lại chưa?
它还站了一阵子！	Nó còn đứng được một lúc!
你看起来相同但又不同。	Ngươi trông vừa giống lại vừa khác.
这应该就是他想要的了。	Đây chắc là thứ hắn muốn.
你破坏的科学还不够多吗？！	Ngươi phá hoại khoa học vẫn chưa đủ nhiều sao?!
它们就这么转啊转个不停。	Chúng cứ thế quay mãi không ngừng.
我们应该带它去旋一圈。	Bọn ta nên đưa nó đi quay một vòng.
我可以修理它，或者回收零件。	Ta có thể sửa nó, hoặc thu hồi linh kiện.
旋转赢大奖！	Quay là trúng thưởng lớn!
活像地狱里爬出来的机器。	Y như cỗ máy bò ra từ địa ngục.
它损坏得太厉害修不了了，但我可以回收零件。	Nó hỏng quá nặng không sửa nổi, nhưng ta thu hồi linh kiện được.
这下我就可以让事情往积极的方向运转了。	Phen này ta khiến mọi việc vận hành theo hướng tích cực được rồi.
这将有助于把东西控制住。	Cái này sẽ giúp khống chế mọi thứ.
开始工作吧！	Bắt tay vào việc nào!
是时候改变一下了。	Đến lúc thay đổi một chút rồi.
这是什么地面？	Đây là loại mặt đất gì?
不成墙便成仁！	Không thành tường thì thành nhân!
奇怪，这手套不是投影。	Lạ thật, chiếc găng này không phải hình chiếu.
这剪贴板竟是……真的。	Cái bảng kẹp này hoá ra…… là thật.
螃蟹的新家将会是完美水瓶。	Nhà mới của con cua sẽ là chiếc bình nước hoàn hảo.
交易以后，我们就牛转成朋友吗？	Giao dịch xong, bọn ta “bò” thành bạn nhé?
这皮弗娄牛长得可真奇怪。	Con Beefalo này mọc kỳ quái thật.
这些家伙的个性挺炸。	Cá tính của mấy gã này khá bùng nổ.
啊，浮力！	A, lực nổi!
这曾是它王冠的一部分。	Đây từng là một phần vương miện của nó.
暂时被盖起来了。	Tạm thời bị che lại.
大机器人真的分装成了小包。	Cỗ robot lớn thật sự được chia thành gói nhỏ.
碎片到处散落！	Mảnh vỡ rơi vãi khắp nơi!
里面什么都没。	Bên trong chẳng có gì.
它的气泡里充满了可能性！	Trong bong bóng của nó đầy ắp khả năng!
嗷，它找到连接了。	Ồ, nó tìm được kết nối rồi.
单独使用无法发挥功能。	Dùng riêng lẻ thì không phát huy được chức năng.
它不是树，但是得栽到地里。	Nó không phải cây, nhưng phải trồng xuống đất.
这应该是稀世奇禽。	Đây chắc là loài chim quý hiếm trên đời.
实乃禽兽。	Quả là cầm thú.
这才叫真正的火鸟。	Đây mới gọi là chim lửa thật sự.
它正在变成新物种！	Nó đang biến thành loài mới!
我欣赏它对死亡的专注。	Ta khâm phục sự chuyên chú của nó với cái chết.
不要介意我……进一口腐肉吧。	Đừng để ý tới ta…… làm một miếng thịt thối nào.
头还是头？	Đầu vẫn là đầu chứ?
太可怕了！	Đáng sợ quá!
底朝天了！	Lộn ngược lên trời rồi!
它的树干好像有点过热了。	Thân cây của nó hình như hơi quá nóng.
它缺少了支撑。	Nó thiếu mất chỗ chống đỡ.
在我看来像是蔓藤。	Với ta thì trông như dây leo.
我也搞不清楚它朝哪排气。	Ta cũng chẳng rõ nó xả khí về hướng nào.
氛围越来越火热。	Không khí càng lúc càng nóng bỏng.
那个在排气。	Cái đó đang xả khí.
我哮喘怎么办？	Ta bị hen suyễn thì làm sao?
一株枯萎的蕨类植物。	Một cây dương xỉ héo úa.
暗淡的球茎。	Củ hành tối màu.
还好只是一座雕像。	May mà chỉ là một bức tượng.
真没创意！	Chẳng có sáng tạo gì!
那有个拉杆。	Chỗ đó có một cái cần kéo.
心动不如行动。	Rung động chẳng bằng hành động.
得给它充个能。	Phải nạp năng lượng cho nó.
“此路标是未来更新的内容，目前正在开发中。”	“Biển chỉ dẫn này là nội dung của bản cập nhật tương lai, hiện đang phát triển.”
求它能发挥作用吧。	Cầu cho nó phát huy tác dụng.
这是出口孔？	Đây là lỗ thoát à?
没光了。	Hết sáng rồi.
这里发生过不好的事情。	Ở đây từng xảy ra chuyện chẳng lành.
我可不想惹她。	Ta chẳng muốn chọc nàng.
看不出哪里像。	Chẳng thấy giống ở chỗ nào.
这个看上去比其他的重。	Cái này trông nặng hơn mấy cái kia.
坚如磐石的小苗。	Cây con vững như bàn thạch.
海上碎屑。	Mảnh vụn trên biển.
这是灯的开关吗？	Đây là công tắc đèn à?
开关看似已坏。	Công tắc xem chừng hỏng rồi.
断气了！	Tắt thở rồi!
这是什螨玩意？	Đây là cái thứ “ve” gì vậy?
当心，它螨可能醒的。	Cẩn thận, nó “ve” có thể tỉnh đấy.
它正喷发狂怒！	Nó đang phun trào cuồng nộ!
好空洞的表情。	Vẻ mặt trống rỗng làm sao.
它没脸呀，我不戴。	Nó không có mặt, ta chẳng đeo.
这下好多了。	Phen này khá hơn nhiều.
简直大错特错。	Đúng là sai lầm to lớn.
呃！我觉得恶心。	Ừ! Ta thấy kinh tởm.
这下糟了。	Phen này hỏng rồi.
一个鱼人死了。	Một người cá chết rồi.
这气味太糟糕了。	Cái mùi này tệ quá.
死鱼人醒过来了！	Người cá chết tỉnh dậy rồi!
确定死掉了。	Chắc chắn chết rồi.
这下不会再回来了。	Phen này chẳng quay lại nữa.
年年有今日。	Năm nào cũng có ngày này.
放松的完美公式。	Công thức thư giãn hoàn hảo.
水呢？	Nước đâu?
还在建设中。	Vẫn đang xây dựng.
风干需要时间。	Hong gió cần thời gian.
雨天风干更费时。	Ngày mưa hong gió càng tốn thời gian.
风干正当时。	Hong gió đúng lúc.
钠么咸。	“Natri” mà mặn thế.
它努力干过了。	Nó đã cố sức hong khô rồi.
多么悦耳。	Êm tai làm sao.
我要不要提醒她，还是装作没看见？	Ta có nên nhắc nàng, hay giả vờ không thấy?
干得漂亮。	Làm tốt lắm.
嗯……一杯甜甜的安神茶。	Ừm…… một tách trà an thần ngọt ngào.
登疯燥极的茶！	Trà “điên khô cực đỉnh”!
别担心，我不会狂喝不止。	Đừng lo, ta sẽ không uống điên cuồng không dứt.
我要留着去沙漠喝。	Ta để dành mang vào sa mạc uống.
此处应该有“高温”警告。	Chỗ này nên có cảnh báo “nhiệt độ cao”.
为健康小小干一杯！	Nâng ly nhỏ chúc sức khoẻ!
不是我要点出残缺，但这味道有点“蜡”。	Không phải ta muốn vạch khuyết điểm, nhưng vị này hơi “sáp”.
它还真融化了我的疯狂。	Nó quả thật làm tan chảy cơn điên của ta.
我盐究制作点有用的东西。	Ta “muối” cứu chế ra chút gì hữu dụng.
带有免费的冻结升级！	Kèm theo nâng cấp đóng băng miễn phí!
更加强大的制冰效果。	Hiệu quả làm băng mạnh hơn nữa.
不抓眼球，专抓脚！	Không bắt mắt, chuyên bắt chân!
现在我们真的稳了！	Giờ bọn ta chắc chắn thật rồi!
就是干干干！	Cứ là khô khô khô!
让我干爽无比！	Khiến ta khô ráo vô cùng!
壳以去珍珠那了吗？	“Vỏ” thể đi tới chỗ ngọc trai chưa?
附赠友谊的小船。	Tặng kèm con thuyền tình bạn.
谁是最骄傲的小海豹？	Ai là chú hải cẩu nhỏ kiêu hãnh nhất nào?
店空茶也空。	Quán trống trà cũng trống.
茶点时间！	Giờ trà bánh!
我花了大价钱让她沏茶。	Ta bỏ giá lớn để nàng pha trà.
她的店被烤成吐司了。	Quán của nàng bị nướng thành bánh mì nướng rồi.
那条鱼太有干货了。	Con cá đó đúng là “hàng khô” thứ thiệt.
它们确实能点亮气氛。	Chúng quả thật thắp sáng được bầu không khí.
太悲伤了，我受不了。	Buồn quá, ta chịu không nổi.
我们来串起一些氛围灯吧。	Bọn ta xâu vài chuỗi đèn không khí nào.
我已经开足马力了。	Ta đã mở hết mã lực rồi.
我要是不给供品它就冷落我。	Ta mà không dâng đồ cúng là nó lạnh nhạt với ta.
马就算烧成灰也不是驴。	Ngựa dù có cháy thành tro cũng chẳng phải lừa.
你好，公主！	Chào công chúa!
别理会任何马后炮。	Đừng để ý tới mấy lời nói sau khi việc đã rồi.
你蹄验过这个了吗？	Ngươi “móng” nghiệm cái này chưa?
少打马虎眼瞎闹！	Bớt qua loa nghịch bậy đi!
好骑士！	Hiệp sĩ giỏi!
现在谁领头？你听说了吗？	Giờ ai dẫn đầu? Ngươi nghe nói chưa?
我戴会不会像匹小马驹？	Ta đội vào có giống con ngựa non không?
一堆疑问像马鞍一样重压着我。	Cả đống nghi vấn đè nặng lên ta như yên ngựa.
留着它没准有马蹄铁的好运。	Giữ nó biết đâu có vận may của móng ngựa.
可别误以为我是骑枪不离手的兰斯洛特。	Chớ hiểu nhầm ta là Lancelot thương không rời tay.
确认泄气了！	Xác nhận xì hơi rồi!
诀窍就是要放手。	Bí quyết chính là phải buông tay.
这不就亮了！	Thế là sáng rồi còn gì!
任我驰骋吧！	Mặc ta rong ruổi!
坐上去颠得很！	Ngồi lên xóc lắm!
这是某种...东西。	Đây là một loại... thứ gì đó.
太黑了，什么也看不见！	Tối quá, chẳng thấy gì cả!
那东西快要着火了。	Thứ đó sắp bốc cháy rồi.
多么快乐的植物啊!	Cái cây mới vui vẻ làm sao!
这株植物似乎承受了很大的压力。	Cây này xem chừng chịu áp lực rất lớn.
它有点暴躁。	Nó hơi nóng nảy.
我可能要除一下草……	Ta có lẽ phải nhổ cỏ một chút……
我的科学结论是这株植物很孤独。	Kết luận khoa học của ta là cái cây này cô đơn.
植物太多，地方太小。	Cây quá nhiều, chỗ quá nhỏ.
这个季节对这株植物并不友好。	Mùa này chẳng thân thiện với cái cây này.
看起来有点脱水。	Trông hơi thiếu nước.
这颗可怜的植物需要营养!	Cái cây tội nghiệp này cần dinh dưỡng!
它想找人好好聊聊。	Nó muốn tìm ai đó trò chuyện cho đã.
嗯，鸟嘴。	Ừm, mỏ chim.
它尝起来是节日的味道。	Nó có vị của ngày lễ.
