path	original	line	comment
ACTIONFAIL.APPRAISE.NOTNOW	妾身忙着呢。	7	暂无注释
ACTIONFAIL.REPAIR.WRONGPIECE	那不太对吧。	11	化石骨架拼接错误
ACTIONFAIL.BUILD.MOUNTED	放不下。	15	建造失败（骑乘状态）
ACTIONFAIL.BUILD.HASPET	妾身已经有一只宠物了。	16	建造失败（已经有一个宠物了）
ACTIONFAIL.BUILD.TICOON	妾身不需要第二只大虎。	17	暂无注释
ACTIONFAIL.SHAVE.AWAKEBEEFALO	妾身才不会在他醒着时去弄。	21	给醒着的牛刮毛
ACTIONFAIL.SHAVE.GENERIC	妾身不能给那个剃毛。	22	刮牛毛失败
ACTIONFAIL.SHAVE.NOBITS	它已经没有毛了。	23	给没毛的牛刮毛
ACTIONFAIL.SHAVE.SOMEONEELSESBEEFALO	妾身不能剃那只皮弗娄牛的毛。	25	暂无注释
ACTIONFAIL.STORE.GENERIC	装满了。	29	存放东西失败
ACTIONFAIL.STORE.NOTALLOWED	这东西不能装进那里。	30	存放东西--不被允许
ACTIONFAIL.STORE.INUSE	退下，让本妃看看。	31	别人正在用箱子
ACTIONFAIL.STORE.NOTMASTERCHEF	烹饪水平还不够。	32	暂无注释
ACTIONFAIL.CONSTRUCT.INUSE	有人抢先了。	36	建筑正在使用
ACTIONFAIL.CONSTRUCT.NOTALLOWED	不合适。	37	建筑不允许使用
ACTIONFAIL.CONSTRUCT.EMPTY	妾身需要一些建造材料。	38	建筑空了
ACTIONFAIL.CONSTRUCT.MISMATCH	好像不行。	39	升级套件错误（目前用不到）
ACTIONFAIL.CONSTRUCT.NOTREADY	之后可能会出现新的状况。	40	暂无注释
ACTIONFAIL.RUMMAGE.GENERIC	妾身不能那么做。	44	打开箱子失败
ACTIONFAIL.RUMMAGE.INUSE	他们在埋头寻找。	45	打开箱子 正在使用
ACTIONFAIL.RUMMAGE.NOTMASTERCHEF	烹饪水平还不够。	46	暂无注释
ACTIONFAIL.RUMMAGE.NOTAMERM	妾身不认为鱼人会为此感到高兴。	47	暂无注释
ACTIONFAIL.UNLOCK.WRONGKEY	妾身做不到。	51	暂无注释
ACTIONFAIL.USEKLAUSSACKKEY.WRONGKEY	那不对。	55	使用克劳斯钥匙
ACTIONFAIL.USEKLAUSSACKKEY.KLAUS	妾身有点忙。	56	克劳斯
ACTIONFAIL.ACTIVATE.LOCKED_GATE	大门锁上了。	60	远古钥匙
ACTIONFAIL.ACTIVATE.HOSTBUSY	他现在好像有点忙。	61	暂无注释
ACTIONFAIL.ACTIVATE.CARNIVAL_HOST_HERE	他就在附近。	62	暂无注释
ACTIONFAIL.ACTIVATE.NOCARNIVAL	鸟儿看起来都飞走了。	63	暂无注释
ACTIONFAIL.ACTIVATE.EMPTY_CATCOONDEN	妾身还以为里面肯定会有好东西呢。	64	暂无注释
ACTIONFAIL.ACTIVATE.KITCOON_HIDEANDSEEK_NOT_ENOUGH_HIDERS	应该不会这么容易，要是再多几个小家伙就好了……	65	暂无注释
ACTIONFAIL.ACTIVATE.KITCOON_HIDEANDSEEK_NOT_ENOUGH_HIDING_SPOTS	周围没有很多地方可供它们藏身。	66	暂无注释
ACTIONFAIL.ACTIVATE.KITCOON_HIDEANDSEEK_ONE_GAME_PER_DAY	今天就到此为止吧。	67	暂无注释
ACTIONFAIL.ACTIVATE.MANNEQUIN_EQUIPSWAPFAILED	他应该穿不上。	68	暂无注释
ACTIONFAIL.ACTIVATE.PILLOWFIGHT_NO_HANDPILLOW	妾身需要一个枕头来战斗。	69	暂无注释
ACTIONFAIL.ACTIVATE.NOTMYBERNIE	妾身的东西可没那么可怕。	70	暂无注释
ACTIONFAIL.ACTIVATE.NOTMERM	只有鱼人才能召唤鱼人。	71	暂无注释
ACTIONFAIL.OPEN_CRAFTING.PROFESSIONALCHEF	烹饪水平还不够。	77	暂无注释
ACTIONFAIL.OPEN_CRAFTING.SHADOWMAGIC	那不是妖术。	78	暂无注释
ACTIONFAIL.COOK.GENERIC	妾身可不喜欢干这种粗活。	82	做饭失败
ACTIONFAIL.COOK.INUSE	这是御膳房的厨子该做的。	83	做饭失败-别人在用锅
ACTIONFAIL.COOK.TOOFAR	太远了。	84	做饭失败-太远
ACTIONFAIL.START_CARRAT_RACE.NO_RACERS	妾身肯定是漏掉了什么东西。	88	暂无注释
ACTIONFAIL.DISMANTLE.COOKING	煮着东西呢，不能这样。	92	暂无注释
ACTIONFAIL.DISMANTLE.INUSE	妾身还需要等吗。	93	暂无注释
ACTIONFAIL.DISMANTLE.NOTEMPTY	妾身得先把里面的东西移走。	94	暂无注释
ACTIONFAIL.FISH_OCEAN.TOODEEP	不是海钓竿，不适合深海海钓。	98	暂无注释
ACTIONFAIL.OCEAN_FISHING_POND.WRONGGEAR	这根钓竿不适合在池塘钓鱼。	102	暂无注释
ACTIONFAIL.GIVE.GENERIC	那东西没有去那里。	122	给予失败
ACTIONFAIL.GIVE.DEAD	也许妾身该留着这个。	123	给予 -目标死亡
ACTIONFAIL.GIVE.SLEEPING	不省人事，无心牵挂。	124	给予--目标睡觉
ACTIONFAIL.GIVE.BUSY	妾身马上再试试。	125	给予--目标正忙
ACTIONFAIL.GIVE.ABIGAILHEART	这值得一试。	126	给阿比盖尔 救赎之心
ACTIONFAIL.GIVE.GHOSTHEART	或许，这不是好主意。	127	给鬼魂 救赎之心
ACTIONFAIL.GIVE.NOTGEM	妾身不会把那东西粘上去的。	128	给的不是宝石
ACTIONFAIL.GIVE.WRONGGEM	这个宝石在这里不起作用。	129	给错了宝石
ACTIONFAIL.GIVE.NOGENERATORSKILL	妾身不会把那东西粘上去的。	130	暂无注释
ACTIONFAIL.GIVE.NOTSTAFF	它的形状有些不对。	131	给月石祭坛的物品不是法杖
ACTIONFAIL.GIVE.MUSHROOMFARM_NEEDSSHROOM	一颗蘑菇可能会有更多的用处。	132	蘑菇农场需要蘑菇
ACTIONFAIL.GIVE.MUSHROOMFARM_NEEDSLOG	一块活木头可能会有更多的用处。	133	蘑菇农场需要活木
ACTIONFAIL.GIVE.MUSHROOMFARM_NOMOONALLOWED	这些蘑菇好像不愿意被种下去。	134	暂无注释
ACTIONFAIL.GIVE.SLOTFULL	妾身已经把一些东西放在那里了。	135	已经放了材料后，再给雕像桌子再给一个材料
ACTIONFAIL.GIVE.FOODFULL	这儿已经有一顿饭了。	136	没调用
ACTIONFAIL.GIVE.NOTDISH	它肯定不想吃那个。	137	没调用
ACTIONFAIL.GIVE.DUPLICATE	妾身已经知道那个了。	138	给雕像桌子已经学习过的图纸
ACTIONFAIL.GIVE.NOTSCULPTABLE	放错材料了。	139	给陶艺圆盘的东西不对
ACTIONFAIL.GIVE.NOTATRIUMKEY	它的形状有些不对。	140	中庭钥匙不对
ACTIONFAIL.GIVE.CANTSHADOWREVIVE	它不会复活。	141	中庭仍在CD
ACTIONFAIL.GIVE.WRONGSHADOWFORM	组装不对。	142	没调用
ACTIONFAIL.GIVE.NOMOON	妾身需要看到月亮才行。	143	洞穴里建造月石科技
ACTIONFAIL.GIVE.PIGKINGGAME_MESSY	妾身得先清理一下。	144	猪王旁边有建筑，不能开始抢元宝
ACTIONFAIL.GIVE.PIGKINGGAME_DANGER	现在这样太危险了。	145	危险，不能开始抢元宝
ACTIONFAIL.GIVE.PIGKINGGAME_TOOLATE	现在已经太晚了。	146	不是白天，不能开始抢元宝
ACTIONFAIL.GIVE.CARNIVALGAME_INVALID_ITEM	妾身需要去买代币。	147	暂无注释
ACTIONFAIL.GIVE.CARNIVALGAME_ALREADY_PLAYING	已经有游戏在进行中了。	148	暂无注释
ACTIONFAIL.GIVE.SPIDERNOHAT	妾身的身上不能同时装下它们	149	暂无注释
ACTIONFAIL.GIVE.TERRARIUM_REFUSE	也许妾身应该用不同种类的燃料进行炼制……	150	暂无注释
ACTIONFAIL.GIVE.TERRARIUM_COOLDOWN	树没长回来之前应该给不了东西。	151	暂无注释
ACTIONFAIL.GIVE.NOTAMONKEY	妾身不会说猴话。	152	暂无注释
ACTIONFAIL.GIVE.QUEENBUSY	她好像在忙。	153	暂无注释
ACTIONFAIL.GIVETOPLAYER.FULL	你的身上太满了。	157	给玩家一个东西 -但是背包满了
ACTIONFAIL.GIVETOPLAYER.DEAD	也许妾身该留着这个。	158	给死亡的玩家一个东西
ACTIONFAIL.GIVETOPLAYER.SLEEPING	不省人事，无心牵挂。	159	给睡觉的玩家一个东西
ACTIONFAIL.GIVETOPLAYER.BUSY	妾身马上再试试。	160	给忙碌的玩家一个东西
ACTIONFAIL.GIVEALLTOPLAYER.FULL	你的身上太满了。	164	给人一组东西 但是背包满了
ACTIONFAIL.GIVEALLTOPLAYER.DEAD	也许妾身该留着这个。	165	给于死去的玩家一组物品
ACTIONFAIL.GIVEALLTOPLAYER.SLEEPING	不省人事了。	166	给于正在睡觉的玩家一组物品
ACTIONFAIL.GIVEALLTOPLAYER.BUSY	妾身再试试。	167	给于正在忙碌的玩家一组物品
ACTIONFAIL.WRITE.GENERIC	妾身觉得它现在这样挺好。	171	鞋子失败
ACTIONFAIL.WRITE.INUSE	只有能容纳一个人。	172	写字 正在使用中
ACTIONFAIL.DRAW.NOIMAGE	如果妾身面前有这东西，就比较容易了。	176	画图缺乏图像
ACTIONFAIL.CHANGEIN.GENERIC	妾身现在不想换。	180	换装失败 
ACTIONFAIL.CHANGEIN.BURNING	现在太危险了。	181	换装失败-着火了
ACTIONFAIL.CHANGEIN.INUSE	它一次只能进行一种风格转变。	182	衣橱有人占用
ACTIONFAIL.CHANGEIN.NOTENOUGHHAIR	不够用来装扮。	183	暂无注释
ACTIONFAIL.CHANGEIN.NOOCCUPANT	得在上面栓点东西。	184	暂无注释
ACTIONFAIL.ATTUNE.NOHEALTH	妾身感觉不够好。	188	制造肉雕像血量不足
ACTIONFAIL.MOUNT.TARGETINCOMBAT	妾身还不想去惹一头愤怒的皮弗娄牛。	192	骑乘，牛正在战斗
ACTIONFAIL.MOUNT.INUSE	有人抢先骑上去了。	193	骑乘（牛被占据）
ACTIONFAIL.MOUNT.SLEEPING	该醒醒了。	194	暂无注释
ACTIONFAIL.SADDLE.TARGETINCOMBAT	它生气时决妾身无法那样做。	198	给战斗状态的牛上鞍
ACTIONFAIL.TEACH.KNOWN	妾身已经知道那个了。	202	学习已经知道的蓝图
ACTIONFAIL.TEACH.CANTLEARN	妾身无法学习那个。	203	学习无法学习的蓝图
ACTIONFAIL.TEACH.WRONGWORLD	这地图在这用不了。	204	学习另外一个世界的地图
ACTIONFAIL.TEACH.MESSAGEBOTTLEMANAGER_NOT_FOUND	光线太暗，妾身什么都看不到。	205	Likely trying to read messagebottle treasure map in caves  --暂无注释
ACTIONFAIL.TEACH.STASH_MAP_NOT_FOUND	看到标记了。	206	Likely trying to read stash map  in world without stash                    --暂无注释
ACTIONFAIL.WRAPBUNDLE.EMPTY	妾身需要有东西来打包。	210	打包纸是空的
ACTIONFAIL.PICKUP.RESTRICTION	用不了。	214	熔炉模式下捡起错误的武器
ACTIONFAIL.PICKUP.INUSE	大胆，让妾身先来。	215	捡起已经打开的容器
ACTIONFAIL.PICKUP.NOTMINE_YOTC[0]	你可不是妾身的胡萝卜鼠。	219	暂无注释
ACTIONFAIL.PICKUP.NOTMINE_YOTC[1]	它在咬妾身。	220	暂无注释
ACTIONFAIL.PICKUP.FULL_OF_CURSES	妾身才不要碰。	223	暂无注释
ACTIONFAIL.SLAUGHTER.TOOFAR	它逃走了。	227	屠杀？？ 因为太远而失败
ACTIONFAIL.REPLATE.MISMATCH	它需要另一种碟子。	231	暴食-换盘子换错了 比如用碗换碟子
ACTIONFAIL.REPLATE.SAMEDISH	妾身只需要用一个碟子。	232	暴食-换盘子已经换了
ACTIONFAIL.SAIL.REPAIR	它不需要修复。	236	暂无注释
ACTIONFAIL.ROW_FAIL.BAD_TIMING0	太快了。	240	暂无注释
ACTIONFAIL.ROW_FAIL.BAD_TIMING1	时机不对。	241	暂无注释
ACTIONFAIL.ROW_FAIL.BAD_TIMING2	别再犯了。	242	暂无注释
ACTIONFAIL.LOWER_SAIL_FAIL[0]	哎。	246	暂无注释
ACTIONFAIL.LOWER_SAIL_FAIL[1]	根本慢不下来。	247	暂无注释
ACTIONFAIL.LOWER_SAIL_FAIL[2]	失败了。	248	暂无注释
ACTIONFAIL.BATHBOMB.GLASSED	不行，表面都变玻璃了。	252	暂无注释
ACTIONFAIL.BATHBOMB.ALREADY_BOMBED	别浪费沐浴球。	253	暂无注释
ACTIONFAIL.GIVE_TACKLESKETCH.DUPLICATE	不对，不对。	257	暂无注释
ACTIONFAIL.COMPARE_WEIGHABLE.FISH_TOO_SMALL	这家伙太小了。	261	暂无注释
ACTIONFAIL.COMPARE_WEIGHABLE.OVERSIZEDVEGGIES_TOO_SMALL	还不够沉。	262	暂无注释
ACTIONFAIL.PLANTREGISTRY_RESEARCH_FAIL.GENERIC	不剩什么需要学的了。	280	暂无注释
ACTIONFAIL.PLANTREGISTRY_RESEARCH_FAIL.FERTILIZER	妾身不想知道太多细节。	281	暂无注释
ACTIONFAIL.FILL_OCEAN.UNSUITABLE_FOR_PLANTS	有奇怪的差错。	285	暂无注释
ACTIONFAIL.POUR_WATER.OUT_OF_WATER	没水了。	289	暂无注释
ACTIONFAIL.POUR_WATER_GROUNDTILE.OUT_OF_WATER	妾身的浇水壶干了。	293	暂无注释
ACTIONFAIL.USEITEMON.BEEF_BELL_INVALID_TARGET	妾身做不大。	297	暂无注释
ACTIONFAIL.USEITEMON.BEEF_BELL_ALREADY_USED	这头弗娄牛已经属于别人了。	298	暂无注释
ACTIONFAIL.USEITEMON.BEEF_BELL_HAS_BEEF_ALREADY	妾身不需要整个牛群。	299	暂无注释
ACTIONFAIL.HITCHUP.NEEDBEEF	有铃铛就能指挥皮弗娄牛。	303	暂无注释
ACTIONFAIL.HITCHUP.NEEDBEEF_CLOSER	妾身的皮弗娄牛离妾身太远了。	304	暂无注释
ACTIONFAIL.HITCHUP.BEEF_HITCHED	妾身的皮弗娄牛已经拴好了。	305	暂无注释
ACTIONFAIL.HITCHUP.INMOOD	妾身的皮弗娄牛看起来太好动了。	306	暂无注释
ACTIONFAIL.MARK.ALREADY_MARKED	妾身已经选好了。	310	暂无注释
ACTIONFAIL.MARK.NOT_PARTICIPANT	妾身没有人参赛。	311	暂无注释
ACTIONFAIL.YOTB_STARTCONTEST.DOESNTWORK	看来这里并不支持这些。	315	暂无注释
ACTIONFAIL.YOTB_STARTCONTEST.ALREADYACTIVE	可能忙着比别的比赛呢。	316	暂无注释
ACTIONFAIL.YOTB_UNLOCKSKIN.ALREADYKNOWN	这个妾身已经掌握了。	320	暂无注释
ACTIONFAIL.CARNIVALGAME_FEED.TOO_LATE	妾身得快一点。	324	暂无注释
ACTIONFAIL.HERD_FOLLOWERS.WEBBERONLY	虽然它们不听妾身的，但是可能会听别人的。	328	暂无注释
ACTIONFAIL.HARVEST.DOER_ISNT_MODULE_OWNER	它似乎对讨论没有兴趣。	377	暂无注释
ACTIONFAIL.PICK.NOTHING_INSIDE	它是空的。	399	暂无注释
ACTIONFAIL.HEAL.NOT_MERM	妾身猜它只对鱼人有效。	403	暂无注释
ACTIONFAIL.ROSEGLASSES_INVALID	未找到	406	暂无注释
ACTIONFAIL.ROSEGLASSES_COOLDOWN	未找到	407	暂无注释
ACTIONFAIL.ROSEGLASSES_DISMISS	未找到	408	暂无注释
ACTIONFAIL.ROSEGLASSES_STUMPED	未找到	409	暂无注释
ANNOUNCE_CANNOT_BUILD.NO_INGREDIENTS	妾身似乎缺少一些重要组件。	419	暂无注释
ANNOUNCE_CANNOT_BUILD.NO_TECH	这个需要投入更多法力。	420	暂无注释
ANNOUNCE_CANNOT_BUILD.NO_STATION	妾身现在制作不了。	421	暂无注释
ACTIONFAIL_GENERIC	妾身做不到。	423	动作失败
ANNOUNCE_BOAT_LEAK	水越来越多了。	424	暂无注释
ANNOUNCE_BOAT_SINK	妾身不想淹死。	425	暂无注释
ANNOUNCE_DIG_DISEASE_WARNING	它看起来已经好多了。	426	removed  --挖起生病的植物
ANNOUNCE_PICK_DISEASE_WARNING	嗯啊，本来就是那味道吗？	427	removed  --（植物生病）
ANNOUNCE_ADVENTUREFAIL	这次不太顺利。妾身必须再试一次。	428	没调用（废案）
ANNOUNCE_MOUNT_LOWHEALTH	它似乎受伤了。	429	牛血量过低
ANNOUNCE_BEES	蜜蜂。	448	戴养蜂帽被蜜蜂蛰
ANNOUNCE_BOOMERANG	妾身应该尽量接住它。	449	回旋镖
ANNOUNCE_CHARLIE	妾身感受到一些恶意	450	查理即将攻击
ANNOUNCE_CHARLIE_ATTACK	有什么在攻击妾身。	451	被查理攻击
ANNOUNCE_COLD	好冷。	453	过冷
ANNOUNCE_HOT	需要阴凉处。	454	过热
ANNOUNCE_CRAFTING_FAIL	缺少一些关键的东西。	455	没调用
ANNOUNCE_DEERCLOPS	听上去要有同类来了。	456	boss来袭
ANNOUNCE_CAVEIN	地龙在乱窜。	457	要地震了？？？
ANNOUNCE_ANTLION_SINKHOLE[0]	地面在晃动。	460	蚁狮地震
ANNOUNCE_ANTLION_SINKHOLE[1]	地震。	461	蚁狮地震
ANNOUNCE_ANTLION_SINKHOLE[2]	地面有些震动。	462	蚁狮地震
ANNOUNCE_ANTLION_TRIBUTE[0]	让妾身给与一些贡品。	466	向蚁狮致敬
ANNOUNCE_ANTLION_TRIBUTE[1]	给你的贡品。	467	给蚁狮上供
ANNOUNCE_ANTLION_TRIBUTE[2]	暂时让它安静。	468	给蚁狮上供
ANNOUNCE_SACREDCHEST_YES	妾身认为妾身值得。	470	远古宝箱物品正确给出蓝图
ANNOUNCE_SACREDCHEST_NO	它不喜欢那个。	471	远古宝箱
ANNOUNCE_DUSK	天马上就黑了。	472	进入黄昏
ANNOUNCE_EAT.GENERIC	好吃。	490	吃东西
ANNOUNCE_EAT.PAINFUL	妾身感觉不太好。	491	吃怪物肉
ANNOUNCE_EAT.SPOILED	太难吃了。	492	吃腐烂食物
ANNOUNCE_EAT.STALE	妾身觉得它开始变质了。	493	吃黄色食物
ANNOUNCE_EAT.INVALID	妾身不吃那东西。	494	拒吃
ANNOUNCE_EAT.YUCKY	把那个放进口中有些反胃。	495	吃红色食物
ANNOUNCE_ENCUMBERED[0]	疲惫...	510	搬运雕像、可疑的大理石
ANNOUNCE_ENCUMBERED[1]	这种...应该让盘古大神过来...	511	搬运雕像、可疑的大理石
ANNOUNCE_ENCUMBERED[2]	抬起来...	512	搬运雕像、可疑的大理石
ANNOUNCE_ENCUMBERED[3]	这不应该是...妾身...该做的...	513	搬运雕像、可疑的大理石
ANNOUNCE_ENCUMBERED[4]	疲态。	514	搬运雕像、可疑的大理石
ANNOUNCE_ENCUMBERED[5]	这东西...正把妾身头发弄得一团糟吗？	515	搬运雕像、可疑的大理石
ANNOUNCE_ENCUMBERED[6]	哼...。	516	搬运雕像、可疑的大理石
ANNOUNCE_ENCUMBERED[7]	疲累...	517	搬运雕像、可疑的大理石
ANNOUNCE_ENCUMBERED[8]	这是最糟糕的...苦力...	518	搬运雕像、可疑的大理石
ANNOUNCE_ATRIUM_DESTABILIZING[0]	妾身该走了。	522	中庭击杀boss后即将刷新
ANNOUNCE_ATRIUM_DESTABILIZING[1]	那是什么？。	523	中庭震动
ANNOUNCE_ATRIUM_DESTABILIZING[2]	这里不安全。	524	中庭击杀boss后即将刷新
ANNOUNCE_RUINS_RESET	所有的妖兽都回来了。	526	地下重置
ANNOUNCE_SNARED	尖锐的骨头。	527	远古嘤嘤怪的骨笼
ANNOUNCE_SNARED_IVY	什么在反击。	528	暂无注释
ANNOUNCE_REPELLED	它有保护。	529	嘤嘤怪保护状态
ANNOUNCE_ENTER_DARK	伸手不见五指。	530	进入黑暗
ANNOUNCE_ENTER_LIGHT	妾身又可以看到东西了。	531	进入光源
ANNOUNCE_FREEDOM	妾身自由了。	532	没调用（废案）
ANNOUNCE_HIGHRESEARCH	妾身本就聪明。	533	没调用（废案）
ANNOUNCE_HOUNDS	你听到了吗？	534	猎犬将至
ANNOUNCE_WORMS	你感觉到了吗？	535	蠕虫袭击
ANNOUNCE_ACIDBATS	你听到了吗？	536	暂无注释
ANNOUNCE_HUNGRY	妾身有些饿。	537	饥饿
ANNOUNCE_HUNT_BEAST_NEARBY	新鲜的足迹，那只妖兽肯定就在附近。	538	即将找到野兽
ANNOUNCE_HUNT_LOST_TRAIL	妖兽的足迹到这里就没了。	539	猎物（大象脚印丢失）
ANNOUNCE_HUNT_LOST_TRAIL_SPRING	这种湿土留不下脚印。	540	大猎物丢失踪迹
ANNOUNCE_HUNT_START_FORK	这个踪迹看起来有危险。	541	暂无注释
ANNOUNCE_HUNT_SUCCESSFUL_FORK	没有妖兽能与妾身匹敌。	542	暂无注释
ANNOUNCE_HUNT_WRONG_FORK	妾身感到有东西在看着妾身。	543	暂无注释
ANNOUNCE_HUNT_AVOID_FORK	这个踪迹看起来安全些了。	544	暂无注释
ANNOUNCE_INV_FULL	妾身拿不了更多的东西了。	545	身上的物品满了
ANNOUNCE_KNOCKEDOUT	妾身有些昏沉。	546	被催眠
ANNOUNCE_LOWRESEARCH	妾身没从那学到什么。	547	没调用（废案）
ANNOUNCE_MOSQUITOS	滚开。	548	没调用
ANNOUNCE_NOWARDROBEONFIRE	它着火了，妾身换不了衣服。	549	橱柜着火
ANNOUNCE_NODANGERGIFT	妾身无法拆礼物。	550	周围有危险的情况下打开礼物
ANNOUNCE_NOMOUNTEDGIFT	妾身得先从皮弗娄牛身上下来。	551	骑牛的时候打开礼物
ANNOUNCE_NODANGERSLEEP	妾身不能这样睡死过去。	552	危险，不能睡觉
ANNOUNCE_NODAYSLEEP	光线太亮了。	553	白天睡帐篷
ANNOUNCE_NODAYSLEEP_CAVE	妾身不累。	554	洞穴里白天睡帐篷
ANNOUNCE_NOHUNGERSLEEP	妾身有些饿了。	555	饿了无法睡觉
ANNOUNCE_NOSLEEPONFIRE	妾身无法睡着。	556	营帐着火无法睡觉
ANNOUNCE_NODANGERSIESTA	现在太危险了。	558	危险，不能午睡
ANNOUNCE_NONIGHTSIESTA	晚上该睡觉，而不是现在。	559	夜晚睡凉棚
ANNOUNCE_NONIGHTSIESTA_CAVE	妾身不认为妾身在这里能真正放松下来。	560	在洞穴里夜晚睡凉棚
ANNOUNCE_NOHUNGERSIESTA	妾身有些饿了，没法睡着。	561	饱度不足无法午睡
ANNOUNCE_NO_TRAP	挺简单的。	562	没有陷阱？？？没调用
ANNOUNCE_PECKED	停下。	563	被小高鸟啄
ANNOUNCE_QUAKE	听起来不妙。	564	地震
ANNOUNCE_RESEARCH	活到老学到老。	565	没调用
ANNOUNCE_SHELTER	可以稍微避避雨。	566	下雨天躲树下
ANNOUNCE_THORNS	噢。	567	玫瑰、仙人掌、荆棘扎手
ANNOUNCE_BURNT	好烫。	568	烧完了
ANNOUNCE_TORCH_OUT	火灭了。	569	火把用完了
ANNOUNCE_THURIBLE_OUT	它消耗殆尽了。	570	香炉燃尽
ANNOUNCE_FAN_OUT	妾身的风车已随风消逝。	571	小风车停了
ANNOUNCE_COMPASS_OUT	这个指南针指不了方向了。	572	指南针用完了
ANNOUNCE_TRAP_WENT_OFF	哎。	573	触发陷阱（例如冬季陷阱）
ANNOUNCE_UNIMPLEMENTED	这应该还没准备好。	574	没调用
ANNOUNCE_WORMHOLE	跳进去会弄脏妾身的。	575	跳虫洞
ANNOUNCE_TOWNPORTALTELEPORT	妾身不确定那是不是仙法。	577	豪华传送
ANNOUNCE_CANFIX	\n妾身觉得能修好这个。	578	墙壁可以修理
ANNOUNCE_ACCOMPLISHMENT	妾身略感满足。	579	没调用
ANNOUNCE_ACCOMPLISHMENT_DONE	如果妾身的朋友现在能看到妾身就好了...	580	没调用
ANNOUNCE_INSUFFICIENTFERTILIZER	植物好像没法长得很好。	581	土地肥力不足
ANNOUNCE_TOOL_SLIP	那工具丢了了。	582	工具滑出
ANNOUNCE_LIGHTNING_DAMAGE_AVOIDED	避开了天罚。	583	规避闪电
ANNOUNCE_TOADESCAPING	妖兽正在失去兴趣。	584	蟾蜍正在逃跑
ANNOUNCE_TOADESCAPED	妖兽逃走了。	585	蟾蜍逃走了
ANNOUNCE_DAMP	哦，水。	586	潮湿（1级）
ANNOUNCE_WET	妾身的衣服好像会渗水。	587	潮湿（2级）
ANNOUNCE_WETTER	漫漫水路。	588	潮湿（3级）
ANNOUNCE_SOAKED	妾身衣服要被彻底打湿了。	589	潮湿（4级）
ANNOUNCE_WASHED_ASHORE	衣服弄湿了。	590	暂无注释
ANNOUNCE_DESPAWN	妾身能看见光。	591	下线
ANNOUNCE_BECOMEGHOST	妾身失败了。	592	变成鬼魂
ANNOUNCE_GHOSTDRAIN	妾身的理智要开始流失了。	593	队友死亡掉san
ANNOUNCE_PETRIFED_TREES	妾身刚刚听到树在低语。	594	石化树
ANNOUNCE_KLAUS_ENRAGE	现在没有办法打败它了。	595	克劳斯被激怒（杀死了鹿）
ANNOUNCE_KLAUS_UNCHAINED	它的封印解开了。	596	克劳斯-未上锁的  猜测是死亡准备变身？
ANNOUNCE_KLAUS_CALLFORHELP	它在求救。	597	克劳斯召唤小偷
ANNOUNCE_MOONALTAR_MINE.GLASS_MED	里面有东西。	600	暂无注释
ANNOUNCE_MOONALTAR_MINE.GLASS_LOW	快挖出来了。	601	暂无注释
ANNOUNCE_MOONALTAR_MINE.GLASS_REVEAL	你自由了。	602	暂无注释
ANNOUNCE_MOONALTAR_MINE.IDOL_MED	里面有东西。	603	暂无注释
ANNOUNCE_MOONALTAR_MINE.IDOL_LOW	快挖出来了。	604	暂无注释
ANNOUNCE_MOONALTAR_MINE.IDOL_REVEAL	你自由了。	605	暂无注释
ANNOUNCE_MOONALTAR_MINE.SEED_MED	里面有东西。	606	暂无注释
ANNOUNCE_MOONALTAR_MINE.SEED_LOW	快挖出来了。	607	暂无注释
ANNOUNCE_MOONALTAR_MINE.SEED_REVEAL	你自由了。	608	暂无注释
ANNOUNCE_SPOOKED	你看到了吗？。	610	被吓到
ANNOUNCE_BRAVERY_POTION	那些树看上去没那么可怕了。	611	勇气药剂
ANNOUNCE_MOONPOTION_FAILED	可能没泡够时间。	612	暂无注释
ANNOUNCE_EATING_NOT_FEASTING	妾身可能应该跟其他人分享的。	613	暂无注释
ANNOUNCE_WINTERS_FEAST_BUFF	节日精神。	614	暂无注释
ANNOUNCE_IS_FEASTING	冬季盛宴快乐。	615	暂无注释
ANNOUNCE_WINTERS_FEAST_BUFF_OVER	节过的真快。	616	暂无注释
ANNOUNCE_REVIVING_CORPSE	让妾身帮帮你。	617	没调用（熔炉）
ANNOUNCE_REVIVED_OTHER_CORPSE	焕然一新。	618	没调用（熔炉）
ANNOUNCE_REVIVED_FROM_CORPSE	好多了。	619	没调用（熔炉）
ANNOUNCE_FLARE_SEEN	是谁发出的信号？	620	暂无注释
ANNOUNCE_MEGA_FLARE_SEEN	那个闪光会带来麻烦。	621	暂无注释
ANNOUNCE_OCEAN_SILHOUETTE_INCOMING	不好，海怪。	622	暂无注释
ANNOUNCE_ROYALTY[0]	恭敬。	680	向带着蜂王帽的队友鞠躬
ANNOUNCE_ROYALTY[1]	恭敬。	681	向带着蜂王帽的队友鞠躬
ANNOUNCE_ROYALTY[2]	恭敬。	682	向带着蜂王帽的队友鞠躬
ANNOUNCE_ATTACH_BUFF_ELECTRICATTACK	妾身有些雷电伴身。	684	暂无注释
ANNOUNCE_ATTACH_BUFF_ATTACK	动手打。	685	暂无注释
ANNOUNCE_ATTACH_BUFF_PLAYERABSORPTION	妾身现在感觉安全多了。	686	暂无注释
ANNOUNCE_ATTACH_BUFF_WORKEFFECTIVENESS	干活更快了。	687	暂无注释
ANNOUNCE_ATTACH_BUFF_MOISTUREIMMUNITY	加快节奏。	688	暂无注释
ANNOUNCE_ATTACH_BUFF_SLEEPRESISTANCE	感觉神清气爽。	689	暂无注释
ANNOUNCE_DETACH_BUFF_ELECTRICATTACK	没有雷电了。	690	暂无注释
ANNOUNCE_DETACH_BUFF_ATTACK	法力醇厚的感觉很快就消失了。	691	暂无注释
ANNOUNCE_DETACH_BUFF_PLAYERABSORPTION	虽然时间不长，但是还不错。	692	暂无注释
ANNOUNCE_DETACH_BUFF_WORKEFFECTIVENESS	有些拖延。	693	暂无注释
ANNOUNCE_DETACH_BUFF_MOISTUREIMMUNITY	妾身容光焕发。	694	暂无注释
ANNOUNCE_DETACH_BUFF_SLEEPRESISTANCE	妾身不累了	695	暂无注释
ANNOUNCE_OCEANFISHING_LINESNAP	所有辛苦，都被折断。	696	暂无注释
ANNOUNCE_OCEANFISHING_LINETOOLOOSE	也许有方法管用。	697	暂无注释
ANNOUNCE_OCEANFISHING_GOTAWAY	它逃走了。	698	暂无注释
ANNOUNCE_OCEANFISHING_BADCAST	打鱼水平需要提升。	699	暂无注释
ANNOUNCE_OCEANFISHING_IDLE_QUOTE[0]	鱼呢？	702	暂无注释
ANNOUNCE_OCEANFISHING_IDLE_QUOTE[1]	也许该换个鱼多的地方钓。	703	暂无注释
ANNOUNCE_OCEANFISHING_IDLE_QUOTE[2]	妾身还以为海里到处都是鱼呢。	704	暂无注释
ANNOUNCE_OCEANFISHING_IDLE_QUOTE[3]	妾身现在明明可以做更有趣的事情……	705	暂无注释
ANNOUNCE_WEIGHT	重量：{weight}	707	暂无注释
ANNOUNCE_WEIGHT_HEAVY	重量: {weight}\n妾身是重量级的钓手。	708	暂无注释
ANNOUNCE_WINCH_CLAW_MISS	好像没对准。	709	暂无注释
ANNOUNCE_WINCH_CLAW_NO_ITEM	两手空空。	710	暂无注释
ANNOUNCE_WEAK_RAT	这只胡萝卜鼠不在训练的状态。	737	暂无注释
ANNOUNCE_CARRAT_START_RACE	比赛开始。	738	暂无注释
ANNOUNCE_CARRAT_ERROR_WRONG_WAY[0]	方向错了。	741	暂无注释
ANNOUNCE_CARRAT_ERROR_WRONG_WAY[1]	你什么眼神。	742	暂无注释
ANNOUNCE_CARRAT_ERROR_FELL_ASLEEP	你敢给妾身睡。	744	暂无注释
ANNOUNCE_CARRAT_ERROR_WALKING	跑。	745	暂无注释
ANNOUNCE_CARRAT_ERROR_STUNNED	站起来。	746	暂无注释
ANNOUNCE_POCKETWATCH_PORTAL	没有人告诉妾身时间旅行完后屁股会这么痛……	777	暂无注释
ANNOUNCE_ARCHIVE_NEW_KNOWLEDGE	妾身理解了许多东西。	782	暂无注释
ANNOUNCE_ARCHIVE_OLD_KNOWLEDGE	妾身早就知道了。	783	暂无注释
ANNOUNCE_ARCHIVE_NO_POWER	得提供一些法力。	784	暂无注释
ANNOUNCE_PLANT_RESEARCHED[0]	妾身了解得更多了。	787	暂无注释
ANNOUNCE_PLANT_RANDOMSEED	不知道会长成什么。	789	暂无注释
ANNOUNCE_FERTILIZER_RESEARCHED	妾身从未想过会把妾身的法术用在……这东西上。	790	暂无注释
ANNOUNCE_FIRENETTLE_TOXIN[0]	妾身的五脏六腑都在燃烧。	793	暂无注释
ANNOUNCE_FIRENETTLE_TOXIN[1]	太热了。	794	暂无注释
ANNOUNCE_FIRENETTLE_TOXIN_DONE	不要再用这种毒素。	796	暂无注释
ANNOUNCE_TALK_TO_PLANTS[0]	生长吧。	799	暂无注释
ANNOUNCE_TALK_TO_PLANTS[1]	妾身想要一株这样的植物。	800	暂无注释
ANNOUNCE_TALK_TO_PLANTS[2]	希望长势能好一些。	801	暂无注释
ANNOUNCE_TALK_TO_PLANTS[3]	真是一株好植物啊。	802	暂无注释
ANNOUNCE_TALK_TO_PLANTS[4]	是一个好的聆听者。	803	暂无注释
ANNOUNCE_KITCOON_HIDEANDSEEK_START	妾身要开始找。	805	暂无注释
ANNOUNCE_KITCOON_HIDEANDSEEK_JOIN	它们在藏呢。	806	暂无注释
ANNOUNCE_KITCOON_HIDANDSEEK_FOUND[0]	找到了。	809	暂无注释
ANNOUNCE_KITCOON_HIDANDSEEK_FOUND[1]	你在这。	810	暂无注释
ANNOUNCE_KITCOON_HIDANDSEEK_FOUND[2]	妾身就知道会藏在那。	811	暂无注释
ANNOUNCE_KITCOON_HIDANDSEEK_FOUND[3]	能看见你。	812	暂无注释
ANNOUNCE_KITCOON_HIDANDSEEK_FOUND_ONE_MORE	所以最后一个藏在哪呢？	814	暂无注释
ANNOUNCE_KITCOON_HIDANDSEEK_FOUND_LAST_ONE	妾身找到最后一个了。	815	暂无注释
ANNOUNCE_KITCOON_HIDANDSEEK_FOUND_LAST_ONE_TEAM	{name}找到了最后一个。	816	暂无注释
ANNOUNCE_KITCOON_HIDANDSEEK_TIME_ALMOST_UP	那些小家伙们估计不耐烦了……	817	暂无注释
ANNOUNCE_KITCOON_HIDANDSEEK_LOSEGAME	看来它们不想玩了……	818	暂无注释
ANNOUNCE_KITCOON_HIDANDSEEK_TOOFAR	它们大概率不会躲在这么远的地方？	819	暂无注释
ANNOUNCE_KITCOON_HIDANDSEEK_TOOFAR_RETURN	小浣猫们应该就在附近。	820	暂无注释
ANNOUNCE_KITCOON_FOUND_IN_THE_WILD	妾身就说刚刚看到了那边有什么东西在藏着。	821	暂无注释
ANNOUNCE_TICOON_START_TRACKING	他捕捉到了气味。	822	暂无注释
ANNOUNCE_TICOON_NOTHING_TO_TRACK	看来他什么都没找到。	823	暂无注释
ANNOUNCE_TICOON_WAITING_FOR_LEADER	妾身应该跟着他。	824	暂无注释
ANNOUNCE_TICOON_GET_LEADER_ATTENTION	他很想让妾身跟着。	825	暂无注释
ANNOUNCE_TICOON_NEAR_KITCOON	他一定是发现了什么。	826	暂无注释
ANNOUNCE_TICOON_LOST_KITCOON	看来别人找到了他要找的东西。	827	暂无注释
ANNOUNCE_TICOON_ABANDONED	妾身会自己找到那些小家伙的。	828	暂无注释
ANNOUNCE_TICOON_DEAD	他原本想把妾身带到哪里呢？	829	暂无注释
ANNOUNCE_CALL_BEEF	你给妾身过来。	830	暂无注释
ANNOUNCE_CANTBUILDHERE_YOTB_POST	放在这里裁判是看不到妾身的皮弗娄牛的。	831	暂无注释
ANNOUNCE_YOTB_LEARN_NEW_PATTERN	妾身有皮弗娄牛造型的灵感。	832	暂无注释
ANNOUNCE_EYEOFTERROR_ARRIVE	那是什么。	833	暂无注释
ANNOUNCE_EYEOFTERROR_FLYBACK	终于好了。	834	暂无注释
ANNOUNCE_EYEOFTERROR_FLYAWAY	妾身跟你没完。	835	暂无注释
ANNOUNCE_CANT_ESCAPE_CURSE	当然不会那么轻松。	836	暂无注释
ANNOUNCE_MONKEY_CURSE_1	开始有猴子的感觉了……	837	暂无注释
ANNOUNCE_MONKEY_CURSE_CHANGE	妾身的头发怎么了？。	838	暂无注释
ANNOUNCE_MONKEY_CURSE_CHANGEBACK	总算从猴身解脱了。	839	暂无注释
ANNOUNCE_PIRATES_ARRIVE	这意味着一件事...	840	暂无注释
ANNOUNCE_OFF_SCRIPT	妾身感觉不该是这样。	842	暂无注释
ANNOUNCE_COZY_SLEEP	妾身感觉神清气爽。	843	暂无注释
ANNOUNCE_TOOL_TOOWEAK	妾身需要一把更结实的工具。	844	暂无注释
ANNOUNCE_LUNAR_RIFT_MAX	那道闪光。那是月光吗？	845	暂无注释
ANNOUNCE_SHADOW_RIFT_MAX	有些阴险的家伙要来了。	846	暂无注释
ANNOUNCE_SCRAPBOOK_FULL	这些妾身都有了。	847	暂无注释
ANNOUNCE_CHAIR_ON_FIRE	没事。	848	暂无注释
ANNOUNCE_HEALINGSALVE_ACIDBUFF_DONE	想点办法。	849	暂无注释
ANNOUNCE_YOTD_NOBOATS	妾身得把船移到更近的地方。	872	暂无注释
ANNOUNCE_YOTD_NOCHECKPOINTS	妾身该先做点检查。	873	暂无注释
ANNOUNCE_YOTD_NOTENOUGHBOATS	不够空间容纳其余人了。	874	暂无注释
ANNOUNCE_OTTERBOAT_OUTOFSHALLOWS	妾身的心在下沉。	875	暂无注释
ANNOUNCE_OTTERBOAT_DENBROKEN	打掉那个窝点可能引发了其它事情	876	暂无注释
ANNOUNCE_GATHER_MERM	可能是鱼人的传统。	877	暂无注释
BATTLECRY.GENERIC	受死吧。	880	战斗
BATTLECRY.PIG	到这儿来。	881	战斗 猪人
BATTLECRY.PREY	妾身要灭了你。	882	战斗 猎物？？大象？
BATTLECRY.SPIDER	妾身要让你魂飞魄散。	883	战斗 蜘蛛
BATTLECRY.SPIDER_WARRIOR	魂飞魄散吧。	884	战斗 蜘蛛战士
BATTLECRY.DEER	魂飞魄散吧。	885	战斗 无眼鹿
COMBAT_QUIT.GENERIC	他肯定尝到妾身的厉害了。	889	攻击目标被卡住，无法攻击
COMBAT_QUIT.PIG	这次姑且放过他。	890	退出战斗-猪人
COMBAT_QUIT.PREY	他跑的太快了。	891	退出战斗 猎物？？大象？
COMBAT_QUIT.SPIDER	有些麻烦。	892	退出战斗 蜘蛛
COMBAT_QUIT.SPIDER_WARRIOR	这个麻烦的家伙。	893	退出战斗 蜘蛛战士
DESCRIBE.MULTIPLAYER_PORTAL	这是要入了轮回。	897	物品名:"绚丽之门"
DESCRIBE.MULTIPLAYER_PORTAL_MOONROCK	缩地成寸的仙法。	898	物品名:"天体传送门"
DESCRIBE.MOONROCKIDOL	替身。	899	物品名:"月岩雕像" 制造描述:"重要人物。"
DESCRIBE.CONSTRUCTION_PLANS	仙法。	900	物品名:未找到
DESCRIBE.ANTLION.GENERIC	妾身身上有它想要的东西。	903	物品名:"蚁狮"->默认
DESCRIBE.ANTLION.VERYHAPPY	看起来跟妾身关系不错。	904	物品名:"蚁狮"
DESCRIBE.ANTLION.UNHAPPY	看起来很生气。	905	物品名:"蚁狮"
DESCRIBE.ANTLIONTRINKET	有人可能感兴趣。	907	物品名:"沙滩玩具"
DESCRIBE.SANDSPIKE	妾身原本会被刺穿的。	908	物品名:"沙刺"
DESCRIBE.SANDBLOCK	真是坚持不懈。	909	物品名:"沙堡"
DESCRIBE.GLASSSPIKE	妾身还没有被刺穿时的记忆。	910	物品名:"玻璃尖刺"
DESCRIBE.GLASSBLOCK	很好看的东西。	911	物品名:"玻璃城堡"
DESCRIBE.ABIGAIL_FLOWER.GENERIC	让人流连忘返。	914	物品名:"阿比盖尔之花"->默认 制造描述:"一个神奇的纪念品。"
DESCRIBE.ABIGAIL_FLOWER.LEVEL1	你想一个人待着吗？	915	物品名:"阿比盖尔之花" 制造描述:"一个神奇的纪念品。"
DESCRIBE.ABIGAIL_FLOWER.LEVEL2	她准备跟妾身吐露心扉了。	916	物品名:"阿比盖尔之花" 制造描述:"一个神奇的纪念品。"
DESCRIBE.ABIGAIL_FLOWER.LEVEL3	真有精神。	917	物品名:"阿比盖尔之花" 制造描述:"一个神奇的纪念品。"
DESCRIBE.ABIGAIL_FLOWER.LONG	看到那东西时，妾身的神魂受伤了。	918	物品名:"阿比盖尔之花"->还需要很久 制造描述:"一个神奇的纪念品。"
DESCRIBE.ABIGAIL_FLOWER.MEDIUM	这让妾身毛骨悚然。	919	物品名:"阿比盖尔之花" 制造描述:"一个神奇的纪念品。"
DESCRIBE.ABIGAIL_FLOWER.SOON	那朵花有问题。	920	物品名:"阿比盖尔之花" 制造描述:"一个神奇的纪念品。"
DESCRIBE.ABIGAIL_FLOWER.HAUNTED_POCKET	妾身该放下它。	921	物品名:"阿比盖尔之花" 制造描述:"一个神奇的纪念品。"
DESCRIBE.ABIGAIL_FLOWER.HAUNTED_GROUND	妾身会查明它到底做了些什么。	922	物品名:"阿比盖尔之花" 制造描述:"一个神奇的纪念品。"
DESCRIBE.BALLOONS_EMPTY	看起来像货币。	924	物品名:"一堆气球" 制造描述:"要是有更简单的方法该多好。"
DESCRIBE.BALLOON	他们怎么漂浮的？	925	物品名:"气球" 制造描述:"谁不喜欢气球呢？"
DESCRIBE.BALLOONPARTY	他怎么把小气球放进去的？	926	物品名:"派对气球" 制造描述:"散播一点欢笑。"
DESCRIBE.BALLOONSPEED.DEFLATED	所有气球都一样。	929	物品名:"迅捷气球" 制造描述:"让你的脚步变得轻盈。"
DESCRIBE.BALLOONSPEED.GENERIC	脚步更轻吟了。	930	物品名:"迅捷气球"->默认 制造描述:"让你的脚步变得轻盈。"
DESCRIBE.BALLOONVEST	即使鲜艳的颜色不会引来可怕的东西。	932	物品名:"充气背心" 制造描述:"划船时带上这些艳丽的气球。"
DESCRIBE.BALLOONHAT	妾身的头发有点奇怪了。	933	物品名:"气球帽" 制造描述:"开启对话的出色工具。"
DESCRIBE.BERNIE_INACTIVE.BROKEN	它最终土崩瓦解。	936	物品名:"伯尼" 制造描述:"这个疯狂的世界总有你熟悉的人。"
DESCRIBE.BERNIE_INACTIVE.GENERIC	它全烧焦了。	937	物品名:"伯尼"->默认 制造描述:"这个疯狂的世界总有你熟悉的人。"
DESCRIBE.BERNIE_ACTIVE	四处溜达。	939	物品名:"伯尼"
DESCRIBE.BERNIE_BIG	千万不要惹。	940	物品名:"伯尼。"
DESCRIBE.BOOKSTATION.GENERIC	要学习这么多？	943	物品名:"书架"->默认 制造描述:"所有图书均须遵循杜威十进制分类法整理。"
DESCRIBE.BOOKSTATION.BURNT	看来今天无法修行了。	944	物品名:"书架"->烧焦的 制造描述:"所有图书均须遵循杜威十进制分类法整理。"
DESCRIBE.BOOK_BIRDS	一本书。	946	物品名:"世界鸟类大全" 制造描述:"涵盖1000个物种：习性、栖息地及叫声。"
DESCRIBE.BOOK_TENTACLES	有人会被拖着去读这本书。	947	物品名:"触手的召唤" 制造描述:"让妾身来了解一下地下的朋友们。"
DESCRIBE.BOOK_GARDENING	没看到农场。	948	物品名:"应用园艺学" 制造描述:"讲述培育和照料植物的相关知识。"
DESCRIBE.BOOK_SILVICULTURE	用仙法。	949	物品名:"应用造林学" 制造描述:"分支管理的指引。"
DESCRIBE.BOOK_HORTICULTURE	没看到农场。	950	物品名:"园艺学简编版" 制造描述:"讲述培育和照料植物的相关知识。"
DESCRIBE.BOOK_SLEEP	有些想睡觉。	951	物品名:"睡前故事" 制造描述:"送你入梦的睡前故事。"
DESCRIBE.BOOK_BRIMSTONE	接近尾声了。	952	物品名:"末日将至。" 制造描述:"世界将在火焰和灾难中终结。"
DESCRIBE.BOOK_FISH	并没有让妾身上钩。	953	物品名:"垂钓者生存指南" 制造描述:"让捕鱼变得简单。"
DESCRIBE.BOOK_FIRE	并没有阅读冲动。	954	物品名:"意念控火术详解" 制造描述:"使用这些简单的技巧来化解任何火爆的场面。"
DESCRIBE.BOOK_WEB	妾身不怕这些。	955	物品名:"克服蛛形纲恐惧症" 制造描述:"要在对方的网络里行走过一里路才能算真正了解一个人。"
DESCRIBE.BOOK_TEMPERATURE	妾身对它的想法不温不火。	956	物品名:"控温学" 制造描述:"通过这些简单的步骤完全控制你的个人气候。"
DESCRIBE.BOOK_LIGHT	这本书挺有意思。	957	物品名:"永恒之光" 制造描述:"阅读后能启迪出智慧的光芒。"
DESCRIBE.BOOK_RAIN	原来是这样布雨的。	958	物品名:"实用求雨仪式" 制造描述:"留着防备雨天，你来决定哪天是雨天。"
DESCRIBE.BOOK_MOON	这只是阶段性的。	959	物品名:"月之魔典" 制造描述:"召唤月亮的力量。"
DESCRIBE.BOOK_BEES	妾身不理解这本书为什么会嗡嗡响。	960	物品名:"养蜂笔记" 制造描述:"学习养蜂的基本知识。"
DESCRIBE.BOOK_HORTICULTURE_UPGRADED	书中内容还算精彩。	961	物品名:"园艺学扩展版" 制造描述:"专家分析如何进行高级农作物护理。"
DESCRIBE.BOOK_RESEARCH_STATION	有人跟随书籍的指导。	962	物品名:"万物百科" 制造描述:"万事万物从A到Z的完整指南。"
DESCRIBE.BOOK_LIGHT_UPGRADED	光芒万丈。	963	物品名:"永恒之光之复兴" 制造描述:"全本比之前的简本散发出更闪耀的光芒。"
DESCRIBE.FIREPEN	有些烫。	964	物品名:"火焰笔" 制造描述:"小小的笔身中潜藏着暴躁的火焰。"
DESCRIBE.PLAYER.GENERIC	你好，%s。	967	物品名:未找到
DESCRIBE.PLAYER.ATTACKER	%s 看着很善变...	968	物品名:未找到
DESCRIBE.PLAYER.MURDERER	不太熟悉。	969	物品名:未找到
DESCRIBE.PLAYER.REVIVER	%s，鬼魂的朋友。	970	物品名:"告密的心" 制造描述:"鬼魂朋友复活了，好可怕。"
DESCRIBE.PLAYER.GHOST	%s 可以使用一颗心。	971	物品名:"幽灵"
DESCRIBE.PLAYER.FIRESTARTER	烧掉这个并不合理，%s。	972	物品名:未找到
DESCRIBE.WILSON.GENERIC	平凡的人。	976	物品名:"威尔逊"->默认
DESCRIBE.WILSON.ATTACKER	妾身总是看起来很吓人吗？	977	物品名:"威尔逊"
DESCRIBE.WILSON.MURDERER	你的存在触犯了女娲娘娘，%s。	978	物品名:"威尔逊"
DESCRIBE.WILSON.REVIVER	%s比干大人的心也能起死回生。	979	物品名:"告密的心" 制造描述:"鬼魂朋友复活了，好可怕。"
DESCRIBE.WILSON.GHOST	谁能把比干大人的心给妾身。	980	物品名:"幽灵"
DESCRIBE.WILSON.FIRESTARTER	烧掉这个并不合理，%s。	981	物品名:"威尔逊"
DESCRIBE.WOLFGANG.GENERIC	很高兴见到你，%s。	985	物品名:"沃尔夫冈"->默认
DESCRIBE.WOLFGANG.ATTACKER	不要和强者挑起战斗...	986	物品名:"沃尔夫冈"
DESCRIBE.WOLFGANG.MURDERER	妾身能抓到你。	987	物品名:"沃尔夫冈"
DESCRIBE.WOLFGANG.REVIVER	%s只是一只巨型妖兽。	988	物品名:"告密的心" 制造描述:"鬼魂朋友复活了，好可怕。"
DESCRIBE.WOLFGANG.GHOST	妾身跟你说过不要硬拉那个大石头了。	989	物品名:"幽灵"
DESCRIBE.WOLFGANG.FIRESTARTER	你是没法打倒火的，%s。	990	物品名:"沃尔夫冈"
DESCRIBE.WAXWELL.GENERIC	你好，%s。	994	物品名:"麦斯威尔"->默认
DESCRIBE.WAXWELL.ATTACKER	不太熟悉。	995	物品名:"麦斯威尔"
DESCRIBE.WAXWELL.MURDERER	你要做妾身的奴隶吗。	996	物品名:"麦斯威尔"
DESCRIBE.WAXWELL.REVIVER	%s用在正确的地方。	997	物品名:"告密的心" 制造描述:"鬼魂朋友复活了，好可怕。"
DESCRIBE.WAXWELL.GHOST	不要那样看妾身，%s。	998	物品名:"幽灵"
DESCRIBE.WAXWELL.FIRESTARTER	%s不太熟悉。	999	物品名:"麦斯威尔"
DESCRIBE.WX78.GENERIC	你好，%s。	1003	物品名:"WX-78"->默认
DESCRIBE.WX78.ATTACKER	%s，不太熟悉...	1004	物品名:"WX-78"
DESCRIBE.WX78.MURDERER	%s。没有魂魄的傀儡。	1005	物品名:"WX-78"
DESCRIBE.WX78.REVIVER	妾身猜是%s需要一点法术。	1006	物品名:"告密的心" 制造描述:"鬼魂朋友复活了，好可怕。"
DESCRIBE.WX78.GHOST	妾身一直认为%s该长点心。现在，妾身很确定。	1007	物品名:"幽灵"
DESCRIBE.WX78.FIRESTARTER	%s。你看起来快融化了。	1008	物品名:"WX-78"
DESCRIBE.WILLOW.GENERIC	你好，%s。	1012	物品名:"薇洛"->默认
DESCRIBE.WILLOW.ATTACKER	%s紧紧抓住那个打火石...	1013	物品名:"薇洛"
DESCRIBE.WILLOW.MURDERER	纵火的人。	1014	物品名:"薇洛"
DESCRIBE.WILLOW.REVIVER	%s，鬼魂的朋友。	1015	物品名:"告密的心" 制造描述:"鬼魂朋友复活了，好可怕。"
DESCRIBE.WILLOW.GHOST	%s，妾身敢肯定你渴望有一颗心。	1016	物品名:"幽灵"
DESCRIBE.WILLOW.FIRESTARTER	来吧。	1017	物品名:"薇洛"
DESCRIBE.WENDY.GENERIC	你好，%s。	1021	物品名:"温蒂"->默认
DESCRIBE.WENDY.ATTACKER	%s没有尖锐的东西。	1022	物品名:"温蒂"
DESCRIBE.WENDY.MURDERER	不太熟悉。	1023	物品名:"温蒂"
DESCRIBE.WENDY.REVIVER	%s视鬼魂为家人。	1024	物品名:"告密的心" 制造描述:"鬼魂朋友复活了，好可怕。"
DESCRIBE.WENDY.GHOST	妾身看到两个。妾身最好给%s制造一颗心。	1025	物品名:"幽灵"
DESCRIBE.WENDY.FIRESTARTER	妾身知道，%s。	1026	物品名:"温蒂"
DESCRIBE.WOODIE.GENERIC	你好，%s。	1030	物品名:"伍迪"->默认
DESCRIBE.WOODIE.ATTACKER	%s最近有点活力...	1031	物品名:"伍迪"
DESCRIBE.WOODIE.MURDERER	来把斧子。	1032	物品名:"伍迪"
DESCRIBE.WOODIE.REVIVER	%s不太熟悉的人。	1033	物品名:"告密的心" 制造描述:"鬼魂朋友复活了，好可怕。"
DESCRIBE.WOODIE.GHOST	%s，你不用干活吗？	1034	物品名:"幽灵"
DESCRIBE.WOODIE.BEAVER	%s在疯狂的砍树，根本停不下来。	1035	物品名:"伍迪"
DESCRIBE.WOODIE.BEAVERGHOST	%s，如果妾身不复活你，你会生气吗？	1036	物品名:"伍迪"
DESCRIBE.WOODIE.MOOSE	这是一头鹿。	1037	物品名:"伍迪"
DESCRIBE.WOODIE.MOOSEGHOST	那一定很不舒服吧。	1038	物品名:"伍迪"
DESCRIBE.WOODIE.GOOSE	不太熟悉。	1039	物品名:"伍迪"
DESCRIBE.WOODIE.GOOSEGHOST	以后长点心。	1040	物品名:"伍迪"
DESCRIBE.WOODIE.FIRESTARTER	%s，别把自己烧了。	1041	物品名:"伍迪"
DESCRIBE.WICKERBOTTOM.GENERIC	你好，%s。	1045	物品名:"薇克巴顿"->默认
DESCRIBE.WICKERBOTTOM.ATTACKER	妾身感觉%s准备拿书丢妾身。	1046	物品名:"薇克巴顿"
DESCRIBE.WICKERBOTTOM.MURDERER	你来了。	1047	物品名:"薇克巴顿"
DESCRIBE.WICKERBOTTOM.REVIVER	妾身对%s的知识不太理解。	1048	物品名:"告密的心" 制造描述:"鬼魂朋友复活了，好可怕。"
DESCRIBE.WICKERBOTTOM.GHOST	这似乎不太美好，不是吗，%s？	1049	物品名:"幽灵"
DESCRIBE.WICKERBOTTOM.FIRESTARTER	妾身相信你很有理由才点火。	1050	物品名:"薇克巴顿"
DESCRIBE.WES.GENERIC	你好，%s。	1054	物品名:"韦斯"->默认
DESCRIBE.WES.ATTACKER	%s死寂般沉默...	1055	物品名:"韦斯"
DESCRIBE.WES.MURDERER	用沉默表达这个。	1056	物品名:"韦斯"
DESCRIBE.WES.REVIVER	%s突破固有的星法。	1057	物品名:"告密的心" 制造描述:"鬼魂朋友复活了，好可怕。"
DESCRIBE.WES.GHOST	怎样用沉默表示“想要复活”？	1058	物品名:"幽灵"
DESCRIBE.WES.FIRESTARTER	等等，不要跟妾身说。火是你点的。	1059	物品名:"韦斯"
DESCRIBE.WEBBER.GENERIC	你好，%s。	1063	物品名:"韦伯"->默认
DESCRIBE.WEBBER.ATTACKER	妾身会卷起一张纸莎草，以防万一。	1064	物品名:"韦伯"
DESCRIBE.WEBBER.MURDERER	妾身要灭了你，%s。	1065	物品名:"韦伯"
DESCRIBE.WEBBER.REVIVER	%s和其他人打成一片。	1066	物品名:"告密的心" 制造描述:"鬼魂朋友复活了，好可怕。"
DESCRIBE.WEBBER.GHOST	%s真的很想让妾身给它一颗心。	1067	物品名:"幽灵"
DESCRIBE.WEBBER.FIRESTARTER	妾身要不要让你离开。	1068	物品名:"韦伯"
DESCRIBE.WATHGRITHR.GENERIC	你好，%s。	1072	物品名:"薇格弗德"->默认
DESCRIBE.WATHGRITHR.ATTACKER	有可能的话，妾身会躲开%s的拳头。	1073	物品名:"薇格弗德"
DESCRIBE.WATHGRITHR.MURDERER	%s变得狂暴。	1074	物品名:"薇格弗德"
DESCRIBE.WATHGRITHR.REVIVER	%s精神饱满。	1075	物品名:"告密的心" 制造描述:"鬼魂朋友复活了，好可怕。"
DESCRIBE.WATHGRITHR.GHOST	做的不错。你还没逃离阎罗殿呢，%s。	1076	物品名:"幽灵"
DESCRIBE.WATHGRITHR.FIRESTARTER	%s是个加热好手。	1077	物品名:"薇格弗德"
DESCRIBE.WINONA.GENERIC	你好，%s。	1081	物品名:"薇诺娜"->默认
DESCRIBE.WINONA.ATTACKER	%s是有些风险.	1082	物品名:"薇诺娜"
DESCRIBE.WINONA.MURDERER	到此为止了，%s。	1083	物品名:"薇诺娜"
DESCRIBE.WINONA.REVIVER	方便好用，%s。	1084	物品名:"告密的心" 制造描述:"鬼魂朋友复活了，好可怕。"
DESCRIBE.WINONA.GHOST	好像有人在给你泼冷水呢。	1085	物品名:"幽灵"
DESCRIBE.WINONA.FIRESTARTER	有东西烧起来了。	1086	物品名:"薇诺娜"
DESCRIBE.WORTOX.GENERIC	你好，%s。	1090	物品名:"沃拓克斯"->默认
DESCRIBE.WORTOX.ATTACKER	妾身就知道%s不可信。	1091	物品名:"沃拓克斯"
DESCRIBE.WORTOX.MURDERER	是时候正面对抗这个长角的妖兽了。	1092	物品名:"沃拓克斯"
DESCRIBE.WORTOX.REVIVER	多谢你的帮忙%s。	1093	物品名:"告密的心" 制造描述:"鬼魂朋友复活了，好可怕。"
DESCRIBE.WORTOX.GHOST	妾身拒绝接受这个现状。	1094	物品名:"幽灵"
DESCRIBE.WORTOX.FIRESTARTER	%s正在变成负担。	1095	物品名:"沃拓克斯"
DESCRIBE.WORMWOOD.GENERIC	你好，%s。	1099	物品名:"沃姆伍德"->默认
DESCRIBE.WORMWOOD.ATTACKER	%s今天似乎比平时更多刺。	1100	物品名:"沃姆伍德"
DESCRIBE.WORMWOOD.MURDERER	准备被除草吧，%s。	1101	物品名:"沃姆伍德"
DESCRIBE.WORMWOOD.REVIVER	%s从来不会放弃他的朋友。	1102	物品名:"告密的心" 制造描述:"鬼魂朋友复活了，好可怕。"
DESCRIBE.WORMWOOD.GHOST	需要一些帮助吧？	1103	物品名:"幽灵"
DESCRIBE.WORMWOOD.FIRESTARTER	妾身以为你讨厌火，%s.	1104	物品名:"沃姆伍德"
DESCRIBE.WARLY.GENERIC	你好，%s。	1108	物品名:"沃利"->默认
DESCRIBE.WARLY.ATTACKER	酝酿着灾难。	1109	物品名:"沃利"
DESCRIBE.WARLY.MURDERER	别打妾身的主意。	1110	物品名:"沃利"
DESCRIBE.WARLY.REVIVER	总是可以指望%s来做一个计划。	1111	物品名:"告密的心" 制造描述:"鬼魂朋友复活了，好可怕。"
DESCRIBE.WARLY.GHOST	它现在用幽灵辣椒做饭吧。	1112	物品名:"幽灵"
DESCRIBE.WARLY.FIRESTARTER	他会把这个地方都烧了。	1113	物品名:"沃利"
DESCRIBE.WURT.GENERIC	你好，%s。	1117	物品名:"沃特"->默认
DESCRIBE.WURT.ATTACKER	%s今天一副凶神恶煞的样子……	1118	物品名:"沃特"
DESCRIBE.WURT.MURDERER	你是条杀人鱼。	1119	物品名:"沃特"
DESCRIBE.WURT.REVIVER	为什么要谢你，%s。	1120	物品名:"告密的心" 制造描述:"鬼魂朋友复活了，好可怕。"
DESCRIBE.WURT.GHOST	%s鱼鳃周围比平时更绿了。	1121	物品名:"幽灵"
DESCRIBE.WURT.FIRESTARTER	就没人教你别玩火吗？。	1122	物品名:"沃特"
DESCRIBE.WALTER.GENERIC	你好，%s。	1126	物品名:"沃尔特"->默认
DESCRIBE.WALTER.ATTACKER	这是你该做的事吗？	1127	物品名:"沃尔特"
DESCRIBE.WALTER.MURDERER	你的故事素材用完了吗，%s？	1128	物品名:"沃尔特"
DESCRIBE.WALTER.REVIVER	%s还是不错的。	1129	物品名:"告密的心" 制造描述:"鬼魂朋友复活了，好可怕。"
DESCRIBE.WALTER.GHOST	妾身知道你玩的很开心，但是妾身要去找一颗心。	1130	物品名:"幽灵"
DESCRIBE.WALTER.FIRESTARTER	那个看起来可不像是营火，%s。	1131	物品名:"沃尔特"
DESCRIBE.WANDA.GENERIC	你好，%s。	1135	物品名:"旺达"->默认
DESCRIBE.WANDA.ATTACKER	不要这么不分时间，不分场合，%s。	1136	物品名:"旺达"
DESCRIBE.WANDA.MURDERER	妾身绝不会给你第二次机会的。	1137	物品名:"旺达"
DESCRIBE.WANDA.REVIVER	要不是%s，妾身就成为历史了。	1138	物品名:"告密的心" 制造描述:"鬼魂朋友复活了，好可怕。"
DESCRIBE.WANDA.GHOST	赶紧去找颗心脏。	1139	物品名:"幽灵"
DESCRIBE.WANDA.FIRESTARTER	让妾身猜猜，这与什么有关？	1140	物品名:"旺达"
DESCRIBE.WONKEY.GENERIC	是只猴子。	1144	物品名:"芜猴"->默认
DESCRIBE.WONKEY.ATTACKER	嘿，别像猴子一样胡闹了。	1145	物品名:"芜猴"
DESCRIBE.WONKEY.MURDERER	它们发猴疯了。	1146	物品名:"芜猴"
DESCRIBE.WONKEY.REVIVER	妾身的命居然是……猴子救的？	1147	物品名:"告密的心" 制造描述:"鬼魂朋友复活了，好可怕。"
DESCRIBE.WONKEY.GHOST	那只猴子真吓人。	1148	物品名:"幽灵"
DESCRIBE.WONKEY.FIRESTARTER	孙悟空当时是不是就是这种感觉？	1149	物品名:"芜猴"
DESCRIBE.GLOMMER.GENERIC	恶趣味。	1156	物品名:"格罗姆"->默认
DESCRIBE.GLOMMER.SLEEPING	这虫子过的真不错。	1157	物品名:"格罗姆"->睡着了
DESCRIBE.GLOMMERFLOWER.GENERIC	花瓣微微发亮。	1161	物品名:"格罗姆花"->默认
DESCRIBE.GLOMMERFLOWER.DEAD	花瓣枯萎，微微发亮。	1162	物品名:"格罗姆花"->死了
DESCRIBE.GLOMMERWINGS	这些装在头上好看极了。	1164	物品名:"格罗姆翅膀"
DESCRIBE.GLOMMERFUEL	这团黏糊糊的东西。	1165	物品名:"格罗姆的黏液"
DESCRIBE.BELL	叮呤呤。	1166	物品名:"远古铃铛" 制造描述:"这可不是普通的铃铛。"
DESCRIBE.STATUEGLOMMER.GENERIC	妾身不确定那是什么东西。	1169	物品名:"格罗姆雕像"->默认
DESCRIBE.STATUEGLOMMER.EMPTY	打碎了，那是为了什么。	1170	物品名:"格罗姆雕像"
DESCRIBE.LAVA_POND_ROCK	这还不错。	1172	物品名:"岩石"
DESCRIBE.WEBBERSKULL	应该埋葬了他。	1173	物品名:"韦伯的头骨"
DESCRIBE.WORMLIGHT	看起来很好吃。	1174	物品名:"发光浆果"
DESCRIBE.WORMLIGHT_LESSER	有点皱巴巴的。	1175	物品名:"小发光浆果"
DESCRIBE.WORM.PLANT	妾身觉得挺安全。	1178	物品名:"洞穴蠕虫"
DESCRIBE.WORM.DIRT	看起来就像一堆土。	1179	物品名:"洞穴蠕虫"
DESCRIBE.WORM.WORM	它是一只虫子。	1180	物品名:"洞穴蠕虫"
DESCRIBE.WORMLIGHT_PLANT	妾身觉得挺安全。	1182	物品名:"神秘植物"
DESCRIBE.MOLE.HELD	没什么可挖的了。	1185	物品名:"鼹鼠"->拿在手里
DESCRIBE.MOLE.UNDERGROUND	下面有个正在寻找东西的家伙。	1186	物品名:"鼹鼠"
DESCRIBE.MOLE.ABOVEGROUND	妾身想敲昏那只鼹鼠...	1187	物品名:"鼹鼠"
DESCRIBE.MOLEHILL	有意思的地洞啊。	1189	物品名:"鼹鼠丘"
DESCRIBE.MOLEHAT	散发着讨厌的味道。	1190	物品名:"鼹鼠帽" 制造描述:"为穿戴者提供夜视能力。"
DESCRIBE.EEL	这能做一道好菜。	1191	物品名:"鳗鱼"
DESCRIBE.EEL_COOKED	闻起来真香。	1192	物品名:"熟鳗鱼"
DESCRIBE.UNAGI	感觉还不错。	1193	物品名:"鳗鱼料理"
DESCRIBE.EYETURRET	希望它不会看向妾身。	1194	物品名:"眼睛炮塔"
DESCRIBE.EYETURRET_ITEM	妾身想它在睡觉。	1195	物品名:"眼睛炮塔" 制造描述:"要远离讨厌的东西，就得杀了它们。"
DESCRIBE.MINOTAURHORN	这妖兽没用角撞妾身。	1196	物品名:"守护者之角"
DESCRIBE.MINOTAURCHEST	里面可能有可怕的东西。	1197	物品名:"大号华丽箱子"
DESCRIBE.THULECITE_PIECES	更小块的铥矿。	1198	物品名:"铥矿碎片"
DESCRIBE.POND_ALGAE	池塘边的水藻。	1199	物品名:"水藻"
DESCRIBE.GREENSTAFF	这东西有些用处。	1200	物品名:"拆解魔杖" 制造描述:"干净而有效的摧毁。"
DESCRIBE.GIFT	那是给妾身的吗？	1201	物品名:"礼物"
DESCRIBE.GIFTWRAP	妾身太厉害了。	1202	物品名:"礼物包装" 制造描述:"把东西打包起来，好看又可爱。"
DESCRIBE.POTTEDFERN	盆里的植物。	1203	物品名:"蕨类盆栽" 制造描述:"做个花盆，里面栽上蕨类植物。"
DESCRIBE.SUCCULENT_POTTED	盆里的植物。	1204	物品名:"多肉盆栽" 制造描述:"塞进陶盆的漂亮多肉植物。"
DESCRIBE.SUCCULENT_PLANT	那里有芦荟。	1205	物品名:"多肉植物"
DESCRIBE.SUCCULENT_PICKED	妾身可不想吃这个。	1206	物品名:"多肉植物"
DESCRIBE.SENTRYWARD	十分厉害的法术。	1207	物品名:"月眼守卫" 制造描述:"绘图者最有价值的武器。"
DESCRIBE.TOWNPORTAL.GENERIC	这个控制着沙子。	1210	物品名:"懒人传送塔"->默认 制造描述:"用沙子的力量聚集你的朋友们。"
DESCRIBE.TOWNPORTAL.ACTIVE	准备好缩地成寸。	1211	物品名:"懒人传送塔"->激活了 制造描述:"用沙子的力量聚集你的朋友们。"
DESCRIBE.TOWNPORTALTALISMAN.GENERIC	蕴含法力的石头。	1215	物品名:"沙之石"->默认
DESCRIBE.TOWNPORTALTALISMAN.ACTIVE	缩地成寸也不是万能的。	1216	物品名:"沙之石"->激活了
DESCRIBE.WETPAPER	妾身希望它快点干。	1218	物品名:"纸张"
DESCRIBE.WETPOUCH	这个包裹只能勉强绑在一起。	1219	物品名:"起皱的包裹"
DESCRIBE.MOONROCK_PIECES	妾身应该能打碎它。	1220	物品名:"月亮石碎块"
DESCRIBE.MOONBASE.GENERIC	中间有个洞，好像可以扔东西进去。	1223	物品名:"月亮石"->默认
DESCRIBE.MOONBASE.BROKEN	都搞砸了。	1224	物品名:"月亮石"
DESCRIBE.MOONBASE.STAFFED	然后呢？	1225	物品名:"月亮石"
DESCRIBE.MOONBASE.WRONGSTAFF	妾身感觉不太对	1226	物品名:"月亮石"->插错法杖
DESCRIBE.MOONBASE.MOONSTAFF	石头点燃了它。	1227	物品名:"月亮石"->已经插了法杖的（月杖）
DESCRIBE.MOONDIAL.GENERIC	能不能看到嫦娥和那只肥兔子。	1231	物品名:"月晷"->默认 制造描述:"追踪月相。"
DESCRIBE.MOONDIAL.NIGHT_NEW	是新月。	1232	物品名:"月晷"->新月 制造描述:"追踪月相。"
DESCRIBE.MOONDIAL.NIGHT_WAX	月亮慢慢在变圆。	1233	物品名:"月晷"->上弦月 制造描述:"追踪月相。"
DESCRIBE.MOONDIAL.NIGHT_FULL	是满月。	1234	物品名:"月晷"->满月 制造描述:"追踪月相。"
DESCRIBE.MOONDIAL.NIGHT_WANE	月亮正在变小。	1235	物品名:"月晷"->下弦月 制造描述:"追踪月相。"
DESCRIBE.MOONDIAL.CAVE	这下面可看不到月亮。	1236	物品名:"月晷"->洞穴 制造描述:"追踪月相。"
DESCRIBE.MOONDIAL.GLASSED	妾身有种奇怪的感觉，好像有人在盯着妾身。	1238	物品名:"月晷" 制造描述:"追踪月相。"
DESCRIBE.THULECITE	妾身想知道这是哪来的？	1240	物品名:"铥矿" 制造描述:"将小碎片合成一大块。"
DESCRIBE.ARMORRUINS	它轻得古怪。	1241	物品名:"铥矿甲" 制造描述:"炫目并且能提供保护。"
DESCRIBE.ARMORSKELETON	铮铮白骨	1242	物品名:"骨头盔甲"
DESCRIBE.SKELETONHAT	它给妾身带来可怕的幻象。	1243	物品名:"骨头头盔"
DESCRIBE.RUINS_BAT	相当重。	1244	物品名:"铥矿棒" 制造描述:"尖钉让一切变得更好。"
DESCRIBE.RUINSHAT	妾身的头发怎么样了	1245	物品名:"铥矿皇冠" 制造描述:"附有远古力场。"
DESCRIBE.NIGHTMARE_TIMEPIECE.CALM	一切都好了。	1248	物品名:"铥矿徽章" 制造描述:"跟踪周围魔力水平的流动。"
DESCRIBE.NIGHTMARE_TIMEPIECE.WARN	感测到这里有相当强的灵力波动。	1249	物品名:"铥矿徽章" 制造描述:"跟踪周围魔力水平的流动。"
DESCRIBE.NIGHTMARE_TIMEPIECE.WAXING	变得越来越密集了。	1250	物品名:"铥矿徽章" 制造描述:"跟踪周围魔力水平的流动。"
DESCRIBE.NIGHTMARE_TIMEPIECE.STEADY	好像稳定了。	1251	物品名:"铥矿徽章" 制造描述:"跟踪周围魔力水平的流动。"
DESCRIBE.NIGHTMARE_TIMEPIECE.WANING	感觉灵力波动正在逐渐减弱。	1252	物品名:"铥矿徽章" 制造描述:"跟踪周围魔力水平的流动。"
DESCRIBE.NIGHTMARE_TIMEPIECE.DAWN	要结束了。	1253	物品名:"铥矿徽章" 制造描述:"跟踪周围魔力水平的流动。"
DESCRIBE.NIGHTMARE_TIMEPIECE.NOMAGIC	这里没有灵力波动。	1254	物品名:"铥矿徽章" 制造描述:"跟踪周围魔力水平的流动。"
DESCRIBE.BISHOP_NIGHTMARE	它在溃散。	1256	物品名:"损坏的发条主教"
DESCRIBE.ROOK_NIGHTMARE	真可怕。	1257	物品名:"损坏的发条战车"
DESCRIBE.KNIGHT_NIGHTMARE	一个残暴的东西。	1258	物品名:"损坏的发条骑士"
DESCRIBE.MINOTAUR	那东西来不太高兴。	1259	物品名:"远古守护者"
DESCRIBE.SPIDER_DROPPER	别向上看。	1260	物品名:"穴居悬蛛"
DESCRIBE.NIGHTMARELIGHT	妾身想知道这个东西有什么用。	1261	物品名:"梦魇灯座"
DESCRIBE.NIGHTSTICK	它带着雷电	1262	物品名:"晨星锤" 制造描述:"用于夜间战斗的晨光。"
DESCRIBE.GREENGEM	绿色的宝珠。	1263	物品名:"绿宝石"
DESCRIBE.MULTITOOL_AXE_PICKAXE	太高明了。	1264	物品名:"多用斧镐" 制造描述:"加倍实用。"
DESCRIBE.ORANGESTAFF	这比走路好。	1265	物品名:"懒人魔杖" 制造描述:"适合那些不喜欢走路的人。"
DESCRIBE.YELLOWAMULET	手感温暖。	1266	物品名:"魔光护符" 制造描述:"从天堂汲取力量。"
DESCRIBE.GREENAMULET	都拥有。	1267	物品名:"建造护符" 制造描述:"用更少的材料合成物品。"
DESCRIBE.SLURPERPELT	没什么不同。	1268	物品名:"铥矿徽章"->啜食者皮 制造描述:"跟踪周围魔力水平的流动。"
DESCRIBE.SLURPER	好多毛。	1269	物品名:"啜食者"
DESCRIBE.SLURPER_PELT	没什么不同。	1270	物品名:"啜食者皮"
DESCRIBE.ARMORSLURPER	一根腰带。	1271	物品名:"饥饿腰带" 制造描述:"保持肚子不饿。"
DESCRIBE.ORANGEAMULET	缩地成寸的用处可大了。	1272	物品名:"懒人护符" 制造描述:"适合那些不喜欢捡东西的人。"
DESCRIBE.YELLOWSTAFF	棍子上有宝石。	1273	物品名:"唤星者魔杖" 制造描述:"召唤一个小星星。"
DESCRIBE.YELLOWGEM	这个宝石是黄色的。	1274	物品名:"黄宝石"
DESCRIBE.ORANGEGEM	一颗橙宝石。	1275	物品名:"橙宝石"
DESCRIBE.OPALSTAFF	宝石在棍子的顶部看起来更耀眼。	1276	物品名:"唤月者魔杖"
DESCRIBE.OPALPRECIOUSGEM	这个宝石看起来很特别。	1277	物品名:"彩虹宝石"
DESCRIBE.TELEBASE.VALID	它准备好了。	1280	物品名:"传送焦点"->有效 制造描述:"装上宝石试试。"
DESCRIBE.TELEBASE.GEMS	它需要更多紫宝石。	1281	物品名:"传送焦点"->需要宝石 制造描述:"装上宝石试试。"
DESCRIBE.GEMSOCKET.VALID	看起来准备好了。	1285	物品名:"宝石底座"->有效
DESCRIBE.GEMSOCKET.GEMS	它需要一颗宝石。	1286	物品名:"宝石底座"->需要宝石
DESCRIBE.STAFFLIGHT	那似乎非常危险。	1288	物品名:"矮星"
DESCRIBE.STAFFCOLDLIGHT	令人心寒	1289	物品名:"极光"
DESCRIBE.ANCIENT_ALTAR	古老的建筑。	1290	物品名:"远古伪科学站"
DESCRIBE.ANCIENT_ALTAR_BROKEN	这个破损了。	1291	物品名:"损坏的远古伪科学站"
DESCRIBE.ANCIENT_STATUE	它好像格格不入。	1292	物品名:"远古雕像"
DESCRIBE.LICHEN	阴暗里生长的植物。	1293	物品名:"洞穴苔藓"
DESCRIBE.CUTLICHEN	存不了多久。	1294	物品名:"苔藓"
DESCRIBE.CAVE_BANANA	软塌塌的。	1295	物品名:"香蕉"
DESCRIBE.CAVE_BANANA_COOKED	还不错。	1296	物品名:"熟香蕉"
DESCRIBE.CAVE_BANANA_TREE	怎么存活的。	1297	物品名:"洞穴香蕉树"
DESCRIBE.ROCKY	它的钳子看起来很麻烦。	1298	物品名:"石虾"
DESCRIBE.COMPASS.GENERIC	妾身面朝哪个方向？	1301	物品名:"指南针"->默认 制造描述:"指向北方。"
DESCRIBE.COMPASS.N	北。	1302	物品名:"指南针" 制造描述:"指向北方。"
DESCRIBE.COMPASS.S	南。	1303	物品名:"指南针" 制造描述:"指向北方。"
DESCRIBE.COMPASS.E	东。	1304	物品名:"指南针" 制造描述:"指向北方。"
DESCRIBE.COMPASS.W	西。	1305	物品名:"指南针" 制造描述:"指向北方。"
DESCRIBE.COMPASS.NE	东北。	1306	物品名:"指南针" 制造描述:"指向北方。"
DESCRIBE.COMPASS.SE	东南。	1307	物品名:"指南针" 制造描述:"指向北方。"
DESCRIBE.COMPASS.NW	西北。	1308	物品名:"指南针" 制造描述:"指向北方。"
DESCRIBE.COMPASS.SW	西南。	1309	物品名:"指南针" 制造描述:"指向北方。"
DESCRIBE.HOUNDSTOOTH	真锋利。	1311	物品名:"犬牙"
DESCRIBE.ARMORSNURTLESHELL	穿这衣服时，会粘在背上。	1312	物品名:"蜗壳护甲"
DESCRIBE.BAT	真麻烦。	1313	物品名:"洞穴蝙蝠"
DESCRIBE.BATBAT	看起来有些扎手。	1314	物品名:"蝙蝠棒" 制造描述:"所有科技都如此...耗费精神。"
DESCRIBE.BATWING	那些东西即使死了都很讨厌。	1315	物品名:"洞穴蝙蝠翅膀"
DESCRIBE.BATWING_COOKED	至少它不会再活过来了。	1316	物品名:"熟蝙蝠翅膀"
DESCRIBE.BATCAVE	妾身可不想吵醒它们。	1317	物品名:"蝙蝠洞"
DESCRIBE.BEDROLL_FURRY	真是又暖和又舒服。	1318	物品名:"毛皮铺盖" 制造描述:"舒适地一觉睡到天亮。"
DESCRIBE.BUNNYMAN	兔子修炼成精了。	1319	物品名:"兔人"
DESCRIBE.FLOWER_CAVE	好神奇的植物。	1320	物品名:"荧光花"
DESCRIBE.GUANO	另一种污秽之物。	1321	物品名:"鸟粪"
DESCRIBE.LANTERN	有些光亮。	1322	物品名:"提灯" 制造描述:"可加燃料、明亮、便携。"
DESCRIBE.LIGHTBULB	看起来还不错。	1323	物品名:"荧光果"
DESCRIBE.MANRABBIT_TAIL	手里抓个东西挺好的。	1324	物品名:"兔绒"
DESCRIBE.MUSHROOMHAT	让妾身看起来更有趣。	1325	物品名:"蘑菇帽"
DESCRIBE.MUSHROOM_LIGHT2.ON	蓝色。	1328	物品名:"菌伞灯"->开启 制造描述:"受到火山岩浆灯饰学问的激发。"
DESCRIBE.MUSHROOM_LIGHT2.OFF	妾身可以利用这些。	1329	物品名:"菌伞灯"->关闭 制造描述:"受到火山岩浆灯饰学问的激发。"
DESCRIBE.MUSHROOM_LIGHT2.BURNT	妾身可没有让它发霉。	1330	物品名:"菌伞灯"->烧焦的 制造描述:"受到火山岩浆灯饰学问的激发。"
DESCRIBE.MUSHROOM_LIGHT.ON	蘑菇把它点亮了。	1334	物品名:"蘑菇灯"->开启 制造描述:"任何蘑菇的完美添加物。"
DESCRIBE.MUSHROOM_LIGHT.OFF	它是一个大的发光的蘑菇。	1335	物品名:"蘑菇灯"->关闭 制造描述:"任何蘑菇的完美添加物。"
DESCRIBE.MUSHROOM_LIGHT.BURNT	完全烧焦。	1336	物品名:"蘑菇灯"->烧焦的 制造描述:"任何蘑菇的完美添加物。"
DESCRIBE.SLEEPBOMB	一扔就让妾身犯困。	1338	物品名:"睡袋" 制造描述:"可以扔掉的袋子睡意沉沉。"
DESCRIBE.MUSHROOMBOMB	一些不好的东西正在产生。	1339	物品名:"炸弹蘑菇"
DESCRIBE.SHROOM_SKIN	疣，都是疣。	1340	物品名:"蘑菇皮"
DESCRIBE.TOADSTOOL_CAP.EMPTY	只是地上的一个洞。	1343	物品名:"毒菌蟾蜍"
DESCRIBE.TOADSTOOL_CAP.INGROUND	有东西伸出来了。	1344	物品名:"毒菌蟾蜍"->在地里面
DESCRIBE.TOADSTOOL_CAP.GENERIC	那毒菌只是想被砍掉。	1345	物品名:"毒菌蟾蜍"->默认
DESCRIBE.TOADSTOOL.GENERIC	妾身不不想离那东西太近。	1349	物品名:"毒菌蟾蜍"->默认
DESCRIBE.TOADSTOOL.RAGE	它狂跳不止。	1350	物品名:"毒菌蟾蜍"->愤怒
DESCRIBE.MUSHROOMSPROUT.GENERIC	不太好看。	1354	物品名:"孢子帽"->默认
DESCRIBE.MUSHROOMSPROUT.BURNT	不太好。	1355	物品名:"孢子帽"->烧焦的
DESCRIBE.MUSHTREE_TALL.GENERIC	那个蘑菇长得太大了。	1359	物品名:"蓝蘑菇树"->默认
DESCRIBE.MUSHTREE_TALL.BLOOM	从远处看不出来，但它相当不妙。	1360	物品名:"蓝蘑菇树"->蘑菇树繁殖？？
DESCRIBE.MUSHTREE_TALL.ACIDCOVERED	沾满了酸稠的东西。	1361	物品名:"蓝蘑菇树"
DESCRIBE.MUSHTREE_MEDIUM.GENERIC	潮湿的环境生长着这些东西。	1365	物品名:"红蘑菇树"->默认
DESCRIBE.MUSHTREE_MEDIUM.BLOOM	这个让妾身有点反感。	1366	物品名:"红蘑菇树"->蘑菇树繁殖？？
DESCRIBE.MUSHTREE_MEDIUM.ACIDCOVERED	沾满了酸稠的东西。	1367	物品名:"红蘑菇树"
DESCRIBE.MUSHTREE_SMALL.GENERIC	麻烦的蘑菇	1371	物品名:"绿蘑菇树"->默认
DESCRIBE.MUSHTREE_SMALL.BLOOM	它在生长。	1372	物品名:"绿蘑菇树"->蘑菇树繁殖？？
DESCRIBE.MUSHTREE_SMALL.ACIDCOVERED	沾满了酸稠的东西。	1373	物品名:"绿蘑菇树"
DESCRIBE.MUSHTREE_TALL_WEBBED.GENERIC	蜘蛛们觉得这个有用。	1377	物品名:"蛛网蓝蘑菇树"->默认
DESCRIBE.MUSHTREE_TALL_WEBBED.ACIDCOVERED	沾满了酸稠的东西。	1378	物品名:"蛛网蓝蘑菇树"
DESCRIBE.SPORE_TALL.GENERIC	它四处飘荡。	1382	物品名:"蓝色孢子"->默认
DESCRIBE.SPORE_TALL.HELD	妾身要在身上装一点明亮的东西。	1383	物品名:"蓝色孢子"->拿在手里
DESCRIBE.SPORE_MEDIUM.GENERIC	在这世上已了无牵挂。	1387	物品名:"红色孢子"->默认
DESCRIBE.SPORE_MEDIUM.HELD	妾身要在身上里装一点明亮的东西。	1388	物品名:"红色孢子"->拿在手里
DESCRIBE.SPORE_SMALL.GENERIC	那是孢子的眼睛看到的景象。	1392	物品名:"绿色孢子"->默认
DESCRIBE.SPORE_SMALL.HELD	妾身要在身上里装一点明亮的东西。	1393	物品名:"绿色孢子"->拿在手里
DESCRIBE.RABBITHOUSE.GENERIC	某些妖兽的居所。	1397	物品名:"兔屋"->默认 制造描述:"可容纳一只巨大的兔子及其所有物品。"
DESCRIBE.RABBITHOUSE.BURNT	某些妖兽的居所已经毁坏。	1398	物品名:"兔屋"->烧焦的 制造描述:"可容纳一只巨大的兔子及其所有物品。"
DESCRIBE.SLURTLE	奇怪的妖兽	1400	物品名:"蛞蝓龟"
DESCRIBE.SLURTLE_SHELLPIECES	拼不好的。	1401	物品名:"外壳碎片"
DESCRIBE.SLURTLEHAT	那会弄乱妾身的头发。	1402	物品名:"背壳头盔"
DESCRIBE.SLURTLEHOLE	妖兽的居所。	1403	物品名:"蛞蝓龟窝"
DESCRIBE.SLURTLESLIME	要不是有用的话，妾身才不会去碰呢。	1404	物品名:"蛞蝓龟黏液"
DESCRIBE.SNURTLE	奇怪的妖兽。	1405	物品名:"蜗牛龟"
DESCRIBE.SPIDER_HIDER	更多蜘蛛。	1406	物品名:"洞穴蜘蛛"
DESCRIBE.SPIDER_SPITTER	妾身讨厌蜘蛛。	1407	物品名:"喷射蜘蛛"
DESCRIBE.SPIDERHOLE	它外面盖满了蛛网。	1408	物品名:"蛛网岩"
DESCRIBE.SPIDERHOLE_ROCK	它外面盖满了蛛网。	1409	物品名:"兔屋" 制造描述:"可容纳一只巨大的兔子及其所有物品。"
DESCRIBE.STALAGMITE	妾身看它就是块石头。	1410	物品名:"石笋"
DESCRIBE.STALAGMITE_TALL	石头...	1411	物品名:"石笋"
DESCRIBE.TURF_CARPETFLOOR	非常扎人。	1412	物品名:"地毯地板" 制造描述:"超级柔软。闻着就像皮弗娄牛。"
DESCRIBE.TURF_CHECKERFLOOR	这些非常华丽。	1413	物品名:"棋盘地板" 制造描述:"精心制作成棋盘状的大理石地砖。"
DESCRIBE.TURF_DIRT	一块地皮。	1414	物品名:"泥土地皮"
DESCRIBE.TURF_FOREST	一块地皮。	1415	物品名:"森林地皮" 制造描述:"一块森林地皮。"
DESCRIBE.TURF_GRASS	一块地皮。	1416	物品名:"长草地皮" 制造描述:"一片草地。"
DESCRIBE.TURF_MARSH	一块地皮。	1417	物品名:"沼泽地皮" 制造描述:"沼泽在哪，家就在哪。"
DESCRIBE.TURF_METEOR	一块月亮地面。	1418	物品名:"月球环形山地皮" 制造描述:"月球表面的月坑。"
DESCRIBE.TURF_PEBBLEBEACH	一块海滩。	1419	物品名:"岩石海滩地皮" 制造描述:"一块鹅卵石海滩地皮。"
DESCRIBE.TURF_ROAD	草草铺砌的石头。	1420	物品名:"卵石路" 制造描述:"修建你自己的道路，通往任何地方。"
DESCRIBE.TURF_ROCKY	一块地皮。	1421	物品名:"岩石地皮" 制造描述:"一块石头地皮。"
DESCRIBE.TURF_SAVANNA	一块地皮。	1422	物品名:"热带草原地皮" 制造描述:"一块热带草原地皮。"
DESCRIBE.TURF_WOODFLOOR	这些是木地板。	1423	物品名:"木地板" 制造描述:"优质复合地板。"
DESCRIBE.TURF_CAVE	又一种地皮类型。	1424	物品名:"鸟粪地皮" 制造描述:"洞穴地面冰冷的岩石。"
DESCRIBE.TURF_FUNGUS	又一种地皮类型。	1425	物品名:"真菌地皮" 制造描述:"一块长满了真菌的洞穴地皮。"
DESCRIBE.TURF_FUNGUS_MOON	又一种地皮类型。	1426	物品名:"变异真菌地皮" 制造描述:"一块长满了变异真菌的洞穴地皮。"
DESCRIBE.TURF_ARCHIVE	又一种地皮类型。	1427	物品名:"远古石刻" 制造描述:"解封档案馆中的远古石器。"
DESCRIBE.TURF_SINKHOLE	又一种地皮类型。	1428	物品名:"黏滑地皮" 制造描述:"一块潮湿、沾满泥巴的草地地皮。"
DESCRIBE.TURF_UNDERROCK	又一种地皮类型。	1429	物品名:"洞穴岩石地皮" 制造描述:"一块乱石嶙峋的洞穴地皮。"
DESCRIBE.TURF_MUD	又一种地皮类型。	1430	物品名:"泥泞地皮" 制造描述:"一块泥地地皮。"
DESCRIBE.TURF_DECIDUOUS	又一种地皮类型。	1431	物品名:"落叶林地皮" 制造描述:"一块落叶林地皮。"
DESCRIBE.TURF_SANDY	又一种地皮类型。	1432	物品名:"兔屋" 制造描述:"可容纳一只巨大的兔子及其所有物品。"
DESCRIBE.TURF_BADLANDS	又一种地皮类型。	1433	物品名:"兔屋" 制造描述:"可容纳一只巨大的兔子及其所有物品。"
DESCRIBE.TURF_DESERTDIRT	一块地皮。	1434	物品名:"沙漠地皮" 制造描述:"一片干燥的沙子。"
DESCRIBE.TURF_FUNGUS_GREEN	一块地皮。	1435	物品名:"真菌地皮" 制造描述:"一块爬满绿菌的洞穴地皮。"
DESCRIBE.TURF_FUNGUS_RED	一块地皮。	1436	物品名:"真菌地皮" 制造描述:"一块爬满红菌的洞穴地皮。"
DESCRIBE.TURF_DRAGONFLY	你想证明它能防火吗？	1437	物品名:"龙鳞地板" 制造描述:"消除火灾蔓延速度。"
DESCRIBE.TURF_SHELLBEACH	一块海滩。	1438	物品名:"贝壳海滩地皮" 制造描述:"一块贝壳海岸。"
DESCRIBE.TURF_RUINSBRICK	又一种地皮类型。	1439	物品名:"远古地面" 制造描述:"远古石制地面，装饰的魔法技艺早已失传。"
DESCRIBE.TURF_RUINSBRICK_GLOW	又一种地皮类型。	1440	物品名:"仿远古地面" 制造描述:"远古石制地面的复刻。"
DESCRIBE.TURF_RUINSTILES	又一种地皮类型。	1441	物品名:"远古瓷砖" 制造描述:"瓷砖地面，装饰的魔法技艺早已失传。"
DESCRIBE.TURF_RUINSTILES_GLOW	又一种地皮类型。	1442	物品名:"仿远古瓷砖" 制造描述:"远古瓷砖地面的复刻。"
DESCRIBE.TURF_RUINSTRIM	又一种地皮类型。	1443	物品名:"远古砖雕" 制造描述:"砖石地面，装饰的魔法技艺早已失传。"
DESCRIBE.TURF_RUINSTRIM_GLOW	又一种地皮类型。	1444	物品名:"仿远古砖雕" 制造描述:"远古砖石地面的复刻。"
DESCRIBE.TURF_MONKEY_GROUND	一片沙地。	1445	物品名:"月亮码头海滩地皮" 制造描述:"一片沙地，散发着淡淡的香蕉香。"
DESCRIBE.TURF_CARPETFLOOR2	它出奇地柔软。	1446	物品名:"茂盛地毯" 制造描述:"超级超级软。"
DESCRIBE.TURF_MOSAIC_GREY	又一种地皮类型。	1447	物品名:"灰色马赛克地板" 制造描述:"优雅的碎石。灰色。"
DESCRIBE.TURF_MOSAIC_RED	又一种地皮类型。	1448	物品名:"红色马赛克地板" 制造描述:"优雅的碎石。红色。"
DESCRIBE.TURF_MOSAIC_BLUE	又一种地皮类型。	1449	物品名:"蓝色马赛克地板" 制造描述:"优雅的碎石。蓝色。"
DESCRIBE.TURF_BEARD_RUG	妾身用妾身的胡须做的。	1450	物品名:"胡须地毯" 制造描述:"有些人就是喜欢行为艺术。"
DESCRIBE.POWCAKE	不是吃的点心。	1451	物品名:"芝士蛋糕"
DESCRIBE.CAVE_ENTRANCE	妾身在想那岩石能不能移开。	1452	物品名:"被堵住的洞穴"
DESCRIBE.CAVE_ENTRANCE_RUINS	它有可能在隐瞒什么事情。	1453	物品名:"被堵住的陷洞"->单机 洞二入口
DESCRIBE.CAVE_ENTRANCE_OPEN.GENERIC	大地本身在排斥妾身。	1456	物品名:"洞穴"->默认
DESCRIBE.CAVE_ENTRANCE_OPEN.OPEN	妾身敢打赌在那下面肯定能发现各种各样的东西。	1457	物品名:"洞穴"->打开
DESCRIBE.CAVE_ENTRANCE_OPEN.FULL	妾身会等到有人离开进入。	1458	物品名:"洞穴"->满了
DESCRIBE.CAVE_EXIT.GENERIC	妾身想妾身该待在这下面。	1462	物品名:"楼梯"->默认
DESCRIBE.CAVE_EXIT.OPEN	妾身暂时不想再探险了。	1463	物品名:"楼梯"->打开
DESCRIBE.CAVE_EXIT.FULL	上面太拥挤。	1464	物品名:"楼梯"->满了
DESCRIBE.MAXWELLPHONOGRAPH	音乐原来是从那来的。	1466	single player  -- 物品名:"麦斯威尔的留声机"->单机 麦斯威尔留声机
DESCRIBE.BOOMERANG	需要一些方法。	1467	物品名:"回旋镖" 制造描述:"来自澳洲土著。"
DESCRIBE.PIGGUARD	他看起来不那么友善。	1468	物品名:"猪人守卫"
DESCRIBE.ABIGAIL.LEVEL1[0]	她有一个可爱的小蝴蝶结。	1473	物品名:未找到 制造描述:未找到
DESCRIBE.ABIGAIL.LEVEL1[1]	她有一个可爱的小蝴蝶结。	1474	物品名:未找到 制造描述:未找到
DESCRIBE.ABIGAIL.LEVEL2[0]	她有一个可爱的小蝴蝶结。	1478	物品名:未找到 制造描述:未找到
DESCRIBE.ABIGAIL.LEVEL2[1]	她有一个可爱的小蝴蝶结。	1479	物品名:未找到 制造描述:未找到
DESCRIBE.ABIGAIL.LEVEL3[0]	她有一个可爱的小蝴蝶结。	1483	物品名:未找到 制造描述:未找到
DESCRIBE.ABIGAIL.LEVEL3[1]	她有一个可爱的小蝴蝶结。	1484	物品名:未找到 制造描述:未找到
DESCRIBE.ADVENTURE_PORTAL	妾身不想再一次上当了。	1487	物品名:"麦斯威尔之门"->单机 麦斯威尔之门
DESCRIBE.AMULET	戴着它妾身感觉很安全。	1488	物品名:"重生护符" 制造描述:"逃离死神的魔爪。"
DESCRIBE.ANIMAL_TRACK	食物留下的踪迹。妾身指的是...一只动物。	1489	物品名:"动物足迹"
DESCRIBE.ARMORGRASS	希望里面没虫子。	1490	物品名:"草甲" 制造描述:"提供少许防护。"
DESCRIBE.ARMORMARBLE	那看起来真的很沉。	1491	物品名:"大理石甲" 制造描述:"它很重，但能够保护你。"
DESCRIBE.ARMORWOOD	那是一件非常合适的衣服。	1492	物品名:"木甲" 制造描述:"为你抵御部分伤害。"
DESCRIBE.ARMOR_SANITY	穿着妾身虽然安全了，心里确不踏实。	1493	物品名:"暗夜甲" 制造描述:"保护你的躯体，但无法保护你的心智。"
DESCRIBE.ASH.GENERIC	火烧完之后剩下的一切。	1496	物品名:"灰烬"->默认
DESCRIBE.ASH.REMAINS_GLOMMERFLOWER	被火焰吞噬了。	1497	物品名:"灰烬"->单机专用
DESCRIBE.ASH.REMAINS_EYE_BONE	眼骨被火焰吞噬了。	1498	物品名:"灰烬"->单机专用
DESCRIBE.ASH.REMAINS_THINGIE	这肯定有个完美的解释。	1499	物品名:"灰烬"->单机专用
DESCRIBE.AXE	可靠的斧头。	1501	物品名:"斧头" 制造描述:"砍倒树木。"
DESCRIBE.BABYBEEFALO.GENERIC	有趣。	1504	物品名:"小皮弗娄牛"->默认
DESCRIBE.BABYBEEFALO.SLEEPING	做个好梦。	1505	物品名:"小皮弗娄牛"->睡着了
DESCRIBE.BUNDLE	妾身的东西都在那里面。	1507	物品名:"捆绑物资"
DESCRIBE.BUNDLEWRAP	把东西打包起来应该会容易搬一点。	1508	物品名:"捆绑包装" 制造描述:"打包东西的必要工具。"
DESCRIBE.BACKPACK	你可以在那里面装进许多东西。	1509	物品名:"背包" 制造描述:"携带更多物品。"
DESCRIBE.BACONEGGS	妾身喜欢吃这个。	1510	物品名:"培根煎蛋"
DESCRIBE.BANDAGE	似乎还算可口的。	1511	物品名:"蜂蜜药膏" 制造描述:"愈合小伤口。"
DESCRIBE.BASALT	太硬了，敲不碎。	1512	removed  -- 物品名:"玄武岩"
DESCRIBE.BEARDHAIR	当它们不是你自己的时候才会恶心。	1513	物品名:"胡须"
DESCRIBE.BEARGER	熊一样大的獾妖。	1514	物品名:"熊獾"
DESCRIBE.BEARGERVEST	感觉不会太寒冷。	1515	物品名:"熊皮背心" 制造描述:"像熊一样的背心。"
DESCRIBE.ICEPACK	毛皮有保温效果。	1516	物品名:"保鲜背包" 制造描述:"保持新鲜感。"
DESCRIBE.BEARGER_FUR	一块厚毛皮。	1517	物品名:"熊皮" 制造描述:"毛皮再生。"
DESCRIBE.BEDROLL_STRAW	看起来挺舒适。	1518	物品名:"草席卷" 制造描述:"一觉睡到天亮。"
DESCRIBE.BEEQUEEN	让那蜂刺离妾身远点。	1519	物品名:"蜂王"
DESCRIBE.BEEQUEENHIVE.GENERIC	太黏了，没法走下去了。	1522	物品名:"蜂蜜地块"->默认
DESCRIBE.BEEQUEENHIVE.GROWING	那东西以前在那里吗？	1523	物品名:"蜂蜜地块"->正在生长
DESCRIBE.BEEQUEENHIVEGROWN	妖王的巢穴。	1525	物品名:"巨大蜂窝"
DESCRIBE.BEEGUARD	它正在守卫妖王。	1526	物品名:"嗡嗡蜜蜂"
DESCRIBE.HIVEHAT	当妾身穿上它时，这世界看起来不那么疯狂了。	1527	物品名:"蜂王冠"
DESCRIBE.MINISIGN.GENERIC	妾身可以写得比那好。	1530	物品名:"小木牌"->默认
DESCRIBE.MINISIGN.UNDRAWN	妾身应该在那上写些东西。	1531	物品名:"小木牌"->没有画画
DESCRIBE.MINISIGN_ITEM	像这样没有太多用处。妾身应该把它放下。	1533	物品名:"小木牌" 制造描述:"用羽毛笔在这些上面画画。"
DESCRIBE.BEE.GENERIC	嗡嗡嗡。	1536	物品名:"蜜蜂"->默认
DESCRIBE.BEE.HELD	当心。	1537	物品名:"蜜蜂"->拿在手里
DESCRIBE.BEEBOX.READY	它里面装满了蜂蜜。	1541	物品名:"蜂箱"->准备好的 满的 制造描述:"贮存你自己的蜜蜂。"
DESCRIBE.BEEBOX.FULLHONEY	它里面装满了蜂蜜。	1542	物品名:"蜂箱"->蜂蜜满了 制造描述:"贮存你自己的蜜蜂。"
DESCRIBE.BEEBOX.GENERIC	蜜蜂。	1543	物品名:"蜂箱"->默认 制造描述:"贮存你自己的蜜蜂。"
DESCRIBE.BEEBOX.NOHONEY	它是空的。	1544	物品名:"蜂箱"->没有蜂蜜 制造描述:"贮存你自己的蜜蜂。"
DESCRIBE.BEEBOX.SOMEHONEY	需要等一会。	1545	物品名:"蜂箱"->有一些蜂蜜 制造描述:"贮存你自己的蜜蜂。"
DESCRIBE.BEEBOX.BURNT	怎么被烧掉的？。。	1546	物品名:"蜂箱"->烧焦的 制造描述:"贮存你自己的蜜蜂。"
DESCRIBE.MUSHROOM_FARM.STUFFED	那真是许许多多的蘑菇。	1550	物品名:"蘑菇农场"->塞，满了？？ 制造描述:"种蘑菇。"
DESCRIBE.MUSHROOM_FARM.LOTS	木头上长满了蘑菇。	1551	物品名:"蘑菇农场"->很多 制造描述:"种蘑菇。"
DESCRIBE.MUSHROOM_FARM.SOME	现在它应该继续生长。	1552	物品名:"蘑菇农场"->有一些 制造描述:"种蘑菇。"
DESCRIBE.MUSHROOM_FARM.EMPTY	它可以使用一个孢子。或是一个蘑菇移植植物。	1553	物品名:"蘑菇农场" 制造描述:"种蘑菇。"
DESCRIBE.MUSHROOM_FARM.ROTTEN	木头死亡了。妾身应该用一个活的来替换它。	1554	物品名:"蘑菇农场"->腐烂的--需要活木 制造描述:"种蘑菇。"
DESCRIBE.MUSHROOM_FARM.BURNT	泥土催生了它。	1555	物品名:"蘑菇农场"->烧焦的 制造描述:"种蘑菇。"
DESCRIBE.MUSHROOM_FARM.SNOWCOVERED	妾身认为它在这种寒冷的天气里没办法生长。	1556	物品名:"蘑菇农场"->被雪覆盖 制造描述:"种蘑菇。"
DESCRIBE.BEEFALO.FOLLOWER	他在静静地跟着妾身。	1560	物品名:"皮弗娄牛"->追随者
DESCRIBE.BEEFALO.GENERIC	是皮弗娄牛。	1561	物品名:"皮弗娄牛"->默认
DESCRIBE.BEEFALO.NAKED	呃，他很伤心。	1562	物品名:"皮弗娄牛"->牛毛被刮干净了
DESCRIBE.BEEFALO.SLEEPING	睡得真死。	1563	物品名:"皮弗娄牛"->睡着了
DESCRIBE.BEEFALO.DOMESTICATED	这个没其他的那么臭。	1564	物品名:"皮弗娄牛"->驯化牛
DESCRIBE.BEEFALO.ORNERY	它看起来非常生气。	1565	物品名:"皮弗娄牛"->战斗牛
DESCRIBE.BEEFALO.RIDER	这家伙看起来不错的。	1566	物品名:"皮弗娄牛"->骑行牛
DESCRIBE.BEEFALO.PUDGY	可能吃太多东西了。	1567	物品名:"皮弗娄牛"->胖牛
DESCRIBE.BEEFALO.MYPARTNER	你永远都是朋友。	1568	物品名:"皮弗娄牛"
DESCRIBE.BEEFALOHAT	很大的皮毛帽子。	1570	物品名:"牛角帽" 制造描述:"成为牛群中的一员。连气味也变得一样。"
DESCRIBE.BEEFALOWOOL	一些毛发。	1571	物品名:"牛毛"
DESCRIBE.BEEHAT	一种造型有些古怪的帽子。	1572	物品名:"养蜂帽" 制造描述:"防止被愤怒的蜜蜂蜇伤。"
DESCRIBE.BEESWAX	蜂蜡可以防止腐烂。	1573	物品名:"蜂蜡" 制造描述:"一种有用的防腐蜂蜡。"
DESCRIBE.BEEHIVE	蜜蜂嗡嗡忙不停。	1574	物品名:"蜂窝"
DESCRIBE.BEEMINE	它晃动时就会嗡嗡叫。	1575	物品名:"蜜蜂地雷" 制造描述:"变成武器的蜜蜂。会出什么问题？"
DESCRIBE.BEEMINE_MAXWELL	狂暴的妖物。	1576	removed  -- 物品名:"麦斯威尔的蚊子陷阱"->单机 麦斯威尔的蚊子陷阱
DESCRIBE.BERRIES	还不错。	1577	物品名:"浆果"
DESCRIBE.BERRIES_COOKED	妾身认为加热并没有让它们变得更好。	1578	物品名:"烤浆果"
DESCRIBE.BERRIES_JUICY	还不错。	1579	物品名:"多汁浆果"
DESCRIBE.BERRIES_JUICY_COOKED	最好在变质前吃掉。	1580	物品名:"烤多汁浆果"
DESCRIBE.BERRYBUSH.BARREN	妾身想它需要施肥。	1583	物品名:"浆果丛"
DESCRIBE.BERRYBUSH.WITHERED	这么热的天气什么也生长不了。	1584	物品名:"浆果丛"->枯萎了
DESCRIBE.BERRYBUSH.GENERIC	妾身觉得这些应该能吃。	1585	物品名:"浆果丛"->默认
DESCRIBE.BERRYBUSH.PICKED	或许它们会再长出来？	1586	物品名:"浆果丛"->被采完了
DESCRIBE.BERRYBUSH.DISEASED	看上去病的很重。	1587	removed  -- 物品名:"浆果丛"->生病了
DESCRIBE.BERRYBUSH.DISEASING	有些地方不对劲。	1588	removed  -- 物品名:"浆果丛"->正在生病？？
DESCRIBE.BERRYBUSH.BURNING	它大部分都着火了。	1589	物品名:"浆果丛"->正在燃烧
DESCRIBE.BERRYBUSH_JUICY.BARREN	在这种状态下，它长不出浆果。	1593	物品名:"多汁浆果丛"
DESCRIBE.BERRYBUSH_JUICY.WITHERED	多汁的浆果干巴巴的。	1594	物品名:"多汁浆果丛"->枯萎了
DESCRIBE.BERRYBUSH_JUICY.GENERIC	妾身其实更喜欢别的。	1595	物品名:"多汁浆果丛"->默认
DESCRIBE.BERRYBUSH_JUICY.PICKED	努力生长。	1596	物品名:"多汁浆果丛"->被采完了
DESCRIBE.BERRYBUSH_JUICY.DISEASED	看上去很不舒服。	1597	removed  -- 物品名:"多汁浆果丛"->生病了
DESCRIBE.BERRYBUSH_JUICY.DISEASING	有些地方不对劲。	1598	removed  -- 物品名:"多汁浆果丛"->正在生病？？
DESCRIBE.BERRYBUSH_JUICY.BURNING	它大部分都着火了。	1599	物品名:"多汁浆果丛"->正在燃烧
DESCRIBE.BIGFOOT	那真是一只巨大无比的脚。	1601	removed  -- 物品名:"大脚怪"->单机 大脚怪
DESCRIBE.BIRDCAGE.GENERIC	现在只需要一只鸟。	1604	物品名:"鸟笼"->默认 制造描述:"为你的鸟类朋友提供一个幸福的家。"
DESCRIBE.BIRDCAGE.OCCUPIED	可以放入更好看的鸟儿。	1605	物品名:"鸟笼"->被占领 制造描述:"为你的鸟类朋友提供一个幸福的家。"
DESCRIBE.BIRDCAGE.SLEEPING	他睡着了。	1606	物品名:"鸟笼"->睡着了 制造描述:"为你的鸟类朋友提供一个幸福的家。"
DESCRIBE.BIRDCAGE.HUNGRY	它看起来有点饿。	1607	物品名:"鸟笼"->有点饿了 制造描述:"为你的鸟类朋友提供一个幸福的家。"
DESCRIBE.BIRDCAGE.STARVING	好久都没人喂食了吧？	1608	物品名:"鸟笼"->挨饿 制造描述:"为你的鸟类朋友提供一个幸福的家。"
DESCRIBE.BIRDCAGE.DEAD	也许它只是在休息？	1609	物品名:"鸟笼"->死了 制造描述:"为你的鸟类朋友提供一个幸福的家。"
DESCRIBE.BIRDCAGE.SKELETON	那只鸟肯定死了。	1610	物品名:"骷髅"
DESCRIBE.BIRDTRAP	蛛网带来的收益。	1612	物品名:"捕鸟陷阱" 制造描述:"捕捉会飞的动物。"
DESCRIBE.CAVE_BANANA_BURNT	不是妾身的错。	1613	物品名:"鸟笼"->烧焦的洞穴香蕉树 制造描述:"为你的鸟类朋友提供一个幸福的家。"
DESCRIBE.BIRD_EGG	一颗正常的鸟蛋。	1614	物品名:"鸟蛋"
DESCRIBE.BIRD_EGG_COOKED	真好吃。	1615	物品名:"熟鸟蛋"
DESCRIBE.BISHOP	退后。	1616	物品名:"发条主教"
DESCRIBE.BLOWDART_FIRE	这东西似乎根本不安全。	1617	物品名:"火焰吹箭" 制造描述:"向你的敌人喷火。"
DESCRIBE.BLOWDART_SLEEP	不要倒吸进去。	1618	物品名:"催眠吹箭" 制造描述:"催眠你的敌人。"
DESCRIBE.BLOWDART_PIPE	妾身可以好好练习怎么吹蜡烛。	1619	物品名:"吹箭" 制造描述:"向你的敌人喷射利齿。"
DESCRIBE.BLOWDART_YELLOW	它还挺准确的。	1620	物品名:"雷电吹箭" 制造描述:"朝你的敌人放闪电。"
DESCRIBE.BLUEAMULET	像冰一样冷。	1621	物品名:"寒冰护符" 制造描述:"多么冰冷酷炫的护符。"
DESCRIBE.BLUEGEM	它散发着一些寒意。	1622	物品名:"蓝宝石"
DESCRIBE.BLUEPRINT.COMMON	神奇。	1625	物品名:"蓝图"
DESCRIBE.BLUEPRINT.RARE	神奇。	1626	物品名:"蓝图"->罕见的
DESCRIBE.SKETCH	要找个地方才能做出来。	1628	物品名:"{item}草图"
DESCRIBE.COOKINGRECIPECARD.GENERIC	谁写的这些。	1631	物品名:"{item}食谱卡"->默认
DESCRIBE.BLUE_CAP	它很古怪。	1633	物品名:"采摘的蓝蘑菇"
DESCRIBE.BLUE_CAP_COOKED	这回不一样了……	1634	物品名:"熟蓝蘑菇"
DESCRIBE.BLUE_MUSHROOM.GENERIC	是蘑菇。	1637	物品名:"蓝蘑菇"->默认
DESCRIBE.BLUE_MUSHROOM.INGROUND	它在睡觉。	1638	物品名:"蓝蘑菇"->在地里面
DESCRIBE.BLUE_MUSHROOM.PICKED	不知道它会不会长回来？	1639	物品名:"蓝蘑菇"->被采完了
DESCRIBE.BOARDS	木板。	1641	物品名:"木板" 制造描述:"更平直的木头。"
DESCRIBE.BONESHARD	一小片骨头。	1642	物品名:"骨头碎片"
DESCRIBE.BONESTEW	挺不错的菜，也不知大王会不会喜欢。	1643	物品名:"炖肉汤"
DESCRIBE.BUGNET	抓虫子用的。	1644	物品名:"捕虫网" 制造描述:"抓虫子用的。"
DESCRIBE.BUSHHAT	看着有点扎人。	1645	物品名:"灌木丛帽" 制造描述:"很好的伪装。"
DESCRIBE.BUTTER	看起来还不错。	1646	物品名:"黄油"
DESCRIBE.BUTTERFLY.GENERIC	扑扑翅膀飞走了。	1649	物品名:"蝴蝶"->默认
DESCRIBE.BUTTERFLY.HELD	妾身抓到你了。	1650	物品名:"蝴蝶"->拿在手里
DESCRIBE.BUTTERFLYMUFFIN	妾身感觉还不错。	1652	物品名:"蝴蝶松饼"
DESCRIBE.BUTTERFLYWINGS	没了这些，它只是条毛虫。	1653	物品名:"蝴蝶翅膀"
DESCRIBE.BUZZARD	多么丑怪的一只秃鹫。	1654	物品名:"秃鹫"
DESCRIBE.SHADOWDIGGER	现在不止他一个了。	1655	物品名:"蝴蝶"
DESCRIBE.SHADOWDANCER	有些东西你看到后就想赶紧忘掉。	1656	物品名:"暗影舞者"
DESCRIBE.CACTUS.GENERIC	虽然有刺，但还不错。	1659	物品名:"仙人掌"->默认
DESCRIBE.CACTUS.PICKED	干瘪了，但还是很多刺。	1660	物品名:"仙人掌"->被采完了
DESCRIBE.CACTUS_MEAT_COOKED	来自沙漠的烤水果。	1662	物品名:"熟仙人掌肉"
DESCRIBE.CACTUS_MEAT	还需要把上面的刺弄掉。	1663	物品名:"仙人掌肉"
DESCRIBE.CACTUS_FLOWER	多刺植物开出的美丽花朵。	1664	物品名:"仙人掌花"
DESCRIBE.COLDFIRE.EMBERS	得给那火加柴了，或者就要灭了。	1667	物品名:"吸热营火"->即将熄灭 制造描述:"这火是越烤越冷的冰火。"
DESCRIBE.COLDFIRE.GENERIC	肯定能驱走黑暗。	1668	物品名:"吸热营火"->默认 制造描述:"这火是越烤越冷的冰火。"
DESCRIBE.COLDFIRE.HIGH	火要失控了。	1669	物品名:"吸热营火"->高 制造描述:"这火是越烤越冷的冰火。"
DESCRIBE.COLDFIRE.LOW	火变得有点小了。	1670	物品名:"吸热营火"->低？ 制造描述:"这火是越烤越冷的冰火。"
DESCRIBE.COLDFIRE.NORMAL	感觉不错。	1671	物品名:"吸热营火"->普通 制造描述:"这火是越烤越冷的冰火。"
DESCRIBE.COLDFIRE.OUT	哦，火灭了。	1672	物品名:"吸热营火"->出去？外面？ 制造描述:"这火是越烤越冷的冰火。"
DESCRIBE.CAMPFIRE.EMBERS	得加燃料了，不然火就要灭了。	1676	物品名:"营火"->即将熄灭 制造描述:"燃烧时发出光亮。"
DESCRIBE.CAMPFIRE.GENERIC	肯定能驱走黑暗。	1677	物品名:"营火"->默认 制造描述:"燃烧时发出光亮。"
DESCRIBE.CAMPFIRE.HIGH	火要失控了。	1678	物品名:"营火"->高 制造描述:"燃烧时发出光亮。"
DESCRIBE.CAMPFIRE.LOW	火变得有点小了。	1679	物品名:"营火"->低？ 制造描述:"燃烧时发出光亮。"
DESCRIBE.CAMPFIRE.NORMAL	感觉不错。	1680	物品名:"营火"->普通 制造描述:"燃烧时发出光亮。"
DESCRIBE.CAMPFIRE.OUT	火灭了。	1681	物品名:"营火"->出去？外面？ 制造描述:"燃烧时发出光亮。"
DESCRIBE.CANE	加快妾身的步伐。	1683	物品名:"步行手杖" 制造描述:"泰然自若地快步走。"
DESCRIBE.CATCOON	顽皮的小家伙。	1684	物品名:"浣猫"
DESCRIBE.CATCOONDEN.GENERIC	树桩里的窝。	1687	物品名:"空心树桩"->默认
DESCRIBE.CATCOONDEN.EMPTY	它的主人没命了。	1688	物品名:"空心树桩"
DESCRIBE.CATCOONHAT	遮住耳朵的帽子。	1690	物品名:"猫帽" 制造描述:"适合那些重视温暖甚于朋友的人。"
DESCRIBE.COONTAIL	妾身觉得它还在摆动。	1691	物品名:"猫尾"
DESCRIBE.CARROT	妾身可不怎么吃素。	1692	物品名:"胡萝卜"
DESCRIBE.CARROT_COOKED	软塌塌的。	1693	物品名:"烤胡萝卜"
DESCRIBE.CARROT_PLANTED	妾身不太喜欢吃素。	1694	物品名:"胡萝卜"
DESCRIBE.CARROT_SEEDS	这是一颗种子。	1695	物品名:"椭圆形种子"
DESCRIBE.CARTOGRAPHYDESK.GENERIC	现在妾身可以让大家看看妾身找到什么了。	1698	物品名:"制图桌"->默认 制造描述:"准确地告诉别人你去过哪里。"
DESCRIBE.CARTOGRAPHYDESK.BURNING	那件事到此为止。	1699	物品名:"制图桌"->正在燃烧 制造描述:"准确地告诉别人你去过哪里。"
DESCRIBE.CARTOGRAPHYDESK.BURNT	现在就只有灰烬了。	1700	物品名:"制图桌"->烧焦的 制造描述:"准确地告诉别人你去过哪里。"
DESCRIBE.WATERMELON_SEEDS	这是一颗种子。	1702	物品名:"方形种子"
DESCRIBE.CAVE_FERN	它是一种植物。	1703	物品名:"蕨类植物"
DESCRIBE.CHARCOAL	烧焦的木头。	1704	物品名:"木炭"
DESCRIBE.CHESSPIECE_PAWN	妾身有同感。	1705	物品名:"卒子雕塑"
DESCRIBE.CHESSPIECE_ROOK.GENERIC	它比看上去的更重。	1708	物品名:"战车雕塑"->默认
DESCRIBE.CHESSPIECE_ROOK.STRUGGLE	棋子们自己在动。	1709	物品名:"战车雕塑"->三基佬棋子晃动
DESCRIBE.CHESSPIECE_KNIGHT.GENERIC	它是匹马。	1713	物品名:"骑士雕塑"->默认
DESCRIBE.CHESSPIECE_KNIGHT.STRUGGLE	棋子们自己在动。	1714	物品名:"骑士雕塑"->三基佬棋子晃动
DESCRIBE.CHESSPIECE_BISHOP.GENERIC	是个石头主教。	1718	物品名:"主教雕塑"->默认
DESCRIBE.CHESSPIECE_BISHOP.STRUGGLE	棋子们自己在动。	1719	物品名:"主教雕塑"->三基佬棋子晃动
DESCRIBE.CHESSPIECE_MUSE	看起来很熟悉。	1721	物品名:"妖王雕塑"
DESCRIBE.CHESSPIECE_FORMAL	对妾身来说，看起来没有非常高贵。	1722	物品名:"国王雕塑"
DESCRIBE.CHESSPIECE_HORNUCOPIA	妾身还挺喜欢的。	1723	物品名:"丰饶角雕塑"
DESCRIBE.CHESSPIECE_PIPE	那从来不是妾身的菜。	1724	物品名:"泡泡烟斗雕塑"
DESCRIBE.CHESSPIECE_DEERCLOPS	感觉它的目光在跟着你。	1725	物品名:"独眼巨鹿雕塑"
DESCRIBE.CHESSPIECE_BEARGER	靠近后它大得多了。	1726	物品名:"熊獾雕塑"
DESCRIBE.CHESSPIECE_MOOSEGOOSE[0]	这太逼真了。	1729	物品名:"麋鹿鹅雕塑" 制造描述:未找到
DESCRIBE.CHESSPIECE_DRAGONFLY	这让妾身想起一些事情。	1731	物品名:"龙蝇雕塑"
DESCRIBE.CHESSPIECE_MINOTAUR	现在轮到你被吓得一动不动了。	1732	物品名:"远古守护者雕塑"
DESCRIBE.CHESSPIECE_BUTTERFLY	看着挺美的。	1733	物品名:"月蛾雕塑"
DESCRIBE.CHESSPIECE_ANCHOR	果然和看上去一样沉。	1734	物品名:"锚雕塑"
DESCRIBE.CHESSPIECE_MOON	最近妾身感到备受启发。	1735	物品名:"“月亮” 雕塑"
DESCRIBE.CHESSPIECE_CARRAT	有人胜出了。	1736	物品名:"胡萝卜鼠雕塑"
DESCRIBE.CHESSPIECE_MALBATROSS	它不追着杀你的时候还是挺可爱的。	1737	物品名:"邪天翁雕塑"
DESCRIBE.CHESSPIECE_CRABKING	看着挺有趣的雕塑。	1738	物品名:"帝王蟹雕塑"
DESCRIBE.CHESSPIECE_TOADSTOOL	可惜不能拿来当板凳坐。	1739	物品名:"毒菌蟾蜍雕塑"
DESCRIBE.CHESSPIECE_STALKER	一动不动的骨架。	1740	物品名:"远古织影者雕塑"
DESCRIBE.CHESSPIECE_KLAUS	妾身能召唤它吗？	1741	物品名:"克劳斯雕塑"
DESCRIBE.CHESSPIECE_BEEQUEEN	很有雕塑感。	1742	物品名:"蜂王雕塑"
DESCRIBE.CHESSPIECE_ANTLION	蚁狮雕塑。	1743	物品名:"蚁狮雕塑"
DESCRIBE.CHESSPIECE_BEEFALO	这座雕塑还不错。	1744	物品名:"皮弗娄牛雕塑"
DESCRIBE.CHESSPIECE_KITCOON	这些就很容易找到。	1745	物品名:"小浣猫雕塑"
DESCRIBE.CHESSPIECE_CATCOON	它还挺可爱。	1746	物品名:"浣猫雕塑"
DESCRIBE.CHESSPIECE_MANRABBIT	可别被石头擦破皮。	1747	物品名:"兔人雕塑"
DESCRIBE.CHESSPIECE_GUARDIANPHASE3	妾身更喜欢它这样。	1748	物品名:"天体英雄雕塑"
DESCRIBE.CHESSPIECE_EYEOFTERROR	它冷冰冰地盯着妾身。	1749	物品名:"恐怖之眼雕塑"
DESCRIBE.CHESSPIECE_TWINSOFTERROR	非常不舒服的眼神接触。	1750	物品名:"双子魔眼雕塑"
DESCRIBE.CHESSPIECE_DAYWALKER	谁知道他现在去哪儿了。	1751	物品名:"梦魇疯猪雕像"
DESCRIBE.CHESSPIECE_DEERCLOPS_MUTATED	这座雕塑看起来有点刺眼。	1752	物品名:"晶体独眼巨鹿雕塑"
DESCRIBE.CHESSPIECE_WARG_MUTATED	不好的回忆。	1753	物品名:"附身座狼雕塑"
DESCRIBE.CHESSPIECE_BEARGER_MUTATED	它看起来更暴躁。	1754	物品名:"装甲熊獾雕塑"
DESCRIBE.CHESSPIECE_SHARKBOI	怎么看它都觉得有些鳍跷。	1755	物品名:"大霜鲨雕塑"
DESCRIBE.CHESSJUNK1	一堆烂发条东西。	1756	物品名:"损坏的发条东西"
DESCRIBE.CHESSJUNK2	另一堆烂发条东西。	1757	物品名:"损坏的发条东西"
DESCRIBE.CHESSJUNK3	更多的烂发条东西。	1758	物品名:"损坏的发条东西"
DESCRIBE.CHESTER	一只小短腿。	1759	物品名:"切斯特"
DESCRIBE.CHESTER_EYEBONE.GENERIC	它在看着妾身。	1762	物品名:"眼骨"->默认
DESCRIBE.CHESTER_EYEBONE.WAITING	它睡着了。	1763	物品名:"眼骨"->需要等待
DESCRIBE.COOKEDMANDRAKE	可怜的小家伙。	1765	物品名:"熟曼德拉草"
DESCRIBE.COOKEDMEAT	碳烤熟透。	1766	物品名:"熟肉"
DESCRIBE.COOKEDMONSTERMEAT	只比生吃的时候好吃一点点。	1767	物品名:"熟怪物肉"
DESCRIBE.COOKEDSMALLMEAT	妾身只喜欢荤食。	1768	物品名:"熟小肉"
DESCRIBE.COOKPOT.COOKING_LONG	这还需要一点时间。	1771	物品名:"烹饪锅"->饭还需要很久 制造描述:"制作更好的食物。"
DESCRIBE.COOKPOT.COOKING_SHORT	就快好了。	1772	物品名:"烹饪锅"->饭快做好了 制造描述:"制作更好的食物。"
DESCRIBE.COOKPOT.DONE	嗯。可以吃了。	1773	物品名:"烹饪锅"->完成了 制造描述:"制作更好的食物。"
DESCRIBE.COOKPOT.EMPTY	有些饿了。	1774	物品名:"烹饪锅" 制造描述:"制作更好的食物。"
DESCRIBE.COOKPOT.BURNT	锅烧没了。	1775	物品名:"烹饪锅"->烧焦的 制造描述:"制作更好的食物。"
DESCRIBE.CORN	不错的食物。	1777	物品名:"玉米"
DESCRIBE.CORN_COOKED	做熟了。	1778	物品名:"爆米花"
DESCRIBE.CORN_SEEDS	这是一颗种子。	1779	物品名:"簇状种子"
DESCRIBE.CANARY.GENERIC	金子做的小鸟。	1782	物品名:"金丝雀"->默认
DESCRIBE.CANARY.HELD	妾身掌控着你。	1783	物品名:"金丝雀"->拿在手里
DESCRIBE.CANARY_POISONED	它可能是好的。	1785	物品名:"金丝雀（中毒）"
DESCRIBE.CRITTERLAB	那里面有什么东西吗？	1786	物品名:"岩石巢穴"
DESCRIBE.CRITTER_GLOMLING	多么可爱的小妖啊。	1787	物品名:"小格罗姆"
DESCRIBE.CRITTER_DRAGONLING	它爬进了妾身的心里。	1788	物品名:"小龙蝇"
DESCRIBE.CRITTER_LAMB	它的粘液少多了。	1789	物品名:"小钢羊"
DESCRIBE.CRITTER_PUPPY	对一只小妖兽来说真是太可爱了。	1790	物品名:"小座狼"
DESCRIBE.CRITTER_KITTEN	你愿意做妾身的宠物吗。	1791	物品名:"浣猫崽"
DESCRIBE.CRITTER_PERDLING	长羽毛的小妖物。	1792	物品名:"小火鸡"
DESCRIBE.CRITTER_LUNARMOTHLING	美丽的妖物。	1793	物品名:"小蛾子"
DESCRIBE.CROW.GENERIC	真可怕。	1796	物品名:"乌鸦"->默认
DESCRIBE.CROW.HELD	它在那里不太快乐。	1797	物品名:"乌鸦"->拿在手里
DESCRIBE.CUTGRASS	割下来的草。	1799	物品名:"采下的草"
DESCRIBE.CUTREEDS	割下的芦苇。	1800	物品名:"采下的芦苇"
DESCRIBE.CUTSTONE	光滑诱人。	1801	物品名:"石砖" 制造描述:"切成正方形的石头。"
DESCRIBE.DEADLYFEAST	大餐。	1802	unimplemented  -- 物品名:"致命盛宴"->致命盛宴 单机
DESCRIBE.DEER.GENERIC	它是不是盯着妾身。	1805	物品名:"无眼鹿"->默认
DESCRIBE.DEER.ANTLER	多么引人注目的一个鹿角啊。	1806	物品名:"无眼鹿"
DESCRIBE.DEER_ANTLER	掉下来正常吗？	1808	物品名:"鹿角"
DESCRIBE.DEER_GEMMED	它被那头妖兽控制着。	1809	物品名:"无眼鹿"
DESCRIBE.DEERCLOPS	它体型还挺大的。	1810	物品名:"独眼巨鹿"
DESCRIBE.DEERCLOPS_EYEBALL	不太妙的东西。	1811	物品名:"独眼巨鹿眼球"
DESCRIBE.EYEBRELLAHAT	它会守护佩戴的人。	1812	物品名:"眼球伞" 制造描述:"面向天空的眼球让你保持干燥。"
DESCRIBE.DEPLETED_GRASS.GENERIC	一丛草。	1815	物品名:"草"->默认
DESCRIBE.GOGGLESHAT	这对护目镜还不错。	1817	物品名:"时髦的护目镜" 制造描述:"你可以瞪大眼睛看装饰性护目镜。"
DESCRIBE.DESERTHAT	还不错的护目用具。	1818	物品名:"沙漠护目镜" 制造描述:"从你的眼睛里把沙子揉出来。"
DESCRIBE.ANTLIONHAT	这是一项破土而出的工具。	1819	物品名:"刮地皮头盔" 制造描述:"旧地不去，新地不来。"
DESCRIBE.DEVTOOL	闻起来像猪肉。	1820	物品名:"开发工具"
DESCRIBE.DEVTOOL_NODEV	妾身挥不动它。	1821	物品名:"草"
DESCRIBE.DIRTPILE	这是一堆土...还是？	1822	物品名:"可疑的土堆"
DESCRIBE.DIVININGROD.COLD	感觉有些疲了。	1825	singleplayer  -- 物品名:"冻伤"->冷了
DESCRIBE.DIVININGROD.GENERIC	它是某种引导的东西。	1826	singleplayer  -- 物品名:"探测杖"->默认 制造描述:"肯定有方法可以离开这里..."
DESCRIBE.DIVININGROD.HOT	这东西发疯了。	1827	singleplayer  -- 物品名:"中暑"->热了
DESCRIBE.DIVININGROD.WARM	妾身在正确的方向上。	1828	singleplayer  -- 物品名:"探测杖"->温暖 制造描述:"肯定有方法可以离开这里..."
DESCRIBE.DIVININGROD.WARMER	肯定很接近了。	1829	singleplayer  -- 物品名:"探测杖" 制造描述:"肯定有方法可以离开这里..."
DESCRIBE.DIVININGRODBASE.GENERIC	妾身想知道它有什么用。	1833	singleplayer  -- 物品名:"探测杖底座"->默认
DESCRIBE.DIVININGRODBASE.READY	看起来它需要一把大钥匙。	1834	singleplayer  -- 物品名:"探测杖底座"->准备好的 满的
DESCRIBE.DIVININGRODBASE.UNLOCKED	现在正常了。	1835	singleplayer  -- 物品名:"探测杖底座"->解锁了
DESCRIBE.DIVININGRODSTART	那根杖子看起来很有用。	1837	singleplayer  -- 物品名:"探测杖底座"->单机探测杖底座
DESCRIBE.DRAGONFLY	一只妖物。	1838	物品名:"龙蝇"
DESCRIBE.ARMORDRAGONFLY	炎热的盔甲。	1839	物品名:"鳞甲" 制造描述:"脾气火爆的盔甲。"
DESCRIBE.DRAGON_SCALES	还是热的。	1840	物品名:"鳞片"
DESCRIBE.DRAGONFLYCHEST.GENERIC	烧不坏的箱子。	1843	物品名:"龙鳞宝箱"->默认 制造描述:"一种结实且防火的容器。"
DESCRIBE.DRAGONFLYCHEST.UPGRADED_STACKSIZE	里面的空间可谓是箱中之龙。	1844	物品名:"龙鳞宝箱" 制造描述:"一种结实且防火的容器。"
DESCRIBE.DRAGONFLYFURNACE.HAMMERED	看起来不太对。	1848	物品名:"龙鳞火炉"->被锤了 制造描述:"给自己建造一个苍蝇暖炉。"
DESCRIBE.DRAGONFLYFURNACE.GENERIC	炎热。	1849	no gems  -- 物品名:"龙鳞火炉"->默认 制造描述:"给自己建造一个苍蝇暖炉。"
DESCRIBE.DRAGONFLYFURNACE.NORMAL	它是在朝妾身眨眼吗？	1850	one gem  -- 物品名:"龙鳞火炉"->普通 制造描述:"给自己建造一个苍蝇暖炉。"
DESCRIBE.DRAGONFLYFURNACE.HIGH	滚烫。	1851	two gems  -- 物品名:"龙鳞火炉"->高 制造描述:"给自己建造一个苍蝇暖炉。"
DESCRIBE.HUTCH	便捷的小妖兽。	1853	物品名:"哈奇"
DESCRIBE.HUTCH_FISHBOWL.GENERIC	妾身一直想要拥有一件这样的。	1856	物品名:"星空"->默认
DESCRIBE.HUTCH_FISHBOWL.WAITING	或许他需要点妖力？	1857	物品名:"星空"->需要等待
DESCRIBE.LAVASPIT.HOT	好烫。	1861	物品名:"中暑"->热了
DESCRIBE.LAVASPIT.COOL	奇怪的粘液。	1862	物品名:"龙蝇唾液"
DESCRIBE.LAVA_POND	壮观。	1864	物品名:"岩浆池"
DESCRIBE.LAVAE	太烫了。	1865	物品名:"岩浆虫"
DESCRIBE.LAVAE_COCOON	平静下来。	1866	物品名:"冷冻虫卵"
DESCRIBE.LAVAE_PET.STARVING	可怜的东西一定很饿。	1869	物品名:"超级可爱岩浆虫"->挨饿
DESCRIBE.LAVAE_PET.HUNGRY	妾身听到它的小肚子在咕咕叫。	1870	物品名:"超级可爱岩浆虫"->有点饿了
DESCRIBE.LAVAE_PET.CONTENT	它似乎很快乐。	1871	物品名:"超级可爱岩浆虫"->内容？？？、
DESCRIBE.LAVAE_PET.GENERIC	有意思的小妖物。	1872	物品名:"超级可爱岩浆虫"->默认
DESCRIBE.LAVAE_EGG.GENERIC	里面传来微弱的暖意。	1876	物品名:"岩浆虫卵"->默认
DESCRIBE.LAVAE_EGG_CRACKED.COLD	妾身觉得蛋不够热。	1880	物品名:"冻伤"->冷了
DESCRIBE.LAVAE_EGG_CRACKED.COMFY	妾身从未想过妾身会见到一只有趣的蛋。	1881	物品名:"岩浆虫卵"->舒服的
DESCRIBE.LAVAE_TOOTH	一颗牙。	1883	物品名:"岩浆虫尖牙"
DESCRIBE.DRAGONFRUIT	好奇怪的水果。	1884	物品名:"火龙果"
DESCRIBE.DRAGONFRUIT_COOKED	这水果还是有些奇怪。	1885	物品名:"熟火龙果"
DESCRIBE.DRAGONFRUIT_SEEDS	这是一颗种子。	1886	物品名:"球茎状种子"
DESCRIBE.DRAGONPIE	其实妾身不太喜欢吃素。	1887	物品名:"火龙果派"
DESCRIBE.DRUMSTICK	准备好细嚼慢咽了。	1888	物品名:"鸟腿"
DESCRIBE.DRUMSTICK_COOKED	细嚼慢咽还更好。	1889	物品名:"炸鸟腿"
DESCRIBE.DUG_BERRYBUSH	现在可以把它带到任何地方了。	1890	物品名:"浆果丛"
DESCRIBE.DUG_BERRYBUSH_JUICY	这树可移植到家附近。	1891	物品名:"多汁浆果丛"
DESCRIBE.DUG_GRASS	如今在哪里都可以种这种植物。	1892	物品名:"草丛"
DESCRIBE.DUG_MARSH_BUSH	这需要种植。	1893	物品名:"尖刺灌木"
DESCRIBE.DUG_SAPLING	这需要种植。	1894	物品名:"树苗"
DESCRIBE.DURIAN	气味有些难闻。	1895	物品名:"榴莲"
DESCRIBE.DURIAN_COOKED	现在它难闻了。	1896	物品名:"超臭榴莲"
DESCRIBE.DURIAN_SEEDS	这是一颗种子。	1897	物品名:"脆籽荚"
DESCRIBE.EARMUFFSHAT	一些毛发制成的。	1898	物品名:"兔耳罩" 制造描述:"毛茸茸的保暖物品。"
DESCRIBE.EGGPLANT	没怎么见过。	1899	物品名:"茄子"
DESCRIBE.EGGPLANT_COOKED	妾身不太喜欢吃素。	1900	物品名:"烤茄子"
DESCRIBE.EGGPLANT_SEEDS	这是一颗种子。	1901	物品名:"漩涡种子"
DESCRIBE.ENDTABLE.BURNT	一个烧焦的花瓶。	1904	物品名:"茶几"->烧焦的 制造描述:"一张装饰桌。"
DESCRIBE.ENDTABLE.GENERIC	桌上花瓶里的一朵花。	1905	物品名:"茶几"->默认 制造描述:"一张装饰桌。"
DESCRIBE.ENDTABLE.EMPTY	妾身应该把一些东西放进那里。	1906	物品名:"茶几" 制造描述:"一张装饰桌。"
DESCRIBE.ENDTABLE.WILTED	看起来不太新鲜。	1907	物品名:"茶几"->枯萎的 制造描述:"一张装饰桌。"
DESCRIBE.ENDTABLE.FRESHLIGHT	有一点亮光真是好。	1908	物品名:"茶几"->茶几-新的发光的 制造描述:"一张装饰桌。"
DESCRIBE.ENDTABLE.OLDLIGHT	妾身让它重新亮起来吧	1909	will be wilted soon, light radius will be very small at this point  -- 物品名:"茶几"->茶几-旧的发光的 制造描述:"一张装饰桌。"
DESCRIBE.DECIDUOUSTREE.BURNING	真是浪费。	1913	物品名:"桦栗树"->正在燃烧
DESCRIBE.DECIDUOUSTREE.BURNT	妾身觉得本可以阻止这种事情发生的。	1914	物品名:"桦栗树"->烧焦的
DESCRIBE.DECIDUOUSTREE.CHOPPED	接招吧。	1915	物品名:"桦栗树"->被砍了
DESCRIBE.DECIDUOUSTREE.POISON	看来偷桦栗果惹火了它。	1916	物品名:"桦栗树"->毒化的
DESCRIBE.DECIDUOUSTREE.GENERIC	满是阔叶。	1917	物品名:"桦栗树"->默认
DESCRIBE.ACORN	里边有东西。	1919	物品名:"桦栗果"
DESCRIBE.ACORN_SAPLING	它将长成一棵树。	1920	物品名:"桦栗树树苗"
DESCRIBE.ACORN_COOKED	烤得很完美。	1921	物品名:"烤桦栗果"
DESCRIBE.BIRCHNUTDRAKE	小坚果。	1922	物品名:"桦栗果精"
DESCRIBE.EVERGREEN.BURNING	真是浪费木材。	1925	物品名:"常青树"->正在燃烧
DESCRIBE.EVERGREEN.BURNT	妾身觉得妾身本可以阻止这种事情发生的。	1926	物品名:"常青树"->烧焦的
DESCRIBE.EVERGREEN.CHOPPED	接招吧。	1927	物品名:"常青树"->被砍了
DESCRIBE.EVERGREEN.GENERIC	满是松针。	1928	物品名:"常青树"->默认
DESCRIBE.EVERGREEN_SPARSE.BURNING	真是浪费木材。	1932	物品名:"臃肿常青树"->正在燃烧
DESCRIBE.EVERGREEN_SPARSE.BURNT	妾身觉得妾身本可以阻止这种事情发生的。	1933	物品名:"臃肿常青树"->烧焦的
DESCRIBE.EVERGREEN_SPARSE.CHOPPED	接招吧。	1934	物品名:"臃肿常青树"->被砍了
DESCRIBE.EVERGREEN_SPARSE.GENERIC	这棵悲惨的树。	1935	物品名:"臃肿常青树"->默认
DESCRIBE.TWIGGYTREE.BURNING	真是浪费木材。	1939	物品名:"多枝树"->正在燃烧
DESCRIBE.TWIGGYTREE.BURNT	妾身觉得妾身本可以阻止这种事情发生的。	1940	物品名:"多枝树"->烧焦的
DESCRIBE.TWIGGYTREE.CHOPPED	接招吧。	1941	物品名:"多枝树"->被砍了
DESCRIBE.TWIGGYTREE.GENERIC	满是树枝。	1942	物品名:"多枝树"->默认
DESCRIBE.TWIGGYTREE.DISEASED	它看起来很糟糕。	1943	unimplemented  -- 物品名:"多枝树"->生病了
DESCRIBE.TWIGGY_NUT_SAPLING	它生长不需要任何助力。	1945	物品名:"多枝树苗"
DESCRIBE.TWIGGY_OLD	那棵树看起来很弱。	1946	物品名:"多枝树"
DESCRIBE.TWIGGY_NUT	它里面有一棵想要出去的多枝树。	1947	物品名:"多枝树种"->多枝树果
DESCRIBE.EYEPLANT	妾身觉得有人在看着妾身。	1948	物品名:"眼球草"
DESCRIBE.INSPECTSELF	妾身没缺胳膊少腿吧？	1949	物品名:"多枝树"->检查自己
DESCRIBE.FARMPLOT.GENERIC	妾身应该试着种一些庄稼。	1952	物品名:未找到
DESCRIBE.FARMPLOT.GROWING	长吧。	1953	物品名:未找到
DESCRIBE.FARMPLOT.NEEDSFERTILIZER	应该需要施肥。	1954	物品名:未找到
DESCRIBE.FARMPLOT.BURNT	灰烬中长不出庄稼。	1955	物品名:未找到
DESCRIBE.FEATHERHAT	变成鸟。	1957	物品名:"羽毛帽" 制造描述:"头上的装饰。"
DESCRIBE.FEATHER_CROW	黑鸟的羽毛。	1958	物品名:"黑色羽毛"
DESCRIBE.FEATHER_ROBIN	红雀的羽毛。	1959	物品名:"红色羽毛"
DESCRIBE.FEATHER_ROBIN_WINTER	雪雀的羽毛。	1960	物品名:"蓝色羽毛"
DESCRIBE.FEATHER_CANARY	金丝雀的羽毛。	1961	物品名:"黄色羽毛"
DESCRIBE.FEATHERPENCIL	有根羽毛就能写字了。	1962	物品名:"羽毛笔" 制造描述:"是的，羽毛是必须的。"
DESCRIBE.COOKBOOK	妾身从未停止过。	1963	物品名:"烹饪指南" 制造描述:"查看你收集的食谱。"
DESCRIBE.FEM_PUPPET	她被困住了。	1964	single player  -- 物品名:未找到
DESCRIBE.FIREFLIES.GENERIC	要是妾身能抓住它们就好了。	1967	物品名:"萤火虫"->默认
DESCRIBE.FIREFLIES.HELD	它们让妾身的身上发光。	1968	物品名:"萤火虫"->拿在手里
DESCRIBE.FIREHOUND	那东西在发红光。	1970	物品名:"红色猎犬"
DESCRIBE.FIREPIT.EMBERS	在火熄灭之前妾身得加点燃料。	1973	物品名:"火坑"->即将熄灭 制造描述:"一种更安全、更高效的营火。"
DESCRIBE.FIREPIT.GENERIC	肯定能驱走黑暗。	1974	物品名:"火坑"->默认 制造描述:"一种更安全、更高效的营火。"
DESCRIBE.FIREPIT.HIGH	好在火被围起来了。	1975	物品名:"火坑"->高 制造描述:"一种更安全、更高效的营火。"
DESCRIBE.FIREPIT.LOW	火变得有点小了。	1976	物品名:"火坑"->低？ 制造描述:"一种更安全、更高效的营火。"
DESCRIBE.FIREPIT.NORMAL	真舒服。	1977	物品名:"火坑"->普通 制造描述:"一种更安全、更高效的营火。"
DESCRIBE.FIREPIT.OUT	至少妾身能让它再烧起来。	1978	物品名:"火坑"->出去？外面？ 制造描述:"一种更安全、更高效的营火。"
DESCRIBE.COLDFIREPIT.EMBERS	在火熄灭之前妾身得加点燃料。	1982	物品名:"吸热火坑"->即将熄灭 制造描述:"燃烧效率更高，但仍然越烤越冷。"
DESCRIBE.COLDFIREPIT.GENERIC	肯定能驱走黑暗。	1983	物品名:"吸热火坑"->默认 制造描述:"燃烧效率更高，但仍然越烤越冷。"
DESCRIBE.COLDFIREPIT.HIGH	好在火被围起来了。	1984	物品名:"吸热火坑"->高 制造描述:"燃烧效率更高，但仍然越烤越冷。"
DESCRIBE.COLDFIREPIT.LOW	火变得有点小了。	1985	物品名:"吸热火坑"->低？ 制造描述:"燃烧效率更高，但仍然越烤越冷。"
DESCRIBE.COLDFIREPIT.NORMAL	真舒服。	1986	物品名:"吸热火坑"->普通 制造描述:"燃烧效率更高，但仍然越烤越冷。"
DESCRIBE.COLDFIREPIT.OUT	至少妾身能让它再烧起来。	1987	物品名:"吸热火坑"->出去？外面？ 制造描述:"燃烧效率更高，但仍然越烤越冷。"
DESCRIBE.FIRESTAFF	妾身不想点着整个世界。	1989	物品名:"火魔杖" 制造描述:"利用火焰的力量。"
DESCRIBE.FIRESUPPRESSOR.ON	开始灭火。	1992	物品名:"雪球发射器"->开启 制造描述:"拯救植物，扑灭火焰，可添加燃料。"
DESCRIBE.FIRESUPPRESSOR.OFF	一切都平息了。	1993	物品名:"雪球发射器"->关闭 制造描述:"拯救植物，扑灭火焰，可添加燃料。"
DESCRIBE.FIRESUPPRESSOR.LOWFUEL	燃料有点不足了。	1994	物品名:"雪球发射器"->燃料不足 制造描述:"拯救植物，扑灭火焰，可添加燃料。"
DESCRIBE.FISH	妾身现在要吃上一整天。	1996	物品名:"鱼"
DESCRIBE.FISHINGROD	一种钓竿。	1997	物品名:"淡水钓竿" 制造描述:"去钓鱼。为了鱼。"
DESCRIBE.FISHSTICKS	这可以填饱肚子。	1998	物品名:"炸鱼排"
DESCRIBE.FISHTACOS	松脆而美味。	1999	物品名:"鱼肉玉米卷"
DESCRIBE.FISH_COOKED	烤得恰到好处。	2000	物品名:"熟鱼"
DESCRIBE.FLINT	非常尖的石头。	2001	物品名:"燧石"
DESCRIBE.FLOWER.GENERIC	很漂亮。	2004	物品名:"花"->默认
DESCRIBE.FLOWER.ROSE	衬托妾身红润的脸颊。	2005	物品名:"花"->玫瑰
DESCRIBE.FLOWER_WITHERED	妾身觉得它还没晒够太阳呢。	2007	物品名:"枯萎的花"
DESCRIBE.FLOWERHAT	闻起来就很美。	2008	物品名:"花环" 制造描述:"放松神经的东西。"
DESCRIBE.FLOWER_EVIL	散发着妖力。	2009	物品名:"邪恶花"
DESCRIBE.FOLIAGE	一些植物。	2010	物品名:"蕨叶"
DESCRIBE.FOOTBALLHAT	妾身不喜欢。	2011	物品名:"橄榄球头盔" 制造描述:"保护你的脑壳。"
DESCRIBE.FOSSIL_PIECE	妾身应该把它们一起放回去。	2012	物品名:"化石碎片"
DESCRIBE.FOSSIL_STALKER.GENERIC	还有些碎片没找到。	2015	物品名:"奇异的骨架"->默认
DESCRIBE.FOSSIL_STALKER.FUNNY	妾身的直觉告诉妾身这有点不对。	2016	物品名:"奇异的骨架"->趣味？？
DESCRIBE.FOSSIL_STALKER.COMPLETE	它活着。	2017	物品名:"奇异的骨架"->准备好了
DESCRIBE.STALKER	骨架和暗影融合在一起。	2019	物品名:"复活的骨架"
DESCRIBE.STALKER_ATRIUM	它这么大？	2020	物品名:"远古织影者"
DESCRIBE.STALKER_MINION	会咬到脚踝。	2021	物品名:"编织暗影"
DESCRIBE.THURIBLE	神奇的香炉。	2022	物品名:"暗影香炉"
DESCRIBE.ATRIUM_OVERGROWTH	这些符号妾身一个都不认得。	2023	物品名:"远古方尖碑"
DESCRIBE.FROG.DEAD	它溃散了。	2026	物品名:"青蛙"->死了
DESCRIBE.FROG.GENERIC	他真麻烦。	2027	物品名:"青蛙"->默认
DESCRIBE.FROG.SLEEPING	看他的睡相。	2028	物品名:"青蛙"->睡着了
DESCRIBE.FROGGLEBUNWICH	还不错的食物。	2030	物品名:"蛙腿三明治"
DESCRIBE.FROGLEGS	妾身曾听说它是一道美味。	2031	物品名:"蛙腿"
DESCRIBE.FROGLEGS_COOKED	味道肉香四溢。	2032	物品名:"熟蛙腿"
DESCRIBE.FRUITMEDLEY	果香扑鼻。	2033	物品名:"水果圣代"
DESCRIBE.FURTUFT	黑白毛皮。	2034	物品名:"毛丛"
DESCRIBE.GEARS	一堆零件。	2035	物品名:"齿轮"
DESCRIBE.GHOST	这种东西冒犯了妾身。	2036	物品名:"幽灵"
DESCRIBE.GOLDENAXE	挺花哨的一把斧头。	2037	物品名:"黄金斧头" 制造描述:"砍树也要有格调。"
DESCRIBE.GOLDENPICKAXE	金子做的。	2038	物品名:"黄金鹤嘴锄" 制造描述:"像大Boss一样砸碎岩石。"
DESCRIBE.GOLDENPITCHFORK	妾身做的如此精美。	2039	物品名:"黄金干草叉" 制造描述:"重新布置整个世界。"
DESCRIBE.GOLDENSHOVEL	妾身可以试试看。	2040	物品名:"黄金铲子" 制造描述:"挖掘作用相同，但使用寿命更长。"
DESCRIBE.GOLDNUGGET	凡物罢了。	2041	物品名:"金块"
DESCRIBE.GRASS.BARREN	它需要肥料。	2044	物品名:"草"
DESCRIBE.GRASS.WITHERED	天气这么热，它不会长回来。	2045	物品名:"草"->枯萎了
DESCRIBE.GRASS.BURNING	烧得好快。	2046	物品名:"草"->正在燃烧
DESCRIBE.GRASS.GENERIC	是一丛草。	2047	物品名:"草"->默认
DESCRIBE.GRASS.PICKED	它在长得最好的时候被采走了。	2048	物品名:"草"->被采完了
DESCRIBE.GRASS.DISEASED	它看上去很不舒服。	2049	unimplemented  -- 物品名:"草"->生病了
DESCRIBE.GRASS.DISEASING	.有些地方不对劲。	2050	unimplemented  -- 物品名:"草"->正在生病？？
DESCRIBE.GRASSGEKKO.GENERIC	这是一只奇怪的妖物。	2054	物品名:"草壁虎"->默认
DESCRIBE.GRASSGEKKO.DISEASED	它看上去真的很不舒服。	2055	unimplemented  -- 物品名:"草壁虎"->生病了
DESCRIBE.GREEN_CAP	它看起来很正常。	2057	物品名:"采摘的绿蘑菇"
DESCRIBE.GREEN_CAP_COOKED	不同了...	2058	物品名:"熟绿蘑菇"
DESCRIBE.GREEN_MUSHROOM.GENERIC	是蘑菇。	2061	物品名:"绿蘑菇"->默认
DESCRIBE.GREEN_MUSHROOM.INGROUND	在睡觉。	2062	物品名:"绿蘑菇"->在地里面
DESCRIBE.GREEN_MUSHROOM.PICKED	不知道它会不会长回来？	2063	物品名:"绿蘑菇"->被采完了
DESCRIBE.GUNPOWDER	看起来像胡椒粉。	2065	物品名:"火药" 制造描述:"一把火药。"
DESCRIBE.HAMBAT	这好像不卫生。	2066	物品名:"火腿棒" 制造描述:"舍不得火腿套不着狼。"
DESCRIBE.HAMMER	停下。是时候了。用锤子敲点东西吧。	2067	物品名:"锤子" 制造描述:"敲碎各种东西。"
DESCRIBE.HEALINGSALVE	有点儿刺痛感就说明它起作用了。	2068	物品名:"治疗药膏" 制造描述:"对割伤和擦伤进行消毒杀菌。"
DESCRIBE.HEATROCK.FROZEN	它比冰还冷。	2071	物品名:"暖石"->冰冻 制造描述:"储存热能供旅行途中使用。"
DESCRIBE.HEATROCK.COLD	冰凉。	2072	物品名:"冻伤"->冷了
DESCRIBE.HEATROCK.GENERIC	妾身可以控制它的温度。	2073	物品名:"暖石"->默认 制造描述:"储存热能供旅行途中使用。"
DESCRIBE.HEATROCK.WARM	虽然是块石头，但却相当温暖。	2074	物品名:"暖石"->温暖 制造描述:"储存热能供旅行途中使用。"
DESCRIBE.HEATROCK.HOT	很热。	2075	物品名:"中暑"->热了
DESCRIBE.HOME	有什么在这里。	2077	物品名:"暖石"->没调用 制造描述:"储存热能供旅行途中使用。"
DESCRIBE.HOMESIGN.GENERIC	上面写着“你在这里”。	2080	物品名:"木牌"->默认 制造描述:"在世界中留下你的标记。"
DESCRIBE.HOMESIGN.UNWRITTEN	这块牌子现在是空白的。	2081	物品名:"木牌"->没有写字 制造描述:"在世界中留下你的标记。"
DESCRIBE.HOMESIGN.BURNT	“不要玩火。”	2082	物品名:"木牌"->烧焦的 制造描述:"在世界中留下你的标记。"
DESCRIBE.ARROWSIGN_POST.GENERIC	它说“那个方向”。	2086	物品名:"指路木牌"->默认 制造描述:"对这个世界指指点点。或许只是打下手势。"
DESCRIBE.ARROWSIGN_POST.UNWRITTEN	这块牌子现在是空白的。	2087	物品名:"指路木牌"->没有写字 制造描述:"对这个世界指指点点。或许只是打下手势。"
DESCRIBE.ARROWSIGN_POST.BURNT	“不要玩火。”	2088	物品名:"指路木牌"->烧焦的 制造描述:"对这个世界指指点点。或许只是打下手势。"
DESCRIBE.ARROWSIGN_PANEL.GENERIC	它说“那个方向”。	2092	物品名:"指路木牌"->默认
DESCRIBE.ARROWSIGN_PANEL.UNWRITTEN	这块牌子现在是空白的。	2093	物品名:"指路木牌"->没有写字
DESCRIBE.ARROWSIGN_PANEL.BURNT	“不要玩火。”	2094	物品名:"指路木牌"->烧焦的
DESCRIBE.HONEY	看起来很好吃。	2096	物品名:"蜂蜜"
DESCRIBE.HONEYCOMB	蜜蜂曾住在这里。	2097	物品名:"蜜脾"
DESCRIBE.HONEYHAM	香甜可口。	2098	物品名:"蜜汁火腿"
DESCRIBE.HONEYNUGGETS	味道像鸡肉，但妾身觉得不是鸡肉。	2099	物品名:"蜜汁卤肉"
DESCRIBE.HORN	听起来还不错。	2100	物品名:"牛角"
DESCRIBE.HOUND	一条无取的妖物。	2101	物品名:"猎犬"
DESCRIBE.HOUNDCORPSE.GENERIC	这味道不是妾身闻过最好闻的。	2104	物品名:"猎犬"->默认
DESCRIBE.HOUNDCORPSE.BURNING	妾身认为现在安全了。	2105	物品名:"猎犬"->正在燃烧
DESCRIBE.HOUNDCORPSE.REVIVING	哮天犬，休得放肆。	2106	物品名:"猎犬"
DESCRIBE.HOUNDBONE	无趣。	2108	物品名:"犬骨"
DESCRIBE.HOUNDMOUND	妾身不想找别人的麻烦。	2109	物品名:"猎犬丘"
DESCRIBE.ICEBOX	妾身掌控了寒冷的法术。	2110	物品名:"冰箱" 制造描述:"延缓食物变质。"
DESCRIBE.ICEHAT	保持冷静。	2111	物品名:"冰帽" 制造描述:"用科学技术合成的冰帽。"
DESCRIBE.ICEHOUND	每个季节都有妖兽吗？	2112	物品名:"蓝色猎犬"
DESCRIBE.INSANITYROCK.ACTIVE	神志正常的妾身还是认了吧。	2115	物品名:"方尖碑"->激活了
DESCRIBE.INSANITYROCK.INACTIVE	一些有灵力的石头。	2116	物品名:"方尖碑"->没有激活
DESCRIBE.JAMMYPRESERVES	或许该做个罐子。	2118	物品名:"果酱"
DESCRIBE.KABOBS	午餐。	2119	物品名:"肉串"
DESCRIBE.KILLERBEE.GENERIC	杀人的妖物。	2122	物品名:"杀人蜂"->默认
DESCRIBE.KILLERBEE.HELD	这东西好像有点麻烦。	2123	物品名:"杀人蜂"->拿在手里
DESCRIBE.KNIGHT	看。	2125	物品名:"发条骑士"
DESCRIBE.KOALEFANT_SUMMER	看起来很美味。	2126	物品名:"考拉象"
DESCRIBE.KOALEFANT_WINTER	它看起来又暖和又美味。	2127	物品名:"考拉象"
DESCRIBE.KOALEFANT_CARCASS	溃散了。	2128	物品名:"考拉象尸体"
DESCRIBE.KRAMPUS	他要偷妾身的东西。	2129	物品名:"坎普斯"
DESCRIBE.KRAMPUS_SACK	上面全是黏液。	2130	物品名:"坎普斯背包"
DESCRIBE.LEIF	这妖兽还挺大。	2131	物品名:"树精守卫"
DESCRIBE.LEIF_SPARSE	这妖兽还挺大。	2132	物品名:"树精守卫"
DESCRIBE.LIGHTER	她的神奇打火石。	2133	物品名:"薇洛的打火机" 制造描述:"火焰在雨中彻夜燃烧。"
DESCRIBE.LIGHTNING_ROD.CHARGED	法力在妾身手中。	2136	物品名:"避雷针" 制造描述:"防雷劈。"
DESCRIBE.LIGHTNING_ROD.GENERIC	雷公电母。	2137	物品名:"避雷针"->默认 制造描述:"防雷劈。"
DESCRIBE.LIGHTNINGGOAT.GENERIC	咩。	2141	物品名:"伏特羊"->默认
DESCRIBE.LIGHTNINGGOAT.CHARGED	妾身不认为它喜欢被雷劈。	2142	物品名:"伏特羊"
DESCRIBE.LIGHTNINGGOATHORN	它像一根迷你避雷针。	2144	物品名:"伏特羊角"
DESCRIBE.GOATMILK	美味。	2145	物品名:"带电的羊奶"
DESCRIBE.LITTLE_WALRUS	等他长大了，就不会这么天真可爱了。	2146	物品名:"小海象"
DESCRIBE.LIVINGLOG	它看着有点着急。	2147	物品名:"活木头" 制造描述:"投身制作，置身其中。"
DESCRIBE.LOG.BURNING	好烫的木头。	2150	物品名:"木头"->正在燃烧
DESCRIBE.LOG.GENERIC	又大又重的木头。	2151	物品名:"木头"->默认
DESCRIBE.LUCY	这斧子比妾身之前用过的那把还漂亮。	2153	物品名:"露西斧"
DESCRIBE.LUREPLANT	它如此迷人。	2154	物品名:"食人花"
DESCRIBE.LUREPLANTBULB	现在妾身可以开办妾身自己的肉农场了。	2155	物品名:"食人花种子"
DESCRIBE.MALE_PUPPET	他被困住了。	2156	single player  -- 物品名:"木头"
DESCRIBE.MANDRAKE_ACTIVE	切断它。	2157	物品名:"曼德拉草"
DESCRIBE.MANDRAKE_PLANTED	妾身听说过关于这些植物的一些奇怪传言。	2158	物品名:"曼德拉草"
DESCRIBE.MANDRAKE	这拥有奇怪的法力。	2159	物品名:"曼德拉草"
DESCRIBE.MANDRAKESOUP	它再也不会醒来了。	2160	物品名:"曼德拉草汤"
DESCRIBE.MANDRAKE_COOKED	它看起来没有那么奇怪了。	2161	物品名:"木头"
DESCRIBE.MAPSCROLL	一张空白的地图。看起来没什么用。	2162	物品名:"地图卷轴" 制造描述:"向别人展示你看到什么。"
DESCRIBE.MARBLE	高级。	2163	物品名:"大理石"
DESCRIBE.MARBLEBEAN	妾身换来的。	2164	物品名:"大理石豌豆" 制造描述:"种植一片大理石森林。"
DESCRIBE.MARBLEBEAN_SAPLING	看起来刻了点什么。	2165	物品名:"大理石芽"
DESCRIBE.MARBLESHRUB	好像有点道理。	2166	物品名:"大理石灌木"
DESCRIBE.MARBLEPILLAR	妾身想妾身能用得上它。	2167	物品名:"大理石柱"
DESCRIBE.MARBLETREE	妾身想斧子可砍不倒它。	2168	物品名:"大理石树"
DESCRIBE.MARSH_BUSH.BURNT	少了一片需要担心的荆棘。	2171	物品名:"尖刺灌木"->烧焦的
DESCRIBE.MARSH_BUSH.BURNING	烧得好快。	2172	物品名:"尖刺灌木"->正在燃烧
DESCRIBE.MARSH_BUSH.GENERIC	它看起来很多刺。	2173	物品名:"尖刺灌木"->默认
DESCRIBE.MARSH_BUSH.PICKED	哎。	2174	物品名:"尖刺灌木"->被采完了
DESCRIBE.BURNT_MARSH_BUSH	被烧得精光。	2176	物品名:"尖刺灌木"
DESCRIBE.MARSH_PLANT	这是一株植物。	2177	物品名:"植物"
DESCRIBE.MARSH_TREE.BURNING	尖刺。火。	2180	物品名:"针刺树"->正在燃烧
DESCRIBE.MARSH_TREE.BURNT	现在它是一棵被烧焦了的针刺树。	2181	物品名:"针刺树"->烧焦的
DESCRIBE.MARSH_TREE.CHOPPED	现在没那么多刺了。	2182	物品名:"针刺树"->被砍了
DESCRIBE.MARSH_TREE.GENERIC	那些尖刺看起来很锋利。	2183	物品名:"针刺树"->默认
DESCRIBE.MAXWELL	一个奇怪的家伙。	2185	single player  -- 物品名:"麦斯威尔"->单机 麦斯威尔
DESCRIBE.MAXWELLHEAD	妾身可以看到许多背后的胸袭。	2186	removed  -- 物品名:"麦斯威尔的头"->单机 麦斯威尔的头
DESCRIBE.MAXWELLLIGHT	妾身想知道它们干什么的。	2187	single player  -- 物品名:"麦斯威尔灯"->单机 麦斯威尔的灯
DESCRIBE.MAXWELLLOCK	看起来就像一个钥匙孔。	2188	single player  -- 物品名:"梦魇锁"->单机 麦斯威尔的噩梦锁
DESCRIBE.MAXWELLTHRONE	那个看起来不太舒适。	2189	single player  -- 物品名:"梦魇王座"->单机 麦斯威尔的噩梦王座
DESCRIBE.MEAT	虽然有点腥味，但还凑合。	2190	物品名:"肉"
DESCRIBE.MEATBALLS	它只是一大块肉而已。	2191	物品名:"肉丸"
DESCRIBE.MEATRACK.DONE	肉干可以吃了。	2194	物品名:"晾肉架"->完成了 制造描述:"晾肉的架子。"
DESCRIBE.MEATRACK.DRYING	肉风干需要一些时间。	2195	物品名:"晾肉架"->正在风干 制造描述:"晾肉的架子。"
DESCRIBE.MEATRACK.DRYINGINRAIN	雨天晾干肉需要更长时间。	2196	物品名:"晾肉架"->雨天风干 制造描述:"晾肉的架子。"
DESCRIBE.MEATRACK.GENERIC	妾身该晾干一些肉。	2197	物品名:"晾肉架"->默认 制造描述:"晾肉的架子。"
DESCRIBE.MEATRACK.BURNT	晾肉架烧掉了。	2198	物品名:"晾肉架"->烧焦的 制造描述:"晾肉的架子。"
DESCRIBE.MEATRACK.DONE_NOTMEAT	干燥。	2199	物品名:"晾肉架" 制造描述:"晾肉的架子。"
DESCRIBE.MEATRACK.DRYING_NOTMEAT	风干可算不上烹饪。	2200	物品名:"晾肉架" 制造描述:"晾肉的架子。"
DESCRIBE.MEATRACK.DRYINGINRAIN_NOTMEAT	让雨改天再来吧。	2201	物品名:"晾肉架" 制造描述:"晾肉的架子。"
DESCRIBE.MEAT_DRIED	这肉够干的了。	2203	物品名:"肉干"
DESCRIBE.MERM	鱼腥味十足。	2204	物品名:"鱼人"
DESCRIBE.MERMHEAD.GENERIC	整天都会闻到。	2207	物品名:"鱼人头"->默认
DESCRIBE.MERMHEAD.BURNT	烧过的妖兽肉闻起来更糟糕了。	2208	物品名:"鱼人头"->烧焦的
DESCRIBE.MERMHOUSE.GENERIC	谁会住在这种地方？	2212	物品名:"漏雨的小屋"->默认
DESCRIBE.MERMHOUSE.BURNT	现在没地方住了。	2213	物品名:"漏雨的小屋"->烧焦的
DESCRIBE.MINERHAT	光亮。	2215	物品名:"矿工帽" 制造描述:"用你脑袋上的灯照亮夜晚。"
DESCRIBE.MONKEY	好奇的小家伙。	2216	物品名:"穴居猴"
DESCRIBE.MONKEYBARREL	那东西刚刚是不是动了？	2217	物品名:"穴居猴桶"
DESCRIBE.MONSTERLASAGNA	这是浪费食物。	2218	物品名:"怪物千层饼"
DESCRIBE.FLOWERSALAD	一碗绿叶子。	2219	物品名:"花沙拉"
DESCRIBE.ICECREAM	妾身太想吃点冰凉的东西了。	2220	物品名:"冰淇淋"
DESCRIBE.WATERMELONICLE	冷冻西瓜。	2221	物品名:"西瓜冰棍"
DESCRIBE.TRAILMIX	天然的小点心。	2222	物品名:"什锦干果"
DESCRIBE.HOTCHILI	辣到喷火。	2223	物品名:"辣椒炖肉"
DESCRIBE.GUACAMOLE	这是什么。	2224	物品名:"鳄梨酱"
DESCRIBE.MONSTERMEAT	妾身不该吃那个。	2225	物品名:"怪物肉"
DESCRIBE.MONSTERMEAT_DRIED	气味奇怪的肉干。	2226	物品名:"怪物肉干"
DESCRIBE.MOOSE	妾身不清楚那东西是什么。	2227	物品名:"漏雨的小屋"
DESCRIBE.MOOSE_NESTING_GROUND	什么在那里。	2228	物品名:"漏雨的小屋"
DESCRIBE.MOOSEEGG	屋漏偏逢连夜雨。	2229	物品名:"漏雨的小屋"
DESCRIBE.MOSSLING	看起来很好吃。	2230	物品名:"麋鹿鹅幼崽"
DESCRIBE.FEATHERFAN	降温用的。	2231	物品名:"羽毛扇" 制造描述:"超柔软、超大的扇子。"
DESCRIBE.MINIFAN	风从后面吹来。	2232	物品名:"旋转的风扇" 制造描述:"你得跑起来，才能带来风。"
DESCRIBE.GOOSE_FEATHER	毛茸茸的。	2233	物品名:"麋鹿鹅羽毛"
DESCRIBE.STAFF_TORNADO	旋转的狂暴法力。	2234	物品名:"天气风向标" 制造描述:"把你的敌人吹走。"
DESCRIBE.MOSQUITO.GENERIC	讨厌的小东西。	2237	物品名:"蚊子"->默认
DESCRIBE.MOSQUITO.HELD	那是妾身的血吗？	2238	物品名:"蚊子"->拿在手里
DESCRIBE.MOSQUITOSACK	这也许是别人的血。	2240	物品名:"蚊子血囊"
DESCRIBE.MOUND.DUG	或许，这是他应得的。	2243	物品名:"坟墓"->被挖了
DESCRIBE.MOUND.GENERIC	下面有各种各样的好东西。	2244	物品名:"坟墓"->默认
DESCRIBE.NIGHTLIGHT	发出阴森可怕的气氛。	2246	物品名:"暗夜灯" 制造描述:"用你的噩梦点亮夜晚。"
DESCRIBE.NIGHTMAREFUEL	这东西有些古怪。	2247	物品名:"噩梦燃料" 制造描述:"傻子和疯子使用的邪恶残渣。"
DESCRIBE.NIGHTSWORD	为什么会有人做这个。	2248	物品名:"暗夜剑" 制造描述:"造成噩梦般的伤害。"
DESCRIBE.NITRE	稀有的石头。	2249	物品名:"硝石"
DESCRIBE.ONEMANBAND	妾身应该用别的。	2250	物品名:"独奏乐器" 制造描述:"疯子音乐家也有粉丝。"
DESCRIBE.OASISLAKE.GENERIC	这是海市蜃楼吗？	2253	物品名:"湖泊"->默认
DESCRIBE.OASISLAKE.EMPTY	干的像一块骨头。	2254	物品名:"湖泊"
DESCRIBE.PANDORASCHEST	里面可能有很好的东西。	2256	物品名:"华丽箱子"
DESCRIBE.PANFLUTE	安眠。	2257	物品名:"排箫" 制造描述:"抚慰凶猛野兽的音乐。"
DESCRIBE.PAPYRUS	一些纸。	2258	物品名:"莎草纸" 制造描述:"用于书写。"
DESCRIBE.WAXPAPER	一些蜡纸。	2259	物品名:"蜡纸" 制造描述:"用于打包东西。"
DESCRIBE.PENGUIN	妖兽繁殖的季节。	2260	物品名:"企鸥"
DESCRIBE.PERD	离那些浆果远点。	2261	物品名:"火鸡"
DESCRIBE.PEROGIES	这些东西味道相当不错。	2262	物品名:"波兰水饺"
DESCRIBE.PETALS	用来装饰。	2263	物品名:"花瓣"
DESCRIBE.PETALS_EVIL	妾身不确定想拿这些。	2264	物品名:"深色花瓣"
DESCRIBE.PHLEGM	浓稠的恶心东西。	2265	物品名:"脓鼻涕"
DESCRIBE.PICKAXE	凿碎东西。	2266	物品名:"鹤嘴锄" 制造描述:"凿碎岩石。"
DESCRIBE.PIGGYBACK	还挺合适。	2267	物品名:"猪皮包" 制造描述:"能装许多东西，但会减慢你的速度。"
DESCRIBE.PIGHEAD.GENERIC	看起来像是给大王的供品。	2270	物品名:"猪头"->默认
DESCRIBE.PIGHEAD.BURNT	外酥里嫩。	2271	物品名:"猪头"->烧焦的
DESCRIBE.PIGHOUSE.FULL	妾身可以看见有个鼻子贴着窗户。	2275	物品名:"猪屋"->满了 制造描述:"可以住一只猪。"
DESCRIBE.PIGHOUSE.GENERIC	这些猪妖的房子真不赖。	2276	物品名:"猪屋"->默认 制造描述:"可以住一只猪。"
DESCRIBE.PIGHOUSE.LIGHTSOUT	出来。妾身知道你在家。	2277	物品名:"猪屋"->关灯了 制造描述:"可以住一只猪。"
DESCRIBE.PIGHOUSE.BURNT	现在没那么舒适了吧，猪妖。	2278	物品名:"猪屋"->烧焦的 制造描述:"可以住一只猪。"
DESCRIBE.PIGKING	他身上好难闻。	2280	物品名:"猪王"
DESCRIBE.PIGMAN.DEAD	应该找人通知它的家人。	2283	物品名:"猪人"->死了
DESCRIBE.PIGMAN.FOLLOWER	你是妾身的奴隶之一。	2284	物品名:"猪人"->追随者
DESCRIBE.PIGMAN.GENERIC	他们有点吓人。	2285	物品名:"猪人"->默认
DESCRIBE.PIGMAN.GUARD	看起来很严肃。	2286	物品名:"猪人"->警戒
DESCRIBE.PIGMAN.WEREPIG	大胆，你想造反。	2287	物品名:"猪人"->疯猪
DESCRIBE.PIGSKIN	上面还带着尾巴。	2289	物品名:"猪皮"
DESCRIBE.PIGTENT	闻起来像好吃的。	2290	物品名:"猪人"
DESCRIBE.PIGTORCH	看上去挺惬意。	2291	物品名:"猪火炬"
DESCRIBE.PINECONE	妾身可以听见里面有一棵小树，努力想长出来。	2292	物品名:"松果"
DESCRIBE.PINECONE_SAPLING	它很快将长成一棵大树。	2293	物品名:"常青树苗"
DESCRIBE.LUMPY_SAPLING	这棵树是怎么长的？	2294	物品名:"臃肿树苗"
DESCRIBE.PITCHFORK	庶民的工具。	2295	物品名:"干草叉" 制造描述:"铲地用具。"
DESCRIBE.PLANTMEAT	看着不咋样。	2296	物品名:"叶肉"
DESCRIBE.PLANTMEAT_COOKED	至少它现在是热的。	2297	物品名:"熟叶肉"
DESCRIBE.PLANT_NORMAL.GENERIC	枝繁叶茂。	2300	物品名:"农作物"->默认
DESCRIBE.PLANT_NORMAL.GROWING	长得可真慢。	2301	物品名:"农作物"->正在生长
DESCRIBE.PLANT_NORMAL.READY	嗯。可以采摘了。	2302	物品名:"农作物"->准备好的 满的
DESCRIBE.PLANT_NORMAL.WITHERED	它是热死的。	2303	物品名:"农作物"->枯萎了
DESCRIBE.POMEGRANATE	它看起来就像血的珍珠。	2305	物品名:"石榴"
DESCRIBE.POMEGRANATE_COOKED	高级料理。	2306	物品名:"切片熟石榴"
DESCRIBE.POMEGRANATE_SEEDS	这是一颗种子。	2307	物品名:"风刮来的种子"
DESCRIBE.POND	妾身看不到底。	2308	物品名:"池塘"
DESCRIBE.POOP	不应该由我去做这些差事。	2309	物品名:"粪肥"
DESCRIBE.FERTILIZER	一桶污秽之物。	2310	物品名:"便便桶" 制造描述:"少拉点在手上，多拉点在庄稼上。"
DESCRIBE.PUMPKIN	妾身不喜好这个。	2311	物品名:"南瓜"
DESCRIBE.PUMPKINCOOKIE	还不错的南瓜饼。	2312	物品名:"南瓜饼干"
DESCRIBE.PUMPKIN_COOKED	它为什么没变成馅饼？	2313	物品名:"烤南瓜"
DESCRIBE.PUMPKIN_LANTERN	真可怕。	2314	物品名:"南瓜灯" 制造描述:"长着鬼脸的照明用具。"
DESCRIBE.PUMPKIN_SEEDS	这是一颗种子。	2315	物品名:"尖种子"
DESCRIBE.PURPLEAMULET	它在向妾身低语。	2316	物品名:"梦魇护符" 制造描述:"引起精神错乱。"
DESCRIBE.PURPLEGEM	紫色有点毁灭的意思。	2317	物品名:"紫宝石" 制造描述:"结合你们的颜色。"
DESCRIBE.RABBIT.GENERIC	他在找胡萝卜。	2320	物品名:"兔子"->默认
DESCRIBE.RABBIT.HELD	妾身要吃了你	2321	物品名:"兔子"->拿在手里
DESCRIBE.RABBITHOLE.GENERIC	那一定通向兔妖国。	2325	物品名:"兔洞"->默认
DESCRIBE.RABBITHOLE.SPRING	兔妖国本季封闭。	2326	物品名:"兔洞"->春天 or 潮湿
DESCRIBE.RAINOMETER.GENERIC	它能测出是否有雨。	2330	物品名:"雨量计"->默认 制造描述:"观测降雨机率。"
DESCRIBE.RAINOMETER.BURNT	测量部分化成一缕青烟了。	2331	物品名:"雨量计"->烧焦的 制造描述:"观测降雨机率。"
DESCRIBE.RAINCOAT	让雨水待在它应该在的地方。你的身体之外。	2333	物品名:"雨衣" 制造描述:"让你保持干燥的防水外套。"
DESCRIBE.RAINHAT	妾身不喜欢被雨淋湿。	2334	物品名:"雨帽" 制造描述:"手感柔软，防雨必备。"
DESCRIBE.RATATOUILLE	妾身其实不太喜欢这个。	2335	物品名:"蔬菜杂烩"
DESCRIBE.RAZOR	绑在棍子上的磨利的石头。	2336	物品名:"剃刀" 制造描述:"剃掉你脏脏的山羊胡子。"
DESCRIBE.REDGEM	它闪着温暖的光。	2337	物品名:"红宝石"
DESCRIBE.RED_CAP	闻起来怪怪的。	2338	物品名:"采摘的红蘑菇"
DESCRIBE.RED_CAP_COOKED	现在跟生蘑菇不同了...	2339	物品名:"熟红蘑菇"
DESCRIBE.RED_MUSHROOM.GENERIC	是蘑菇。	2342	物品名:"红蘑菇"->默认
DESCRIBE.RED_MUSHROOM.INGROUND	它在睡觉。	2343	物品名:"红蘑菇"->在地里面
DESCRIBE.RED_MUSHROOM.PICKED	不知道它会不会长回来？	2344	物品名:"红蘑菇"->被采完了
DESCRIBE.REEDS.BURNING	烧的真旺。	2348	物品名:"芦苇"->正在燃烧
DESCRIBE.REEDS.GENERIC	一簇芦苇。	2349	物品名:"芦苇"->默认
DESCRIBE.REEDS.PICKED	所有有用的芦苇都已采摘下来。	2350	物品名:"芦苇"->被采完了
DESCRIBE.RELIC	一些家具用品。	2352	物品名:"遗物"
DESCRIBE.RUINS_RUBBLE	这个可以修复。	2353	物品名:"损毁的废墟"
DESCRIBE.RUBBLE	只是些碎石块。	2354	物品名:"碎石"
DESCRIBE.RESEARCHLAB.GENERIC	很神奇的物件。	2357	物品名:"科学机器"->默认 制造描述:"解锁新的合成配方。"
DESCRIBE.RESEARCHLAB.BURNT	无用的东西。	2358	物品名:"科学机器"->烧焦的 制造描述:"解锁新的合成配方。"
DESCRIBE.RESEARCHLAB2.GENERIC	可以制造更多东西。	2362	物品名:"炼金引擎"->默认 制造描述:"解锁更多合成配方。"
DESCRIBE.RESEARCHLAB2.BURNT	无用的东西。	2363	物品名:"炼金引擎"->烧焦的 制造描述:"解锁更多合成配方。"
DESCRIBE.RESEARCHLAB3.GENERIC	妾身创造了什么？	2367	物品名:"暗影操控器"->默认 制造描述:"这还是科学吗？"
DESCRIBE.RESEARCHLAB3.BURNT	不管它原来是什么，现在已经烧掉了。	2368	物品名:"暗影操控器"->烧焦的 制造描述:"这还是科学吗？"
DESCRIBE.RESEARCHLAB4.GENERIC	谁会起个这样的名字？	2372	物品名:"灵子分解器"->默认 制造描述:"增强高礼帽的魔力。"
DESCRIBE.RESEARCHLAB4.BURNT	谁把它烧坏了...	2373	物品名:"灵子分解器"->烧焦的 制造描述:"增强高礼帽的魔力。"
DESCRIBE.RESURRECTIONSTATUE.GENERIC	凝聚肉身的力量吗。	2377	物品名:"肉块雕像"->默认 制造描述:"以肉的力量让你重生。"
DESCRIBE.RESURRECTIONSTATUE.BURNT	再也没用了。	2378	物品名:"肉块雕像"->烧焦的 制造描述:"以肉的力量让你重生。"
DESCRIBE.RESURRECTIONSTONE	摸摸石台总是个好主意。	2380	物品名:"试金石"
DESCRIBE.ROBIN.GENERIC	那是否意味着冬季已经结束了？	2383	物品名:"红雀"->默认
DESCRIBE.ROBIN.HELD	他喜欢停在妾身的身上。	2384	物品名:"红雀"->拿在手里
DESCRIBE.ROBIN_WINTER.GENERIC	寒荒之地的生命。	2388	物品名:"雪雀"->默认
DESCRIBE.ROBIN_WINTER.HELD	它如此柔软。	2389	物品名:"雪雀"->拿在手里
DESCRIBE.ROBOT_PUPPET	被困住了。	2391	single player  -- 物品名:"雪雀"
DESCRIBE.ROCK_LIGHT.GENERIC	裹了石皮的熔岩坑。	2394	removed  -- 物品名:"熔岩坑"->默认
DESCRIBE.ROCK_LIGHT.OUT	看起来很易碎。	2395	removed  -- 物品名:"熔岩坑"->出去？外面？
DESCRIBE.ROCK_LIGHT.LOW	那块熔岩正在裹上石皮。	2396	removed  -- 物品名:"熔岩坑"->低？
DESCRIBE.ROCK_LIGHT.NORMAL	真舒服。	2397	removed  -- 物品名:"熔岩坑"->普通
DESCRIBE.CAVEIN_BOULDER.GENERIC	妾身觉得可以举起这个。	2401	物品名:"岩石"->默认
DESCRIBE.CAVEIN_BOULDER.RAISED	太远了够不着。	2402	物品名:"岩石"->提高了？
DESCRIBE.ROCK	妾身身上里可装不下它。	2404	物品名:"岩石"
DESCRIBE.PETRIFIED_TREE	看来它被吓僵住了。	2405	物品名:"岩石"
DESCRIBE.ROCK_PETRIFIED_TREE	看起来有些可怕。	2406	物品名:"石化树"
DESCRIBE.ROCK_PETRIFIED_TREE_OLD	看起来有些可怕。	2407	物品名:"岩石"
DESCRIBE.ROCK_ICE.GENERIC	很凉快。	2410	物品名:"迷你冰川"->默认
DESCRIBE.ROCK_ICE.MELTED	在它再次冰冻之前，没什么用处。	2411	物品名:"迷你冰川"->融化了
DESCRIBE.ROCK_ICE_MELTED	在它再次冰冻之前，没什么用处。	2413	物品名:"融化的迷你冰川"
DESCRIBE.ICE	很凉快。	2414	物品名:"冰"
DESCRIBE.ROCKS	妾身可以用这些做点东西出来。	2415	物品名:"石头"
DESCRIBE.ROOK	木牛流马。	2416	物品名:"发条战车"
DESCRIBE.ROPE	一种短绳。	2417	物品名:"绳子" 制造描述:"紧密编成的草绳，非常有用。"
DESCRIBE.ROTTENEGG	恶臭。	2418	物品名:"腐烂鸟蛋"
DESCRIBE.ROYAL_JELLY	想吃点心了。	2419	物品名:"蜂王浆"
DESCRIBE.JELLYBEAN	吃起来应该不错。	2420	物品名:"彩虹糖豆"
DESCRIBE.SADDLE_BASIC	有了它就可以稳定些了。	2421	物品名:"鞍具" 制造描述:"你坐在动物身上。仅仅是理论上。"
DESCRIBE.SADDLE_RACE	这鞍具还不错。	2422	物品名:"闪亮鞍具" 制造描述:"抵消掉完成目标所花费的时间。或许。"
DESCRIBE.SADDLE_WAR	妾身还挺喜欢的。	2423	物品名:"战争鞍具" 制造描述:"战场首领的王位。"
DESCRIBE.SADDLEHORN	这能够卸下鞍具。	2424	物品名:"鞍角" 制造描述:"把鞍具撬开。"
DESCRIBE.SALTLICK	要驯养多久？	2425	物品名:"舔盐块" 制造描述:"好好喂养你家的牲畜。"
DESCRIBE.BRUSH	皮弗娄牛很喜欢这个。	2426	物品名:"刷子" 制造描述:"减缓皮弗娄牛毛发的生长速度。"
DESCRIBE.SANITYROCK.ACTIVE	那石头看起来真奇怪。	2429	物品名:"方尖碑"->激活了
DESCRIBE.SANITYROCK.INACTIVE	它的其余部分去哪儿了？	2430	物品名:"方尖碑"->没有激活
DESCRIBE.SAPLING.BURNING	烧得好快。	2434	物品名:"树苗"->正在燃烧
DESCRIBE.SAPLING.WITHERED	如果能给它降降温，也许它能好起来。	2435	物品名:"树苗"->枯萎了
DESCRIBE.SAPLING.GENERIC	小树苗略有用处。	2436	物品名:"树苗"->默认
DESCRIBE.SAPLING.PICKED	它尝到教训了。	2437	物品名:"树苗"->被采完了
DESCRIBE.SAPLING.DISEASED	它看上去很不舒服。	2438	removed  -- 物品名:"树苗"->生病了
DESCRIBE.SAPLING.DISEASING	有些地方不对劲。	2439	removed  -- 物品名:"树苗"->正在生病？？
DESCRIBE.SCARECROW.GENERIC	打扮好稻草人就不会有乌鸦了。	2443	物品名:"友善的稻草人"->默认 制造描述:"模仿最新的秋季时尚。"
DESCRIBE.SCARECROW.BURNING	有人让那个稻草人吃掉一些东西。	2444	物品名:"友善的稻草人"->正在燃烧 制造描述:"模仿最新的秋季时尚。"
DESCRIBE.SCARECROW.BURNT	有人烧坏了那个稻草人。	2445	物品名:"友善的稻草人"->烧焦的 制造描述:"模仿最新的秋季时尚。"
DESCRIBE.SCULPTINGTABLE.EMPTY	妾身可以用这东西来做个石雕。	2449	物品名:"陶轮" 制造描述:"大理石在你手里将像黏土一样。"
DESCRIBE.SCULPTINGTABLE.BLOCK	准备雕刻。	2450	物品名:"陶轮"->锁住了 制造描述:"大理石在你手里将像黏土一样。"
DESCRIBE.SCULPTINGTABLE.SCULPTURE	一个杰作。	2451	物品名:"陶轮"->雕像做好了 制造描述:"大理石在你手里将像黏土一样。"
DESCRIBE.SCULPTINGTABLE.BURNT	完全烧焦。	2452	物品名:"陶轮"->烧焦的 制造描述:"大理石在你手里将像黏土一样。"
DESCRIBE.SCULPTURE_KNIGHTHEAD	其余部分在哪里？	2454	物品名:"可疑的大理石"
DESCRIBE.SCULPTURE_KNIGHTBODY.COVERED	是一个古怪的大理石雕像。	2457	物品名:"大理石雕像"->被盖住了-三基佬雕像可以敲大理石的时候
DESCRIBE.SCULPTURE_KNIGHTBODY.UNCOVERED	妾身猜他在压力之下溃散了。	2458	物品名:"大理石雕像"->没有被盖住-三基佬雕像被开采后
DESCRIBE.SCULPTURE_KNIGHTBODY.FINISHED	终于又弄到一起了。	2459	物品名:"大理石雕像"->三基佬雕像修好了
DESCRIBE.SCULPTURE_KNIGHTBODY.READY	里面有东西在动。	2460	物品名:"大理石雕像"->准备好的 满的
DESCRIBE.SCULPTURE_BISHOPHEAD	那是一颗头吗？	2462	物品名:"可疑的大理石"
DESCRIBE.SCULPTURE_BISHOPBODY.COVERED	看起来很老，但感觉挺新。	2465	物品名:"大理石雕像"->被盖住了-三基佬雕像可以敲大理石的时候
DESCRIBE.SCULPTURE_BISHOPBODY.UNCOVERED	有一个大的碎片没找到。	2466	物品名:"大理石雕像"->没有被盖住-三基佬雕像被开采后
DESCRIBE.SCULPTURE_BISHOPBODY.FINISHED	然后呢？	2467	物品名:"大理石雕像"->三基佬雕像修好了
DESCRIBE.SCULPTURE_BISHOPBODY.READY	里面有东西在动。	2468	物品名:"大理石雕像"->准备好的 满的
DESCRIBE.SCULPTURE_ROOKNOSE	这是哪儿来的？	2470	物品名:"可疑的大理石"
DESCRIBE.SCULPTURE_ROOKBODY.COVERED	一种大理石雕像。	2473	物品名:"大理石雕像"->被盖住了-三基佬雕像可以敲大理石的时候
DESCRIBE.SCULPTURE_ROOKBODY.UNCOVERED	它不在最佳状态。	2474	物品名:"大理石雕像"->没有被盖住-三基佬雕像被开采后
DESCRIBE.SCULPTURE_ROOKBODY.FINISHED	所有都修补好了。	2475	物品名:"大理石雕像"->三基佬雕像修好了
DESCRIBE.SCULPTURE_ROOKBODY.READY	里面有东西在动。	2476	物品名:"大理石雕像"->准备好的 满的
DESCRIBE.GARGOYLE_HOUND	妾身不喜欢它看妾身的眼神。	2478	物品名:"可疑的月岩"
DESCRIBE.GARGOYLE_WEREPIG	它看起来栩栩如生。	2479	物品名:"可疑的月岩"
DESCRIBE.SEEDS	不知道会长出什么。	2480	物品名:"种子"
DESCRIBE.SEEDS_COOKED	其实妾身不太喜欢这个。	2481	物品名:"烤种子"
DESCRIBE.SEWING_KIT	该死。	2482	物品名:"针线包" 制造描述:"缝补受损的衣物。"
DESCRIBE.SEWING_TAPE	修补得不错。	2483	物品名:"可靠的胶布" 制造描述:"缝补受损的衣物。"
DESCRIBE.SHOVEL	地下隐藏着很多秘密。	2484	物品名:"铲子" 制造描述:"挖掘各种各样的东西。"
DESCRIBE.SILK	出自蜘蛛。	2485	物品名:"蜘蛛丝"
DESCRIBE.SKELETON	你死好过妾身死。	2486	物品名:"骷髅"
DESCRIBE.SCORCHED_SKELETON	真可怕。	2487	物品名:"易碎骷髅"
DESCRIBE.SKELETON_NOTPLAYER	不像是人骨。	2488	物品名:"骷髅"
DESCRIBE.SKULLCHEST	不确定要不要打开。	2489	removed  -- 物品名:"骷髅箱"
DESCRIBE.SMALLBIRD.GENERIC	好小的一只鸟。	2492	物品名:"小鸟"->默认
DESCRIBE.SMALLBIRD.HUNGRY	它看起来饿了。	2493	物品名:"小鸟"->有点饿了
DESCRIBE.SMALLBIRD.STARVING	它一定很饿。	2494	物品名:"小鸟"->挨饿
DESCRIBE.SMALLBIRD.SLEEPING	它都不偷偷睁眼看一下。	2495	物品名:"小鸟"->睡着了
DESCRIBE.SMALLMEAT	看起来还算可口。	2497	物品名:"小肉"
DESCRIBE.SMALLMEAT_DRIED	一小块肉干。	2498	物品名:"小风干肉"
DESCRIBE.SPAT	看起来脾气暴躁的妖兽。	2499	物品名:"钢羊"
DESCRIBE.SPEAR	好尖的一根棍子。	2500	物品名:"长矛" 制造描述:"使用尖的那一端。"
DESCRIBE.SPEAR_WATHGRITHR	看起来也是凡物。	2501	物品名:"战斗长矛" 制造描述:"黄金使它更锋利。"
DESCRIBE.WATHGRITHRHAT	那顶帽子有些奇特。	2502	物品名:"战斗头盔" 制造描述:"独角兽是你的保护神。"
DESCRIBE.SPIDER.DEAD	麻烦。	2505	物品名:"蜘蛛"->死了
DESCRIBE.SPIDER.GENERIC	妾身讨厌这些。	2506	物品名:"蜘蛛"->默认
DESCRIBE.SPIDER.SLEEPING	他醒来的时候妾身最好不要在这里。	2507	物品名:"蜘蛛"->睡着了
DESCRIBE.SPIDERDEN	真黏。	2509	物品名:"蜘蛛巢"
DESCRIBE.SPIDEREGGSACK	妾身希望这些不会孵化。	2510	物品名:"蜘蛛卵" 制造描述:"跟你的朋友寻求点帮助。"
DESCRIBE.SPIDERGLAND	可以帮妾身恢复一些肉身。	2511	物品名:"蜘蛛腺"
DESCRIBE.SPIDERHAT	妾身不太喜欢这个。	2512	物品名:"蜘蛛帽" 制造描述:"蜘蛛们会喊你\"妈妈\"。"
DESCRIBE.SPIDERQUEEN	区区3百年道行的妖精。	2513	物品名:"蜘蛛妖王"
DESCRIBE.SPIDER_WARRIOR.DEAD	终于摆脱了。	2516	物品名:"蜘蛛战士"->死了
DESCRIBE.SPIDER_WARRIOR.GENERIC	看起来比平常的蜘蛛更凶恶。	2517	物品名:"蜘蛛战士"->默认
DESCRIBE.SPIDER_WARRIOR.SLEEPING	妾身应当保持距离。	2518	物品名:"蜘蛛战士"->睡着了
DESCRIBE.SPOILED_FOOD	那是腐烂食物。	2520	物品名:"腐烂物"
DESCRIBE.STAGEHAND.AWAKE	总之不要伸出你的手。	2523	物品名:"舞台之手"->醒了
DESCRIBE.STAGEHAND.HIDING	这里有些古怪，但妾身说不出所以然。	2524	物品名:"舞台之手"->藏起来了
DESCRIBE.STATUE_MARBLE.GENERIC	高级的大理石雕像。	2528	物品名:"大理石雕像"->默认
DESCRIBE.STATUE_MARBLE.TYPE1	不要失去理智。	2529	物品名:"大理石雕像"->类型1
DESCRIBE.STATUE_MARBLE.TYPE2	雕像般的。	2530	物品名:"大理石雕像"->类型2
DESCRIBE.STATUE_MARBLE.TYPE3	妾身想知道是哪个石匠的作品。	2531	bird bath type statue  -- 物品名:"大理石雕像"
DESCRIBE.STATUEHARP	他的头怎么了？	2533	物品名:"竖琴雕像"
DESCRIBE.STATUEMAXWELL	他本人还要矮一点。	2534	物品名:"麦斯威尔雕像"
DESCRIBE.STEELWOOL	这么硬的东西能干嘛。	2535	物品名:"钢丝绵"
DESCRIBE.STINGER	看起来很尖锐。	2536	物品名:"针刺"
DESCRIBE.STRAWHAT	帽子总是会弄乱妾身的发型。	2537	物品名:"草帽" 制造描述:"帮助你保持清凉干爽。"
DESCRIBE.STUFFEDEGGPLANT	真的塞满了。	2538	物品名:"酿茄子"
DESCRIBE.SWEATERVEST	这件背心十分体面。	2539	物品名:"犬牙背心" 制造描述:"粗糙，但挺时尚。"
DESCRIBE.REFLECTIVEVEST	穿上凉爽许多。	2540	物品名:"清凉夏装" 制造描述:"穿上这件时尚的背心，让你神清气爽。"
DESCRIBE.HAWAIIANSHIRT	庶民的衣服。	2541	物品名:"花衬衫" 制造描述:"适合夏日穿着，或在周五便装日穿着。"
DESCRIBE.TAFFY	御膳房的新品。	2542	物品名:"太妃糖"
DESCRIBE.TALLBIRD	好高的一只鸟妖。	2543	物品名:"高脚鸟"
DESCRIBE.TALLBIRDEGG	它会孵化吗？	2544	物品名:"高脚鸟蛋"
DESCRIBE.TALLBIRDEGG_COOKED	美味又营养。	2545	物品名:"煎高脚鸟蛋"
DESCRIBE.TALLBIRDEGG_CRACKED.COLD	是它在哆嗦还是妾身在哆嗦？	2548	物品名:"冻伤"->冷了
DESCRIBE.TALLBIRDEGG_CRACKED.GENERIC	看起来它正在孵化。	2549	物品名:"孵化中的高脚鸟蛋"->默认
DESCRIBE.TALLBIRDEGG_CRACKED.HOT	蛋也会出汗吗？	2550	物品名:"中暑"->热了
DESCRIBE.TALLBIRDEGG_CRACKED.LONG	妾身感觉这需要一些时间...	2551	物品名:"孵化中的高脚鸟蛋"->还需要很久
DESCRIBE.TALLBIRDEGG_CRACKED.SHORT	它现在随时要孵出来了。	2552	物品名:"孵化中的高脚鸟蛋"->很快了
DESCRIBE.TALLBIRDNEST.GENERIC	那真是个不一般的蛋。	2556	物品名:"高脚鸟巢"->默认
DESCRIBE.TALLBIRDNEST.PICKED	巢是空的。	2557	物品名:"高脚鸟巢"->被采完了
DESCRIBE.TEENBIRD.GENERIC	不是很高的鸟。	2561	物品名:"小高脚鸟"->默认
DESCRIBE.TEENBIRD.HUNGRY	你想吃东西想的不行了？	2562	物品名:"小高脚鸟"->有点饿了
DESCRIBE.TEENBIRD.STARVING	它目露凶光。	2563	物品名:"小高脚鸟"->挨饿
DESCRIBE.TEENBIRD.SLEEPING	它在眯眼休息。	2564	物品名:"小高脚鸟"->睡着了
DESCRIBE.TELEPORTATO_BASE.ACTIVE	这是月光宝盒。	2568	single player  -- 物品名:"木制东西"->激活了
DESCRIBE.TELEPORTATO_BASE.GENERIC	这似乎通向另一界。	2569	single player  -- 物品名:"木制东西"->默认
DESCRIBE.TELEPORTATO_BASE.LOCKED	还少了些什么东西。	2570	single player  -- 物品名:"木制东西"->锁住了
DESCRIBE.TELEPORTATO_BASE.PARTIAL	很快，就要大功告成。	2571	single player  -- 物品名:"木制东西"->已经有部分了
DESCRIBE.TELEPORTATO_BOX	这可能控制着某一界。	2573	single player  -- 物品名:"盒状东西"
DESCRIBE.TELEPORTATO_CRANK	结实到足以应付最危险的。	2574	single player  -- 物品名:"曲柄东西"
DESCRIBE.TELEPORTATO_POTATO	这个可能有强大的法力...	2575	single player  -- 物品名:"金属土豆状东西"
DESCRIBE.TELEPORTATO_RING	一个可以聚集法力的圆环。	2576	single player  -- 物品名:"环状东西"
DESCRIBE.TELESTAFF	缩地成寸的小手段。	2577	物品名:"传送魔杖" 制造描述:"穿越空间的法杖。时间要另外收费。"
DESCRIBE.TENT.GENERIC	妾身可以很久不睡觉。	2580	物品名:"帐篷"->默认 制造描述:"回复理智值，但要花费时间并导致饥饿。"
DESCRIBE.TENT.BURNT	不剩什么睡觉的东西了。	2581	物品名:"帐篷"->烧焦的 制造描述:"回复理智值，但要花费时间并导致饥饿。"
DESCRIBE.SIESTAHUT.GENERIC	妾身要在芙蓉榻上午休。	2585	物品名:"遮阳篷"->默认 制造描述:"躲避烈日，回复理智值。"
DESCRIBE.SIESTAHUT.BURNT	它现在遮不了多少阳了。	2586	物品名:"遮阳篷"->烧焦的 制造描述:"躲避烈日，回复理智值。"
DESCRIBE.TENTACLE	那个看起来很危险。	2588	物品名:"触手"
DESCRIBE.TENTACLESPIKE	它又尖又黏。	2589	物品名:"触手尖刺"
DESCRIBE.TENTACLESPOTS	妾身觉得这应该略有用处。	2590	物品名:"触手皮"
DESCRIBE.TENTACLE_PILLAR	黏滑的触手。	2591	物品名:"大触手"
DESCRIBE.TENTACLE_PILLAR_HOLE	似乎很难闻，但值得一探。	2592	物品名:"硕大的泥坑"
DESCRIBE.TENTACLE_PILLAR_ARM	黏滑的小触手。	2593	物品名:"小触手"
DESCRIBE.TENTACLE_GARDEN	又一种黏滑的触手。	2594	物品名:"大触手"
DESCRIBE.TOPHAT	多好的帽子。	2595	物品名:"高礼帽" 制造描述:"最经典的帽子款式。"
DESCRIBE.TORCH	驱赶黑暗的东西。	2596	物品名:"火炬" 制造描述:"可携带的光源。"
DESCRIBE.TRANSISTOR	雷电让它呼呼作响。	2597	物品名:"电子元件" 制造描述:"科学至上。滋滋滋。"
DESCRIBE.TRAP	妾身把它编得很紧密。	2598	物品名:"陷阱" 制造描述:"捕捉小型生物。"
DESCRIBE.TRAP_TEETH	真是糟糕的意外。	2599	物品名:"犬牙陷阱" 制造描述:"弹出来并咬伤任何踩到它的东西。"
DESCRIBE.TRAP_TEETH_MAXWELL	妾身可不想踩在那上面。	2600	single player  -- 物品名:"麦斯威尔的犬牙陷阱" 制造描述:"弹出来并咬伤任何踩到它的东西。"
DESCRIBE.TREASURECHEST.GENERIC	一个工具箱。	2603	物品名:"箱子"->默认 制造描述:"一种结实的容器。"
DESCRIBE.TREASURECHEST.BURNT	那个箱子被烧掉了一截。	2604	物品名:"箱子"->烧焦的 制造描述:"一种结实的容器。"
DESCRIBE.TREASURECHEST.UPGRADED_STACKSIZE	一个箱子。	2605	物品名:"箱子" 制造描述:"一种结实的容器。"
DESCRIBE.TREASURECHEST_TRAP	真方便。	2607	物品名:"宝箱"
DESCRIBE.CHESTUPGRADE_STACKSIZE	神奇的法术，装的更多了。	2608	Describes the kit upgrade item.  -- 物品名:"弹性空间制造器" 制造描述:"为了一些存储空间，多少有点揠苗助长了。"
DESCRIBE.COLLAPSEDCHEST	大胆，是谁砸坏了箱子。	2609	物品名:"损坏的箱子"
DESCRIBE.SACRED_CHEST.GENERIC	妾身听到低语了。它想要什么东西。	2612	物品名:"远古宝箱"->默认
DESCRIBE.SACRED_CHEST.LOCKED	它正在做出判断。	2613	物品名:"远古宝箱"->锁住了
DESCRIBE.TREECLUMP	是不是有人想把妾身困在这里。	2615	removed  -- 物品名:"远古宝箱"
DESCRIBE.TRINKET_1	融化了。或许薇洛和他们相处愉快？	2616	Melted Marbles  -- 物品名:"熔化的弹珠"
DESCRIBE.TRINKET_2	你跟卡祖有什么关系？	2617	Fake Kazoo  -- 物品名:"假卡祖笛"
DESCRIBE.TRINKET_3	那是个死结。永远打不开的结。	2618	Gord's Knot  -- 物品名:"戈尔迪之结"
DESCRIBE.TRINKET_4	它一定是某种宗教物品。	2619	Gnome  -- 物品名:"地精爷爷"
DESCRIBE.TRINKET_5	它太小了，妾身没法乘坐它逃离。	2620	Toy Rocketship  -- 物品名:"迷你火箭"
DESCRIBE.TRINKET_6	破破烂烂的。	2621	Frazzled Wires  -- 物品名:"烂电线"
DESCRIBE.TRINKET_7	没有时间享乐了。	2622	Ball and Cup  -- 物品名:"杯子和球"
DESCRIBE.TRINKET_8	这是个什么东西。	2623	Rubber Bung  -- 物品名:"硬化橡胶塞"
DESCRIBE.TRINKET_9	妾身不需要自己更衣。	2624	Mismatched Buttons  -- 物品名:"不搭的纽扣"
DESCRIBE.TRINKET_10	谁的牙齿。	2625	Dentures  -- 物品名:"二手假牙"
DESCRIBE.TRINKET_11	谎言。	2626	Lying Robot  -- 物品名:"机器人玩偶"
DESCRIBE.TRINKET_12	妖兽章鱼干。	2627	Dessicated Tentacle  -- 物品名:"干瘪的触手"
DESCRIBE.TRINKET_13	某种宗教物品。	2628	Gnomette  -- 物品名:"地精奶奶"
DESCRIBE.TRINKET_14	现在能喝点啥	2629	Leaky Teacup  -- 物品名:"漏水的茶杯"
DESCRIBE.TRINKET_15	...麦斯威尔又落下了他的行头。	2630	Pawn  -- 物品名:"白色主教"
DESCRIBE.TRINKET_16	...麦斯威尔又落下了他的行头。	2631	Pawn  -- 物品名:"黑色主教"
DESCRIBE.TRINKET_17	这是什么器具。	2632	Bent Spork  -- 物品名:"弯曲的叉子"
DESCRIBE.TRINKET_18	妾身想知道它在隐藏什么？	2633	Trojan Horse  -- 物品名:"玩具木马"
DESCRIBE.TRINKET_19	结网不是很顺利。	2634	Unbalanced Top  -- 物品名:"失衡陀螺"
DESCRIBE.TRINKET_20	用它挠痒吗。	2635	Backscratcher  -- 物品名:"痒痒挠"
DESCRIBE.TRINKET_21	这个东西坏了。	2636	Egg Beater  -- 物品名:"破搅拌器"
DESCRIBE.TRINKET_22	这个绳子有何用处。	2637	Frayed Yarn  -- 物品名:"磨损的纱线"
DESCRIBE.TRINKET_23	妾身不需要自己穿靴。	2638	Shoehorn  -- 物品名:"鞋拔子"
DESCRIBE.TRINKET_24	幸运的小猫。	2639	Lucky Cat Jar  -- 物品名:"幸运猫扎尔"
DESCRIBE.TRINKET_25	闻起来有点不新鲜。	2640	Air Unfreshener  -- 物品名:"臭气制造器"
DESCRIBE.TRINKET_26	食物和杯子。	2641	Potato Cup  -- 物品名:"土豆杯"
DESCRIBE.TRINKET_27	如果你解开它，你可以从远处刺到别人。	2642	Coat Hanger  -- 物品名:"钢丝衣架"
DESCRIBE.TRINKET_28	简直就是阴谋。	2643	Rook  -- 物品名:"白色战车"
DESCRIBE.TRINKET_29	简直就是阴谋。	2644	Rook  -- 物品名:"黑色战车"
DESCRIBE.TRINKET_30	他怎么到处乱丢呢。	2645	Knight  -- 物品名:"白色骑士"
DESCRIBE.TRINKET_31	他怎么到处乱丢呢。	2646	Knight  -- 物品名:"黑色骑士"
DESCRIBE.TRINKET_32	妾身认识喜欢这个的人。	2647	Cubic Zirconia Ball  -- 物品名:"立方氧化锆球"
DESCRIBE.TRINKET_33	希望不会引来蜘蛛。	2648	Spider Ring  -- 物品名:"蜘蛛指环"
DESCRIBE.TRINKET_34	可怜的小猴子。	2649	Monkey Paw  -- 物品名:"猴爪"
DESCRIBE.TRINKET_35	谁偷吃了里面的东西。	2650	Empty Elixir  -- 物品名:"空的长生不老药"
DESCRIBE.TRINKET_36	一颗假的牙齿。	2651	Faux fangs  -- 物品名:"人造尖牙"
DESCRIBE.TRINKET_37	断了的树桩。	2652	Broken Stake  -- 物品名:"断桩"
DESCRIBE.TRINKET_38	妾身想它是千里眼的东西。	2653	Binoculars Griftlands trinket  -- 物品名:"双筒望远镜"
DESCRIBE.TRINKET_39	妾身想知道另一只在哪里？	2654	Lone Glove Griftlands trinket  -- 物品名:"单只手套"
DESCRIBE.TRINKET_40	公平称。	2655	Snail Scale Griftlands trinket  -- 物品名:"蜗牛秤"
DESCRIBE.TRINKET_41	摸起来有点温热。	2656	Goop Canister Hot Lava trinket  -- 物品名:"黏液罐"
DESCRIBE.TRINKET_42	它充满了某人的童年记忆。	2657	Toy Cobra Hot Lava trinket  -- 物品名:"玩具眼镜蛇"
DESCRIBE.TRINKET_43	它不太擅长跳跃。	2658	Crocodile Toy Hot Lava trinket  -- 物品名:"鳄鱼玩具"
DESCRIBE.TRINKET_44	它是某种植物的样貌。	2659	Broken Terrarium ONI trinket  -- 物品名:"破碎的玻璃罐"
DESCRIBE.TRINKET_45	回音石。	2660	Odd Radio ONI trinket  -- 物品名:"奇怪的收音机"
DESCRIBE.TRINKET_46	这是什么丢下的吗？	2661	Hairdryer ONI trinket  -- 物品名:"损坏的吹风机"
DESCRIBE.LOST_TOY_1	忍不住想玩弄一下。	2662	物品名:"遗失的玻璃球"
DESCRIBE.LOST_TOY_2	忍不住想玩弄一下。	2663	物品名:"多愁善感的卡祖笛"
DESCRIBE.LOST_TOY_7	忍不住想玩弄一下。	2664	物品名:"珍视的抽线陀螺"
DESCRIBE.LOST_TOY_10	忍不住想玩弄一下。	2665	物品名:"缺少的牙齿"
DESCRIBE.LOST_TOY_11	忍不住想玩弄一下。	2666	物品名:"珍贵的玩具机器人"
DESCRIBE.LOST_TOY_14	忍不住想玩弄一下。	2667	物品名:"妈妈最爱的茶杯"
DESCRIBE.LOST_TOY_18	忍不住想玩弄一下。	2668	物品名:"宝贵的玩具木马"
DESCRIBE.LOST_TOY_19	忍不住想玩弄一下。	2669	物品名:"最爱的陀螺"
DESCRIBE.LOST_TOY_42	忍不住想玩弄一下。	2670	物品名:"装错的玩具眼镜蛇"
DESCRIBE.LOST_TOY_43	忍不住想玩弄一下。	2671	物品名:"宠爱的鳄鱼玩具"
DESCRIBE.HALLOWEENCANDY_1	这个太甜了。	2672	物品名:"糖果苹果"
DESCRIBE.HALLOWEENCANDY_2	香甜的玉米。	2673	物品名:"糖果玉米"
DESCRIBE.HALLOWEENCANDY_3	是…玉米。	2674	物品名:"不太甜的玉米"
DESCRIBE.HALLOWEENCANDY_4	它们一路蠕动下来。	2675	物品名:"粘液蜘蛛"
DESCRIBE.HALLOWEENCANDY_5	其实妾身还挺喜欢的。	2676	物品名:"浣猫糖果"
DESCRIBE.HALLOWEENCANDY_6	妾身不喜欢吃那些东西。	2677	物品名:"\"葡萄干\""
DESCRIBE.HALLOWEENCANDY_7	没有很喜欢。	2678	物品名:"葡萄干"
DESCRIBE.HALLOWEENCANDY_8	不会喜欢上这东西。	2679	物品名:"鬼魂棒棒糖"
DESCRIBE.HALLOWEENCANDY_9	粘牙。	2680	物品名:"果冻虫"
DESCRIBE.HALLOWEENCANDY_10	不会喜欢上这东西。	2681	物品名:"触手棒棒糖"
DESCRIBE.HALLOWEENCANDY_11	比有的东西尝起来味道好多了。	2682	物品名:"巧克力猪"
DESCRIBE.HALLOWEENCANDY_12	那块糖果刚动了一下吗？	2683	ONI meal lice candy  -- 物品名:"糖果虱"
DESCRIBE.HALLOWEENCANDY_13	妾身可怜的下巴。	2684	Griftlands themed candy  -- 物品名:"无敌硬糖"
DESCRIBE.HALLOWEENCANDY_14	妾身吃不了辣。	2685	Hot Lava pepper candy  -- 物品名:"熔岩椒"
DESCRIBE.CANDYBAG	它是某种美味的小小的甜点。	2686	物品名:"糖果袋" 制造描述:"只带万圣夜好吃的东西。"
DESCRIBE.HALLOWEEN_ORNAMENT_1	一个可以挂在树上的装饰物。	2687	物品名:"幽灵装饰"
DESCRIBE.HALLOWEEN_ORNAMENT_2	古怪的装饰。	2688	物品名:"蝙蝠装饰"
DESCRIBE.HALLOWEEN_ORNAMENT_3	这块木头看起来很适合挂起来。	2689	物品名:"蜘蛛装饰"
DESCRIBE.HALLOWEEN_ORNAMENT_4	咄咄逼人。	2690	物品名:"触手装饰"
DESCRIBE.HALLOWEEN_ORNAMENT_5	八只手的装饰。	2691	物品名:"穴居悬蛛装饰"
DESCRIBE.HALLOWEEN_ORNAMENT_6	最近大家都在热烈讨论树的装饰。	2692	物品名:"乌鸦装饰"
DESCRIBE.HALLOWEENPOTION_DRINKS_WEAK	原以为会更大呢。	2693	物品名:"远古宝箱"
DESCRIBE.HALLOWEENPOTION_DRINKS_POTENT	强力药水。	2694	物品名:"远古宝箱"
DESCRIBE.HALLOWEENPOTION_BRAVERY	馈赠。	2695	物品名:"远古宝箱"
DESCRIBE.HALLOWEENPOTION_MOON	注入了变异的法力。	2696	物品名:"月亮精华液"
DESCRIBE.HALLOWEENPOTION_FIRE_FX	烈火结晶。	2697	物品名:"远古宝箱"
DESCRIBE.MADSCIENCE_LAB	看起来充满了诡异。	2698	物品名:"疯狂科学家实验室" 制造描述:"疯狂实验无极限。唯独神智有极限。"
DESCRIBE.LIVINGTREE_ROOT	里面有东西。妾身要把它彻底根除。	2699	物品名:"完全正常的树根"
DESCRIBE.LIVINGTREE_SAPLING	它会长得大到吓人。	2700	物品名:"完全正常的树苗"
DESCRIBE.DRAGONHEADHAT	所以谁要在前面？	2701	物品名:"幸运兽脑袋" 制造描述:"野兽装束的前端。"
DESCRIBE.DRAGONBODYHAT	中间的部分让妾身有点犹豫。	2702	物品名:"幸运兽躯体" 制造描述:"野兽装束的中间部分。"
DESCRIBE.DRAGONTAILHAT	神龙摆尾的洋气帽子。	2703	物品名:"幸运兽尾巴" 制造描述:"野兽装束的尾端。"
DESCRIBE.PERDSHRINE.GENERIC	感觉它想要什么东西。	2706	物品名:"火鸡神龛"->默认 制造描述:"供奉庄严之火鸡。"
DESCRIBE.PERDSHRINE.EMPTY	妾身要在那里种些东西。	2707	物品名:"火鸡神龛" 制造描述:"供奉庄严之火鸡。"
DESCRIBE.PERDSHRINE.BURNT	完全没用了。	2708	物品名:"火鸡神龛"->烧焦的 制造描述:"供奉庄严之火鸡。"
DESCRIBE.REDLANTERN	这个灯笼感觉比其他灯笼特别。	2710	物品名:"红灯笼" 制造描述:"照亮你的路的幸运灯笼。"
DESCRIBE.LUCKY_GOLDNUGGET	多么幸运的发现。	2711	物品名:"幸运黄金"
DESCRIBE.FIRECRACKERS	年兽的克星。	2712	物品名:"红鞭炮" 制造描述:"用爆炸来庆祝。"
DESCRIBE.PERDFAN	非常大。	2713	物品名:"幸运扇" 制造描述:"额外的运气，超级多。"
DESCRIBE.REDPOUCH	里面有什么东西吗？	2714	物品名:"红包"
DESCRIBE.WARGSHRINE.GENERIC	妾身得做点好玩的东西。	2717	物品名:"座狼神龛"->默认 制造描述:"供奉陶土之座狼。"
DESCRIBE.WARGSHRINE.EMPTY	妾身需要在里面放支火把。	2718	物品名:"座狼神龛" 制造描述:"供奉陶土之座狼。"
DESCRIBE.WARGSHRINE.BURNING	妾身得做点好玩的东西。	2719	for willow to override  -- 物品名:"座狼神龛"->正在燃烧 制造描述:"供奉陶土之座狼。"
DESCRIBE.WARGSHRINE.BURNT	它烧毁了。	2720	物品名:"座狼神龛"->烧焦的 制造描述:"供奉陶土之座狼。"
DESCRIBE.CLAYWARG.GENERIC	黏土怪物。	2724	物品名:"黏土座狼"->默认
DESCRIBE.CLAYWARG.STATUE	它刚刚是不是动了？	2725	物品名:"黏土座狼"->雕像
DESCRIBE.CLAYHOUND.GENERIC	它脱离束缚了。	2729	物品名:"黏土猎犬"->默认
DESCRIBE.CLAYHOUND.STATUE	它看起来好逼真。	2730	物品名:"黏土猎犬"->雕像
DESCRIBE.HOUNDWHISTLE	这个能阻挡狗的脚步。	2732	物品名:"幸运哨子" 制造描述:"对野猎犬吹哨。"
DESCRIBE.CHESSPIECE_CLAYHOUND	反正栓着了，妾身才不担心呢。	2733	物品名:"猎犬雕塑"
DESCRIBE.CHESSPIECE_CLAYWARG	妾身可不喜欢这个。	2734	物品名:"座狼雕塑"
DESCRIBE.PIGSHRINE.GENERIC	有更多东西要做。	2737	物品名:"猪神龛"->默认 制造描述:"供奉富饶之猪人。"
DESCRIBE.PIGSHRINE.EMPTY	它想要肉。	2738	物品名:"猪神龛" 制造描述:"供奉富饶之猪人。"
DESCRIBE.PIGSHRINE.BURNT	烧焦了。	2739	物品名:"猪神龛"->烧焦的 制造描述:"供奉富饶之猪人。"
DESCRIBE.PIG_TOKEN	这个看起来很重要。	2741	物品名:"金腰带"
DESCRIBE.PIG_COIN	在战斗中花掉它会有好的回报。	2742	物品名:"猪鼻铸币"
DESCRIBE.YOTP_FOOD1	一场适合妾身的盛宴。	2743	物品名:"贡品烤肉" 制造描述:"向猪王敬肉。"
DESCRIBE.YOTP_FOOD2	只有妖兽才会喜欢的食物。	2744	物品名:"八宝泥馅饼" 制造描述:"那里隐藏着什么？"
DESCRIBE.YOTP_FOOD3	没什么精致的。	2745	物品名:"鱼头串" 制造描述:"棍子上的荣华富贵。"
DESCRIBE.PIGELITE1	看什么呢？	2746	BLUE  -- 物品名:"韦德"
DESCRIBE.PIGELITE2	他有些狂热。	2747	RED  -- 物品名:"伊格内修斯"
DESCRIBE.PIGELITE3	你眼里有些什么。	2748	WHITE  -- 物品名:"德米特里"
DESCRIBE.PIGELITE4	难道你不想打其他人吗？	2749	GREEN  -- 物品名:"索耶"
DESCRIBE.PIGELITEFIGHTER1	看什么看？	2750	BLUE  -- 物品名:"韦德"
DESCRIBE.PIGELITEFIGHTER2	他有些狂。	2751	RED  -- 物品名:"伊格内修斯"
DESCRIBE.PIGELITEFIGHTER3	你眼里有些什么。	2752	WHITE  -- 物品名:"德米特里"
DESCRIBE.PIGELITEFIGHTER4	难道你不想打其他人吗？	2753	GREEN  -- 物品名:"索耶"
DESCRIBE.CARRAT_GHOSTRACER	真令人不安啊。	2754	物品名:"查理的胡萝卜鼠"
DESCRIBE.YOTC_CARRAT_RACE_START	不错的起点。	2755	物品名:"起点" 制造描述:"冲向比赛。"
DESCRIBE.YOTC_CARRAT_RACE_CHECKPOINT	关键的一点。	2756	物品名:"检查点" 制造描述:"通往光荣之路上的一站。"
DESCRIBE.YOTC_CARRAT_RACE_FINISH.GENERIC	不像终点的终点。	2759	物品名:"终点线"->默认 制造描述:"你走投无路了。"
DESCRIBE.YOTC_CARRAT_RACE_FINISH.BURNT	一把火烧的干干净净。	2760	物品名:"终点线"->烧焦的 制造描述:"你走投无路了。"
DESCRIBE.YOTC_CARRAT_RACE_FINISH.I_WON	是谁胜出了。	2761	物品名:"终点线" 制造描述:"你走投无路了。"
DESCRIBE.YOTC_CARRAT_RACE_FINISH.SOMEONE_ELSE_WON	恭喜了。	2762	物品名:"终点线" 制造描述:"你走投无路了。"
DESCRIBE.YOTC_CARRAT_RACE_START_ITEM	算是个开始。	2764	物品名:"起点套装" 制造描述:"冲向比赛。"
DESCRIBE.YOTC_CARRAT_RACE_CHECKPOINT_ITEM	总会抵达终点。	2765	物品名:"检查点套装" 制造描述:"通往光荣之路上的一站。"
DESCRIBE.YOTC_CARRAT_RACE_FINISH_ITEM	大限将至。	2766	物品名:"终点线套装" 制造描述:"你走投无路了。"
DESCRIBE.YOTC_SEEDPACKET	如果你问妾身，妾身会说看起来很多籽。	2767	物品名:"种子包" 制造描述:"一包普通的混合种子。"
DESCRIBE.YOTC_SEEDPACKET_RARE	还是稀罕货。	2768	物品名:"高级种子包" 制造描述:"一包高质量的种子。"
DESCRIBE.MINIBOATLANTERN	真亮。	2769	物品名:"漂浮灯笼" 制造描述:"闪着暖暖的光亮。"
DESCRIBE.YOTC_CARRATSHRINE.GENERIC	做什么呢……	2772	物品名:"胡萝卜鼠神龛"->默认 制造描述:"供奉灵巧之胡萝卜鼠。"
DESCRIBE.YOTC_CARRATSHRINE.EMPTY	嗯……胡萝卜鼠喜欢吃什么呢？	2773	物品名:"胡萝卜鼠神龛" 制造描述:"供奉灵巧之胡萝卜鼠。"
DESCRIBE.YOTC_CARRATSHRINE.BURNT	烤胡萝卜的味道。	2774	物品名:"胡萝卜鼠神龛"->烧焦的 制造描述:"供奉灵巧之胡萝卜鼠。"
DESCRIBE.YOTC_CARRAT_GYM_DIRECTION.GENERIC	指明方向。	2778	物品名:"方向健身房"->默认
DESCRIBE.YOTC_CARRAT_GYM_DIRECTION.RAT	你能否试试。	2779	物品名:"方向健身房"
DESCRIBE.YOTC_CARRAT_GYM_DIRECTION.BURNT	妾身向来不喜欢这些。	2780	物品名:"方向健身房"->烧焦的
DESCRIBE.YOTC_CARRAT_GYM_SPEED.GENERIC	妾身需要提高胡萝卜鼠的速度。	2784	物品名:"速度健身房"->默认
DESCRIBE.YOTC_CARRAT_GYM_SPEED.RAT	快点。	2785	物品名:"速度健身房"
DESCRIBE.YOTC_CARRAT_GYM_SPEED.BURNT	妾身可能放太多东西了。	2786	物品名:"速度健身房"->烧焦的
DESCRIBE.YOTC_CARRAT_GYM_REACTION.GENERIC	妾身来训练胡萝卜鼠的反应。	2790	物品名:"反应健身房"->默认
DESCRIBE.YOTC_CARRAT_GYM_REACTION.RAT	反应时间正在提高。	2791	物品名:"反应健身房"
DESCRIBE.YOTC_CARRAT_GYM_REACTION.BURNT	是谁烧了它，不能用了。	2792	物品名:"反应健身房"->烧焦的
DESCRIBE.YOTC_CARRAT_GYM_STAMINA.GENERIC	变得更加强壮了。	2796	物品名:"耐力健身房"->默认
DESCRIBE.YOTC_CARRAT_GYM_STAMINA.RAT	这只胡萝卜鼠……将无人能挡。	2797	物品名:"耐力健身房"
DESCRIBE.YOTC_CARRAT_GYM_STAMINA.BURNT	谁都阻挡不了进步。但这个会推迟它……	2798	物品名:"耐力健身房"->烧焦的
DESCRIBE.YOTC_CARRAT_GYM_DIRECTION_ITEM	妾身也可不想动。	2800	物品名:"方向健身房套装" 制造描述:"提高你的胡萝卜鼠的方向感。"
DESCRIBE.YOTC_CARRAT_GYM_SPEED_ITEM	妾身可以这个装起来。	2801	物品名:"速度健身房套装" 制造描述:"增加你的胡萝卜鼠的速度。"
DESCRIBE.YOTC_CARRAT_GYM_STAMINA_ITEM	这个会改善胡萝卜鼠的耐力	2802	物品名:"耐力健身房套装" 制造描述:"增强你的胡萝卜鼠的耐力。"
DESCRIBE.YOTC_CARRAT_GYM_REACTION_ITEM	胡萝卜鼠的反应时间可以用这个试试。	2803	物品名:"反应健身房套装" 制造描述:"加快你的胡萝卜鼠的反应时间。"
DESCRIBE.YOTC_CARRAT_SCALE_ITEM	可以秤妾身的胡萝卜鼠。	2804	物品名:"胡萝卜鼠秤套装" 制造描述:"看看你的胡萝卜鼠的情况。"
DESCRIBE.YOTC_CARRAT_SCALE.GENERIC	希望妾身能成功。	2807	物品名:"胡萝卜鼠秤"->默认
DESCRIBE.YOTC_CARRAT_SCALE.CARRAT	它终究只是一个有知觉的食物。	2808	物品名:"胡萝卜鼠" 制造描述:"灵巧机敏，富含胡萝卜素。"
DESCRIBE.YOTC_CARRAT_SCALE.CARRAT_GOOD	胡萝卜鼠熟到可以赛跑了。	2809	物品名:"胡萝卜鼠秤"
DESCRIBE.YOTC_CARRAT_SCALE.BURNT	真是一团糟	2810	物品名:"胡萝卜鼠秤"->烧焦的
DESCRIBE.YOTB_BEEFALOSHRINE.GENERIC	做什么呢……	2814	物品名:"皮弗娄牛神龛"->默认 制造描述:"供奉坚毅之皮弗娄牛。"
DESCRIBE.YOTB_BEEFALOSHRINE.EMPTY	嗯……皮弗娄牛是什么做的呢？	2815	物品名:"皮弗娄牛神龛" 制造描述:"供奉坚毅之皮弗娄牛。"
DESCRIBE.YOTB_BEEFALOSHRINE.BURNT	闻起来是烤肉的味道。	2816	物品名:"皮弗娄牛神龛"->烧焦的 制造描述:"供奉坚毅之皮弗娄牛。"
DESCRIBE.BEEFALO_GROOMER.GENERIC	没有皮弗娄牛让妾身打扮。	2820	物品名:"皮弗娄牛美妆台"->默认 制造描述:"美牛原型机。"
DESCRIBE.BEEFALO_GROOMER.OCCUPIED	让妾身来美化一下这头皮弗娄牛。	2821	物品名:"皮弗娄牛美妆台"->被占领 制造描述:"美牛原型机。"
DESCRIBE.BEEFALO_GROOMER.BURNT	妾身用最典雅的风格打扮了妾身的皮弗娄牛。	2822	物品名:"皮弗娄牛美妆台"->烧焦的 制造描述:"美牛原型机。"
DESCRIBE.BEEFALO_GROOMER_ITEM	妾身还是换个地方把它装起来吧。	2824	物品名:"美妆台套装" 制造描述:"美牛原型机。"
DESCRIBE.YOTR_RABBITSHRINE.GENERIC	做什么呢……	2827	物品名:"兔人神龛"->默认 制造描述:"供奉舒适之兔人。"
DESCRIBE.YOTR_RABBITSHRINE.EMPTY	那只兔子看起来饿了。	2828	物品名:"兔人神龛" 制造描述:"供奉舒适之兔人。"
DESCRIBE.YOTR_RABBITSHRINE.BURNT	闻起来像素食烧烤。	2829	物品名:"兔人神龛"->烧焦的 制造描述:"供奉舒适之兔人。"
DESCRIBE.NIGHTCAPHAT	妾身其实不太需要这个。	2831	物品名:"睡帽" 制造描述:"为你打瞌睡的脑袋准备的帽子。"
DESCRIBE.YOTR_FOOD1	它是用胡萝卜做的。	2832	物品名:"兔子卷" 制造描述:"制造这个蛋糕的过程中没有兔子受到伤害。"
DESCRIBE.YOTR_FOOD2	这是嫦娥姐姐做的吗。	2833	物品名:"月饼" 制造描述:"“蓝色”风味。"
DESCRIBE.YOTR_FOOD3	摇晃的甜点。	2834	物品名:"月冻" 制造描述:"这甜点美的让人不忍心咬一口。"
DESCRIBE.YOTR_FOOD4	兔兔——快跳到妾身嘴里来。	2835	物品名:"泡芙串" 制造描述:"蓬松有嚼劲的球。"
DESCRIBE.YOTR_TOKEN	这个东西妾身可不能给错人。	2836	物品名:"挑战手套" 制造描述:"告诉兔人你想在枕头大战里试试手。"
DESCRIBE.COZY_BUNNYMAN	他们看着很舒服的样子。	2837	物品名:"舒适的兔人"
DESCRIBE.HANDPILLOW_BEEFALOWOOL	要是它闻起来不像皮弗娄牛就好了。	2838	物品名:"皮弗娄牛毛枕头" 制造描述:"打出一记带牛毛的重击。"
DESCRIBE.HANDPILLOW_KELP	妾身不喜欢这么潮湿的东西。	2839	物品名:"海带枕头" 制造描述:"没有人喜欢盖着湿毯子睡。别以为湿枕头能好到哪去。"
DESCRIBE.HANDPILLOW_PETALS	起码比皮弗娄牛枕头好闻。	2840	物品名:"花朵枕头" 制造描述:"枕头里装满了花的力量。"
DESCRIBE.HANDPILLOW_STEELWOOL	谁会睡在这上面？	2841	物品名:"钢丝绵枕头" 制造描述:"专为枕头大战的严肃参赛者准备。"
DESCRIBE.BODYPILLOW_BEEFALOWOOL	要是它闻起来不像皮弗娄牛就好了。	2842	物品名:"皮弗娄牛枕头盔甲" 制造描述:"加强你的枕头防卫。"
DESCRIBE.BODYPILLOW_KELP	妾身不喜欢这么潮湿的东西。	2843	物品名:"海带枕头盔甲" 制造描述:"一套湿漉漉的枕头盔甲。"
DESCRIBE.BODYPILLOW_PETALS	起码比皮弗娄牛枕头好闻。	2844	物品名:"花朵枕头盔甲" 制造描述:"它提供了最低限度的保护，脱下它后你身上会有玫瑰花的香味。"
DESCRIBE.BODYPILLOW_STEELWOOL	谁会睡在这上面？	2845	物品名:"钢丝绵枕头盔甲" 制造描述:"一个可穿戴的枕头，既有效又令人不快。"
DESCRIBE.BISHOP_CHARGE_HIT	噢。	2846	物品名:"兔人神龛"->被主教攻击 制造描述:"供奉舒适之兔人。"
DESCRIBE.TRUNKVEST_SUMMER	休闲。	2847	物品名:"透气背心" 制造描述:"暖和，但算不上非常暖和。"
DESCRIBE.TRUNKVEST_WINTER	松软的背心。	2848	物品名:"松软背心" 制造描述:"足以抵御冬季暴雪的保暖背心。"
DESCRIBE.TRUNK_COOKED	有些嘴馋了。	2849	物品名:"象鼻排"
DESCRIBE.TRUNK_SUMMER	烧了应该会很美味。	2850	物品名:"象鼻"
DESCRIBE.TRUNK_WINTER	应该会很美味。	2851	物品名:"冬象鼻"
DESCRIBE.TUMBLEWEED	那个风滚草里裹着什么。	2852	物品名:"风滚草"
DESCRIBE.TURKEYDINNER	不喜欢那么柴的食物	2853	物品名:"火鸡正餐"
DESCRIBE.TWIGS	一堆小树枝。	2854	物品名:"树枝"
DESCRIBE.UMBRELLA	妾身讨厌弄湿头发。	2855	物品名:"雨伞" 制造描述:"遮阳挡雨。"
DESCRIBE.GRASS_UMBRELLA	妾身的不喜欢头发弄湿。	2856	物品名:"花伞" 制造描述:"漂亮轻便的保护伞。"
DESCRIBE.UNIMPLEMENTED	看起来还没有完工。	2857	物品名:"兔人神龛" 制造描述:"供奉舒适之兔人。"
DESCRIBE.WAFFLES	妾身在犹豫是否需要更多的糖。	2858	物品名:"华夫饼"
DESCRIBE.WALL_HAY.GENERIC	妾身想只能将就着用了。	2861	物品名:"草墙"->默认
DESCRIBE.WALL_HAY.BURNT	完全没用了。	2862	物品名:"草墙"->烧焦的
DESCRIBE.WALL_HAY_ITEM	这不像是个好主意。	2864	物品名:"草墙" 制造描述:"草墙墙体。不太结实。"
DESCRIBE.WALL_STONE	不错的墙。	2865	物品名:"石墙"
DESCRIBE.WALL_STONE_ITEM	它们让妾身有安全感。	2866	物品名:"石墙" 制造描述:"石墙墙体。"
DESCRIBE.WALL_RUINS	一段古老的墙。	2867	物品名:"铥墙"
DESCRIBE.WALL_RUINS_ITEM	一段坚固的历史。	2868	物品名:"铥墙" 制造描述:"这些墙可以承受相当多的打击。"
DESCRIBE.WALL_WOOD.GENERIC	尖的。	2871	物品名:"木墙"->默认
DESCRIBE.WALL_WOOD.BURNT	烧焦了。	2872	物品名:"木墙"->烧焦的
DESCRIBE.WALL_WOOD_ITEM	木桩。	2874	物品名:"木墙" 制造描述:"木墙墙体。"
DESCRIBE.WALL_MOONROCK	空灵而光滑。	2875	物品名:"月岩墙"
DESCRIBE.WALL_MOONROCK_ITEM	非常轻盈，但出人意料地坚硬。	2876	物品名:"月岩墙" 制造描述:"月球疯子之墙。"
DESCRIBE.WALL_DREADSTONE	这种感觉真……安全？	2877	物品名:"绝望石墙"
DESCRIBE.WALL_DREADSTONE_ITEM	会出什么问题？	2878	物品名:"绝望石墙" 制造描述:"将自己包围在最可怕的装饰之中。"
DESCRIBE.WALL_SCRAP	它是用垃圾做的。	2879	物品名:"废料墙"
DESCRIBE.WALL_SCRAP_ITEM	捆绑包装的垃圾。	2880	物品名:"废料墙" 制造描述:"一堆垃圾，大致呈墙壁状。"
DESCRIBE.FENCE	不过是个木头栅栏。	2881	物品名:"木栅栏"
DESCRIBE.FENCE_ITEM	能造出一个牢固的栅栏。	2882	物品名:"木栅栏" 制造描述:"木栅栏部分。"
DESCRIBE.FENCE_GATE	普通的门。	2883	物品名:"木门"
DESCRIBE.FENCE_GATE_ITEM	有了它就能造出稍微好些的门。	2884	物品名:"木门" 制造描述:"木栅栏的门。"
DESCRIBE.WALRUS	麻烦的生物。	2885	物品名:"海象"
DESCRIBE.WALRUSHAT	上面盖了一层毛皮。	2886	物品名:"贝雷帽"
DESCRIBE.WALRUS_CAMP.EMPTY	看起来有人在这里扎营。	2889	物品名:"海象营地"
DESCRIBE.WALRUS_CAMP.GENERIC	看起来里面温暖而舒适。	2890	物品名:"海象营地"->默认
DESCRIBE.WALRUS_TUSK	它最终肯定能派上用场。	2892	物品名:"海象牙"
DESCRIBE.WARDROBE.GENERIC	来人，妾身要更衣	2895	物品名:"衣柜"->默认 制造描述:"随心变换面容。"
DESCRIBE.WARDROBE.BURNING	烧得好快。	2896	物品名:"衣柜"->正在燃烧 制造描述:"随心变换面容。"
DESCRIBE.WARDROBE.BURNT	毁了。	2897	物品名:"衣柜"->烧焦的 制造描述:"随心变换面容。"
DESCRIBE.WARG	他和哮天犬谁更厉害。	2899	物品名:"座狼"
DESCRIBE.WARGLET	又要回到那些个日子了……	2900	物品名:"青年座狼"
DESCRIBE.WASPHIVE	妾身看那些蜜蜂都发疯了。	2901	物品名:"杀人蜂蜂窝"
DESCRIBE.WATERBALLOON	还是有些用处。	2902	物品名:"水球" 制造描述:"球体灭火。"
DESCRIBE.WATERMELON	清甜。	2903	物品名:"西瓜"
DESCRIBE.WATERMELON_COOKED	多汁而温热。	2904	物品名:"烤西瓜"
DESCRIBE.WATERMELONHAT	奇怪的感受。	2905	物品名:"西瓜帽" 制造描述:"提神醒脑，但感觉黏黏的。"
DESCRIBE.WAXWELLJOURNAL.GENERIC	真可怕。	2908	物品名:"暗影秘典"->默认 制造描述:"这将让你大吃一惊。"
DESCRIBE.WETGOOP	它尝起来没什么味道。	2911	物品名:"潮湿黏糊"
DESCRIBE.WHIP	没什么比大响声更能带来宁静的了。	2912	物品名:"三尾猫鞭" 制造描述:"提出有建设性的反馈意见。"
DESCRIBE.WINTERHAT	冬天来的时候，它能派上大用场。	2913	物品名:"冬帽" 制造描述:"保持脑袋温暖。"
DESCRIBE.WINTEROMETER.GENERIC	有些用处。	2916	物品名:"温度测量仪"->默认 制造描述:"测量环境气温。"
DESCRIBE.WINTEROMETER.BURNT	再也不能测量了。	2917	物品名:"温度测量仪"->烧焦的 制造描述:"测量环境气温。"
DESCRIBE.WINTER_TREE.BURNT	节日气氛受了影响。	2921	物品名:"冬季盛宴树"->烧焦的
DESCRIBE.WINTER_TREE.BURNING	妾身认为那是个错误。	2922	物品名:"冬季盛宴树"->正在燃烧
DESCRIBE.WINTER_TREE.CANDECORATE	冬季盛宴快乐。	2923	物品名:"冬季盛宴树"->烛台？？？
DESCRIBE.WINTER_TREE.YOUNG	马上就到冬季盛宴了。	2924	物品名:"冬季盛宴树"->还年轻
DESCRIBE.WINTER_TREESTAND.GENERIC	妾身需要一颗松果。	2928	物品名:"盛宴树盆"->默认 制造描述:"种植并装饰一棵冬季盛宴树。"
DESCRIBE.WINTER_TREESTAND.BURNT	节日气氛受了影响。	2929	物品名:"盛宴树盆"->烧焦的 制造描述:"种植并装饰一棵冬季盛宴树。"
DESCRIBE.WINTER_ORNAMENT	还不错。	2931	物品名:"圣诞小玩意"
DESCRIBE.WINTER_ORNAMENTLIGHT	电母能让他发光吗。	2932	物品名:"圣诞灯"
DESCRIBE.WINTER_ORNAMENTBOSS	这一个尤其令人印象深刻。	2933	物品名:"华丽的装饰"
DESCRIBE.WINTER_ORNAMENTFORGE	妾身应该把它悬火上烤。	2934	物品名:"熔炉装饰"
DESCRIBE.WINTER_ORNAMENTGORGE	不知道为什么，这让妾身觉得很饿。	2935	物品名:"暴食装饰"
DESCRIBE.WINTER_FOOD1	用点法术就能让他还魂。	2936	gingerbread cookie  -- 物品名:"小姜饼"
DESCRIBE.WINTER_FOOD2	妾身要吃几十个。	2937	sugar cookie  -- 物品名:"糖曲奇饼"
DESCRIBE.WINTER_FOOD3	感觉不错。	2938	candy cane  -- 物品名:"拐杖糖"
DESCRIBE.WINTER_FOOD4	那个不能吃。	2939	fruitcake  -- 物品名:"永远的水果蛋糕"
DESCRIBE.WINTER_FOOD5	美妙的味道。	2940	yule log cake  -- 物品名:"巧克力原木蛋糕"
DESCRIBE.WINTER_FOOD6	直接放进嘴里。	2941	plum pudding  -- 物品名:"李子布丁"
DESCRIBE.WINTER_FOOD7	令人沉醉。	2942	apple cider  -- 物品名:"苹果酒"
DESCRIBE.WINTER_FOOD8	喝了它热乎乎的。	2943	hot cocoa  -- 物品名:"热可可"
DESCRIBE.WINTER_FOOD9	它为什么味道这么棒。	2944	eggnog  -- 物品名:"美味的蛋酒"
DESCRIBE.WINTERSFEASTOVEN.GENERIC	喜庆的炉子，用来做火烤的食物。	2947	物品名:"砖砌烤炉"->默认 制造描述:"燃起了喜庆的火焰。"
DESCRIBE.WINTERSFEASTOVEN.COOKING	可以让它烧起来。	2948	物品名:"砖砌烤炉" 制造描述:"燃起了喜庆的火焰。"
DESCRIBE.WINTERSFEASTOVEN.ALMOST_DONE_COOKING	热起来了。	2949	物品名:"砖砌烤炉" 制造描述:"燃起了喜庆的火焰。"
DESCRIBE.WINTERSFEASTOVEN.DISH_READY	热起来了。	2950	物品名:"砖砌烤炉" 制造描述:"燃起了喜庆的火焰。"
DESCRIBE.BERRYSAUCE	浆果果酱。	2952	物品名:"快乐浆果酱"
DESCRIBE.BIBINGKA	柔软。	2953	物品名:"比宾卡米糕"
DESCRIBE.CABBAGEROLLS	其实妾身更喜欢其中荤的部分。	2954	物品名:"白菜卷"
DESCRIBE.FESTIVEFISH	品尝品尝时令海鲜。	2955	物品名:"节庆鱼料理"
DESCRIBE.GRAVY	全是肉汁。	2956	物品名:"好肉汁"
DESCRIBE.LATKES	妾身不太喜欢这些。	2957	物品名:"土豆饼"
DESCRIBE.LUTEFISK	那是什么。	2958	物品名:"苏打鱼"
DESCRIBE.MULLEDDRINK	这杯潘趣酒还不错。	2959	物品名:"香料潘趣酒"
DESCRIBE.PANETTONE	这个食物感觉还算应景。	2960	物品名:"托尼甜面包"
DESCRIBE.PAVLOVA	妾身还算喜欢。	2961	物品名:"巴甫洛娃蛋糕"
DESCRIBE.PICKLEDHERRING	不太好的味道。	2962	物品名:"腌鲱鱼"
DESCRIBE.POLISHCOOKIE	妾身还算喜欢。	2963	物品名:"波兰饼干"
DESCRIBE.PUMPKINPIE	妾身还算喜欢。	2964	物品名:"南瓜派"
DESCRIBE.ROASTTURKEY	妾身不太喜欢。	2965	物品名:"烤火鸡"
DESCRIBE.STUFFING	妾身不太喜欢。	2966	物品名:"烤火鸡面包馅"
DESCRIBE.SWEETPOTATO	妾身还算喜欢。	2967	物品名:"红薯焗饭"
DESCRIBE.TAMALES	妾身还算喜欢。	2968	物品名:"塔马利"
DESCRIBE.TOURTIERE	妾身还是妖形时吃的可不少。	2969	物品名:"饕餮馅饼"
DESCRIBE.TABLE_WINTERS_FEAST.GENERIC	节庆餐桌。	2972	物品名:"冬季盛宴餐桌"->默认 制造描述:"一起来享用冬季盛宴吧。"
DESCRIBE.TABLE_WINTERS_FEAST.HAS_FOOD	用膳时间到了。	2973	物品名:"冬季盛宴餐桌" 制造描述:"一起来享用冬季盛宴吧。"
DESCRIBE.TABLE_WINTERS_FEAST.WRONG_TYPE	不是吃这个的季节。	2974	物品名:"冬季盛宴餐桌" 制造描述:"一起来享用冬季盛宴吧。"
DESCRIBE.TABLE_WINTERS_FEAST.BURNT	谁会做这种事。	2975	物品名:"冬季盛宴餐桌"->烧焦的 制造描述:"一起来享用冬季盛宴吧。"
DESCRIBE.GINGERBREADWARG	甜品。	2977	物品名:"姜饼座狼"
DESCRIBE.GINGERBREADHOUSE	妾身还算喜欢。	2978	物品名:"姜饼猪屋"
DESCRIBE.GINGERBREADPIG	妾身最好跟着他。	2979	物品名:"姜饼猪"
DESCRIBE.CRUMBS	走一路掉一路。	2980	物品名:"饼干屑"
DESCRIBE.WINTERSFEASTFUEL	冬季精神。	2981	物品名:"节日欢愉"
DESCRIBE.KLAUS	那究竟是什么东西。	2982	物品名:"克劳斯"
DESCRIBE.KLAUS_SACK	妾身应该打开那东西。	2983	物品名:"赃物袋"
DESCRIBE.KLAUSSACKKEY	对一个鹿角来说这真是太花俏了。	2984	物品名:"麋鹿茸"
DESCRIBE.WORMHOLE.GENERIC	柔软。	2987	物品名:"虫洞"->默认
DESCRIBE.WORMHOLE.OPEN	妾身跳进去看看。	2988	物品名:"虫洞"->打开
DESCRIBE.WORMHOLE_LIMITED	看着不太对。	2990	物品名:"生病的虫洞"->一次性虫洞 单机
DESCRIBE.ACCOMPLISHMENT_SHRINE	妾身想让全世界都知道妾身的所作所为。	2991	single player  -- 物品名:"奖杯" 制造描述:"证明你作为一个人的价值。"
DESCRIBE.LIVINGTREE	它在观察妾身吗？	2992	物品名:"完全正常的树"
DESCRIBE.ICESTAFF	摸上去冷冰冰的。	2993	物品名:"冰魔杖" 制造描述:"把敌人冰冻在原地。"
DESCRIBE.REVIVER	这是地府的东西吗，可以让人还魂。	2994	物品名:"告密的心" 制造描述:"鬼魂朋友复活了，好可怕。"
DESCRIBE.SHADOWHEART	一颗黑心...	2995	物品名:"暗影心房"
DESCRIBE.ATRIUM_RUBBLE.LINE_1	人们看起来又饿又怕。	2998	物品名:"远古壁画"->第一行
DESCRIBE.ATRIUM_RUBBLE.LINE_2	这块石板已经无法识别了。	2999	物品名:"远古壁画"->第二行
DESCRIBE.ATRIUM_RUBBLE.LINE_3	有黑暗的东西悄悄逼近。	3000	物品名:"远古壁画"->第三行
DESCRIBE.ATRIUM_RUBBLE.LINE_4	人们表里截然不同。	3001	物品名:"远古壁画"->第四行
DESCRIBE.ATRIUM_RUBBLE.LINE_5	这里描绘了一座宏伟城市。	3002	物品名:"远古壁画"->第五行
DESCRIBE.ATRIUM_STATUE	这看起来并不全是真的。	3004	物品名:"远古雕像"
DESCRIBE.ATRIUM_LIGHT.ON	非常令人不安的光。	3007	物品名:"远古灯柱"->开启
DESCRIBE.ATRIUM_LIGHT.OFF	它必须有灵力来源。	3008	物品名:"远古灯柱"->关闭
DESCRIBE.ATRIUM_GATE.ON	回到正常状态。	3012	物品名:"远古大门"->开启
DESCRIBE.ATRIUM_GATE.OFF	主要部分依然完好无损。	3013	物品名:"远古大门"->关闭
DESCRIBE.ATRIUM_GATE.CHARGING	它正在获得灵力。	3014	物品名:"远古大门"->充能中
DESCRIBE.ATRIUM_GATE.DESTABILIZING	大门在晃动。	3015	物品名:"远古大门"->不稳定
DESCRIBE.ATRIUM_GATE.COOLDOWN	它需要时间恢复。妾身也是。	3016	物品名:"远古大门"->冷却中
DESCRIBE.ATRIUM_KEY	它在向外散发灵力。	3018	物品名:"远古钥匙"
DESCRIBE.LIFEINJECTOR	恢复一些肉身。	3019	物品名:"强心针" 制造描述:"提高下你那日渐衰退的最大健康值吧。"
DESCRIBE.SKELETON_PLAYER.MALE	%s一定是在和%s进行试验时死的。	3022	物品名:"骷髅"->男性
DESCRIBE.SKELETON_PLAYER.FEMALE	%s一定是在和%s进行试验时死的。	3023	物品名:"骷髅"->女性
DESCRIBE.SKELETON_PLAYER.ROBOT	%s一定是在和%s进行试验时死的。	3024	物品名:"骷髅"->机器人
DESCRIBE.SKELETON_PLAYER.DEFAULT	%s一定是在和%s进行试验时死的。	3025	物品名:"物品栏物品"->默认
DESCRIBE.HUMANMEAT	肉就是肉。有区别么？	3027	物品名:"长猪"
DESCRIBE.HUMANMEAT_COOKED	煮的粉嫩。	3028	物品名:"熟长猪"
DESCRIBE.HUMANMEAT_DRIED	风干了。	3029	物品名:"长猪肉干"
DESCRIBE.ROCK_MOON	那块石头来自月亮。	3030	物品名:"岩石"
DESCRIBE.MOONROCKNUGGET	那块石头来自月亮。	3031	物品名:"月岩"
DESCRIBE.MOONROCKCRATER	妾身应该把闪亮的东西粘在它里面。。	3032	物品名:"带孔月岩" 制造描述:"用于划定地盘的岩石。"
DESCRIBE.MOONROCKSEED	嫦娥的宝贝。	3033	物品名:"天体宝球"
DESCRIBE.REDMOONEYE	它能能在很远被看到。	3034	物品名:"红色月眼"
DESCRIBE.PURPLEMOONEYE	妾身希望它不要再那样看妾身。	3035	物品名:"紫色月眼"
DESCRIBE.GREENMOONEYE	那东西会密切关注这地方。	3036	物品名:"绿色月眼"
DESCRIBE.ORANGEMOONEYE	有那东西帮忙观望，没有人会迷路。	3037	物品名:"橘色月眼"
DESCRIBE.YELLOWMOONEYE	那应该给每个人指路。	3038	物品名:"黄色月眼"
DESCRIBE.BLUEMOONEYE	留个心眼总是比较明智的。	3039	物品名:"蓝色月眼"
DESCRIBE.BOARRIOR	你可真狂躁。	3040	物品名:"大熔炉猪战士"->大熔炉猪战士
DESCRIBE.BOARON	妾身可以应对他。	3041	物品名:"战猪"
DESCRIBE.PEGHOOK	那家伙喷出来的东西有腐蚀性。	3042	物品名:"蝎子"
DESCRIBE.TRAILS	他的胳膊真壮啊。	3043	物品名:"野猪猩"
DESCRIBE.TURTILLUS	它的壳有尖刺。	3044	物品名:"坦克龟"
DESCRIBE.SNAPPER	这家伙会咬人。	3045	物品名:"鳄鱼指挥官"
DESCRIBE.RHINODRILL	他的鼻子很适合干这个活。	3046	物品名:"后扣帽犀牛兄弟"
DESCRIBE.BEETLETAUR	妾身在这里都能闻到他的气味。	3047	物品名:"地狱独眼巨猪"
DESCRIBE.LAVAARENA_PORTAL.ON	妾身要走了。	3050	物品名:"远古大门"->开启
DESCRIBE.LAVAARENA_PORTAL.GENERIC	能过来，应该也能回去吧？	3051	物品名:"远古大门"->默认
DESCRIBE.HEALINGSTAFF	释放再生的力量。	3053	物品名:"生命魔杖"
DESCRIBE.FIREBALLSTAFF	召唤什么从天而降。	3054	物品名:"地狱魔杖"
DESCRIBE.HAMMER_MJOLNIR	这把敲东西的锤子可真重。	3055	物品名:"锻锤"
DESCRIBE.SPEAR_GUNGNIR	妾身可以用它快速凝聚雷电之力。	3056	物品名:"尖齿矛"
DESCRIBE.BLOWDART_LAVA	妾身可以在范围内用这个武器。	3057	物品名:"吹箭"
DESCRIBE.BLOWDART_LAVA2	战斗用的东西。	3058	物品名:"熔化吹箭"
DESCRIBE.WEBBER_SPIDER_MINION	可以说他们是在为妾身战斗吧。	3059	物品名:"蜘蛛宝宝"
DESCRIBE.BOOK_FOSSIL	这样能把那些怪物拖住一阵子。	3060	物品名:"石化之书"
DESCRIBE.SPEAR_LANCE	它直击要害。	3061	物品名:"螺旋矛"
DESCRIBE.BOOK_ELEMENTAL	妾身看不清这些字。	3062	物品名:"召唤之书"
DESCRIBE.QUAGMIRE_ALTAR.GENERIC	妾身最好开始煮些祭品。	3065	物品名:"饕餮祭坛"->默认
DESCRIBE.QUAGMIRE_ALTAR.FULL	它正在消化。	3066	物品名:"饕餮祭坛"->满了
DESCRIBE.QUAGMIRE_SUGARWOODTREE.GENERIC	它含有大量美味可口的树液。	3070	物品名:"糖木树"->默认
DESCRIBE.QUAGMIRE_SUGARWOODTREE.STUMP	那棵树哪去了。	3071	物品名:"糖木树"->暴食模式糖木树只剩树桩了
DESCRIBE.QUAGMIRE_SUGARWOODTREE.TAPPED_EMPTY	丰富的汁液。	3072	物品名:"糖木树"->暴食模式糖木树空了
DESCRIBE.QUAGMIRE_SUGARWOODTREE.TAPPED_READY	香甜的金黄色汁液。	3073	物品名:"糖木树"->暴食模式糖木树好了
DESCRIBE.QUAGMIRE_SUGARWOODTREE.TAPPED_BUGS	蚂蚁就是这样来的。	3074	物品名:"糖木树"->暴食模式糖木树上有蚂蚁
DESCRIBE.QUAGMIRE_SUGARWOODTREE.WOUNDED	它看上去生病了。	3075	物品名:"糖木树"->暴食糖木树生病了
DESCRIBE.QUAGMIRE_SPOTSPICE_SHRUB.GENERIC	它让妾身想起来那些带触手的妖物。	3079	物品名:"带斑点的小灌木"->默认
DESCRIBE.QUAGMIRE_SPOTSPICE_SHRUB.PICKED	从那丛灌木中采集不到更多果实了。	3080	物品名:"带斑点的小灌木"->被采完了
DESCRIBE.QUAGMIRE_SALT_RACK.READY	盐积聚在绳子上了。	3084	物品名:"盐架"->准备好的 满的
DESCRIBE.QUAGMIRE_SALT_RACK.GENERIC	这是给别的吃的。	3085	物品名:"盐架"->默认
DESCRIBE.QUAGMIRE_SAFE.GENERIC	让妾身的东西安全一些。	3089	物品名:"保险箱"->默认
DESCRIBE.QUAGMIRE_SAFE.LOCKED	没有钥匙就打不开。	3090	物品名:"保险箱"->锁住了
DESCRIBE.QUAGMIRE_MUSHROOMSTUMP.GENERIC	那些是蘑菇吗。	3094	物品名:"蘑菇"->默认
DESCRIBE.QUAGMIRE_MUSHROOMSTUMP.PICKED	应该不会长回来了。	3095	物品名:"蘑菇"->被采完了
DESCRIBE.QUAGMIRE_RUBBLE_HOUSE[0]	空无一人。	3099	物品名:"残破的房子" 制造描述:未找到
DESCRIBE.QUAGMIRE_RUBBLE_HOUSE[1]	这个村庄被摧毁了。	3100	物品名:"残破的房子" 制造描述:未找到
DESCRIBE.QUAGMIRE_RUBBLE_HOUSE[2]	不知道他们惹怒了谁。	3101	物品名:"残破的房子" 制造描述:未找到
DESCRIBE.QUAGMIRE_SWAMPIGELDER.GENERIC	妾身猜你是这里的老大？	3105	物品名:"沼泽猪长老"->默认
DESCRIBE.QUAGMIRE_SWAMPIGELDER.SLEEPING	它睡着了，暂时睡着了。	3106	物品名:"沼泽猪长老"->睡着了
DESCRIBE.QUAGMIRE_FOOD.GENERIC	妾身应该把它献祭在饕餮祭坛上。	3110	物品名:未找到
DESCRIBE.QUAGMIRE_FOOD.MISMATCH	不是它想要的。	3111	物品名:未找到
DESCRIBE.QUAGMIRE_FOOD.MATCH	这样会安抚神恶魔。	3112	物品名:未找到
DESCRIBE.QUAGMIRE_FOOD.MATCH_BUT_SNACK	这更像是小吃。	3113	物品名:未找到
DESCRIBE.QUAGMIRE_PARK_GATE.GENERIC	没钥匙不行。	3117	物品名:"铁门"->默认
DESCRIBE.QUAGMIRE_PARK_GATE.LOCKED	锁得牢牢的。	3118	物品名:"铁门"->锁住了
DESCRIBE.QUAGMIRE_PIGEON.DEAD	死了。	3122	物品名:"鸽子"->死了 制造描述:"这是一只完整的活鸽。"
DESCRIBE.QUAGMIRE_PIGEON.GENERIC	羽翼丰满。	3123	物品名:"鸽子"->默认 制造描述:"这是一只完整的活鸽。"
DESCRIBE.QUAGMIRE_PIGEON.SLEEPING	暂时睡着了。	3124	物品名:"鸽子"->睡着了 制造描述:"这是一只完整的活鸽。"
DESCRIBE.WINONA_CATAPULT.GENERIC	她制造了一种防卫。	3128	物品名:"薇诺娜的投石机"->默认 制造描述:"向敌人投掷大石块"
DESCRIBE.WINONA_CATAPULT.OFF	需要雷电。	3129	物品名:"薇诺娜的投石机"->关闭 制造描述:"向敌人投掷大石块"
DESCRIBE.WINONA_CATAPULT.BURNING	熊熊烈火。	3130	物品名:"薇诺娜的投石机"->正在燃烧 制造描述:"向敌人投掷大石块"
DESCRIBE.WINONA_CATAPULT.BURNT	是谁烧坏了它。	3131	物品名:"薇诺娜的投石机"->烧焦的 制造描述:"向敌人投掷大石块"
DESCRIBE.WINONA_CATAPULT.SLEEP	她制造了一种防卫。	3132	物品名:"薇诺娜的投石机" 制造描述:"向敌人投掷大石块"
DESCRIBE.WINONA_SPOTLIGHT.GENERIC	还不错的主意。	3136	物品名:"薇诺娜的聚光灯"->默认 制造描述:"白天夜里都发光"
DESCRIBE.WINONA_SPOTLIGHT.OFF	需要雷电。	3137	物品名:"薇诺娜的聚光灯"->关闭 制造描述:"白天夜里都发光"
DESCRIBE.WINONA_SPOTLIGHT.BURNING	熊熊烈火。	3138	物品名:"薇诺娜的聚光灯"->正在燃烧 制造描述:"白天夜里都发光"
DESCRIBE.WINONA_SPOTLIGHT.BURNT	是谁烧坏了它。	3139	物品名:"薇诺娜的聚光灯"->烧焦的 制造描述:"白天夜里都发光"
DESCRIBE.WINONA_SPOTLIGHT.SLEEP	还不错的主意。	3140	物品名:"薇诺娜的聚光灯" 制造描述:"白天夜里都发光"
DESCRIBE.WINONA_BATTERY_LOW.GENERIC	这和电母有什么关系？	3144	物品名:"薇诺娜的发电机"->默认 制造描述:"要确保电力供应充足"
DESCRIBE.WINONA_BATTERY_LOW.LOWPOWER	快没有雷电之力了。	3145	物品名:"薇诺娜的发电机"->没电了 制造描述:"要确保电力供应充足"
DESCRIBE.WINONA_BATTERY_LOW.OFF	要是薇诺娜忙，妾身也能让它运作起来。	3146	物品名:"薇诺娜的发电机"->关闭 制造描述:"要确保电力供应充足"
DESCRIBE.WINONA_BATTERY_LOW.BURNING	熊熊烈火。	3147	物品名:"薇诺娜的发电机"->正在燃烧 制造描述:"要确保电力供应充足"
DESCRIBE.WINONA_BATTERY_LOW.BURNT	是谁烧坏了它。	3148	物品名:"薇诺娜的发电机"->烧焦的 制造描述:"要确保电力供应充足"
DESCRIBE.WINONA_BATTERY_HIGH.GENERIC	宝石果然很神奇。	3152	物品名:"薇诺娜的宝石发电机"->默认 制造描述:"这玩意烧宝石，所以肯定不会差。"
DESCRIBE.WINONA_BATTERY_HIGH.LOWPOWER	马上就没电了。	3153	物品名:"薇诺娜的宝石发电机"->没电了 制造描述:"这玩意烧宝石，所以肯定不会差。"
DESCRIBE.WINONA_BATTERY_HIGH.OFF	宝石果然很神奇。	3154	物品名:"薇诺娜的宝石发电机"->关闭 制造描述:"这玩意烧宝石，所以肯定不会差。"
DESCRIBE.WINONA_BATTERY_HIGH.BURNING	熊熊烈火。	3155	物品名:"薇诺娜的宝石发电机"->正在燃烧 制造描述:"这玩意烧宝石，所以肯定不会差。"
DESCRIBE.WINONA_BATTERY_HIGH.BURNT	是谁烧坏了它。	3156	物品名:"薇诺娜的宝石发电机"->烧焦的 制造描述:"这玩意烧宝石，所以肯定不会差。"
DESCRIBE.WINONA_BATTERY_HIGH.OVERLOADED	快要爆炸了。	3157	物品名:"薇诺娜的宝石发电机" 制造描述:"这玩意烧宝石，所以肯定不会差。"
DESCRIBE.WINONA_REMOTE.GENERIC	她大概忘了什么。	3161	物品名:"称手遥控器"->默认 制造描述:"只需按下按钮，即可控制您的创造物。"
DESCRIBE.WINONA_REMOTE.OFF	需要通电。	3162	物品名:"称手遥控器"->关闭 制造描述:"只需按下按钮，即可控制您的创造物。"
DESCRIBE.WINONA_REMOTE.CHARGING	她大概忘了什么。	3163	物品名:"称手遥控器"->充能中 制造描述:"只需按下按钮，即可控制您的创造物。"
DESCRIBE.WINONA_REMOTE.CHARGED	她大概忘了什么。	3164	物品名:"称手遥控器" 制造描述:"只需按下按钮，即可控制您的创造物。"
DESCRIBE.WINONA_TELEBRELLA.GENERIC	薇诺娜正在头脑风暴。	3168	物品名:"传送伞"->默认 制造描述:"将任何东西寄回家的最佳方式是使用粒子。"
DESCRIBE.WINONA_TELEBRELLA.OFF	需要电。	3170	物品名:"传送伞"->关闭 制造描述:"将任何东西寄回家的最佳方式是使用粒子。"
DESCRIBE.WINONA_TELEBRELLA.CHARGING	薇诺娜正在头脑风暴。	3171	物品名:"传送伞"->充能中 制造描述:"将任何东西寄回家的最佳方式是使用粒子。"
DESCRIBE.WINONA_TELEBRELLA.CHARGED	薇诺娜正在头脑风暴。	3172	物品名:"传送伞" 制造描述:"将任何东西寄回家的最佳方式是使用粒子。"
DESCRIBE.WINONA_TELEPORT_PAD_ITEM.GENERIC	缩地成寸。	3176	物品名:"传送运输站"->默认 制造描述:"在运输物品方面，这台机器真的能送到。"
DESCRIBE.WINONA_TELEPORT_PAD_ITEM.OFF	需要电。	3178	物品名:"传送运输站"->关闭 制造描述:"在运输物品方面，这台机器真的能送到。"
DESCRIBE.WINONA_TELEPORT_PAD_ITEM.BURNING	熊熊烈火。	3179	物品名:"传送运输站"->正在燃烧 制造描述:"在运输物品方面，这台机器真的能送到。"
DESCRIBE.WINONA_TELEPORT_PAD_ITEM.BURNT	是谁烧坏了它。	3180	物品名:"传送运输站"->烧焦的 制造描述:"在运输物品方面，这台机器真的能送到。"
DESCRIBE.WINONA_STORAGE_ROBOT.GENERIC	有些用处	3184	物品名:"薇机人"->默认 制造描述:"这位收藏者者应当归于您的收藏。"
DESCRIBE.WINONA_STORAGE_ROBOT.OFF	是在休息吗。	3185	物品名:"薇机人"->关闭 制造描述:"这位收藏者者应当归于您的收藏。"
DESCRIBE.WINONA_STORAGE_ROBOT.SLEEP	有些用处	3186	物品名:"薇机人" 制造描述:"这位收藏者者应当归于您的收藏。"
DESCRIBE.WINONA_STORAGE_ROBOT.CHARGING	是在休息吗。	3187	物品名:"薇机人"->充能中 制造描述:"这位收藏者者应当归于您的收藏。"
DESCRIBE.WINONA_STORAGE_ROBOT.CHARGED	是在休息吗。	3188	物品名:"薇机人" 制造描述:"这位收藏者者应当归于您的收藏。"
DESCRIBE.INSPECTACLESHAT.GENERIC	一个对未来有远见的人。	3194	物品名:"检查专用镜"->默认 制造描述:"与你的老上司保持一致的波谱。"
DESCRIBE.ROSEGLASSESHAT.GENERIC	多少有些出入。	3199	物品名:"玫瑰色眼镜"->默认 制造描述:"透过新的镜片看事情，找查理。"
DESCRIBE.COMPOSTWRAP	妾身拒绝。	3209	物品名:"肥料包" 制造描述:"“草本”的疗法。"
DESCRIBE.ARMOR_BRAMBLE	防守是最好的进攻。	3210	物品名:"荆棘外壳" 制造描述:"让大自然告诉你什么叫“滚开”。"
DESCRIBE.TRAP_BRAMBLE	谁要是踩上去肯定会被戳到。	3211	物品名:"荆棘陷阱" 制造描述:"中招机会平等的扰人陷阱。"
DESCRIBE.BOATFRAGMENT03	就剩下了这一点。	3212	物品名:"船碎片"
DESCRIBE.BOATFRAGMENT04	就剩下了这一点。	3213	物品名:"船碎片"
DESCRIBE.BOATFRAGMENT05	就剩下了这一点。	3214	物品名:"船碎片"
DESCRIBE.BOAT_LEAK	要补漏，不然会沉。	3215	物品名:"漏洞"
DESCRIBE.MAST	且慢。桅杆。	3216	物品名:"桅杆" 制造描述:"乘风破浪会有时。"
DESCRIBE.SEASTACK	这是一块石头。	3217	物品名:"海蚀柱"
DESCRIBE.FISHINGNET	就是一张网。	3218	unimplemented  -- 物品名:"渔网" 制造描述:"就是一张网。"
DESCRIBE.ANTCHOVIES	啊,妾身能丢回去吗？	3219	unimplemented  -- 物品名:"蚁头凤尾鱼"
DESCRIBE.STEERINGWHEEL	有些麻烦。	3220	物品名:"方向舵" 制造描述:"航海必备道具。"
DESCRIBE.ANCHOR	妾身可不想让船飘走。	3221	物品名:"锚" 制造描述:"船用刹车"
DESCRIBE.BOATPATCH	以防不测。	3222	物品名:"船补丁" 制造描述:"打补丁永远不晚。"
DESCRIBE.DRIFTWOOD_TREE.BURNING	浮木在燃烧。	3225	物品名:"浮木"->正在燃烧
DESCRIBE.DRIFTWOOD_TREE.BURNT	看起来没什么用了。	3226	物品名:"浮木"->烧焦的
DESCRIBE.DRIFTWOOD_TREE.CHOPPED	可能还有东西值得挖一挖。	3227	物品名:"浮木"->被砍了
DESCRIBE.DRIFTWOOD_TREE.GENERIC	被冲到岸上的一颗枯树。	3228	物品名:"浮木"->默认
DESCRIBE.DRIFTWOOD_LOG	能浮在水上。	3230	物品名:"浮木桩"
DESCRIBE.MOON_TREE.BURNING	树在燃烧。	3233	物品名:"月树"->正在燃烧
DESCRIBE.MOON_TREE.BURNT	树烧尽了。	3234	物品名:"月树"->烧焦的
DESCRIBE.MOON_TREE.CHOPPED	好粗的一颗树。	3235	物品名:"月树"->被砍了
DESCRIBE.MOON_TREE.GENERIC	没曾想月亮上还长树。	3236	物品名:"月树"->默认
DESCRIBE.MOON_TREE_BLOSSOM	从月亮树上掉下来的。	3238	物品名:"月树花"
DESCRIBE.MOONBUTTERFLY.GENERIC	这是一只月光蝴蝶。	3241	物品名:"月蛾"->默认
DESCRIBE.MOONBUTTERFLY.HELD	这下抓到你了。	3242	物品名:"月蛾"->拿在手里
DESCRIBE.MOONBUTTERFLYWINGS	蝴蝶翅膀。	3244	物品名:"月蛾翅膀"
DESCRIBE.MOONBUTTERFLY_SAPLING	怎么变成的。	3245	物品名:"月树苗"
DESCRIBE.ROCK_AVOCADO_FRUIT	会把妾身的牙都咬碎。	3246	物品名:"石果"
DESCRIBE.ROCK_AVOCADO_FRUIT_RIPE	没煮熟的核果。	3247	物品名:"成熟石果"
DESCRIBE.ROCK_AVOCADO_FRUIT_RIPE_COOKED	妾身还是喜欢荤食。	3248	物品名:"熟石果"
DESCRIBE.ROCK_AVOCADO_FRUIT_SPROUT	它正在生长。	3249	物品名:"发芽的石果"
DESCRIBE.ROCK_AVOCADO_BUSH.BARREN	它结果的日子结束了。	3252	物品名:"石果灌木丛"
DESCRIBE.ROCK_AVOCADO_BUSH.WITHERED	被热坏了。	3253	物品名:"石果灌木丛"->枯萎了
DESCRIBE.ROCK_AVOCADO_BUSH.GENERIC	是月亮上来的灌木。	3254	物品名:"石果灌木丛"->默认
DESCRIBE.ROCK_AVOCADO_BUSH.PICKED	得过些时间才能结出果实。	3255	物品名:"石果灌木丛"->被采完了
DESCRIBE.ROCK_AVOCADO_BUSH.DISEASED	看上去病的很重。	3256	unimplemented  -- 物品名:"石果灌木丛"->生病了
DESCRIBE.ROCK_AVOCADO_BUSH.DISEASING	有些地方不对劲。	3257	unimplemented  -- 物品名:"石果灌木丛"->正在生病？？
DESCRIBE.ROCK_AVOCADO_BUSH.BURNING	它在燃烧。	3258	物品名:"石果灌木丛"->正在燃烧
DESCRIBE.DEAD_SEA_BONES	上了岸，结果落得如此下场。	3260	物品名:"海骨"
DESCRIBE.HOTSPRING.GENERIC	能泡下这身疲倦的身骨该多好。	3263	物品名:"温泉"->默认
DESCRIBE.HOTSPRING.BOMBED	妾身要和大王在此沐浴。	3264	物品名:"温泉"
DESCRIBE.HOTSPRING.GLASS	水在月光下凝结成什么。	3265	物品名:"温泉"
DESCRIBE.HOTSPRING.EMPTY	那妾身就等等它再变满吧。	3266	物品名:"温泉"
DESCRIBE.MOONGLASS	它非常锋利。	3268	物品名:"月亮碎片"
DESCRIBE.MOONGLASS_CHARGED	妾身应该在法力耗尽前为它找到用途。	3269	物品名:"注能月亮碎片"
DESCRIBE.MOONGLASS_ROCK	妾身都能看到自己的倒影。	3270	物品名:"月光玻璃"
DESCRIBE.BATHBOMB	多准备些，妾身要沐浴。	3271	物品名:"沐浴球" 制造描述:"春天里来百花香？这点子把地都炸碎了"
DESCRIBE.TRAP_STARFISH.GENERIC	可爱的一只小海星。	3274	物品名:"海星"->默认
DESCRIBE.TRAP_STARFISH.CLOSED	它差点吞了妾身。	3275	物品名:"海星"
DESCRIBE.DUG_TRAP_STARFISH	它再也骗不了人了。	3277	物品名:"海星陷阱"
DESCRIBE.SPIDER_MOON.GENERIC	月亮让它产生了变异。	3280	物品名:"破碎蜘蛛"->默认
DESCRIBE.SPIDER_MOON.SLEEPING	终于不动了。	3281	物品名:"破碎蜘蛛"->睡着了
DESCRIBE.SPIDER_MOON.DEAD	真的死了吗。	3282	物品名:"破碎蜘蛛"->死了
DESCRIBE.MOONSPIDERDEN	那可不是寻常的蜘蛛巢。	3284	物品名:"破碎蜘蛛洞"
DESCRIBE.FRUITDRAGON.GENERIC	挺可爱的，不过还没熟。	3287	物品名:"沙拉蝾螈"->默认
DESCRIBE.FRUITDRAGON.RIPE	现在应该熟了。	3288	物品名:"沙拉蝾螈"
DESCRIBE.FRUITDRAGON.SLEEPING	在打盹呢。	3289	物品名:"沙拉蝾螈"->睡着了
DESCRIBE.PUFFIN.GENERIC	妾身以前从来没见过活的。	3293	物品名:"海鹦鹉"->默认
DESCRIBE.PUFFIN.HELD	抓到一只。	3294	物品名:"海鹦鹉"->拿在手里
DESCRIBE.PUFFIN.SLEEPING	呼呼的安睡。	3295	物品名:"海鹦鹉"->睡着了
DESCRIBE.MOONGLASSAXE	妾身把它做的非常好用。	3297	物品名:"月光玻璃斧" 制造描述:"脆弱而有效。"
DESCRIBE.GLASSCUTTER	妾身真的不是打架的料。	3298	物品名:"玻璃刀" 制造描述:"尖端武器。"
DESCRIBE.ICEBERG.GENERIC	一定要避开那东西。	3301	unimplemented  -- 物品名:"迷你冰山"->默认
DESCRIBE.ICEBERG.MELTED	完全融化了。	3302	unimplemented  -- 物品名:"迷你冰山"->融化了
DESCRIBE.ICEBERG_MELTED	完全融化了。	3304	unimplemented  -- 物品名:"融化的迷你冰山"
DESCRIBE.MINIFLARE	妾身可以点一发，让所有人都知道妾身在这。	3305	物品名:"信号弹" 制造描述:"为你信任的朋友照亮前路。"
DESCRIBE.MEGAFLARE	它会让一切存在都知道妾身在这里。一切存在。	3306	物品名:"敌对信号弹" 制造描述:"为你的敌人点亮一束光。"
DESCRIBE.MOON_FISSURE.GENERIC	平静和恐惧同时在妾身的脑中回响。	3309	物品名:"天体裂隙"->默认
DESCRIBE.MOON_FISSURE.NOLIGHT	这个地方的裂隙越来越明显。	3310	物品名:"天体裂隙"
DESCRIBE.MOON_ALTAR.MOON_ALTAR_WIP	完成它。	3314	物品名:"组装一半的祭坛"
DESCRIBE.MOON_ALTAR.GENERIC	你说什么。	3315	物品名:"天体祭坛"->默认
DESCRIBE.MOON_ALTAR_IDOL	妾身有种强烈的感觉想把它搬走。	3317	物品名:"天体祭坛雕像"
DESCRIBE.MOON_ALTAR_GLASS	它不想待在地上。	3318	物品名:"天体祭坛底座"
DESCRIBE.MOON_ALTAR_SEED	它想让妾身给它一个家。	3319	物品名:"天体祭坛宝球"
DESCRIBE.MOON_ALTAR_ROCK_IDOL	里面有东西。	3320	物品名:"吸引人的结构"
DESCRIBE.MOON_ALTAR_ROCK_GLASS	里面有东西。	3321	物品名:"吸引人的结构"
DESCRIBE.MOON_ALTAR_ROCK_SEED	里面有东西。	3322	物品名:"吸引人的结构"
DESCRIBE.MOON_ALTAR_CROWN	妾身钓上来的，现在去找个裂隙吧。	3323	物品名:"未激活天体贡品"
DESCRIBE.MOON_ALTAR_COSMIC	感觉它在等什么事情发生。	3324	物品名:"天体贡品"
DESCRIBE.MOON_ALTAR_ASTRAL	它似乎是一个更大机制的一部分。	3325	物品名:"天体圣殿"
DESCRIBE.MOON_ALTAR_ICON	妾身知道把你放哪了。	3326	物品名:"天体圣殿象征"
DESCRIBE.MOON_ALTAR_WARD	它需要和其他的那些放在一起。	3327	物品名:"天体圣殿卫戍"
DESCRIBE.SEAFARING_PROTOTYPER.GENERIC	是不是该谢谢妾身了。	3330	物品名:"智囊团"->默认 制造描述:"海上科学。"
DESCRIBE.SEAFARING_PROTOTYPER.BURNT	是谁烧坏了它。	3331	物品名:"智囊团"->烧焦的 制造描述:"海上科学。"
DESCRIBE.BOAT_ITEM	这样能出海吗。	3333	物品名:"船套装" 制造描述:"让大海成为你的领地。"
DESCRIBE.BOAT_GRASS_ITEM	这也是一条船。	3334	物品名:"草筏套装" 制造描述:"享受周末出游的乐趣吧。"
DESCRIBE.STEERINGWHEEL_ITEM	它能做成方向舵。	3335	物品名:"方向舵套装" 制造描述:"航海必备道具。"
DESCRIBE.ANCHOR_ITEM	现在妾身能造出锚了。	3336	物品名:"锚套装" 制造描述:"船用刹车"
DESCRIBE.MAST_ITEM	现在妾身能造出桅杆了。	3337	物品名:"桅杆套装" 制造描述:"乘风破浪会有时。"
DESCRIBE.MUTATEDHOUND.DEAD	现在妾身可以轻松的呼吸了。	3340	物品名:"恐怖猎犬"->死了
DESCRIBE.MUTATEDHOUND.GENERIC	别咬妾身。	3341	物品名:"恐怖猎犬"->默认
DESCRIBE.MUTATEDHOUND.SLEEPING	有股强烈的欲望让妾身赶快走。	3342	物品名:"恐怖猎犬"->睡着了
DESCRIBE.MUTATED_PENGUIN.DEAD	它走到了尽头。	3346	物品名:"月岩企鸥"->死了
DESCRIBE.MUTATED_PENGUIN.GENERIC	那东西有些麻烦。	3347	物品名:"月岩企鸥"->默认
DESCRIBE.MUTATED_PENGUIN.SLEEPING	它在睡觉。	3348	物品名:"月岩企鸥"->睡着了
DESCRIBE.CARRAT.DEAD	它走到了尽头。	3352	物品名:"胡萝卜鼠"->死了 制造描述:"灵巧机敏，富含胡萝卜素。"
DESCRIBE.CARRAT.GENERIC	这是什么妖物？	3353	物品名:"胡萝卜鼠"->默认 制造描述:"灵巧机敏，富含胡萝卜素。"
DESCRIBE.CARRAT.HELD	近看真是丑。	3354	物品名:"胡萝卜鼠"->拿在手里 制造描述:"灵巧机敏，富含胡萝卜素。"
DESCRIBE.CARRAT.SLEEPING	有点可爱了。	3355	物品名:"胡萝卜鼠"->睡着了 制造描述:"灵巧机敏，富含胡萝卜素。"
DESCRIBE.BULLKELP_PLANT.GENERIC	不赖。	3359	物品名:"公牛海带"->默认
DESCRIBE.BULLKELP_PLANT.PICKED	妾身其实不喜欢素食。	3360	物品名:"公牛海带"->被采完了
DESCRIBE.BULLKELP_ROOT	可以种在深海里。	3362	物品名:"公牛海带茎"
DESCRIBE.KELPHAT	有些用处。	3363	物品名:"海花环" 制造描述:"让人神经焦虑的东西。"
DESCRIBE.KELP	把妾身的身上全弄湿了。	3364	物品名:"海带叶"
DESCRIBE.KELP_COOKED	熟了以后有点黏黏的。	3365	物品名:"熟海带叶"
DESCRIBE.KELP_DRIED	可能有些用处。	3366	物品名:"干海带叶"
DESCRIBE.GESTALT	好像能给妾身一些思路。	3367	物品名:"虚影"
DESCRIBE.GESTALT_GUARD	麻烦的东西。	3368	物品名:"大虚影"
DESCRIBE.COOKIECUTTER	妾身不喜欢它盯着船看的眼神。	3369	物品名:"饼干切割机"
DESCRIBE.COOKIECUTTERSHELL	曾经尖牙利齿，如今只剩躯壳。	3370	物品名:"饼干切割机壳"
DESCRIBE.COOKIECUTTERHAT	至少不会打湿妾身的头发。	3371	物品名:"饼干切割机帽子" 制造描述:"穿着必须犀利。"
DESCRIBE.SALTSTACK.GENERIC	是天然形成的吗？	3374	物品名:"盐堆"->默认
DESCRIBE.SALTSTACK.MINED_OUT	挖过了。	3375	物品名:"盐堆"
DESCRIBE.SALTSTACK.GROWING	妾身猜它自己就是会长成这样。	3376	物品名:"盐堆"->正在生长
DESCRIBE.SALTROCK	有些用处。	3378	物品名:"盐晶"
DESCRIBE.SALTBOX	防止食物变质的灵药。	3379	物品名:"盐盒" 制造描述:"用盐来储存食物。"
DESCRIBE.TACKLESTATION	是时候解决海钓的问题了。	3380	物品名:"钓具容器" 制造描述:"传统的用饵钓鱼。"
DESCRIBE.TACKLESKETCH	妾身自己就能做……	3381	物品名:"{item}广告"
DESCRIBE.MALBATROSS	禽鸟巨兽。	3382	物品名:"邪天翁"
DESCRIBE.MALBATROSS_FEATHER	从鸟妖身上拔下的漂亮羽毛。	3383	物品名:"邪天翁羽毛"
DESCRIBE.MALBATROSS_BEAK	闻起来有鱼腥味。	3384	物品名:"邪天翁喙"
DESCRIBE.MAST_MALBATROSS_ITEM	它比看上去还轻。	3385	物品名:"飞翼风帆套装" 制造描述:"像海鸟一样航向深蓝。"
DESCRIBE.MAST_MALBATROSS	展翅远航。	3386	物品名:"飞翼风帆" 制造描述:"像海鸟一样航向深蓝。"
DESCRIBE.MALBATROSS_FEATHERED_WEAVE	妾身在织羽毛被。	3387	物品名:"羽毛帆布" 制造描述:"精美的羽毛布料。"
DESCRIBE.GNARWAIL.GENERIC	灵巧的妖物	3390	物品名:"一角鲸"->默认
DESCRIBE.GNARWAIL.BROKENHORN	你的角没。	3391	物品名:"一角鲸"
DESCRIBE.GNARWAIL.FOLLOWER	鲸鱼，挺好的。	3392	物品名:"一角鲸"->追随者
DESCRIBE.GNARWAIL.BROKENHORN_FOLLOWER	走为上策。	3393	物品名:"一角鲸"
DESCRIBE.GNARWAIL_HORN	不可思议。	3395	物品名:"一角鲸的角"
DESCRIBE.WALKINGPLANK	妾身就不能造一艘船吗？	3396	物品名:"木板"
DESCRIBE.WALKINGPLANK_GRASS	妾身就不能造一艘船吗？	3397	物品名:"木板"
DESCRIBE.OAR	加速。	3398	物品名:"桨" 制造描述:"划，划，划小船。"
DESCRIBE.OAR_DRIFTWOOD	加速。	3399	物品名:"浮木桨" 制造描述:"小桨要用浮木造？"
DESCRIBE.OCEANFISHINGROD	这才是海钓竿。	3400	物品名:"海钓竿" 制造描述:"像职业选手一样钓鱼吧。"
DESCRIBE.OCEANFISHINGBOBBER_NONE	可以用什么准度。	3401	物品名:"鱼钩"
DESCRIBE.OCEANFISHINGBOBBER_BALL	鱼会喜欢这个的。	3402	物品名:"木球浮标" 制造描述:"经典设计，初学者和职业钓手两相宜。"
DESCRIBE.OCEANFISHINGBOBBER_OVAL	那些鱼这次休想逃出妾身的手掌心。	3403	物品名:"硬物浮标" 制造描述:"在经典浮标的基础上融入了时尚设计。"
DESCRIBE.OCEANFISHINGBOBBER_CROW	妾身吃鱼。	3404	物品名:"黑羽浮标" 制造描述:"深受职业钓手的喜爱。"
DESCRIBE.OCEANFISHINGBOBBER_ROBIN	希望别引来红鲱鱼。	3405	物品名:"红羽浮标" 制造描述:"深受职业钓手的喜爱。"
DESCRIBE.OCEANFISHINGBOBBER_ROBIN_WINTER	雪鸟的羽毛十分高冷。	3406	物品名:"蔚蓝羽浮标" 制造描述:"深受职业钓手的喜爱。"
DESCRIBE.OCEANFISHINGBOBBER_CANARY	快来跟妾身问好。	3407	物品名:"黄羽浮标" 制造描述:"深受职业钓手的喜爱。"
DESCRIBE.OCEANFISHINGBOBBER_GOOSE	再叼些鱼/	3408	物品名:"鹅羽浮标" 制造描述:"高级羽绒浮标。"
DESCRIBE.OCEANFISHINGBOBBER_MALBATROSS	这么漂亮的羽毛，见过没。	3409	物品名:"邪天翁羽浮标" 制造描述:"高级巨鸟浮标。"
DESCRIBE.OCEANFISHINGLURE_SPINNER_RED	也许有鱼会上当。	3410	物品名:"日出旋转亮片" 制造描述:"早起的鱼儿有虫吃。"
DESCRIBE.OCEANFISHINGLURE_SPINNER_GREEN	也许有鱼会上当。	3411	物品名:"黄昏旋转亮片" 制造描述:"低光照环境里效果最好。"
DESCRIBE.OCEANFISHINGLURE_SPINNER_BLUE	也许有鱼会上当。	3412	物品名:"夜间旋转亮片" 制造描述:"适用于夜间垂钓。"
DESCRIBE.OCEANFISHINGLURE_SPOON_RED	也许有小鱼会上当。	3413	物品名:"日出匙型假饵" 制造描述:"早起的鱼儿有虫吃。"
DESCRIBE.OCEANFISHINGLURE_SPOON_GREEN	也许有小鱼会上当。	3414	物品名:"黄昏匙型假饵" 制造描述:"在夕阳中继续垂钓。"
DESCRIBE.OCEANFISHINGLURE_SPOON_BLUE	也许有小鱼会上当。	3415	物品名:"夜间匙型假饵" 制造描述:"适用于夜间垂钓。"
DESCRIBE.OCEANFISHINGLURE_HERMIT_RAIN	把自己弄湿能帮助妾身像鱼一样思考。	3416	物品名:"雨天鱼饵" 制造描述:"留着雨天用。"
DESCRIBE.OCEANFISHINGLURE_HERMIT_SNOW	鱼儿都不会知道是谁下的手。	3417	物品名:"雪天鱼饵" 制造描述:"雪天适合用它钓鱼。"
DESCRIBE.OCEANFISHINGLURE_HERMIT_DROWSY	酥麻。	3418	物品名:"麻醉鱼饵" 制造描述:"把鱼闷住就抓住了一半。"
DESCRIBE.OCEANFISHINGLURE_HERMIT_HEAVY	感觉有些沉重。	3419	物品名:"重量级鱼饵" 制造描述:"钓一条大鱼。"
DESCRIBE.OCEANFISH_SMALL_1	看起来是个小家伙。	3420	物品名:"小孔雀鱼"
DESCRIBE.OCEANFISH_SMALL_2	这条可不够。	3421	物品名:"针鼻喷墨鱼"
DESCRIBE.OCEANFISH_SMALL_3	还没长开。	3422	物品名:"小饵鱼"
DESCRIBE.OCEANFISH_SMALL_4	小鱼小虾，成不了大气候。	3423	物品名:"三文鱼苗"
DESCRIBE.OCEANFISH_SMALL_5	妾身可以一口吞了它。	3424	物品名:"爆米花鱼"
DESCRIBE.OCEANFISH_SMALL_6	见为食。	3425	物品名:"落叶比目鱼"
DESCRIBE.OCEANFISH_SMALL_7	总算给妾身抓到开花的鱼了。	3426	物品名:"花朵金枪鱼"
DESCRIBE.OCEANFISH_SMALL_8	烫得很呢。	3427	物品名:"炽热太阳鱼"
DESCRIBE.OCEANFISH_SMALL_9	只是随便说说，不过妾身应该能让你派上用场……	3428	物品名:"口水鱼"
DESCRIBE.OCEANFISH_MEDIUM_1	看着丑，希望味道好吃点吧。	3429	物品名:"泥鱼"
DESCRIBE.OCEANFISH_MEDIUM_2	花大力气钓的。	3430	物品名:"斑鱼"
DESCRIBE.OCEANFISH_MEDIUM_3	妾身钓鱼的技术可不是盖的。	3431	物品名:"浮夸狮子鱼"
DESCRIBE.OCEANFISH_MEDIUM_4	不知道这个会不会带来霉运。	3432	物品名:"黑鲶鱼"
DESCRIBE.OCEANFISH_MEDIUM_5	这条鱼看着有些俗气。	3433	物品名:"玉米鳕鱼"
DESCRIBE.OCEANFISH_MEDIUM_6	好一条大肥鱼。	3434	物品名:"花锦鲤"
DESCRIBE.OCEANFISH_MEDIUM_7	好一条大肥鱼。	3435	物品名:"金锦鲤"
DESCRIBE.OCEANFISH_MEDIUM_8	冰鲷鱼。	3436	物品名:"冰鲷鱼"
DESCRIBE.OCEANFISH_MEDIUM_9	成功钓鱼之旅的甜蜜味道。	3437	物品名:"甜味鱼"
DESCRIBE.PONDFISH	妾身现在要吃上一整天。	3438	物品名:"淡水鱼"
DESCRIBE.PONDEEL	这能做一道好菜。	3439	物品名:"活鳗鱼"
DESCRIBE.FISHMEAT	一块鱼肉。	3440	物品名:"生鱼肉"
DESCRIBE.FISHMEAT_COOKED	烤得恰到好处。	3441	物品名:"鱼排"
DESCRIBE.FISHMEAT_SMALL	一点点鱼肉。	3442	物品名:"小鱼块"
DESCRIBE.FISHMEAT_SMALL_COOKED	一点点熟鱼肉。	3443	物品名:"熟小鱼块"
DESCRIBE.SPOILED_FISH	妾身不太想知道那种气味是怎么来的。	3444	物品名:"变质的鱼"
DESCRIBE.FISH_BOX	它们像沙丁鱼一样塞得满满的。	3445	物品名:"锡鱼罐" 制造描述:"保持鱼与网捕之日一样新鲜。"
DESCRIBE.POCKET_SCALE	称重。	3446	物品名:"弹簧秤" 制造描述:"随时称鱼的重量。"
DESCRIBE.TACKLECONTAINER	妾身的注意力被吸引了。	3447	物品名:"钓具箱" 制造描述:"整齐收纳你的钓具。"
DESCRIBE.SUPERTACKLECONTAINER	妾身费了九牛二虎之力才弄到手的。	3448	物品名:"超级钓具箱" 制造描述:"更多收纳钓具的空间？妾身上钩了。"
DESCRIBE.TROPHYSCALE_FISH.GENERIC	来瞧瞧妾身今天的战绩。	3451	物品名:"鱼类计重器"->默认 制造描述:"炫耀你的斩获。"
DESCRIBE.TROPHYSCALE_FISH.HAS_ITEM	重量: {weight}\n捕获人: {owner}	3452	物品名:"鱼类计重器" 制造描述:"炫耀你的斩获。"
DESCRIBE.TROPHYSCALE_FISH.HAS_ITEM_HEAVY	重量: {weight}\n捕获人: {owner}\n所获颇丰。	3453	物品名:"鱼类计重器" 制造描述:"炫耀你的斩获。"
DESCRIBE.TROPHYSCALE_FISH.BURNING	全烧起来了。	3454	物品名:"鱼类计重器"->正在燃烧 制造描述:"炫耀你的斩获。"
DESCRIBE.TROPHYSCALE_FISH.BURNT	全都给烧没了。	3455	物品名:"鱼类计重器"->烧焦的 制造描述:"炫耀你的斩获。"
DESCRIBE.TROPHYSCALE_FISH.OWNER	大家就随便看看……\n重量: {weight}\n捕获人: {owner}	3456	物品名:"鱼类计重器" 制造描述:"炫耀你的斩获。"
DESCRIBE.TROPHYSCALE_FISH.OWNER_HEAVY	重量: {weight}\n捕获人: {owner}\n还真抓了条大肥鱼。	3457	物品名:"鱼类计重器" 制造描述:"炫耀你的斩获。"
DESCRIBE.OCEANFISHABLEFLOTSAM	长了些泥巴的草。	3459	物品名:"海洋残骸"
DESCRIBE.CALIFORNIAROLL	但妾身没有筷子。	3460	物品名:"加州卷"
DESCRIBE.SEAFOODGUMBO	一大碗海鲜浓汤。	3461	物品名:"海鲜浓汤"
DESCRIBE.SURFNTURF	味道不错。	3462	物品名:"海鲜牛排"
DESCRIBE.WOBSTER_SHELLER	好一只调皮的龙虾。	3463	物品名:"龙虾"
DESCRIBE.WOBSTER_DEN	一块石头，里面有龙虾。	3464	物品名:"龙虾窝"
DESCRIBE.WOBSTER_SHELLER_DEAD	这烹饪出来应该挺不错的。	3465	物品名:"死龙虾"
DESCRIBE.WOBSTER_SHELLER_DEAD_COOKED	妾身等不及要吃了你。	3466	物品名:"美味的龙虾"
DESCRIBE.LOBSTERBISQUE	可以再加点盐，但是不关妾身的事。	3467	物品名:"龙虾汤"
DESCRIBE.LOBSTERDINNER	让妾身尝尝。	3468	物品名:"龙虾正餐"
DESCRIBE.WOBSTER_MOONGLASS	好一只的月光龙虾。	3469	物品名:"月光龙虾"
DESCRIBE.MOONGLASS_WOBSTER_DEN	一块月光玻璃，里面有月光龙虾。	3470	物品名:"月光玻璃窝"
DESCRIBE.TRIDENT	等着被波及吧。	3471	物品名:"刺耳三叉戟" 制造描述:"在汹涌波涛中引领潮流吧。"
DESCRIBE.WINCH.GENERIC	这个在必要时能派上用场。	3474	物品名:"夹夹绞盘"->默认 制造描述:"让它帮你捞起重的东西吧。"
DESCRIBE.WINCH.RETRIEVING_ITEM	重活就交给它干吧。	3475	物品名:"夹夹绞盘" 制造描述:"让它帮你捞起重的东西吧。"
DESCRIBE.WINCH.HOLDING_ITEM	看看这里是什么东西？	3476	物品名:"夹夹绞盘" 制造描述:"让它帮你捞起重的东西吧。"
DESCRIBE.HERMITHOUSE.GENERIC	这是一座空壳房子。	3480	物品名:"隐士之家"->默认
DESCRIBE.HERMITHOUSE.BUILTUP	它只需要一点点的感情。	3481	物品名:"隐士之家"
DESCRIBE.SHELL_CLUSTER	妾身打赌里面有不少漂亮贝壳。	3483	物品名:"贝壳堆"
DESCRIBE.SINGINGSHELL_OCTAVE3.GENERIC	调有点低。	3486	物品名:"低音贝壳钟"->默认
DESCRIBE.SINGINGSHELL_OCTAVE4.GENERIC	这就是大海的声音吗？	3490	物品名:"中音贝壳钟"->默认
DESCRIBE.SINGINGSHELL_OCTAVE5.GENERIC	它可以发出高音。	3494	物品名:"高音贝壳钟"->默认
DESCRIBE.CHUM	鱼儿的美味佳肴。	3496	物品名:"鱼食" 制造描述:"鱼儿的美食。"
DESCRIBE.SUNKENCHEST.GENERIC	妾身在寻宝过程中的成长。	3499	物品名:"沉底宝箱"->默认
DESCRIBE.SUNKENCHEST.LOCKED	贝壳闭上了。	3500	物品名:"沉底宝箱"->锁住了
DESCRIBE.HERMIT_BUNDLE	这些东西她有的是。	3502	物品名:"一包谢意"
DESCRIBE.HERMIT_BUNDLE_SHELLS	她确实是卖贝壳的。	3503	物品名:"贝壳钟包" 制造描述:"她卖的贝壳。"
DESCRIBE.RESKIN_TOOL	妾身喜欢这些粉尘。	3504	物品名:"清洁扫把" 制造描述:"把装潢的东西清扫的干干净净。"
DESCRIBE.MOON_FISSURE_PLUGGED	很有效。	3505	物品名:"堵住的裂隙"
DESCRIBE.WOBYBIG[0]	小狗？	3508	物品名:"沃比" 制造描述:未找到
DESCRIBE.WOBYBIG[1]	小狗？	3509	物品名:"沃比" 制造描述:未找到
DESCRIBE.WOBYSMALL[0]	小狗。	3513	物品名:"沃比" 制造描述:未找到
DESCRIBE.WOBYSMALL[1]	小狗。	3514	物品名:"沃比" 制造描述:未找到
DESCRIBE.WALTERHAT	妾身不喜欢这些”。	3516	物品名:"松树先锋队帽子" 制造描述:"形式和功能高于时尚。"
DESCRIBE.SLINGSHOT	所有琉璃的噩梦。	3517	物品名:"可靠的弹弓" 制造描述:"不带它千万别去冒险。"
DESCRIBE.SLINGSHOTAMMO_ROCK	即将打出的弹药。	3518	物品名:"鹅卵石" 制造描述:"简单，低效。"
DESCRIBE.SLINGSHOTAMMO_MARBLE	即将打出的弹药。	3519	物品名:"大理石弹" 制造描述:"可别把它们弄丢了。"
DESCRIBE.SLINGSHOTAMMO_THULECITE	即将打出的弹药。	3520	物品名:"诅咒弹药" 制造描述:"会出什么问题？"
DESCRIBE.SLINGSHOTAMMO_GOLD	即将打出的弹药。	3521	物品名:"黄金弹药" 制造描述:"因为高级，所以有效。"
DESCRIBE.SLINGSHOTAMMO_SLOW	即将打出的弹药。	3522	物品名:"减速弹药" 制造描述:"什么是“物理定律”？"
DESCRIBE.SLINGSHOTAMMO_FREEZE	即将打出的弹药。	3523	物品名:"冰冻弹药" 制造描述:"把敌人冰冻在原地。"
DESCRIBE.SLINGSHOTAMMO_POOP	污秽之物弹道。	3524	物品名:"便便弹" 制造描述:"恶心，但是能让敌人分心。"
DESCRIBE.PORTABLETENT	妾身感觉已经几辈子没睡过好觉了。	3525	物品名:"宿营帐篷" 制造描述:"便捷的保护设备，让你免受风吹雨打。"
DESCRIBE.PORTABLETENT_ITEM	有了帐篷可不要膨胀。	3526	物品名:"帐篷卷" 制造描述:"便捷的保护设备，让你免受风吹雨打。"
DESCRIBE.BATTLESONG_DURABILITY	戏剧让妾身坐立不安。	3527	物品名:"武器化的颤音" 制造描述:"让武器有更多的时间成为焦点。"
DESCRIBE.BATTLESONG_HEALTHGAIN	戏剧让妾身坐立不安。	3528	物品名:"心碎歌谣" 制造描述:"一首偷心的颂歌。"
DESCRIBE.BATTLESONG_SANITYGAIN	戏剧让妾身坐立不安。	3529	物品名:"醍醐灌顶华彩" 制造描述:"用歌声慰藉你的心灵。"
DESCRIBE.BATTLESONG_SANITYAURA	戏剧让妾身坐立不安。	3530	物品名:"英勇美声颂" 制造描述:"无所畏惧。"
DESCRIBE.BATTLESONG_FIRERESISTANCE	无法理解。	3531	物品名:"防火假声" 制造描述:"抵御火辣的戏评人。"
DESCRIBE.BATTLESONG_INSTANT_TAUNT	恐怕妾身不是一个诗人。	3532	物品名:"粗鲁插曲" 制造描述:"用言语扔一个番茄。"
DESCRIBE.BATTLESONG_INSTANT_PANIC	恐怕妾身不是一个诗人。	3533	物品名:"惊心独白" 制造描述:"如此出色的表演，就问你怕不怕。"
DESCRIBE.MUTATOR_WARRIOR	很好吃。	3534	物品名:"战士变身涂鸦" 制造描述:"做最可爱的小保镖。"
DESCRIBE.MUTATOR_DROPPER	妾身刚吃过饭。	3535	物品名:"悬蛛变身涂鸦" 制造描述:"味道也许会让你惊喜。"
DESCRIBE.MUTATOR_HIDER	很好吃。	3536	物品名:"洞穴变身涂鸦" 制造描述:"外酥里嫩。"
DESCRIBE.MUTATOR_SPITTER	妾身刚吃过饭。	3537	物品名:"喷吐变身涂鸦" 制造描述:"喷薄而出的蜘蛛形象。"
DESCRIBE.MUTATOR_MOON	很好吃。	3538	物品名:"破碎变身涂鸦" 制造描述:"吃到它的人会快乐到月球去。"
DESCRIBE.MUTATOR_HEALER	妾身刚吃过饭。	3539	物品名:"护士变身涂鸦" 制造描述:"特别多的谷物，所以必须是健康的。"
DESCRIBE.SPIDER_WHISTLE	妾身可不想引来任何蜘蛛。	3540	物品名:"韦伯口哨" 制造描述:"呼叫可怕的爬行动物朋友吧。"
DESCRIBE.SPIDERDEN_BEDAZZLER	看起来手艺提高了不少啊。	3541	物品名:"蛛巢装饰套装" 制造描述:"一个好的家能培育出好的性格。"
DESCRIBE.SPIDER_HEALER	现在蜘蛛可以自愈了。	3542	物品名:"护士蜘蛛"
DESCRIBE.SPIDER_REPELLENT	如果能让它为妾身所用就好了。	3543	物品名:"驱赶盒子" 制造描述:"让你的朋友知道你需要一些空间。"
DESCRIBE.SPIDER_HEALER_ITEM	要是看到蜘蛛，妾身一定会把它送给它们。	3544	物品名:"治疗黏团" 制造描述:"恶心，黏糊糊的，但对你有好处。"
DESCRIBE.GHOSTLYELIXIR_SLOWREGEN	嗯，对。	3545	物品名:"亡者补药" 制造描述:"时间会抚平所有伤口。"
DESCRIBE.GHOSTLYELIXIR_FASTREGEN	嗯，对。	3546	物品名:"灵魂万灵药" 制造描述:"治疗重伤的强力药剂。"
DESCRIBE.GHOSTLYELIXIR_SHIELD	嗯，对。	3547	物品名:"不屈药剂" 制造描述:"保护你的姐妹不受伤害。"
DESCRIBE.GHOSTLYELIXIR_ATTACK	嗯，对。	3548	物品名:"夜影万金油" 制造描述:"召唤黑暗的力量。"
DESCRIBE.GHOSTLYELIXIR_SPEED	嗯，对。	3549	物品名:"强健精油" 制造描述:"给你的灵魂来一剂强心针。"
DESCRIBE.GHOSTLYELIXIR_RETALIATION	嗯，对。	3550	物品名:"蒸馏复仇" 制造描述:"对敌人以牙还牙。"
DESCRIBE.SISTURN.GENERIC	花会显得更有生机。	3553	物品名:"姐妹骨灰罐"->默认 制造描述:"让你疲倦的灵魂休息的地方。"
DESCRIBE.SISTURN.SOME_FLOWERS	多拿些花来应该就可以了。	3554	物品名:"姐妹骨灰罐" 制造描述:"让你疲倦的灵魂休息的地方。"
DESCRIBE.SISTURN.LOTS_OF_FLOWERS	花束。	3555	物品名:"姐妹骨灰罐" 制造描述:"让你疲倦的灵魂休息的地方。"
DESCRIBE.PORTABLECOOKPOT_ITEM.GENERIC	烹饪。	3560	物品名:"便携烹饪锅"->默认 制造描述:"随时随地为美食家服务。"
DESCRIBE.PORTABLECOOKPOT_ITEM.DONE	做完饭了。	3561	物品名:"便携烹饪锅"->完成了 制造描述:"随时随地为美食家服务。"
DESCRIBE.PORTABLECOOKPOT_ITEM.COOKING_LONG	这顿饭需要一点时间了。	3562	物品名:"便携烹饪锅"->饭还需要很久 制造描述:"随时随地为美食家服务。"
DESCRIBE.PORTABLECOOKPOT_ITEM.COOKING_SHORT	马上就能好。	3563	物品名:"便携烹饪锅"->饭快做好了 制造描述:"随时随地为美食家服务。"
DESCRIBE.PORTABLECOOKPOT_ITEM.EMPTY	里面什么都没有。	3564	物品名:"便携烹饪锅" 制造描述:"随时随地为美食家服务。"
DESCRIBE.PORTABLEBLENDER_ITEM	把所有食物混合起来。	3566	物品名:"便携研磨器" 制造描述:"把原料研磨成粉状调味品。"
DESCRIBE.PORTABLESPICER_ITEM.GENERIC	它可以给食物增添辛香风味。	3569	物品名:"便携香料站"->默认 制造描述:"调味让饭菜更可口。"
DESCRIBE.PORTABLESPICER_ITEM.DONE	应该能让饭菜更可口。	3570	物品名:"便携香料站"->完成了 制造描述:"调味让饭菜更可口。"
DESCRIBE.SPICEPACK	一个小小的法术。	3572	物品名:"厨师袋" 制造描述:"使你的食物保持新鲜。"
DESCRIBE.SPICE_GARLIC	一种香辛。	3573	物品名:"蒜粉" 制造描述:"用口臭防守是最好的进攻。"
DESCRIBE.SPICE_SUGAR	甜。	3574	物品名:"蜂蜜水晶" 制造描述:"令人心平气和的甜美。"
DESCRIBE.SPICE_CHILI	一壶火焰。	3575	物品名:"辣椒面" 制造描述:"刺激十足的粉末。"
DESCRIBE.SPICE_SALT	用处挺大。	3576	物品名:"调味盐" 制造描述:"为你的饭菜加点咸味。"
DESCRIBE.MONSTERTARTARE	这儿一定还有别的什么能吃的。	3577	物品名:"怪物鞑靼"
DESCRIBE.FRESHFRUITCREPES	甜水果。	3578	物品名:"鲜果可丽饼"
DESCRIBE.FROGFISHBOWL	这是鱼里面味道有些奇怪？	3579	物品名:"蓝带鱼排"
DESCRIBE.POTATOTORNADO	这是土豆做的吗。	3580	物品名:"花式回旋块茎"
DESCRIBE.DRAGONCHILISALAD	希望能承受住辛辣的程度。	3581	物品名:"辣龙椒沙拉"
DESCRIBE.GLOWBERRYMOUSSE	烧的一手好菜。	3582	物品名:"发光浆果慕斯"
DESCRIBE.VOLTGOATJELLY	惊人的味道。	3583	物品名科学:"伏特羊肉冻"
DESCRIBE.NIGHTMAREPIE	有点吓人。	3584	物品名:"恐怖国王饼"
DESCRIBE.BONESOUP	是名好厨师。	3585	物品名:"骨头汤"
DESCRIBE.MASHEDPOTATOES	妾身应该试试。	3586	物品名:"奶油土豆泥"
DESCRIBE.POTATOSOUFFLE	妾身都忘记了可口的饭菜是什么味道。	3587	物品名:"蓬松土豆蛋奶酥"
DESCRIBE.MOQUECA	他把横溢的才华用在了烹饪。	3588	物品名:"海鲜杂烩"
DESCRIBE.GAZPACHO	，怎么这么好吃？	3589	物品名:"芦笋冷汤"
DESCRIBE.ASPARAGUSSOUP	闻起来很好吃。	3590	物品名:"芦笋汤"
DESCRIBE.VEGSTINGER	味道不错。	3591	物品名:"蔬菜鸡尾酒"
DESCRIBE.BANANAPOP	妾身也挺喜欢吃冰冰凉凉的东西。	3592	物品名:"香蕉冻"
DESCRIBE.CEVICHE	不太喜欢这个。	3593	物品名:"酸橘汁腌鱼"
DESCRIBE.SALSA	真辣。	3594	物品名:"生鲜萨尔萨酱"
DESCRIBE.PEPPERPOPPER	这么一大口。	3595	物品名:"爆炒填馅辣椒"
DESCRIBE.TURNIP	是个生萝卜。	3596	物品名:"大萝卜"
DESCRIBE.TURNIP_COOKED	什么东西都可以烤一下。	3597	物品名:"烤大萝卜"
DESCRIBE.TURNIP_SEEDS	一把古怪的种子。	3598	物品名:"圆形种子"
DESCRIBE.GARLIC	不太喜欢这个。	3599	物品名:"大蒜"
DESCRIBE.GARLIC_COOKED	味道有些古怪。	3600	物品名:"烤大蒜"
DESCRIBE.GARLIC_SEEDS	一把古怪的种子。	3601	物品名:"种子荚"
DESCRIBE.ONION	看起来很脆。	3602	物品名:"洋葱"
DESCRIBE.ONION_COOKED	什么东西都可以烤一下。	3603	物品名:"烤洋葱"
DESCRIBE.ONION_SEEDS	一把古怪的种子。	3604	物品名:"尖形种子"
DESCRIBE.POTATO	埋在地下的苹果。	3605	物品名:"土豆"
DESCRIBE.POTATO_COOKED	什么东西都可以烤一下。	3606	物品名:"烤土豆"
DESCRIBE.POTATO_SEEDS	一把古怪的种子。	3607	物品名:"毛茸茸的种子"
DESCRIBE.TOMATO	红色的，像血一样。	3608	物品名:"番茄"
DESCRIBE.TOMATO_COOKED	什么东西都可以烤一下。	3609	物品名:"烤番茄"
DESCRIBE.TOMATO_SEEDS	一把古怪的种子。	3610	物品名:"带刺的种子"
DESCRIBE.ASPARAGUS	一种蔬菜。	3611	物品名:"芦笋"
DESCRIBE.ASPARAGUS_COOKED	妾身觉得还不赖。	3612	物品名:"烤芦笋"
DESCRIBE.ASPARAGUS_SEEDS	就是些种子。	3613	物品名:"筒状种子"
DESCRIBE.PEPPER	好一个辣椒。	3614	物品名:"辣椒"
DESCRIBE.PEPPER_COOKED	本来就是辣的。	3615	物品名:"烤辣椒"
DESCRIBE.PEPPER_SEEDS	一把种子。	3616	物品名:"块状种子"
DESCRIBE.WEREITEM_BEAVER	一个小法术。	3617	物品名:"俗气海狸像" 制造描述:"唤醒海狸人的诅咒"
DESCRIBE.WEREITEM_GOOSE	它让妾身浑身起鸡皮疙瘩。	3618	物品名:"俗气鹅像" 制造描述:"唤醒鹅人的诅咒"
DESCRIBE.WEREITEM_MOOSE	一头受诅咒的鹿。	3619	物品名:"俗气鹿像" 制造描述:"唤醒鹿人的诅咒"
DESCRIBE.MERMHAT	妾身终于能在公开场合以真面目示人了。	3620	物品名:"聪明的伪装" 制造描述:"鱼人化你的朋友。"
DESCRIBE.MERMTHRONE.GENERIC	配得上沼泽之王的地位。	3623	物品名:"皇家地毯"->默认
DESCRIBE.MERMTHRONE.BURNT	本来那王座就一股鱼腥味。	3624	物品名:"皇家地毯"->烧焦的
DESCRIBE.MOSQUITOMUSK	那些吸血鬼休想碰妾身。	3626	物品名:"小痒痒" 制造描述:"带上你的小伙伴，混入吸血虫群中。"
DESCRIBE.MOSQUITOBOMB	妾身想把它扔出去。	3627	物品名:"蚊子炸弹" 制造描述:"让每个人都知道“嗡嗡”代表着什么。"
DESCRIBE.MOSQUITOFERTILIZER	植物居然喜欢它。	3628	物品名:"嗡嗡肥料" 制造描述:"采用全天然配方。"
DESCRIBE.MOSQUITOMERMSALVE	这是鱼人之间的古怪东西。	3629	物品名:"蚊血注射液" 制造描述:"为缺铁的鱼人补血，让他们重获新生。"
DESCRIBE.MERMTHRONE_CONSTRUCTION.GENERIC	她究竟在盘算什么？	3632	物品名:"皇家手工套装"->默认 制造描述:"建立一个新的鱼人王朝。"
DESCRIBE.MERMTHRONE_CONSTRUCTION.BURNT	永远都不会这道它原来是什么了。	3633	物品名:"皇家手工套装"->烧焦的 制造描述:"建立一个新的鱼人王朝。"
DESCRIBE.MERMHOUSE_CRAFTED.GENERIC	样子还挺可爱的。	3637	物品名:"鱼人工艺屋"->默认 制造描述:"适合鱼人的家。"
DESCRIBE.MERMHOUSE_CRAFTED.BURNT	刺鼻的味道。	3638	物品名:"鱼人工艺屋"->烧焦的 制造描述:"适合鱼人的家。"
DESCRIBE.MERMWATCHTOWER_REGULAR	他们找到了国王后高兴了起来。	3640	物品名:"鱼人工艺屋" 制造描述:"适合鱼人的家。"
DESCRIBE.MERMWATCHTOWER_NOKING	守卫没有皇帝可以守卫。	3641	物品名:"鱼人工艺屋" 制造描述:"适合鱼人的家。"
DESCRIBE.MERMKING	另一个皇朝的王。	3642	物品名:"鱼人之王"
DESCRIBE.MERMGUARD	在他们周围感觉受到了护卫……	3643	物品名:"忠诚鱼人守卫"
DESCRIBE.MERM_PRINCE	他们遵循先到先得的规矩。	3644	物品名:"过程中的皇室"
DESCRIBE.SQUID	妾身有预感会派上用场。	3645	物品名:"鱿鱼"
DESCRIBE.GHOSTFLOWER	看起来像是死人的东西。	3646	物品名:"哀悼荣耀"
DESCRIBE.SMALLGHOST	奇怪的魂魄。	3647	物品名:"小惊吓"
DESCRIBE.CRABKING.GENERIC	庞大的妖物。	3650	物品名:"帝王蟹"->默认
DESCRIBE.CRABKING.INERT	需要修缮一下。	3651	物品名:"帝王蟹"
DESCRIBE.CRABKING_CLAW	警惕。	3653	物品名:"巨钳"
DESCRIBE.MESSAGEBOTTLE	不知道是不是送给妾身的。	3654	物品名:"瓶中信"
DESCRIBE.MESSAGEBOTTLEEMPTY	空无一物。	3655	物品名:"空瓶子"
DESCRIBE.MEATRACK_HERMIT.DONE	肉干可以吃了。	3658	物品名:"晾肉架"->完成了
DESCRIBE.MEATRACK_HERMIT.DRYING	肉风干需要一些时间。	3659	物品名:"晾肉架"->正在风干
DESCRIBE.MEATRACK_HERMIT.DRYINGINRAIN	雨天晾干肉需要更长时间。	3660	物品名:"晾肉架"->雨天风干
DESCRIBE.MEATRACK_HERMIT.GENERIC	肉晾在这里应该错不了。	3661	物品名:"晾肉架"->默认
DESCRIBE.MEATRACK_HERMIT.BURNT	晾肉架烧掉了。	3662	物品名:"晾肉架"->烧焦的
DESCRIBE.MEATRACK_HERMIT.DONE_NOTMEAT	干燥。	3663	物品名:"晾肉架"
DESCRIBE.MEATRACK_HERMIT.DRYING_NOTMEAT	存放更久。	3664	物品名:"晾肉架"
DESCRIBE.MEATRACK_HERMIT.DRYINGINRAIN_NOTMEAT	雨快停吧。	3665	物品名:"晾肉架"
DESCRIBE.BEEBOX_HERMIT.READY	它里面装满了蜂蜜。	3669	物品名:"蜂箱"->准备好的 满的
DESCRIBE.BEEBOX_HERMIT.FULLHONEY	它里面装满了蜂蜜。	3670	物品名:"蜂箱"->蜂蜜满了
DESCRIBE.BEEBOX_HERMIT.GENERIC	不知道里面有没有些许甜蜜。	3671	物品名:"蜂箱"->默认
DESCRIBE.BEEBOX_HERMIT.NOHONEY	它是空的。	3672	物品名:"蜂箱"->没有蜂蜜
DESCRIBE.BEEBOX_HERMIT.SOMEHONEY	需要等一会。	3673	物品名:"蜂箱"->有一些蜂蜜
DESCRIBE.BEEBOX_HERMIT.BURNT	怎么被烧掉的？。。	3674	物品名:"蜂箱"->烧焦的
DESCRIBE.HERMITCRAB	一个人住多少会寂寞吧。	3676	物品名:"寄居蟹隐士"
DESCRIBE.HERMIT_PEARL	妾身会照顾好它。	3677	物品名:"珍珠的珍珠"
DESCRIBE.HERMIT_CRACKED_PEARL	妾身……没有照顾好它。	3678	物品名:"开裂珍珠"
DESCRIBE.WATERPLANT	只要妾身不拿它们的藤壶。	3679	物品名:"海草"
DESCRIBE.WATERPLANT_BOMB	是种子啊。	3680	物品名:"种壳"
DESCRIBE.WATERPLANT_BABY	还在萌芽阶段。	3681	物品名:"海芽"
DESCRIBE.WATERPLANT_PLANTER	它们在大海中的岩石上长的最好。	3682	物品名:"海芽插穗"
DESCRIBE.SHARK	妾身可能需要一艘更大的船……	3683	物品名:"岩石大白鲨"
DESCRIBE.MASTUPGRADE_LAMP_ITEM	妾身有的是好主意。	3684	物品名:"甲板照明灯" 制造描述:"桅杆照明附件。"
DESCRIBE.MASTUPGRADE_LIGHTNINGROD_ITEM	妾身已经驾驭了陆上和海上的雷电。	3685	物品名:"避雷导线" 制造描述:"为你的桅杆带来过电般的刺激。"
DESCRIBE.WATERPUMP	可以灭火。	3686	物品名:"消防泵" 制造描述:"水水水，到处都是水。"
DESCRIBE.BARNACLE	看着不像是什么关节。	3687	物品名:"藤壶"
DESCRIBE.BARNACLE_COOKED	妾身听说这是一道珍馐美味。	3688	物品名:"熟藤壶"
DESCRIBE.BARNACLEPITA	你看不见它们是藤壶的时候，它们的味道会更好。	3689	物品名:"藤壶皮塔饼"
DESCRIBE.BARNACLESUSHI	妾身的筷子好像还是放错了地方。	3690	物品名:"藤壶握寿司"
DESCRIBE.BARNACLINGUINE	把面递过来。	3691	物品名:"藤壶中细面"
DESCRIBE.BARNACLESTUFFEDFISHHEAD	妾身可不想吃这个。	3692	物品名:"酿鱼头"
DESCRIBE.LEAFLOAF	神秘叶肉。	3693	物品名:"叶肉糕"
DESCRIBE.LEAFYMEATBURGER	虽然是素食，但可以尝试。	3694	物品名:"素食堡"
DESCRIBE.LEAFYMEATSOUFFLE	有些奇怪。	3695	物品名:"果冻沙拉"
DESCRIBE.MEATYSALAD	参杂了荤食的料理。	3696	物品名:"牛肉绿叶菜"
DESCRIBE.MOLEBAT	一只的吸血妖物。	3697	物品名:"裸鼹蝠"
DESCRIBE.MOLEBATHILL	不知道那个老鼠窝里藏了什么。	3698	物品名:"裸鼹蝠丘"
DESCRIBE.BATNOSE	这是谁的鼻子？	3699	物品名:"裸露鼻孔"
DESCRIBE.BATNOSE_COOKED	出来的时候，闻到的是鼻子的味道。	3700	物品名:"炭烤鼻孔"
DESCRIBE.BATNOSEHAT	方便些了。	3701	物品名:"牛奶帽"
DESCRIBE.MUSHGNOME	它会发起攻击。	3702	物品名:"蘑菇地精"
DESCRIBE.SPORE_MOON	妾身要尽量离这些孢子远一点。	3703	物品名:"月亮孢子"
DESCRIBE.MOON_CAP	看起来不怎么好吃。	3704	物品名:"月亮蘑菇"
DESCRIBE.MOON_CAP_COOKED	什么东西都可以烤一下……	3705	物品名:"熟月亮蘑菇"
DESCRIBE.MUSHTREE_MOON	这颗蘑菇树明显跟其他的有异。	3706	物品名:"月亮蘑菇树"
DESCRIBE.LIGHTFLIER	真是奇怪，装在妾身的身上里居然还能发光。	3707	物品名:"球状光虫"
DESCRIBE.GROTTO_POOL_BIG	来自月亮的水让玻璃增长了。	3708	物品名:"玻璃绿洲"
DESCRIBE.GROTTO_POOL_SMALL	来自月亮的水让玻璃增长了。	3709	物品名:"小玻璃绿洲"
DESCRIBE.DUSTMOTH	真是些整齐的小家伙。	3710	物品名:"尘蛾"
DESCRIBE.DUSTMOTHDEN	它们在里面过得很舒服。	3711	物品名:"整洁洞穴"
DESCRIBE.ARCHIVE_LOCKBOX	妾身怎么把这些取出来呢？	3712	物品名:"蒸馏的知识"
DESCRIBE.ARCHIVE_CENTIPEDE	你无法阻止妾身。	3713	物品名:"远古哨兵蜈蚣"
DESCRIBE.ARCHIVE_CENTIPEDE_HUSK	一堆旧零件。	3714	物品名:"哨兵蜈蚣壳"
DESCRIBE.ARCHIVE_COOKPOT.COOKING_LONG	这还需要一点时间。	3717	物品名:"远古窑"->饭还需要很久
DESCRIBE.ARCHIVE_COOKPOT.COOKING_SHORT	就快好了。	3718	物品名:"远古窑"->饭快做好了
DESCRIBE.ARCHIVE_COOKPOT.DONE	可以了。	3719	物品名:"远古窑"->完成了
DESCRIBE.ARCHIVE_COOKPOT.EMPTY	把上面的灰尘先抖干净，怎么样？	3720	物品名:"远古窑"
DESCRIBE.ARCHIVE_COOKPOT.BURNT	锅烧没了。	3721	物品名:"远古窑"->烧焦的
DESCRIBE.ARCHIVE_MOON_STATUE	这些雕塑让妾身有些不喜欢。	3723	物品名:"远古月亮雕像"
DESCRIBE.ARCHIVE_RUNE_STATUE.LINE_1	妾身不太能看懂这些。	3726	物品名:"远古月亮符文石"->第一行
DESCRIBE.ARCHIVE_RUNE_STATUE.LINE_2	这些标记有些奇怪。	3727	物品名:"远古月亮符文石"->第二行
DESCRIBE.ARCHIVE_RUNE_STATUE.LINE_3	妾身不太能看懂这些。	3728	物品名:"远古月亮符文石"->第三行
DESCRIBE.ARCHIVE_RUNE_STATUE.LINE_4	这些标记有些奇怪。	3729	物品名:"远古月亮符文石"->第四行
DESCRIBE.ARCHIVE_RUNE_STATUE.LINE_5	妾身不太能看懂这些。	3730	物品名:"远古月亮符文石"->第五行
DESCRIBE.ARCHIVE_RESONATOR.GENERIC	这个东西能追踪什么？	3734	物品名:"星象探测仪"->默认
DESCRIBE.ARCHIVE_RESONATOR.IDLE	它似乎找到了值得被找到的东西。	3735	物品名:"星象探测仪"
DESCRIBE.ARCHIVE_RESONATOR_ITEM	似曾相识呢……	3737	物品名:"星象探测仪" 制造描述:"它会出土什么秘密呢？"
DESCRIBE.ARCHIVE_LOCKBOX_DISPENCER.POWEROFF	要是有办法让它重新运作就好了……	3740	物品名:"知识饮水机"
DESCRIBE.ARCHIVE_LOCKBOX_DISPENCER.GENERIC	妾身感觉有些奇怪。	3741	物品名:"知识饮水机"->默认
DESCRIBE.ARCHIVE_SECURITY_DESK.POWEROFF	它已经失去了从前的作用。	3745	物品名:"远古哨所"
DESCRIBE.ARCHIVE_SECURITY_DESK.GENERIC	它想亲近妾身。	3746	物品名:"远古哨所"->默认
DESCRIBE.ARCHIVE_SECURITY_PULSE	你这是要上哪去？ 	3748	物品名:"远古哨所"
DESCRIBE.ARCHIVE_SWITCH.VALID	看起来十分的奇怪。	3751	物品名:"华丽基座"->有效
DESCRIBE.ARCHIVE_SWITCH.GEMS	这里是空的。	3752	物品名:"华丽基座"->需要宝石
DESCRIBE.ARCHIVE_PORTAL.POWEROFF	一点反应都没。	3756	物品名:"封印的传送门"
DESCRIBE.ARCHIVE_PORTAL.GENERIC	奇怪，没有反应。	3757	物品名:"封印的传送门"->默认
DESCRIBE.WALL_STONE_2	不错的墙。	3759	物品名:"档案馆石墙"
DESCRIBE.WALL_RUINS_2	一段古老的墙。	3760	物品名:"档案馆铥墙"
DESCRIBE.REFINED_DUST	尘土的感觉。	3761	物品名:"尘土块" 制造描述:"远古甜品的关键原料。"
DESCRIBE.DUSTMERINGUE	看起来可不好吃。	3762	物品名:"琥珀美食"
DESCRIBE.SHROOMCAKE	果然名副其实。	3763	物品名:"蘑菇蛋糕"
DESCRIBE.SHROOMBAIT	如梦似幻的味道。	3764	物品名:"酿夜帽"
DESCRIBE.NIGHTMAREGROWTH	值得妾身警惕。	3765	物品名:"梦魇城墙"
DESCRIBE.TURFCRAFTINGSTATION	可以改变一些东西。	3766	物品名:"土地夯实器" 制造描述:"一点点的改变世界。"
DESCRIBE.MOON_ALTAR_LINK	似乎在酝酿什么。	3767	物品名:"神秘能量"
DESCRIBE.COMPOSTINGBIN.GENERIC	妾身真是有点受不了这个味道。	3770	物品名:"堆肥桶"->默认 制造描述:"能让土壤变得臭烘烘和肥沃。"
DESCRIBE.COMPOSTINGBIN.WET	这应该是下人做的事。	3771	物品名:"堆肥桶" 制造描述:"能让土壤变得臭烘烘和肥沃。"
DESCRIBE.COMPOSTINGBIN.DRY	太干了。	3772	物品名:"堆肥桶" 制造描述:"能让土壤变得臭烘烘和肥沃。"
DESCRIBE.COMPOSTINGBIN.BALANCED	恰到好处。	3773	物品名:"堆肥桶" 制造描述:"能让土壤变得臭烘烘和肥沃。"
DESCRIBE.COMPOSTINGBIN.BURNT	妾身真没想到它还能发出更糟糕的味道……	3774	物品名:"堆肥桶"->烧焦的 制造描述:"能让土壤变得臭烘烘和肥沃。"
DESCRIBE.COMPOST	派不上别的用场。	3776	物品名:"堆肥"
DESCRIBE.SOIL_AMENDER.GENERIC	能让植物长得更好。	3779	物品名:"催长剂起子"->默认 制造描述:"海里来的瓶装养分。"
DESCRIBE.SOIL_AMENDER.STALE	能让植物长得更好。	3780	物品名:"催长剂起子"->过期了 制造描述:"海里来的瓶装养分。"
DESCRIBE.SOIL_AMENDER.SPOILED	似乎作用了。	3781	物品名:"催长剂起子"->腐烂了 制造描述:"海里来的瓶装养分。"
DESCRIBE.SOIL_AMENDER_FERMENTED	它能让植物长得更好。	3783	物品名:"超级催长剂"
DESCRIBE.WATERINGCAN.GENERIC	妾身可以用这个给植物浇水。	3786	物品名:"空浇水壶"->默认 制造描述:"让植物保持快乐和水分。"
DESCRIBE.WATERINGCAN.EMPTY	也许这附近有个池塘...	3787	物品名:"空浇水壶" 制造描述:"让植物保持快乐和水分。"
DESCRIBE.PREMIUMWATERINGCAN.GENERIC	用鸟嘴壶来浇水。	3791	物品名:"空鸟嘴壶"->默认 制造描述:"灌溉方面的创新。"
DESCRIBE.PREMIUMWATERINGCAN.EMPTY	没有水就没用了。	3792	物品名:"空鸟嘴壶" 制造描述:"灌溉方面的创新。"
DESCRIBE.FARM_PLOW	方便的东西。	3794	物品名:"耕地机"
DESCRIBE.FARM_PLOW_ITEM	妾身得先找个好的种地的园子才能使用它。	3795	物品名:"耕地机" 制造描述:"为你的植物犁一块地。"
DESCRIBE.FARM_HOE	妾身居然也要做这件事。	3796	物品名:"园艺锄" 制造描述:"翻耕，为撒播农作物做准备。"
DESCRIBE.GOLDEN_FARM_HOE	这与妾身稍微搭了一些。	3797	物品名:"黄金园艺锄" 制造描述:"优雅地耕地。"
DESCRIBE.NUTRIENTSGOGGLESHAT	它将帮助妾身看到所有藏在泥土里的东西。	3798	物品名:"高级耕作先驱帽" 制造描述:"让你看到一个成功的花园。"
DESCRIBE.PLANTREGISTRYHAT	不是很好看的帽子。	3799	物品名:"耕作先驱帽" 制造描述:"让你的园艺专业知识得到增长。"
DESCRIBE.FARM_SOIL_DEBRIS	它把妾身的园子弄得一团糟。	3800	物品名:"农田杂物"
DESCRIBE.FIRENETTLES	不要在花园里呆着。	3801	物品名:"火荨麻叶"
DESCRIBE.FORGETMELOTS	这是什么杂草。	3802	物品名:"必忘妾身"
DESCRIBE.SWEETTEA	一杯让妾身忘记所有事情的茶。	3803	物品名:"舒缓茶"
DESCRIBE.TILLWEED	滚出妾身的园子。	3804	物品名:"犁地草"
DESCRIBE.TILLWEEDSALVE	妾身的抚慰。	3805	物品名:"犁地草膏" 制造描述:"慢慢去处病痛。"
DESCRIBE.WEED_IVY	不是蔬菜。	3806	物品名:"刺针旋花"
DESCRIBE.IVY_SNARE	真是没礼貌。	3807	物品名:"缠绕根须"
DESCRIBE.TROPHYSCALE_OVERSIZEDVEGGIES.GENERIC	看看妾身今天的收获如何。	3810	物品名:"农产品秤"->默认 制造描述:"称量你珍贵的水果和蔬菜。"
DESCRIBE.TROPHYSCALE_OVERSIZEDVEGGIES.HAS_ITEM	重量: {weight}\n收获日: {day}\n不赖。	3811	物品名:"农产品秤" 制造描述:"称量你珍贵的水果和蔬菜。"
DESCRIBE.TROPHYSCALE_OVERSIZEDVEGGIES.HAS_ITEM_HEAVY	重量: {weight}\n收获日: {day}\n谁能想到会长这么大？	3812	物品名:"农产品秤" 制造描述:"称量你珍贵的水果和蔬菜。"
DESCRIBE.TROPHYSCALE_OVERSIZEDVEGGIES.HAS_ITEM_LIGHT	它太一般了。	3813	物品名:"农产品秤" 制造描述:"称量你珍贵的水果和蔬菜。"
DESCRIBE.TROPHYSCALE_OVERSIZEDVEGGIES.BURNING	这是烧什么菜啊？	3814	物品名:"农产品秤"->正在燃烧 制造描述:"称量你珍贵的水果和蔬菜。"
DESCRIBE.TROPHYSCALE_OVERSIZEDVEGGIES.BURNT	妾身想这不是最好的烹饪方式。	3815	物品名:"农产品秤"->烧焦的 制造描述:"称量你珍贵的水果和蔬菜。"
DESCRIBE.CARROT_OVERSIZED	一大堆的胡萝卜。	3817	物品名:"巨型胡萝卜"
DESCRIBE.CORN_OVERSIZED	好大的玉米棒。	3818	物品名:"巨型玉米"
DESCRIBE.PUMPKIN_OVERSIZED	好膨胀的南瓜啊。	3819	物品名:"巨型南瓜"
DESCRIBE.EGGPLANT_OVERSIZED	真想不通它为什么叫茄子。	3820	物品名:"巨型茄子"
DESCRIBE.DURIAN_OVERSIZED	妾身很确定它味道很难闻。	3821	物品名:"巨型榴莲"
DESCRIBE.POMEGRANATE_OVERSIZED	这可能是妾身见过的最大的石榴。	3822	物品名:"巨型石榴"
DESCRIBE.DRAGONFRUIT_OVERSIZED	妾身还有点期待呢。	3823	物品名:"巨型火龙果"
DESCRIBE.WATERMELON_OVERSIZED	巨大的西瓜。	3824	物品名:"巨型西瓜"
DESCRIBE.TOMATO_OVERSIZED	一颗比例惊人的西红柿。	3825	物品名:"巨型番茄"
DESCRIBE.POTATO_OVERSIZED	这土豆真大。	3826	物品名:"巨型土豆"
DESCRIBE.ASPARAGUS_OVERSIZED	妾身其实不太吃素……	3827	物品名:"巨型芦笋"
DESCRIBE.ONION_OVERSIZED	它们这么快就长这么大了。	3828	物品名:"巨型洋葱"
DESCRIBE.GARLIC_OVERSIZED	巨大的大蒜。	3829	物品名:"巨型大蒜"
DESCRIBE.PEPPER_OVERSIZED	一种大小相当不寻常的辣椒。	3830	物品名:"巨型辣椒"
DESCRIBE.VEGGIE_OVERSIZED_ROTTEN	腐烂的霉运。	3831	物品名:"农产品秤" 制造描述:"称量你珍贵的水果和蔬菜。"
DESCRIBE.FARM_PLANT.GENERIC	那是一株植物。	3834	物品名:未找到
DESCRIBE.FARM_PLANT.SEED	现在等着就好了。	3835	物品名:未找到
DESCRIBE.FARM_PLANT.GROWING	生长吧。	3836	物品名:未找到
DESCRIBE.FARM_PLANT.FULL	是时候收获成果了。	3837	物品名:未找到
DESCRIBE.FARM_PLANT.ROTTEN	可惜啊。要是在成熟的时候收割就好了。	3838	物品名:未找到
DESCRIBE.FARM_PLANT.FULL_OVERSIZED	妾身生产出了巨型农作物。	3839	物品名:未找到
DESCRIBE.FARM_PLANT.ROTTEN_OVERSIZED	腐烂的霉运。	3840	物品名:未找到
DESCRIBE.FARM_PLANT.FULL_WEED	妾身早就想到了这天。	3841	物品名:未找到
DESCRIBE.FARM_PLANT.BURNING	这对植物来说不是好事……	3842	物品名:未找到
DESCRIBE.FRUITFLY	到别的地方嗡嗡去。	3844	物品名:"果蝇"
DESCRIBE.LORDFRUITFLY	别再打扰我的东西了。	3845	物品名:"果蝇王"
DESCRIBE.FRIENDLYFRUITFLY	有它在似乎我能轻松一些。	3846	物品名:"友好果蝇"
DESCRIBE.FRUITFLYFRUIT	现在得看妾身的脸色了。	3847	物品名:"友好果蝇果"
DESCRIBE.SEEDPOUCH	妾身早就不想把种子装在身上里了。	3848	物品名:"种子袋" 制造描述:"妥善保管好种子。"
DESCRIBE.CARNIVAL_HOST	是个奇怪的东西。	3849	物品名:"良羽鸦"
DESCRIBE.CARNIVAL_CROWKID	一只普通的乌鸦。	3850	物品名:"小乌鸦"
DESCRIBE.CARNIVAL_GAMETOKEN	一枚闪亮的代币。	3851	物品名:"鸦年华代币" 制造描述:"购买代币，玩游戏，赢取奖品。"
DESCRIBE.CARNIVAL_PRIZETICKET.GENERIC	就是那张奖票。	3854	物品名:"奖票"->默认
DESCRIBE.CARNIVAL_PRIZETICKET.GENERIC_SMALLSTACK	就是那些奖票。	3855	物品名:"奖票"
DESCRIBE.CARNIVAL_PRIZETICKET.GENERIC_LARGESTACK	好多的奖票啊。	3856	物品名:"奖票"
DESCRIBE.CARNIVALGAME_FEEDCHICKS_NEST	一只奇怪的乌鸦。	3858	物品名:"饥饿乌鸦"
DESCRIBE.CARNIVALGAME_FEEDCHICKS_STATION.GENERIC	它要妾身给它一些闪亮的东西才让妾身玩。	3861	物品名:"鸟鸟吃虫虫"->默认
DESCRIBE.CARNIVALGAME_FEEDCHICKS_STATION.PLAYING	这个看起来有趣喔。	3862	物品名:"鸟鸟吃虫虫"
DESCRIBE.CARNIVALGAME_FEEDCHICKS_KIT	这还真是个快闪嘉年华。	3864	物品名:"鸟鸟吃虫虫套装" 制造描述:"小鸟吃虫。"
DESCRIBE.CARNIVALGAME_FEEDCHICKS_FOOD	无法理解的东西。	3865	物品名:"蛴螬"
DESCRIBE.CARNIVALGAME_MEMORY_KIT	这还真是个快闪嘉年华。	3866	物品名:"篮中蛋套装" 制造描述:"在你的蛋孵化前数清楚数量。"
DESCRIBE.CARNIVALGAME_MEMORY_STATION.GENERIC	它要妾身给它一些闪亮的东西才让妾身玩。	3869	物品名:"篮中蛋"->默认
DESCRIBE.CARNIVALGAME_MEMORY_STATION.PLAYING	妾身不太擅长这个。	3870	物品名:"篮中蛋"
DESCRIBE.CARNIVALGAME_MEMORY_CARD.GENERIC	一个普通的东西。	3874	物品名:"蛋篮"->默认
DESCRIBE.CARNIVALGAME_MEMORY_CARD.PLAYING	是它吗？	3875	物品名:"蛋篮"
DESCRIBE.CARNIVALGAME_HERDING_KIT	这还真是个快闪嘉年华。	3877	物品名:"追蛋套装" 制造描述:"追回失控的蛋。"
DESCRIBE.CARNIVALGAME_HERDING_STATION.GENERIC	它要妾身给它一些闪亮的东西才让妾身玩。	3880	物品名:"追蛋"->默认
DESCRIBE.CARNIVALGAME_HERDING_STATION.PLAYING	这些鸡蛋看起来想跑。	3881	物品名:"追蛋"
DESCRIBE.CARNIVALGAME_HERDING_CHICK	回来这。	3883	物品名:"追蛋"
DESCRIBE.CARNIVALGAME_SHOOTING_KIT	这还真是个快闪嘉年华。	3884	物品名:"保卫鸟巢套装" 制造描述:"防止害虫进入巢穴。"
DESCRIBE.CARNIVALGAME_SHOOTING_STATION.GENERIC	它要妾身给它一些闪亮的东西才让妾身玩。	3887	物品名:"保卫鸟巢"->默认
DESCRIBE.CARNIVALGAME_SHOOTING_STATION.PLAYING	就看妾身的吧。	3888	物品名:"保卫鸟巢"
DESCRIBE.CARNIVALGAME_SHOOTING_TARGET.GENERIC	一个奇怪的玩意。	3892	物品名:"射击靶"->默认
DESCRIBE.CARNIVALGAME_SHOOTING_TARGET.PLAYING	这个靶子让妾身想试试了。	3893	物品名:"射击靶"
DESCRIBE.CARNIVALGAME_SHOOTING_BUTTON.GENERIC	它要妾身给它一些闪亮的东西才让妾身玩。	3897	物品名:"按钮"->默认
DESCRIBE.CARNIVALGAME_SHOOTING_BUTTON.PLAYING	好奇心使妾身按下那个闪亮的大按钮。	3898	物品名:"按钮"
DESCRIBE.CARNIVALGAME_WHEELSPIN_KIT	这还真是个快闪嘉年华。	3900	物品名:"布谷鸟转盘套装" 制造描述:"旋转然后胜利。"
DESCRIBE.CARNIVALGAME_WHEELSPIN_STATION.GENERIC	它要妾身给它一些闪亮的东西才让妾身玩。	3903	物品名:"布谷鸟转盘"->默认
DESCRIBE.CARNIVALGAME_WHEELSPIN_STATION.PLAYING	似乎有些用处。	3904	物品名:"布谷鸟转盘"
DESCRIBE.CARNIVALGAME_PUCKDROP_KIT	这还真是个快闪嘉年华。	3906	物品名:"鸟房落球套装" 制造描述:"把球安全地弹到它的窝里。"
DESCRIBE.CARNIVALGAME_PUCKDROP_STATION.GENERIC	它要妾身给它一些闪亮的东西才让妾身玩。	3909	物品名:"鸟房落球"->默认
DESCRIBE.CARNIVALGAME_PUCKDROP_STATION.PLAYING	快来试试吧。	3910	物品名:"鸟房落球"
DESCRIBE.CARNIVAL_PRIZEBOOTH_KIT	真正的奖品是妾身制作摊位的过程。	3912	物品名:"奖品摊位套装" 制造描述:"看看有什么奖品。"
DESCRIBE.CARNIVAL_PRIZEBOOTH.GENERIC	妾身已经看到了妾身想要的奖品。就是那边那个。	3915	物品名:"奖品摊位"->默认
DESCRIBE.CARNIVALCANNON_KIT	妾身在把东西弄炸方面积累了丰富的经验。	3917	物品名:"奖品摊位"
DESCRIBE.CARNIVALCANNON.GENERIC	这个目的就是爆炸。	3920	物品名:未找到
DESCRIBE.CARNIVALCANNON.COOLDOWN	太疯狂了。	3921	物品名:未找到
DESCRIBE.CARNIVAL_PLAZA_KIT	鸟儿喜欢树。	3923	物品名:"鸦年华树苗" 制造描述:"鸦年华不可或缺的中间物件。"
DESCRIBE.CARNIVAL_PLAZA.GENERIC	现在看没“鸦年华”的样子。	3926	物品名:"鸦年华树"->默认
DESCRIBE.CARNIVAL_PLAZA.LEVEL_2	这里要多放点装饰品。	3927	物品名:"鸦年华树"
DESCRIBE.CARNIVAL_PLAZA.LEVEL_3	这是一棵庆祝之树。	3928	物品名:"鸦年华树"
DESCRIBE.CARNIVALDECOR_EGGRIDE_KIT	希望奖品就只是这些。	3930	物品名:"鸦年华树"
DESCRIBE.CARNIVALDECOR_EGGRIDE	妾身可以几个小时一直盯着它看。	3931	物品名:"鸦年华树"
DESCRIBE.CARNIVALDECOR_LAMP_KIT	光剩下一点事务了。	3932	物品名:"盛夏夜灯套装" 制造描述:"夏夜的梦幻之光。"
DESCRIBE.CARNIVALDECOR_LAMP	和烛火类似。	3933	物品名:"盛夏夜灯"
DESCRIBE.CARNIVALDECOR_PLANT_KIT	一个奇怪的玩意	3934	物品名:"微型树套装" 制造描述:"一小块鸦年华。"
DESCRIBE.CARNIVALDECOR_PLANT	不是它小，就是妾身大。	3935	物品名:"微型树"
DESCRIBE.CARNIVALDECOR_BANNER_KIT	妾身必须自己建造它？	3936	物品名:"光线捕捉器套装" 制造描述:"枝头挂着闪光的小饰品。"
DESCRIBE.CARNIVALDECOR_BANNER	这些闪亮的装饰品已经说明了一切。	3937	物品名:"光线捕捉器"
DESCRIBE.CARNIVALDECOR_FIGURE.RARE	重复做同样的事情是会成功的吗。	3940	物品名:未找到
DESCRIBE.CARNIVALDECOR_FIGURE.UNCOMMON	这种设计不是很常见。	3941	物品名:未找到
DESCRIBE.CARNIVALDECOR_FIGURE.GENERIC	妾身怎么弄到这么多的这些东西……	3942	物品名:未找到
DESCRIBE.CARNIVALDECOR_FIGURE_KIT	探索。	3944	物品名:"绿色神秘盒子" 制造描述:"这个神秘的绿盒子里会有什么呢？"
DESCRIBE.CARNIVALDECOR_FIGURE_KIT_SEASON2	探索。	3945	物品名:"金色神秘盒子" 制造描述:"这个神秘的金盒子里会有什么呢？"
DESCRIBE.CARNIVAL_BALL	简单的设计。	3946	unimplemented  -- 物品名:"发光红球" 制造描述:"保证你有球必应。"
DESCRIBE.CARNIVAL_SEEDPACKET	妾身觉得有点饿了。	3947	物品名:"种子包" 制造描述:"鸦年华最爱的香脆小吃。"
DESCRIBE.CARNIVALFOOD_CORNTEA	这种饮料似乎味道不错。	3948	物品名:"玉米泥" 制造描述:"出乎意料的清爽。"
DESCRIBE.CARNIVAL_VEST_A	妾身不喜欢太奇怪的东西。	3949	物品名:"叽叽喳喳围巾" 制造描述:"用捡来的树叶做成的异想天开的围巾。"
DESCRIBE.CARNIVAL_VEST_B	就像穿上了自己专属的树荫。	3950	物品名:"叽叽喳喳斗篷" 制造描述:"这东西确实值得称道。"
DESCRIBE.CARNIVAL_VEST_C	希望这里头没虫子……	3951	物品名:"叽叽喳喳小披肩" 制造描述:"鸦年华游客的必备小披肩。"
DESCRIBE.YOTB_SEWINGMACHINE	裁缝能有多难？	3952	物品名:"缝纫机"
DESCRIBE.YOTB_SEWINGMACHINE_ITEM	看来需要组装一下。	3953	物品名:"缝纫机套装" 制造描述:"做出完美的皮弗娄牛礼服吧。"
DESCRIBE.YOTB_STAGE	妾身没见到他登台和离开……	3954	物品名:"裁判席"
DESCRIBE.YOTB_POST	这场比赛将会顺利进行。	3955	物品名:"皮弗娄牛舞台"
DESCRIBE.YOTB_STAGE_ITEM	看起来要搭建一下才行。	3956	物品名:"裁判席" 制造描述:"邀请专家出席。"
DESCRIBE.YOTB_POST_ITEM	妾身最好先装好它。	3957	物品名:"皮弗娄牛舞台" 制造描述:"让你的皮弗娄牛登上舞台中央。"
DESCRIBE.YOTB_PATTERN_FRAGMENT_1	妾身一定能做出一件皮弗娄牛礼服。	3958	物品名:"恐怖款式碎片" 制造描述:"来一点恐怖的灵感。"
DESCRIBE.YOTB_PATTERN_FRAGMENT_2	妾身一定能做出一件皮弗娄牛礼服。	3959	物品名:"正式款式碎片" 制造描述:"来一点正式的灵感。"
DESCRIBE.YOTB_PATTERN_FRAGMENT_3	妾身一定能做出一件皮弗娄牛礼服。	3960	物品名:"喜庆款式碎片" 制造描述:"来一点喜庆的灵感。"
DESCRIBE.YOTB_BEEFALO_DOLL_WAR.GENERIC	小童的玩意儿。	3963	物品名:"战士皮弗娄牛玩偶"->默认
DESCRIBE.YOTB_BEEFALO_DOLL_WAR.YOTB	不知道裁判会怎么说？	3964	物品名:"战士皮弗娄牛玩偶"
DESCRIBE.YOTB_BEEFALO_DOLL_DOLL.GENERIC	小童的玩意儿。	3968	物品名:"娃娃皮弗娄牛玩偶"->默认
DESCRIBE.YOTB_BEEFALO_DOLL_DOLL.YOTB	不知道裁判会怎么说？	3969	物品名:"娃娃皮弗娄牛玩偶"
DESCRIBE.YOTB_BEEFALO_DOLL_FESTIVE.GENERIC	小童的玩意儿。	3973	物品名:"喜庆皮弗娄牛玩偶"->默认
DESCRIBE.YOTB_BEEFALO_DOLL_FESTIVE.YOTB	不知道裁判会怎么说？	3974	物品名:"喜庆皮弗娄牛玩偶"
DESCRIBE.YOTB_BEEFALO_DOLL_NATURE.GENERIC	小童的玩意儿。	3978	物品名:"花朵皮弗娄牛玩偶"->默认
DESCRIBE.YOTB_BEEFALO_DOLL_NATURE.YOTB	不知道裁判会怎么说？	3979	物品名:"花朵皮弗娄牛玩偶"
DESCRIBE.YOTB_BEEFALO_DOLL_ROBOT.GENERIC	小童的玩意儿。	3983	物品名:"铁甲皮弗娄牛玩偶"->默认
DESCRIBE.YOTB_BEEFALO_DOLL_ROBOT.YOTB	不知道裁判会怎么说？	3984	物品名:"铁甲皮弗娄牛玩偶"
DESCRIBE.YOTB_BEEFALO_DOLL_ICE.GENERIC	小孩子的玩意儿。	3988	物品名:"寒霜皮弗娄牛玩偶"->默认
DESCRIBE.YOTB_BEEFALO_DOLL_ICE.YOTB	不知道裁判会怎么说？	3989	物品名:"寒霜皮弗娄牛玩偶"
DESCRIBE.YOTB_BEEFALO_DOLL_FORMAL.GENERIC	小童的玩意儿。	3993	物品名:"正式皮弗娄牛玩偶"->默认
DESCRIBE.YOTB_BEEFALO_DOLL_FORMAL.YOTB	不知道裁判会怎么说？	3994	物品名:"正式皮弗娄牛玩偶"
DESCRIBE.YOTB_BEEFALO_DOLL_VICTORIAN.GENERIC	小童的玩意儿。	3998	物品名:"维多利亚皮弗娄牛玩偶"->默认
DESCRIBE.YOTB_BEEFALO_DOLL_VICTORIAN.YOTB	不知道裁判会怎么说？	3999	物品名:"维多利亚皮弗娄牛玩偶"
DESCRIBE.YOTB_BEEFALO_DOLL_BEAST.GENERIC	小童的玩意儿。	4003	物品名:"幸运兽弗娄牛玩偶"->默认
DESCRIBE.YOTB_BEEFALO_DOLL_BEAST.YOTB	不知道裁判会怎么说？	4004	物品名:"幸运兽弗娄牛玩偶"
DESCRIBE.WAR_BLUEPRINT	看着挺不错的。	4006	物品名:"战士礼服款式"
DESCRIBE.DOLL_BLUEPRINT	妾身的皮弗娄牛一定会可爱动人。	4007	物品名:"娃娃礼服款式"
DESCRIBE.FESTIVE_BLUEPRINT	是时候来点节庆活动了。	4008	物品名:"节日盛装款式"
DESCRIBE.ROBOT_BLUEPRINT	对于一个裁缝来说，太奇怪了。	4009	物品名:"铁甲礼服款式"
DESCRIBE.NATURE_BLUEPRINT	真是百搭。	4010	物品名:"花朵礼服款式"
DESCRIBE.FORMAL_BLUEPRINT	这是专属礼服。	4011	物品名:"正式礼服款式"
DESCRIBE.VICTORIAN_BLUEPRINT	妾身奶奶好像穿过件类似的衣服。	4012	物品名:"维多利亚礼服款式"
DESCRIBE.ICE_BLUEPRINT	妾身喜欢新鲜的皮弗娄牛。	4013	物品名:"寒霜礼服款式"
DESCRIBE.BEAST_BLUEPRINT	妾身觉得要走运了。	4014	物品名:"幸运兽礼服款式"
DESCRIBE.BEEF_BELL	它会让皮弗娄牛变得友好。	4015	物品名:"皮弗娄牛铃" 制造描述:"与皮弗娄牛交朋友。"
DESCRIBE.KITCOONDEN.GENERIC	个头够小才能藏在里面。	4018	物品名:"小浣猫托儿所"->默认
DESCRIBE.KITCOONDEN.BURNT	不。	4019	物品名:"小浣猫托儿所"->烧焦的
DESCRIBE.KITCOONDEN.PLAYING_HIDEANDSEEK	它们去了哪里呢……	4020	物品名:"小浣猫托儿所"
DESCRIBE.KITCOONDEN.PLAYING_HIDEANDSEEK_TIME_ALMOST_UP	剩下的时间不多了。它们在哪？。	4021	物品名:"小浣猫托儿所"
DESCRIBE.KITCOONDEN_KIT	一套都在这了。	4023	物品名:"小浣猫托儿所套装" 制造描述:"各种条纹浣猫的家园。"
DESCRIBE.TICOON.GENERIC	他看起来好像知道自己在做什么。	4026	物品名:"大虎"->默认
DESCRIBE.TICOON.ABANDONED	妾身一定能靠自己找到它们。	4027	物品名:"大虎"
DESCRIBE.TICOON.SUCCESS	嘿，他找到了一个。	4028	物品名:"大虎"
DESCRIBE.TICOON.LOST_TRACK	有人先发现了它们。	4029	物品名:"大虎"
DESCRIBE.TICOON.NEARBY	看起来附近有东西。	4030	物品名:"大虎"
DESCRIBE.TICOON.TRACKING	妾身应该紧跟他的步伐。	4031	物品名:"大虎"
DESCRIBE.TICOON.TRACKING_NOT_MINE	他在为别人引路。	4032	物品名:"大虎"
DESCRIBE.TICOON.NOTHING_TO_TRACK	看起来没有什么可找的了。	4033	物品名:"大虎"
DESCRIBE.TICOON.TARGET_TOO_FAR_AWAY	它们可能离得太远，他嗅不到味道。	4034	物品名:"大虎"
DESCRIBE.YOT_CATCOONSHRINE.GENERIC	做什么呢……	4038	物品名:"浣猫神龛"->默认 制造描述:"供奉无踪之浣猫。"
DESCRIBE.YOT_CATCOONSHRINE.EMPTY	也许它想弄根羽毛来玩玩……	4039	物品名:"浣猫神龛" 制造描述:"供奉无踪之浣猫。"
DESCRIBE.YOT_CATCOONSHRINE.BURNT	闻起来像烧焦的毛皮。	4040	物品名:"浣猫神龛"->烧焦的 制造描述:"供奉无踪之浣猫。"
DESCRIBE.KITCOON_FOREST	你就是最可爱的小猫咪。	4042	物品名:"小浣猫"
DESCRIBE.KITCOON_SAVANNA	你就是最可爱的小猫咪。	4043	物品名:"小浣猫"
DESCRIBE.KITCOON_MARSH	妾身一定要收养他们吗。	4044	物品名:"小浣猫"
DESCRIBE.KITCOON_DECIDUOUS	你就是最可爱的小猫咪。	4045	物品名:"小浣猫"
DESCRIBE.KITCOON_GRASS	你就是最可爱的小猫咪。	4046	物品名:"小浣猫"
DESCRIBE.KITCOON_ROCKY	妾身一定要收养他们吗。	4047	物品名:"小浣猫"
DESCRIBE.KITCOON_DESERT	妾身一定要收养他们吗。	4048	物品名:"小浣猫"
DESCRIBE.KITCOON_MOON	妾身一定要收养他们吗。	4049	物品名:"小浣猫"
DESCRIBE.KITCOON_YOT	妾身一定要收养他们吗。	4050	物品名:"小浣猫"
DESCRIBE.ALTERGUARDIAN_PHASE1.GENERIC	妾身要让你付出代价。	4053	物品名:"天体英雄"->默认
DESCRIBE.ALTERGUARDIAN_PHASE1.DEAD	有了。	4054	物品名:"天体英雄"->死了
DESCRIBE.ALTERGUARDIAN_PHASE2.GENERIC	妾身想妾身激怒它了……	4058	物品名:"天体英雄"->默认
DESCRIBE.ALTERGUARDIAN_PHASE2.DEAD	这回妾身很确定妾身收拾了它。	4059	物品名:"天体英雄"->死了
DESCRIBE.ALTERGUARDIAN_PHASE2SPIKE	你已经表明了你的观点。	4061	物品名:"月光玻璃尖刺"
DESCRIBE.ALTERGUARDIAN_PHASE3	它现在一定生气了。	4062	物品名:"天体英雄"
DESCRIBE.ALTERGUARDIAN_PHASE3TRAP	不要靠近他，会睡着。	4063	物品名:"启迪陷阱"
DESCRIBE.ALTERGUARDIAN_PHASE3DEADORB	它死了吗。	4064	物品名:"天体英雄"
DESCRIBE.ALTERGUARDIAN_PHASE3DEAD	应该去确定一下。	4065	物品名:"被击败的天体英雄"
DESCRIBE.ALTERGUARDIANHAT	似乎有奇怪的法力蕴藏其中。	4066	物品名:"启迪之冠"
DESCRIBE.ALTERGUARDIANHATSHARD	连部件都如此光彩夺目。	4067	物品名:"启迪碎片"
DESCRIBE.MOONSTORM_GLASS.GENERIC	呈现奇怪的透明。	4070	物品名:"充能玻璃石"->默认
DESCRIBE.MOONSTORM_GLASS.INFUSED	它焕发着奇怪的灵力。	4071	物品名:"充能玻璃石"
DESCRIBE.MOONSTORM_STATIC	似乎有雷电的力量。	4073	物品名:"能量静电"
DESCRIBE.MOONSTORM_STATIC_ITEM	似乎有雷电的力量。	4074	物品名:"约束静电"
DESCRIBE.MOONSTORM_SPARK	不曾见过的东西。”	4075	物品名:"月熠"
DESCRIBE.BIRD_MUTANT	妾身觉得那个以前应该是只乌鸦。	4076	物品名:"月盲乌鸦"
DESCRIBE.BIRD_MUTANT_SPITTER	妾身不喜欢它盯着妾身的眼神……	4077	物品名:"奇形鸟"
DESCRIBE.WAGSTAFF_NPC	这是什么。	4078	物品名:"颗粒状传输"
DESCRIBE.WAGSTAFF_NPC_MUTATIONS	这是什么。	4079	物品名:"颗粒状传输"
DESCRIBE.WAGSTAFF_NPC_WAGPUNK	他到底上哪去了……	4080	物品名:"颗粒状传输"
DESCRIBE.ALTERGUARDIAN_CONTAINED	它正在耗尽那个妖兽的法力。	4081	物品名:"月亮精华提取器"
DESCRIBE.WAGSTAFF_TOOL_1	那是妾身寻找的工具。	4082	物品名:"网状缓冲器"
DESCRIBE.WAGSTAFF_TOOL_2	妾身当然知道是怎么回事。	4083	物品名:"东西除垢器"
DESCRIBE.WAGSTAFF_TOOL_3	这明显是一个工具。	4084	物品名:"垫圈开槽器"
DESCRIBE.WAGSTAFF_TOOL_4	这就是妾身寻找的工具。	4085	物品名:"概念刷洗器"
DESCRIBE.WAGSTAFF_TOOL_5	妾身知道它能做什么。	4086	物品名:"校准观察机"
DESCRIBE.MOONSTORM_GOGGLESHAT	妾身应该早点想到的	4087	物品名:"星象护目镜" 制造描述:"利用土豆之眼来看清风暴。"
DESCRIBE.MOON_DEVICE.GENERIC	妾身知道会这样。	4090	物品名:"月亮虹吸器"->默认
DESCRIBE.MOON_DEVICE.CONSTRUCTION1	才刚刚开始。	4091	物品名:"月亮虹吸器"
DESCRIBE.MOON_DEVICE.CONSTRUCTION2	看起来好多了。	4092	物品名:"月亮虹吸器"
DESCRIBE.POCKETWATCH_HEAL.GENERIC	居然还有这样的法宝。	4096	物品名:"不老表"->默认 制造描述:"你觉得自己是几岁，你就是几岁。"
DESCRIBE.POCKETWATCH_HEAL.RECHARGING	似乎有些用处。	4097	物品名:"不老表" 制造描述:"你觉得自己是几岁，你就是几岁。"
DESCRIBE.POCKETWATCH_REVIVE.GENERIC	居然还有这样的法宝。	4101	物品名:"第二次机会表"->默认 制造描述:"挽回一个朋友的不幸结局。"
DESCRIBE.POCKETWATCH_REVIVE.RECHARGING	似乎有些用处。	4102	物品名:"第二次机会表" 制造描述:"挽回一个朋友的不幸结局。"
DESCRIBE.POCKETWATCH_WARP.GENERIC	似乎有些用处。	4106	物品名:"倒走表"->默认 制造描述:"重走你的最后几步。"
DESCRIBE.POCKETWATCH_WARP.RECHARGING	缩地成寸。	4107	物品名:"倒走表" 制造描述:"重走你的最后几步。"
DESCRIBE.POCKETWATCH_RECALL.GENERIC	居然还有这样的法宝西。	4111	物品名:"溯源表"->默认 制造描述:"返回到一个遥远的时间点。"
DESCRIBE.POCKETWATCH_RECALL.RECHARGING	缩地成寸。	4112	物品名:"溯源表" 制造描述:"返回到一个遥远的时间点。"
DESCRIBE.POCKETWATCH_PORTAL.GENERIC	居然还有这样的法宝。	4119	物品名:"裂缝表"->默认 制造描述:"和朋友一起穿越时间会更好。"
DESCRIBE.POCKETWATCH_PORTAL.RECHARGING	缩地成寸。	4120	物品名:"裂缝表" 制造描述:"和朋友一起穿越时间会更好。"
DESCRIBE.POCKETWATCH_WEAPON.GENERIC	坏事发生只是时间问题。	4127	物品名:"警钟"->默认 制造描述:"这只钟敲的就是你。"
DESCRIBE.POCKETWATCH_PARTS	可以操控时间。	4130	物品名:"时间碎片" 制造描述:"计时必备零件。"
DESCRIBE.POCKETWATCH_DISMANTLER	可以修补一些东西。	4131	物品名:"钟表匠工具" 制造描述:"修补计时东西。"
DESCRIBE.POCKETWATCH_PORTAL_ENTRANCE.GENERIC	向前走。	4134	物品名:"时间裂缝"->默认
DESCRIBE.POCKETWATCH_PORTAL_ENTRANCE.DIFFERENTSHARD	向前走。	4135	物品名:"时间裂缝"
DESCRIBE.POCKETWATCH_PORTAL_EXIT	好一个漫长的下降过程。	4137	物品名:"时间裂缝"
DESCRIBE.WATERTREE_PILLAR	一棵奇怪的树。	4138	物品名:"大树干"
DESCRIBE.OCEANTREE	这些树似乎有些名堂。	4139	物品名:"疙瘩树"
DESCRIBE.OCEANTREENUT	里面似乎有些名堂。	4140	物品名:"疙瘩树果"
DESCRIBE.WATERTREE_ROOT	一棵奇怪的树。	4141	物品名:"大树根"
DESCRIBE.OCEANTREE_PILLAR	虽然不如原来那个那么好，但还是挺不错的。	4142	物品名:"高出平均值的树干"
DESCRIBE.OCEANVINE	森林里面很多。	4143	物品名:"苔藓藤条"
DESCRIBE.FIG	妾身没见过这个。	4144	物品名:"无花果"
DESCRIBE.FIG_COOKED	妾身不太爱吃素。	4145	物品名:"熟无花果"
DESCRIBE.SPIDER_WATER	一种弱小的妖兽。	4146	物品名:"海黾"
DESCRIBE.MUTATOR_WATER	有些不太美观。	4147	物品名:"海黾变身涂鸦" 制造描述:"光是看就让人流口水。"
DESCRIBE.OCEANVINE_COCOON	妾身轻轻戳它一下会怎么样？	4148	物品名:"海黾巢穴"
DESCRIBE.OCEANVINE_COCOON_BURNT	闻到了奇怪的味道。	4149	物品名:"海黾巢穴"
DESCRIBE.GRASSGATOR	妾身觉得他不太喜欢妾身。	4150	物品名:"草鳄鱼"
DESCRIBE.TREEGROWTHSOLUTION	树木的食粮。	4151	物品名:"树果酱" 制造描述:"鼓励树木到达新的高度。"
DESCRIBE.FIGATONI	不适合妾身的口味。	4152	物品名:"无花果意面"
DESCRIBE.FIGKABAB	旁边有根棍子的无花果。	4153	物品名:"无花果烤串"
DESCRIBE.KOALEFIG_TRUNK	勉强可以下咽。	4154	物品名:"无花果酿象鼻"
DESCRIBE.FROGNEWTON	无花果的味道。	4155	物品名:"无花果蛙腿三明治"
DESCRIBE.TERRARIUM.GENERIC	看着它让妾身的头感觉很模糊。	4158	物品名:"盒中泰拉"->默认
DESCRIBE.TERRARIUM.CRIMSON	妾身有种不好的预感……	4159	物品名:"盒中泰拉"
DESCRIBE.TERRARIUM.ENABLED	妾身到了另一边吗？。	4160	物品名:"盒中泰拉"
DESCRIBE.TERRARIUM.WAITING_FOR_DARK	会是什么呢。	4161	物品名:"盒中泰拉"
DESCRIBE.TERRARIUM.COOLDOWN	这之后需要冷却一下。	4162	物品名:"盒中泰拉"->冷却中
DESCRIBE.TERRARIUM.SPAWN_DISABLED	妾身应该不会再被窥视的目光所打扰了。	4163	物品名:"盒中泰拉"
DESCRIBE.MIGHTY_GYM.GENERIC	妾身可不做这些……	4167	物品名:"强大健身房"->默认 制造描述:"拿出力量来吧。"
DESCRIBE.MIGHTY_GYM.BURNT	本就不是妾身在意的玩意。	4168	物品名:"强大健身房"->烧焦的 制造描述:"拿出力量来吧。"
DESCRIBE.DUMBBELL	妾身不爱做这些事。	4170	物品名:"哑铃" 制造描述:"练肌肉离不开棍棒和石头。"
DESCRIBE.DUMBBELL_GOLDEN	精诚所至，金石为开。	4171	物品名:"黄金哑铃" 制造描述:"举重的黄金标准。"
DESCRIBE.DUMBBELL_MARBLE	妾身不喜欢做这些。	4172	物品名:"大理石哑铃" 制造描述:"获得有棱有角体格的捷径。"
DESCRIBE.DUMBBELL_GEM	这点重量。	4173	物品名:"宝石哑铃" 制造描述:"让你锻炼的方方面面都得到打磨。"
DESCRIBE.POTATOSACK	石头形状的土豆。	4174	物品名:"土豆袋" 制造描述:"马铃薯的天然栖息地。"
DESCRIBE.DUMBBELL_HEAT	用来热身还不错。	4175	物品名:"热铃" 制造描述:"进行终极热身。"
DESCRIBE.DUMBBELL_REDGEM	妾身不太喜欢这个。	4176	物品名:"火铃" 制造描述:"感受燃烧。"
DESCRIBE.DUMBBELL_BLUEGEM	还挺有趣的。	4177	物品名:"冰铃" 制造描述:"冰封妨碍锻炼的东西。"
DESCRIBE.TERRARIUMCHEST.GENERIC	没有谁因为偷看盒子里的东西而出事吧？	4180	物品名:"显眼箱子"->默认
DESCRIBE.TERRARIUMCHEST.BURNT	它不会再打扰任何人了。	4181	物品名:"显眼箱子"->烧焦的
DESCRIBE.TERRARIUMCHEST.SHIMMER	那个看起来有点格格不入……	4182	物品名:"显眼箱子"
DESCRIBE.EYEMASKHAT	妾身独具慧眼。	4184	物品名:"眼面具"
DESCRIBE.EYEOFTERROR	瞄准眼睛。	4185	物品名:"恐怖之眼"
DESCRIBE.EYEOFTERROR_MINI	妾身开始觉得不自在了。	4186	物品名:"可疑窥视者"
DESCRIBE.EYEOFTERROR_MINI_GROUNDED	妾身想它就要孵化了……	4187	物品名:"恐怖之蛋"
DESCRIBE.FROZENBANANADAIQUIRI	醇厚。	4188	物品名:"冰香蕉冻唇蜜"
DESCRIBE.BUNNYSTEW	这家伙的运气到头了。	4189	物品名:"炖兔子"
DESCRIBE.CRITTER_EYEOFTERROR	多一双眼睛总是好事。嗯？应该是一只眼睛。	4191	物品名:"友好窥视者"
DESCRIBE.SHIELDOFTERROR	下巴做成的盾牌。	4192	物品名:"恐怖盾牌"
DESCRIBE.TWINOFTERROR1	是敌是友？……	4193	物品名:"激光眼"
DESCRIBE.TWINOFTERROR2	是敌是友？……	4194	物品名:"魔焰眼"
DESCRIBE.COTL_TRINKET	了不起的成就啊。	4195	物品名:"红眼冠"
DESCRIBE.TURF_COTL_GOLD	和妾身还挺搭的。	4196	物品名:"黄金地板" 制造描述:"为新的黄金时代奠定基础。"
DESCRIBE.TURF_COTL_BRICK	地板的组成。	4197	物品名:"砖地板" 制造描述:"单独的砖块聚集在一起用于更大的目的。"
DESCRIBE.COTL_TABERNACLE_LEVEL1.LIT	舒缓的光啊。	4200	物品名:"低微咩咩雕像" 制造描述:"劣质的咩咩雕刻品。"
DESCRIBE.COTL_TABERNACLE_LEVEL1.GENERIC	需要燃料。	4201	物品名:"低微咩咩雕像"->默认 制造描述:"劣质的咩咩雕刻品。"
DESCRIBE.COTL_TABERNACLE_LEVEL2.LIT	鼓舞人心的雕塑。	4205	物品名:"有所改进咩咩雕像" 制造描述:"一座用来歌颂咩咩的精致雕像。"
DESCRIBE.COTL_TABERNACLE_LEVEL2.GENERIC	需要燃料。	4206	物品名:"有所改进咩咩雕像"->默认 制造描述:"一座用来歌颂咩咩的精致雕像。"
DESCRIBE.COTL_TABERNACLE_LEVEL3.LIT	妾身可以盯着它	4210	物品名:"完美无瑕咩咩雕像" 制造描述:"一座纪念咩咩荣耀的耀眼纪念碑。"
DESCRIBE.COTL_TABERNACLE_LEVEL3.GENERIC	需要燃料。	4211	物品名:"完美无瑕咩咩雕像"->默认 制造描述:"一座纪念咩咩荣耀的耀眼纪念碑。"
DESCRIBE.CATTOY_MOUSE	给老鼠都安上轮子了。	4213	物品名:"发条鼠玩具" 制造描述:"开始一场猫鼠游戏。"
DESCRIBE.KITCOON_NAMETAG	妾身应该想几个名字。	4214	物品名:"小浣猫项圈" 制造描述:"给可爱的小脸蛋起个名字。"
DESCRIBE.KITCOONDECOR1.GENERIC	那些小家伙根本分不清。	4217	物品名:"火鸡不倒翁"->默认
DESCRIBE.KITCOONDECOR1.BURNT	烧起来了。	4218	物品名:"火鸡不倒翁"->烧焦的
DESCRIBE.KITCOONDECOR2.GENERIC	妾身要干什么来着？	4222	物品名:"逗猫小鱼"->默认
DESCRIBE.KITCOONDECOR2.BURNT	它给烧了。	4223	物品名:"逗猫小鱼"->烧焦的
DESCRIBE.KITCOONDECOR1_KIT	看起来需要组装一下。	4225	物品名:"火鸡不倒翁套装" 制造描述:"属于猫科朋友的羽毛乐趣。"
DESCRIBE.KITCOONDECOR2_KIT	看起来不是很难制作。	4226	物品名:"逗猫小鱼套装" 制造描述:"一场愉快的无用功。"
DESCRIBE.WX78MODULE_MAXHEALTH	一个新奇的小玩意。	4227	物品名:"强化电路" 制造描述:"让你的机械身躯更加健壮。"
DESCRIBE.WX78MODULE_MAXSANITY1	一个新奇的小玩意。	4228	物品名:"处理器电路" 制造描述:"一点额外的处理能力有助于缓解机械思维。"
DESCRIBE.WX78MODULE_MAXSANITY	一个新奇的小玩意。	4229	物品名:"超级处理器电路" 制造描述:"处理能力的大幅提升将让齿轮高速转动。"
DESCRIBE.WX78MODULE_MOVESPEED	一个新奇的小玩意。	4230	物品名:"加速电路" 制造描述:"匆忙设计的加速器。亟待改进。"
DESCRIBE.WX78MODULE_MOVESPEED2	一个新奇的小玩意。	4231	物品名:"超级加速电路" 制造描述:"一个完美的加速器，将你的引擎提到最高档。"
DESCRIBE.WX78MODULE_HEAT	一个新奇的小玩意。	4232	物品名:"热能电路" 制造描述:"要热起来了。"
DESCRIBE.WX78MODULE_NIGHTVISION	一个新奇的小玩意。	4233	物品名:"光电电路" 制造描述:"将你的光学传感器调校为夜视效果。"
DESCRIBE.WX78MODULE_COLD	一个新奇的小玩意。	4234	物品名:"制冷电路" 制造描述:"把你的底盘变成一个便携式冰柜。"
DESCRIBE.WX78MODULE_TASER	一个新奇的小玩意。	4235	物品名:"电气化电路" 制造描述:"谁敢惹你就等着被电击吧。"
DESCRIBE.WX78MODULE_LIGHT	一个新奇的小玩意。	4236	物品名:"照明电路" 制造描述:"用你的存在照亮一个房间。"
DESCRIBE.WX78MODULE_MAXHUNGER1	一个新奇的小玩意。	4237	物品名:"胃增益电路" 制造描述:"增加一点燃料箱的容量。"
DESCRIBE.WX78MODULE_MAXHUNGER	一个新奇的小玩意。	4238	物品名:"超级胃增益电路" 制造描述:"能满足哪怕是最贪食的机器人的胃口。"
DESCRIBE.WX78MODULE_MUSIC	一个新奇的小玩意。	4239	物品名:"合唱盒电路" 制造描述:"每台机器都需要时不时地进行校准。"
DESCRIBE.WX78MODULE_BEE	一个新奇的小玩意。	4240	物品名:"豆增压电路" 制造描述:"让你的大脑和身体都充满嗡嗡作响的潜能。"
DESCRIBE.WX78MODULE_MAXHEALTH2	一个新奇的小玩意。	4241	物品名:"超级强化电路" 制造描述:"让你的机械身躯无比健壮。"
DESCRIBE.WX78_SCANNER.GENERIC	似乎把自己的一部分投入到了工作中。	4244	物品名:"生物扫描分析仪"->默认
DESCRIBE.WX78_SCANNER.HUNTING	发现什么了吗。	4245	物品名:"生物扫描分析仪"
DESCRIBE.WX78_SCANNER.SCANNING	它似乎发现了什么。	4246	物品名:"生物扫描分析仪"
DESCRIBE.WX78_SCANNER_ITEM	妾身想知道它是否会梦到什么。	4248	物品名:"生物扫描分析仪" 制造描述:"备份扫描永远不会有坏处。"
DESCRIBE.WX78_SCANNER_SUCCEEDED	它有一种迫不及待向世人展示自己作品的急迫。	4249	物品名:"生物扫描分析仪"
DESCRIBE.WX78_MODULEREMOVER	这显然是一个新奇的玩意。	4250	物品名:"电路提取器" 制造描述:"成功的钳（前）提是努力。"
DESCRIBE.SCANDATA	不太能理解。	4251	物品名:"生物数据"
DESCRIBE.JUSTEGGS	可以再来点吃的。	4252	物品名:"普通煎蛋"
DESCRIBE.VEGGIEOMLET	可以用膳了。	4253	物品名:"早餐锅"
DESCRIBE.TALLEGGS	我还是只小狐狸时也爱吃这个。	4254	物品名:"苏格兰高鸟蛋"
DESCRIBE.BEEFALOFEED	妾身可不吃这个。	4255	物品名:"蒸树枝"
DESCRIBE.BEEFALOTREAT	妾身可不吃这个。	4256	物品名:"皮弗娄牛零食"
DESCRIBE.BOAT_ROTATOR	事情正朝着正确的方向发展。	4257	物品名:"转向舵"
DESCRIBE.BOAT_ROTATOR_KIT	妾身想出去转转。	4258	物品名:"转向舵套装" 制造描述:"划，划，转动你的船。"
DESCRIBE.BOAT_BUMPER_KELP	虽然不能解决小船的所有问题，但也起到了作用。	4259	物品名:"海带保险杠"
DESCRIBE.BOAT_BUMPER_KELP_KIT	一个所谓的保险杠。	4260	物品名:"海带保险杠套装" 制造描述:"用海带保护你的船。"
DESCRIBE.BOAT_BUMPER_SHELL	小的防御外壳。	4261	物品名:"贝壳保险杠"
DESCRIBE.BOAT_BUMPER_SHELL_KIT	一个所谓的保险杠。	4262	物品名:"贝壳保险杠套装" 制造描述:"用贝壳保护你的船。"
DESCRIBE.BOAT_BUMPER_CRABKING	和妾身还挺搭的。	4263	物品名:"帝王蟹保险杠"
DESCRIBE.BOAT_BUMPER_CRABKING_KIT	一个所谓的保险杠。	4264	物品名:"帝王蟹保险杠套装"
DESCRIBE.BOAT_CANNON.GENERIC	妾身应该找东西装填进去。	4267	物品名:"大炮"->默认
DESCRIBE.BOAT_CANNON.AMMOLOADED	已经准备好开火了。	4268	物品名:"大炮"
DESCRIBE.BOAT_CANNON.NOAMMO	妾身没忘记炮弹的事。	4269	物品名:"大炮"
DESCRIBE.BOAT_CANNON_KIT	现在还不是大炮。	4271	物品名:"大炮套装" 制造描述:"它能把你的竞争对手从水面轰走。"
DESCRIBE.CANNONBALL_ROCK_ITEM	它能流畅地装进里面。	4272	物品名:"炮弹" 制造描述:"它肯定会引起轰动。"
DESCRIBE.OCEAN_TRAWLER.GENERIC	似乎是必备的。	4275	物品名:"海洋拖网捕鱼器"->默认
DESCRIBE.OCEAN_TRAWLER.LOWERED	现在妾身得等等。	4276	物品名:"海洋拖网捕鱼器"
DESCRIBE.OCEAN_TRAWLER.CAUGHT	抓到个东西。	4277	物品名:"海洋拖网捕鱼器"
DESCRIBE.OCEAN_TRAWLER.ESCAPED	好像是抓到了，但又被它跑掉了……	4278	物品名:"海洋拖网捕鱼器"
DESCRIBE.OCEAN_TRAWLER.FIXED	又可以抓鱼了。	4279	物品名:"海洋拖网捕鱼器"
DESCRIBE.OCEAN_TRAWLER_KIT	妾身应该把它放在有很多鱼的地方。	4281	物品名:"海洋拖网捕鱼器套装" 制造描述:"海里有的是鱼。"
DESCRIBE.BOAT_MAGNET.GENERIC	它吸引着这个船向他靠近。	4284	物品名:"自动航行仪"->默认
DESCRIBE.BOAT_MAGNET.ACTIVATED	奏效了。	4285	物品名:"自动航行仪"
DESCRIBE.BOAT_MAGNET_KIT	不过如此。	4287	物品名:"自动航行仪套装" 制造描述:"你的个性并不是唯一具有磁性的东西。"
DESCRIBE.BOAT_MAGNET_BEACON.GENERIC	似乎有些吸引的力量。	4290	物品名:"自动航行灯塔"->默认 制造描述:"能把附近可能存在的任何滑稽的超大磁铁吸过来。"
DESCRIBE.BOAT_MAGNET_BEACON.ACTIVATED	奇怪的法力。	4291	物品名:"自动航行灯塔" 制造描述:"能把附近可能存在的任何滑稽的超大磁铁吸过来。"
DESCRIBE.DOCK_KIT	这里有为小船建造一个码头所需的一切。	4293	物品名:"码头套装" 制造描述:"准备好你的码头审查。"
DESCRIBE.DOCK_WOODPOSTS_ITEM	妾身就猜到码头缺了点东西。	4294	物品名:"码头桩" 制造描述:"没有什么能比事后添加一些柱子更能说明“结构稳定”了。"
DESCRIBE.MONKEYHUT.GENERIC	树屋似乎能被点燃。	4297	物品名:"猴子小屋"->默认
DESCRIBE.MONKEYHUT.BURNT	妾身早就说了。	4298	物品名:"猴子小屋"->烧焦的
DESCRIBE.POWDER_MONKEY	泼猴你敢在妾身的小船上撒野。	4300	物品名:"火药猴"
DESCRIBE.PRIME_MATE	一顶帽子总能清楚地表明谁是老大。	4301	物品名:"大副"
DESCRIBE.LIGHTCRAB	它是发光妖物。	4302	物品名:"发光蟹"
DESCRIBE.CUTLESS	切不了什么。	4303	物品名:"木头短剑"
DESCRIBE.CURSED_MONKEY_TOKEN	好像是无害的。	4304	物品名:"诅咒饰品"
DESCRIBE.OAR_MONKEY	拿起船桨去战斗。	4305	物品名:"战桨"
DESCRIBE.BANANABUSH	那片灌木丛是香蕉。	4306	物品名:"香蕉丛"
DESCRIBE.DUG_BANANABUSH	那片灌木丛是香蕉。	4307	物品名:"香蕉丛"
DESCRIBE.PALMCONETREE	一颗长得像松树的棕榈树。	4308	物品名:"棕榈松果树"
DESCRIBE.PALMCONE_SEED	树的开始。	4309	物品名:"棕榈松果树芽"
DESCRIBE.PALMCONE_SAPLING	有一天能长成一棵树。	4310	物品名:"棕榈松果树苗"
DESCRIBE.PALMCONE_SCALE	树居然还有鳞片。	4311	物品名:"棕榈松果树鳞片"
DESCRIBE.MONKEYTAIL	有些怪异的植物。	4312	物品名:"猴尾草"
DESCRIBE.DUG_MONKEYTAIL	有些怪异的植物。	4313	物品名:"猴尾草"
DESCRIBE.MONKEY_MEDIUMHAT	戴上以后妾身感觉有些新奇。	4314	物品名:"船长的三角帽"
DESCRIBE.MONKEY_SMALLHAT	起码能让妾身的头发不被水打湿。	4315	物品名:"海盗头巾"
DESCRIBE.POLLY_ROGERSHAT	它会派上用场。	4316	物品名:"波莉·罗杰的帽子" 制造描述:"随帽子附送一只长羽毛的朋友。"
DESCRIBE.POLLY_ROGERS	就是那只小鸟说的。	4317	物品名:"波莉·罗杰"
DESCRIBE.MONKEYISLAND_PORTAL	没有东西可以进入，它会不断地吐出东西。	4318	物品名:"非自然传送门"
DESCRIBE.MONKEYISLAND_PORTAL_DEBRIS	奇怪……	4319	物品名:"损坏的机器"
DESCRIBE.MONKEYQUEEN	这看起来是她说了算。	4320	物品名:"月亮码头妖王"
DESCRIBE.MONKEYPILLAR	有什么用处。	4321	物品名:"猴子柱"
DESCRIBE.PIRATE_FLAG_POLE	喂。	4322	物品名:"月亮码头海盗旗" 制造描述:"挂起你自己的海盗旗来模仿猴子掠夺者吧。"
DESCRIBE.BLACKFLAG	强盗。	4323	物品名:"黑旗"
DESCRIBE.PIRATE_STASH	妾身不喜欢这个装饰。	4324	物品名:"X"
DESCRIBE.STASH_MAP	在生活中有一些方向是极好的。	4325	物品名:"海盗地图"
DESCRIBE.BANANAJUICE	有点落草为寇的感觉了。	4326	物品名:"香蕉奶昔"
DESCRIBE.FENCE_ROTATOR	重新布置。	4327	物品名:"栅栏击剑" 制造描述:"一把用于栅栏和击剑的剑"
DESCRIBE.CHARLIE_STAGE_POST	这是个陷阱。	4328	物品名:"舞台"
DESCRIBE.CHARLIE_LECTURN	有人在演吗？	4329	物品名:"剧本"
DESCRIBE.CHARLIE_HECKLER	它们来是为了提高戏剧性。	4330	物品名:"嘲鸫"
DESCRIBE.PLAYBILL_THE_DOLL	“谁撰写”	4331	物品名:"附魔玩偶\n舞台剧"
DESCRIBE.STATUEHARP_HEDGESPAWNER	花长回来了。	4332	物品名:"荆棘密布的雕像"
DESCRIBE.HEDGEHOUND	有埋伏。	4333	物品名:"蔷薇狼"
DESCRIBE.HEDGEHOUND_BUSH	是个灌木丛。	4334	物品名:"蔷薇"
DESCRIBE.MASK_DOLLHAT	这是一张玩偶面具。	4335	物品名:"玩偶面具"
DESCRIBE.MASK_DOLLBROKENHAT	这是一张开裂的玩偶面具。	4336	物品名:"开裂玩偶面具"
DESCRIBE.MASK_DOLLREPAIREDHAT	这是一张曾经的玩偶面具。	4337	物品名:"破碎玩偶面具"
DESCRIBE.MASK_BLACKSMITHHAT	这是一张铁匠面具。	4338	物品名:"铁匠面具"
DESCRIBE.MASK_MIRRORHAT	这是一张面具。	4339	物品名:"镜子面具"
DESCRIBE.MASK_QUEENHAT	这是一张妖王面具。	4340	物品名:"妖王面具"
DESCRIBE.MASK_KINGHAT	这是一张国王面具。	4341	物品名:"国王面具"
DESCRIBE.MASK_TREEHAT	这是一张树的面具。	4342	物品名:"树木面具"
DESCRIBE.MASK_FOOLHAT	这是一张小丑面具。	4343	物品名:"小丑面具"
DESCRIBE.COSTUME_DOLL_BODY	这是玩偶的戏服。	4344	物品名:"玩偶服"
DESCRIBE.COSTUME_QUEEN_BODY	这是妖王的戏服。	4345	物品名:"妖王服"
DESCRIBE.COSTUME_KING_BODY	这是国王的戏服。	4346	物品名:"国王服"
DESCRIBE.COSTUME_BLACKSMITH_BODY	这是铁匠的戏服。	4347	物品名:"铁匠服"
DESCRIBE.COSTUME_MIRROR_BODY	这是一套戏服。	4348	物品名:"镜子服"
DESCRIBE.COSTUME_TREE_BODY	这是树的戏服。	4349	物品名:"树木服"
DESCRIBE.COSTUME_FOOL_BODY	这是小丑的戏服。	4350	物品名:"小丑服"
DESCRIBE.STAGEUSHER.STANDING	总之不要伸出你的手。	4353	物品名:"多刺舞台之手"
DESCRIBE.STAGEUSHER.SITTING	这里有些古怪，但妾身说不出所以然。	4354	物品名:"多刺舞台之手"
DESCRIBE.SEWING_MANNEQUIN.GENERIC	即使打扮得漂漂亮亮，还是哪也去不了。	4358	物品名:"假人"->默认 制造描述:"测试所有最新可装备外观的模特。"
DESCRIBE.SEWING_MANNEQUIN.BURNT	即使烧光了，还是哪也去不了。	4359	物品名:"假人"->烧焦的 制造描述:"测试所有最新可装备外观的模特。"
DESCRIBE.MAGICIAN_CHEST	为什么妾身开始感到有点不安了……？	4361	物品名:"魔术师箱子" 制造描述:"将你的物品囚禁在一个暗影漩涡中。"
DESCRIBE.TOPHAT_MAGICIAN	那顶帽子有些新奇。	4362	物品名:"魔术师高礼帽" 制造描述:"百搭的黑魔法。"
DESCRIBE.YOTR_FIGHTRING_KIT	它是为了战斗而建造的。	4363	物品名:"枕头大战坑套装" 制造描述:"兔子的战斗擂台。"
DESCRIBE.YOTR_FIGHTRING_BELL.GENERIC	暂时平静下来了。	4366	物品名:"枕头大战钟"->默认
DESCRIBE.YOTR_FIGHTRING_BELL.PLAYING	妾身似乎挺喜欢这个。	4367	物品名:"枕头大战钟"
DESCRIBE.YOTR_DECOR_1.GENERAL	那只兔子可以点亮一个房间。	4371	物品名:"矮兔灯"
DESCRIBE.YOTR_DECOR_1.OUT	这兔子什么都照不亮。	4372	物品名:"矮兔灯"->出去？外面？
DESCRIBE.YOTR_DECOR_2.GENERAL	那只兔子真的可以点亮一个房间。	4376	物品名:"高兔灯"
DESCRIBE.YOTR_DECOR_2.OUT	这兔子什么都照不亮。	4377	物品名:"高兔灯"->出去？外面？
DESCRIBE.HAREBALL	这可不像是吃的。	4379	物品名:"兔毛球"
DESCRIBE.YOTR_DECOR_1_ITEM	妾身知道把它放在哪了。	4380	物品名:"矮兔灯" 制造描述:"这盏可爱的灯能使任何洞穴变得舒适起来。"
DESCRIBE.YOTR_DECOR_2_ITEM	妾身知道把它放在哪了。	4381	物品名:"高兔灯" 制造描述:"一尊肚子里真正有火的兔子雕像。"
DESCRIBE.DREADSTONE	有种诡异的法力。	4382	物品名:"绝望石"
DESCRIBE.HORRORFUEL	似乎是魔道之物。	4383	物品名:"纯粹恐惧"
DESCRIBE.DAYWALKER.GENERIC	释放他可能有些草率了。	4386	物品名:"梦魇疯猪"->默认
DESCRIBE.DAYWALKER.IMPRISONED	妾身有些为他惋惜。	4387	物品名:"梦魇疯猪"
DESCRIBE.DAYWALKER_PILLAR.GENERIC	里有东西在闪烁。	4391	物品名:"开裂的柱子"->默认
DESCRIBE.DAYWALKER_PILLAR.EXPOSED	坚不可摧的石柱。	4392	物品名:"开裂的柱子"
DESCRIBE.DAYWALKER2.GENERIC	别惹他。	4396	物品名:"拾荒疯猪"->默认
DESCRIBE.DAYWALKER2.BURIED	他被困在那堆垃圾下面了。	4397	物品名:"拾荒疯猪"
DESCRIBE.DAYWALKER2.HOSTILE	他好像被惹到了。	4398	物品名:"拾荒疯猪"
DESCRIBE.ARMORDREADSTONE	轻便。	4400	物品名:"绝望石盔甲" 制造描述:"不要怕，黑暗会保护你。"
DESCRIBE.DREADSTONEHAT	它能保护妾身安然无恙。	4401	物品名:"绝望石头盔" 制造描述:"由至黑的石头做成的结实头盔。"
DESCRIBE.LUNARRIFT_PORTAL	有什么藏在里面……而妾身却无法触碰到它。	4402	物品名:"裂隙"
DESCRIBE.LUNARRIFT_CRYSTAL	发光的妖兽。	4403	物品名:"拾荒疯猪"
DESCRIBE.LUNARTHRALL_PLANT	麻烦的妖物。	4404	物品名:"致命亮茄"
DESCRIBE.LUNARTHRALL_PLANT_VINE_END	它带着刺。	4405	物品名:"钻地藤蔓"
DESCRIBE.LUNAR_GRAZER	它是通过那个奇怪的裂隙来的。	4406	物品名:"牧者"
DESCRIBE.PUREBRILLIANCE	它有些闪亮。	4407	物品名:"纯粹辉煌"
DESCRIBE.LUNARPLANT_HUSK	出奇的坚硬。	4408	物品名:"亮茄外壳"
DESCRIBE.LUNAR_FORGE	就在这里做一些东西吧。	4409	物品名:"辉煌铁匠铺"
DESCRIBE.LUNAR_FORGE_KIT	简单的组合。	4410	物品名:"辉煌铁匠铺套装" 制造描述:"锻造异世界的物品。"
DESCRIBE.LUNARPLANT_KIT	月余时间妾身也做裁缝。	4411	物品名:"亮茄修补套件" 制造描述:"修复损坏的设备。"
DESCRIBE.ARMOR_LUNARPLANT	这盔甲没有改进空间了。	4412	物品名:"亮茄盔甲" 制造描述:"将自己包围在令人生畏的月叶中。"
DESCRIBE.LUNARPLANTHAT	它让妾身看起来厉害一些。	4413	物品名:"亮茄头盔" 制造描述:"用发着光的护具保护您宝贵的颅骨。"
DESCRIBE.BOMB_LUNARPLANT	很夸张的爆炸。	4414	物品名:"亮茄炸弹" 制造描述:"用不稳定的月能取得爆炸性结果。"
DESCRIBE.STAFF_LUNARPLANT	植物的神通。	4415	物品名:"亮茄魔杖" 制造描述:"扎根原地，从远处发起攻击。"
DESCRIBE.SWORD_LUNARPLANT	挥舞它。	4416	物品名:"亮茄剑" 制造描述:"月光宝剑。"
DESCRIBE.PICKAXE_LUNARPLANT	打碎。	4417	物品名:"亮茄粉碎者" 制造描述:"随心所欲地挖掘和拆除吧。"
DESCRIBE.SHOVEL_LUNARPLANT	转移泥土。	4418	物品名:"亮茄锄铲" 制造描述:"铲子和园艺锄之间交叉授粉的突破性成果。"
DESCRIBE.BROKEN_FORGEDITEM	它破损了，但是妾身可以把它修好。	4419	物品名:"拾荒疯猪"
DESCRIBE.PUNCHINGBAG	它配备了一个表盘。	4420	物品名:"拳击袋" 制造描述:"测试武器的强度。并从中获得乐趣。"
DESCRIBE.SHADOWRIFT_PORTAL	那东西看起来像是会一直持续下去。	4421	物品名:"裂隙"
DESCRIBE.SHADOW_FORGE	魔道的力量？	4422	物品名:"暗影术基座"
DESCRIBE.SHADOW_FORGE_KIT	这东西看起来充满魔气。	4423	物品名:"暗影术基座套装" 制造描述:"让恐惧为你所用。"
DESCRIBE.FUSED_SHADELING	妾身不太喜欢这个。	4424	物品名:"熔合暗影"
DESCRIBE.FUSED_SHADELING_BOMB	轰轰烈烈。	4425	物品名:"绝望螨"
DESCRIBE.VOIDCLOTH	那些暗影都是从同一块布上裁下来的。	4426	物品名:"暗影碎布"
DESCRIBE.VOIDCLOTH_KIT	这东西看起来能修补一些东西。	4427	物品名:"虚空修补套件" 制造描述:"修复损坏的设备。"
DESCRIBE.VOIDCLOTHHAT	黑暗的神秘感扑面而来。	4428	物品名:"虚空风帽" 制造描述:"没有光可以刺穿这个罩子里的黑暗。"
DESCRIBE.ARMOR_VOIDCLOTH	糟糕，前面撕开了一个口子。	4429	物品名:"虚空长袍" 制造描述:"一件阻隔光线的噩梦斗篷。"
DESCRIBE.VOIDCLOTH_UMBRELLA	妾身其实不太需要这个。	4430	物品名:"暗影伞" 制造描述:"暗影提供的保护，不惧最严峻的降雨。"
DESCRIBE.VOIDCLOTH_SCYTHE	简化了收割。	4431	物品名:"暗影收割者" 制造描述:"从容地剔除植物群落。"
DESCRIBE.SHADOWTHRALL_HANDS	把手拿开。	4432	物品名:"墨荒"
DESCRIBE.SHADOWTHRALL_HORNS	它看起来渴望战斗。	4433	物品名:"墨荒"
DESCRIBE.SHADOWTHRALL_WINGS	双翼貌似仅仅是用来看的。	4434	物品名:"墨荒"
DESCRIBE.CHARLIE_NPC	等等，那是……？	4435	物品名:"查理"
DESCRIBE.CHARLIE_HAND	它想要某种可怕的东西。	4436	物品名:"召唤之手"
DESCRIBE.NITRE_FORMATION	这是某种石头。	4437	物品名:"硝石堆"
DESCRIBE.DREADSTONE_STACK	它来自于那些裂隙深处...	4438	物品名:"绝望石矿苗"
DESCRIBE.SCRAPBOOK_PAGE	看来有些人喜欢记录。	4439	物品名:"丢失的图鉴页面"
DESCRIBE.LEIF_IDOL	把木头雕刻成树的样子似乎有点多余。	4440	物品名:"树精守卫雕像" 制造描述:"召唤树木的力量。"
DESCRIBE.WOODCARVEDHAT	看起来像是经过精心雕刻的。	4441	物品名:"硬木帽" 制造描述:"你的脑袋会被保护得很好（敲敲木头防止乌鸦嘴）。"
DESCRIBE.WALKING_STICK	这只是一根棍子。	4442	物品名:"木手杖" 制造描述:"轻松穿越您最喜欢的自然小径。"
DESCRIBE.IPECACSYRUP	妾身不太想吃这个。	4443	物品名:"泻根糖浆" 制造描述:"让你保持正常。"
DESCRIBE.BOMB_LUNARPLANT_WORMWOOD	妾身的似乎不太了解这个妖兽。	4444	Unused  -- 物品名:"拾荒疯猪"
DESCRIBE.WORMWOOD_MUTANTPROXY_CARRAT.DEAD	它走到了尽头。	4447	物品名:未找到
DESCRIBE.WORMWOOD_MUTANTPROXY_CARRAT.GENERIC	胡萝卜怎么还长腿了？	4448	物品名:未找到
DESCRIBE.WORMWOOD_MUTANTPROXY_CARRAT.HELD	近看真是丑。	4449	物品名:未找到
DESCRIBE.WORMWOOD_MUTANTPROXY_CARRAT.SLEEPING	有点可爱了。	4450	物品名:未找到
DESCRIBE.WORMWOOD_MUTANTPROXY_LIGHTFLIER	真是奇怪，装在妾身的身上里居然还能发光。	4452	物品名:未找到
DESCRIBE.WORMWOOD_MUTANTPROXY_FRUITDRAGON.GENERIC	挺可爱的，不过还没熟。	4455	物品名:未找到
DESCRIBE.WORMWOOD_MUTANTPROXY_FRUITDRAGON.RIPE	现在应该熟了。	4456	物品名:未找到
DESCRIBE.WORMWOOD_MUTANTPROXY_FRUITDRAGON.SLEEPING	在打盹呢。	4457	物品名:未找到
DESCRIBE.SUPPORT_PILLAR_SCAFFOLD	目前一切都处于保密状态。	4459	物品名:"支柱脚手架" 制造描述:"妾身都需要一些支持。"
DESCRIBE.SUPPORT_PILLAR	妾身得尽快抽出时间来解决这个问题。	4460	物品名:"支柱"
DESCRIBE.SUPPORT_PILLAR_COMPLETE	它让妾身充满安全感。	4461	物品名:"加固支柱"
DESCRIBE.SUPPORT_PILLAR_BROKEN	高大的支柱。	4462	物品名:"支柱瓦砾"
DESCRIBE.SUPPORT_PILLAR_DREADSTONE_SCAFFOLD	目前一切都处于保密状态。	4463	物品名:"绝望石支柱脚手架" 制造描述:"黑暗的力量在压力下仍能保持良好的状态。"
DESCRIBE.SUPPORT_PILLAR_DREADSTONE	妾身得尽快抽出时间来解决这个问题。	4464	物品名:"绝望石支柱"
DESCRIBE.SUPPORT_PILLAR_DREADSTONE_COMPLETE	看起来挺强大的。	4465	物品名:"强化绝望石支柱"
DESCRIBE.SUPPORT_PILLAR_DREADSTONE_BROKEN	麻烦。	4466	物品名:"绝望石支柱瓦砾"
DESCRIBE.WOLFGANG_WHISTLE	真的需要这个吗……	4467	物品名:"训练哨" 制造描述:"释放你心底潜在的教练。"
DESCRIBE.MUTATEDDEERCLOPS	它的眼睛里有一点东西。	4468	物品名:"晶体独眼巨鹿"
DESCRIBE.MUTATEDWARG	瞧那双闪光的眼睛。	4469	物品名:"附身座狼"
DESCRIBE.MUTATEDBEARGER	事情要变得毛骨悚然了……	4470	物品名:"装甲熊獾"
DESCRIBE.LUNARFROG	别盯着看了。	4471	物品名:"明眼青蛙"
DESCRIBE.DEERCLOPSCORPSE.GENERIC	结束了……吧？	4474	物品名:未找到
DESCRIBE.DEERCLOPSCORPSE.BURNING	小心没大错。	4475	物品名:未找到
DESCRIBE.DEERCLOPSCORPSE.REVIVING	妾身不愿相信正在看到的这一切。	4476	物品名:未找到
DESCRIBE.WARGCORPSE.GENERIC	为什么妾身仍然感到不安？	4480	物品名:未找到
DESCRIBE.WARGCORPSE.BURNING	一切都是最好的安排。	4481	物品名:未找到
DESCRIBE.WARGCORPSE.REVIVING	这是什么玩意？。	4482	物品名:未找到
DESCRIBE.BEARGERCORPSE.GENERIC	臭不可闻。	4486	物品名:未找到
DESCRIBE.BEARGERCORPSE.BURNING	好险。	4487	物品名:未找到
DESCRIBE.BEARGERCORPSE.REVIVING	这一定有更好的解释。	4488	物品名:未找到
DESCRIBE.BEARGERFUR_SACK	上面还有它的毛。	4490	物品名:"极地熊獾桶" 制造描述:"便携式冰箱。酷。"
DESCRIBE.HOUNDSTOOTH_BLOWPIPE	牙齿？ 	4491	物品名:"嚎弹炮" 制造描述:"那感觉就像远距离被咬一样。"
DESCRIBE.DEERCLOPSEYEBALL_SENTRYWARD.GENERIC	这才叫冰冷的目光吧？	4494	Enabled.  -- 物品名:"冰眼结晶器"->默认
DESCRIBE.DEERCLOPSEYEBALL_SENTRYWARD.NOEYEBALL	是谁丢了一只眼睛呢？	4495	Disabled.  -- 物品名:"冰眼结晶器"
DESCRIBE.DEERCLOPSEYEBALL_SENTRYWARD_KIT	这回让大家很冷。	4497	物品名:"冰眼结晶器套装" 制造描述:"用冻伤来治疗一下晒伤。"
DESCRIBE.SECURITY_PULSE_CAGE	有趣。它是空的。	4498	物品名:"火花柜"
DESCRIBE.SECURITY_PULSE_CAGE_FULL	有些用处。	4499	物品名:"火花柜"
DESCRIBE.CARPENTRY_STATION.GENERIC	它能造家具。	4502	物品名:"锯马"->默认 制造描述:"别瞎蹦跶了，做点家具吧。"
DESCRIBE.CARPENTRY_STATION.BURNT	它不能造家具了。	4503	物品名:"锯马"->烧焦的 制造描述:"别瞎蹦跶了，做点家具吧。"
DESCRIBE.GENERIC	它能造家具。	4506	物品名:"锯马"->默认 制造描述:"别瞎蹦跶了，做点家具吧。"
DESCRIBE.HAS_ITEM	未找到	4507	物品名:"锯马" 制造描述:"别瞎蹦跶了，做点家具吧。"
DESCRIBE.BURNT	它不能造家具了。	4508	物品名:"锯马"->烧焦的 制造描述:"别瞎蹦跶了，做点家具吧。"
WOOD_CHAIR.GENERIC	妾身想坐上去。	4512	物品名:"木椅"->默认 制造描述:"一把可以坐的木椅。"
WOOD_CHAIR.OCCUPIED	别人在坐着。	4513	物品名:"木椅"->被占领 制造描述:"一把可以坐的木椅。"
WOOD_CHAIR.BURNT	妾身可不想坐上去。	4514	物品名:"木椅"->烧焦的 制造描述:"一把可以坐的木椅。"
DECOR_CENTERPIECE	太精妙了。	4516	物品名:"艺术？" 制造描述:"彰显您卓越品味的餐桌摆件。"
DECOR_LAMP	一盏迎宾灯。	4517	物品名:"餐桌灯" 制造描述:"一盏舒适的小灯。"
DECOR_FLOWERVASE.GENERIC	插花的漂亮花瓶。	4520	物品名:"餐桌花瓶"->默认 制造描述:"这是一个放置鲜切花的好地方。"
DECOR_FLOWERVASE.EMPTY	没有花的漂亮花瓶。	4521	物品名:"餐桌花瓶" 制造描述:"这是一个放置鲜切花的好地方。"
DECOR_FLOWERVASE.WILTED	看起来不太新鲜。	4522	物品名:"餐桌花瓶"->枯萎的 制造描述:"这是一个放置鲜切花的好地方。"
DECOR_FLOWERVASE.FRESHLIGHT	有一点亮光真是好。	4523	物品名:"餐桌花瓶"->茶几-新的发光的 制造描述:"这是一个放置鲜切花的好地方。"
DECOR_FLOWERVASE.OLDLIGHT	妾身记得要换灯泡的。	4524	物品名:"餐桌花瓶"->茶几-旧的发光的 制造描述:"这是一个放置鲜切花的好地方。"
DECOR_PICTUREFRAME.GENERIC	真美啊。	4528	物品名:"空画框"->默认 制造描述:"将你最爱的物品图装裱起来。 "
DECOR_PICTUREFRAME.UNDRAWN	妾身应该画点东西在里面。	4529	物品名:"空画框"->没有画画 制造描述:"将你最爱的物品图装裱起来。 "
DECOR_PORTRAITFRAME	看上去不错。	4531	物品名:"愉快画像" 制造描述:"把你的朋友们放进框里，这很有趣。 "
PHONOGRAPH	奇怪的玩意。	4532	物品名:"留声机" 制造描述:"坐下来，放松一下，听一听你噩梦中的音乐。"
RECORD	无法理解。	4533	物品名:"唱片" 制造描述:"黑胶上的永恒经典。"
RECORD_CREEPYFOREST	一张唱片能录一整首歌？技术已经走到了这一步。	4534	物品名:"惊悚森林"
RECORD_DANGER	不是妾身最喜欢的。	4535	物品名:"空画框" 制造描述:"将你最爱的物品图装裱起来。 "
RECORD_DAWN	无法理解。	4536	物品名:"空画框" 制造描述:"将你最爱的物品图装裱起来。 "
RECORD_DRSTYLE	无法理解。	4537	物品名:"D.R.风格"
RECORD_DUSK	无法理解。	4538	物品名:"空画框" 制造描述:"将你最爱的物品图装裱起来。 "
RECORD_EFS	无法理解。	4539	物品名:"E.F.S."
RECORD_END	一无法理解。	4540	物品名:"空画框" 制造描述:"将你最爱的物品图装裱起来。 "
RECORD_MAIN	无法理解。	4541	物品名:"空画框" 制造描述:"将你最爱的物品图装裱起来。 "
RECORD_WORKTOBEDONE	无法理解。	4542	物品名:"空画框" 制造描述:"将你最爱的物品图装裱起来。 "
ARCHIVE_ORCHESTRINA_MAIN	让人无法理解。	4543	物品名:"远古小合奏机"
WAGPUNKHAT	它让妾身变得更加强大了。	4544	物品名:"W.A.R.B.I.S.头戴齿轮" 制造描述:"看起来聪明，打起来也聪明。"
ARMORWAGPUNK	令人感到灵力更浑厚了。	4545	物品名:"W.A.R.B.I.S.盔甲" 制造描述:"开足马力，全速前进。"
WAGSTAFF_MACHINERY	在这堆垃圾中也许会有所发现。	4546	物品名:"被丢弃的垃圾"
WAGPUNK_BITS	这些东西还有用。	4547	物品名:"废料"
WAGPUNKBITS_KIT	似乎可以修复什么？	4548	物品名:"自动修理机" 制造描述:"你得心应手的W.A.R.B.I.S.维修工具。"
WAGSTAFF_MUTATIONS_NOTE	引人入胜。	4549	物品名:"研究笔记"
BATTLESONG_INSTANT_REVIVE	这首曲子有些欢快。	4550	物品名:"战士重奏" 制造描述:"扰动阵亡战友的心房。\n"
WATHGRITHR_IMPROVEDHAT	如虎添翼。	4551	物品名:"统帅头盔" 制造描述:"适合女武神妖王的头盔。"
SPEAR_WATHGRITHR_LIGHTNING	它得到了雷电的加强。	4552	物品名:"奔雷矛" 制造描述:"闪电的力量由你掌控。"
BATTLESONG_CONTAINER	能存这么多歌。	4553	物品名:"战斗号子罐" 制造描述:"保存你所有的金曲。"
SADDLE_WATHGRITHR	猛虎插翅。	4554	物品名:"战斗鞍具" 制造描述:"勇士与坐骑，一起战斗吧。"
WATHGRITHR_SHIELD	保护妾身。	4555	物品名:"战斗圆盾" 制造描述:"只要它相信自己，盾牌也可以是武器。"
BATTLESONG_SHADOWALIGNED	让妾身坐立不安。	4556	物品名:"黑暗悲歌" 制造描述:"减少自身和盟友受到暗影攻击的伤害，增加对月亮阵营敌人的伤害。"
BATTLESONG_LUNARALIGNED	让妾身坐立不安。	4557	物品名:"启迪摇篮曲" 制造描述:"减少自身和盟友受到月亮攻击的伤害，增加对暗影阵营敌人的伤害。"
SHARKBOI	一个平凡的妖兽。	4558	物品名:"大霜鲨"
BOOTLEG	远方的远方。	4559	物品名:"出逃腿靴"
OCEANWHIRLPORTAL	一个漩涡。	4560	物品名:"漩涡传送门"
EMBERLIGHT	不用燃料的火焰。	4561	物品名:"火球"
YOTD_DRAGONSHRINE.GENERIC	供品会是什么？	4565	物品名:"龙蝇神龛"->默认 制造描述:"供奉红火的龙蝇。"
YOTD_DRAGONSHRINE.EMPTY	它也许想要块木炭。	4566	物品名:"龙蝇神龛" 制造描述:"供奉红火的龙蝇。"
YOTD_DRAGONSHRINE.BURNT	稍微有些过火了。	4567	物品名:"龙蝇神龛"->烧焦的 制造描述:"供奉红火的龙蝇。"
DRAGONBOAT_KIT	别拖泥带水了。	4569	物品名:"龙蝇船套装" 制造描述:"启动海龙。"
DRAGONBOAT_PACK	让造船变得简单。	4570	物品名:"豪华龙蝇船套装" 制造描述:"配备了所有的龙之配件。"
BOATRACE_CHECKPOINT	检查点就在那。	4571	物品名:"比赛检查点"
BOATRACE_CHECKPOINT_THROWABLE_DEPLOYKIT	妾身的清单上又多了一件要检查的事。	4572	物品名:"比赛检查点套装" 制造描述:"重要的是旅程本身而不是终点。"
BOATRACE_START	总得有个起点。	4573	物品名:"起点塔"
BOATRACE_START_THROWABLE_DEPLOYKIT	起点放在哪呢？	4574	物品名:"起点塔套装" 制造描述:"各就位、预备、开划。"
BOATRACE_PRIMEMATE	有人对妾身如影随形。	4575	物品名:"查理的选手"
BOATRACE_SPECTATOR_DRAGONLING	它的支持让妾身有动力了起来。	4576	物品名:"小龙蝇观赛者"
YOTD_STEERINGWHEEL	它会让妾身驶向正确的航向，左右都逢源。	4577	物品名:"龙蝇船方向舵"
YOTD_STEERINGWHEEL_ITEM	它能做成方向舵。	4578	物品名:"龙蝇船方向舵套装" 制造描述:"掌舵，驶向黄金。"
YOTD_OAR	好方便的船桨。	4579	物品名:"利爪船桨" 制造描述:"关于龙蝇的一个鲜为人知的事实：它们是出人意料的游泳健将。"
YOTD_ANCHOR	妾身可不能让小船飞走了。	4580	物品名:"巨爪船锚"
YOTD_ANCHOR_ITEM	现在妾身能造出锚了。	4581	物品名:"巨爪船锚套装" 制造描述:"船锚的黄金标准。"
MAST_YOTD	满是鳞片的帆。	4582	物品名:"龙翼桅杆"
MAST_YOTD_ITEM	现在妾身能造出桅杆了。	4583	物品名:"龙翼桅杆套装" 制造描述:"制造这个桅杆时没有龙蝇受到伤害。"
BOAT_BUMPER_YOTD	和龙舟角力？ 	4584	物品名:"獠牙保险杠"
BOAT_BUMPER_YOTD_KIT	一个船用保险杠。	4585	物品名:"獠牙保险杠套装" 制造描述:"没有人敢招惹呲牙咧嘴的龙。"
BOATRACE_SEASTACK	华丽的浮标。	4586	物品名:"黄金浮标"
BOATRACE_SEASTACK_THROWABLE_DEPLOYKIT	华丽的浮标。	4587	物品名:"黄金浮标套装" 制造描述:"甲之浮标，乙之浮障。"
BOATRACE_SEASTACK_MONKEY	浮标。	4588	物品名:"荆棘浮标"
BOATRACE_SEASTACK_MONKEY_THROWABLE_DEPLOYKIT	浮标。	4589	物品名:"荆棘浮标套装"
MASTUPGRADE_LAMP_YOTD	它一见到妾身眼睛都亮起来了。	4590	物品名:"龙蝇灯"
MASTUPGRADE_LAMP_ITEM_YOTD	妾身有的是好主意。	4591	物品名:"龙蝇灯套装" 制造描述:"用龙火照亮你的前路。"
WALKINGPLANK_YOTD	不管怎么装扮妾身在用它时都不会感觉良好。	4592	物品名:"龙鳞跳板"
CHESSPIECE_YOTD	似乎是个起点。	4593	物品名:"起点塔雕塑"
HEALINGSALVE_ACID	这个能解决不少问题。	4594	物品名:"黏糊糊的药膏" 制造描述:"杀不死你的东西会让你变得更强大。"
BEESWAX_SPRAY	妾身是闻到什么奇怪的味道？	4595	物品名:"防腐喷雾" 制造描述:"坚如磐石地守护植物的生命。"
WAXED_PLANT	它被冻结在了恐惧中。	4596	Used for all waxed plants, from farm plants to trees.  -- 物品名:"龙蝇神龛" 制造描述:"供奉红火的龙蝇。"
STORAGE_ROBOT.GENERIC	别太自满了。	4599	物品名:"瓦器人"->默认
STORAGE_ROBOT.BROKEN	它坏掉了。	4600	物品名:"瓦器人"
SCRAP_MONOCLEHAT	似乎能看的更远？	4602	物品名:"视界扩展器"
SCRAPHAT	不太美观。	4603	物品名:"拾荒尖帽"
FENCE_JUNK	妾身可不喜欢这个。	4604	物品名:"垃圾栅栏"
JUNK_PILE	要翻垃圾堆？	4605	物品名:"垃圾堆"
JUNK_PILE_BIG	随时可能倒塌。	4606	物品名:"摇摇欲坠的垃圾堆"
ARMOR_LUNARPLANT_HUSK	它会给你身上扎根刺。	4607	物品名:"荆棘茄甲" 制造描述:"这次下次，浑身带刺。"
OTTER	你去找另外一只水獭看看。	4608	物品名:"水獭掠夺者"
OTTERDEN.GENERIC	除了一个水獭窝，再没什么别的了。	4611	物品名:"水獭掠夺者窝点"->默认
OTTERDEN.HAS_LOOT	这妾身得仔细看看。	4612	物品名:"水獭掠夺者窝点"
OTTERDEN_DEAD	水越来越多了。	4614	物品名:"拆毁的水獭掠夺者窝点"
BOAT_ANCIENT_ITEM	还是得用老法子来。	4615	物品名:"古董船套装"
BOAT_ANCIENT_CONTAINER	有什么东西吗。	4616	物品名:"货舱"
WALKINGPLANK_ANCIENT	妾身就不能造一艘船吗？	4617	物品名:"古董木板"
ANCIENTTREE_SEED	世上没有惊喜。	4618	物品名:"惊喜种子"
ANCIENTTREE_GEM.GENERIC	无法理解的组合。	4621	物品名:"萌芽石"->默认
ANCIENTTREE_GEM.STUMP	这棵树已经被开采过了。	4622	物品名:"萌芽石"->暴食模式糖木树只剩树桩了
ANCIENTTREE_SAPLING_ITEM	妾身得把它种在对的地方。	4624	物品名:"萌芽石"
ANCIENTTREE_SAPLING.GENERIC	它在长大。妾身觉得？	4627	物品名:未找到
ANCIENTTREE_SAPLING.WRONG_TILE	这里给不了它所需的营养。	4628	物品名:未找到
ANCIENTTREE_SAPLING.WRONG_SEASON	它看起来很适合，但还没准备要生长。	4629	物品名:未找到
ANCIENTTREE_NIGHTVISION.GENERIC	请谨慎。	4633	物品名:"阴郁之棘"->默认
ANCIENTTREE_NIGHTVISION.STUMP	一截树桩。	4634	物品名:"阴郁之棘"->暴食模式糖木树只剩树桩了
ANCIENTFRUIT_GEM	树上新鲜掉下来的，还热着呢。	4636	物品名:"晶洞果"
ANCIENTFRUIT_NIGHTVISION	要是能少颤动一点就好了。	4637	物品名:"夜莓"
ANCIENTFRUIT_NIGHTVISION_COOKED	这下起码不颤动了。	4638	物品名:"熟夜莓"
BOATPATCH_KELP	现在只能这样了。	4639	物品名:"海带补丁" 制造描述:"能保你的船不沉……多少能撑一会儿。"
CRABKING_MOB	蟹邀？	4640	物品名:"蟹卫"
CRABKING_MOB_KNIGHT	这壳是个大挑战。	4641	物品名:"蟹骑士"
CRABKING_CANNONTOWER	妾身就知道这些螃蟹会炮制点什么。	4642	物品名:"加农炮塔"
CRABKING_ICEWALL	妾身和那螃蟹之间隔了一道墙。	4643	物品名:"冰障"
SALTLICK_IMPROVED	光是看着它妾身就觉得口渴了。	4644	物品名:"美味舔盐块" 制造描述:"让您皮弗娄牛品尝到更精致的美食。"
OFFERING_POT.GENERIC	看起来好悲伤，一条海带都没……	4647	物品名:"食堂海带盘"->默认 制造描述:"一条小海带就能带动很大作用。"
OFFERING_POT.SOME_KELP	妾身觉得里面应该还能放一些海带进去。	4648	物品名:"食堂海带盘" 制造描述:"一条小海带就能带动很大作用。"
OFFERING_POT.LOTS_OF_KELP	海量的海带。	4649	物品名:"食堂海带盘" 制造描述:"一条小海带就能带动很大作用。"
OFFERING_POT_UPGRADED.GENERIC	看起来好悲伤，一条海带都没……	4653	物品名:"高级食堂海带盘"->默认 制造描述:"一大堆海带能带动更大的作用。"
OFFERING_POT_UPGRADED.SOME_KELP	妾身觉得里面应该还能放一些海带进去。	4654	物品名:"高级食堂海带盘" 制造描述:"一大堆海带能带动更大的作用。"
OFFERING_POT_UPGRADED.LOTS_OF_KELP	海量的海带。	4655	物品名:"高级食堂海带盘" 制造描述:"一大堆海带能带动更大的作用。"
MERM_ARMORY	上面写着“只给鱼人用。”	4657	物品名:"鱼人军械库" 制造描述:"没有一顶合适的头盔，人鱼就不应该冲锋陷阵。"
MERM_ARMORY_UPGRADED	上面写着“只给鱼人用。”	4658	物品名:"高级鱼人军械库" 制造描述:"专为对战斗头盔有独特品味的鱼人设计。"
MERM_TOOLSHED	这里头估计找不出什么好的东西。	4659	物品名:"劣质工具棚" 制造描述:"鱼欲善其事，必先利其器。"
MERM_TOOLSHED_UPGRADED	这里头估计找不出什么好的东西。	4660	物品名:"不那么劣质的工具棚" 制造描述:"最好的鱼工精神需要最好的工具。"
MERMARMORHAT	妾身戴不上，这是个鱼人头盔。	4661	物品名:"沼泽斗士头盔"
MERMARMORUPGRADEDHAT	妾身戴不上，这是个鱼人头盔。	4662	物品名:"沼泽战士头盔"
MERM_TOOL	啥都能干，但又干啥啥不行。	4663	物品名:"劣质工具"
MERM_TOOL_UPGRADED	这工具看起来有些无用。	4664	物品名:"不那么劣质的工具"
WURT_SWAMPITEM_SHADOW	可怖的法力。	4665	物品名:"绝望投泥带" 制造描述:"为任何战斗带来主场优势，以及一些蠕动的援军。"
WURT_SWAMPITEM_LUNAR	看着它让妾身感觉怪怪的。	4666	物品名:"光芒投泥带" 制造描述:"让一声令人身心变异的巨响彻底改变战场和您无畏的追随者吧。"
MERM_SHADOW	这个影子是它从前的鱼人。	4667	物品名:"暗影鱼人"
MERMGUARD_SHADOW	这个影子是它从前的鱼人。	4668	物品名:"暗影鱼人守卫"
MERM_LUNAR	这是鱼人变异了。	4669	物品名:"变异鱼人"
MERMGUARD_LUNAR	这是鱼人变异了。	4670	物品名:"变异鱼人守卫"
DESCRIBE_GENERIC	这是某种...东西。	4672	检查物品描述的缺省值
DESCRIBE_TOODARK	什么也看不见。	4673	天太黑
DESCRIBE_SMOLDERING	那东西快要着火了。	4674	冒烟
DESCRIBE_PLANTHAPPY	多么自在的植物啊。	4675	暂无注释
DESCRIBE_PLANTVERYSTRESSED	这株植物似乎承受了很大的压力。	4676	暂无注释
DESCRIBE_PLANTSTRESSED	它有点暴躁。	4677	暂无注释
DESCRIBE_PLANTSTRESSORKILLJOYS	妾身可能要除一下草……	4678	暂无注释
DESCRIBE_PLANTSTRESSORFAMILY	妾身觉得这株植物很孤独。	4679	暂无注释
DESCRIBE_PLANTSTRESSOROVERCROWDING	植物太多，地方太小。	4680	暂无注释
DESCRIBE_PLANTSTRESSORSEASON	这个季节对这株植物并不友好。	4681	暂无注释
DESCRIBE_PLANTSTRESSORMOISTURE	看起来有点脱水。	4682	暂无注释
DESCRIBE_PLANTSTRESSORNUTRIENTS	这颗可怜的植物需要营养。	4683	暂无注释
DESCRIBE_PLANTSTRESSORHAPPINESS	它想找人好好聊聊。	4684	暂无注释
EAT_FOOD.TALLBIRDEGG_CRACKED	嗯，记得很久以前妾身吃过类似的。	4687	吃孵化的高脚鸟蛋
EAT_FOOD.WINTERSFEASTFUEL	它尝起来还不错。	4688	暂无注释
