[     511ms] [ERROR] Failed to load resource: the server responded with a status of 403 () @ https://zhuanlan.zhihu.com/p/721882066:0
[    2747ms] [LOG] %c知乎 ฅ՞•ﻌ•՞ฅ color:#1772F6;font-weight:bold;font-size:6em;padding:10px 30px;text-shadow:0.7px -1px 0 rgb(255 255 255 / 100%),1.4px -2px 0 rgb(255 255 255 / 96%),2.0999999999999996px -3px 0 rgb(255 255 255 / 92%),2.8px -4px 0 rgb(255 255 255 / 88%),-1px 1px 2px rgb(0 0 0 / 70%),-2px 2px 4px rgb(0 0 0 / 70%),-3px 3px 6px rgb(0 0 0 / 70%);background: linear-gradient(to right top,oklab(58.2% -0.04 -0.21),oklab(58.2% -0.376 -0.21)); @ https://static.zhihu.com/heifetz/column.app.a44c7d68cb8f3344fef7.js:0
[    2747ms] [LOG] 加入知乎 https://s.zhihu.com/BDXoD @ https://static.zhihu.com/heifetz/column.app.a44c7d68cb8f3344fef7.js:0
[    3282ms] [ERROR] Failed to load resource: the server responded with a status of 400 () @ https://www.zhihu.com/api/v4/column/articles/721882066/card:0
[    3657ms] [LOG] [INFO] [Zhida: WebView] [Theme Web] pull theme from RN @ https://static.zhihu.com/amadeus-rn/web/shared-f0ea31075ac1eb00.1f39b84078ebaecb.js:0
[    3658ms] [WARNING] MMKV not available, fallback @ https://static.zhihu.com/amadeus-rn/web/shared-0dfe3f02d98f3aa2.9abd29cb1a691027.js:0
[    3675ms] [WARNING] MMKV not available, fallback @ https://static.zhihu.com/amadeus-rn/web/shared-0dfe3f02d98f3aa2.9abd29cb1a691027.js:0
[    5628ms] [ERROR] Access to XMLHttpRequest at 'https://118.89.204.198/resolv?host=www.zhihu.com&os_type=web' from origin 'https://zhuanlan.zhihu.com' has been blocked by CORS policy: No 'Access-Control-Allow-Origin' header is present on the requested resource. @ https://zhuanlan.zhihu.com/p/721882066:0
[    5628ms] [ERROR] Failed to load resource: net::ERR_FAILED @ https://118.89.204.198/resolv?host=www.zhihu.com&os_type=web:0
[ 5194210ms] [ERROR] Failed to load resource: net::ERR_NETWORK_CHANGED @ https://www.zhihu.com/api/v3/account/api/login/qrcode/NTcyODk4OWUtNmEx/scan_info:0
[ 5194225ms] [ERROR] Failed to load resource: net::ERR_NETWORK_CHANGED @ https://www.zhihu.com/api/v3/account/api/login/qrcode/MWIzZmU2YTgtNjgw/scan_info:0
[ 5194232ms] [ERROR] Failed to load resource: net::ERR_NAME_NOT_RESOLVED @ https://www.zhihu.com/api/v3/account/api/login/qrcode/NTcyODk4OWUtNmEx/scan_info:0
[ 5195093ms] [ERROR] Failed to load resource: the server responded with a status of 403 () @ https://www.zhihu.com/api/v3/account/api/login/qrcode/NTcyODk4OWUtNmEx/scan_info:0
[ 5195114ms] [ERROR] Failed to load resource: the server responded with a status of 403 () @ https://www.zhihu.com/api/v3/account/api/login/qrcode/MWIzZmU2YTgtNjgw/scan_info:0
[ 5195571ms] [ERROR] Failed to load resource: the server responded with a status of 403 () @ https://www.zhihu.com/api/v3/account/api/login/qrcode/MWIzZmU2YTgtNjgw/scan_info:0
[12558019ms] [ERROR] Mixed Content: The page at 'https://zhuanlan.zhihu.com/p/721882066' was loaded over HTTPS, but requested an insecure resource 'http://local.adspower.net:50325/'. This request has been blocked; the content must be served over HTTPS. @ https://unpkg.zhimg.com/@cfe/sentry-script@1.3.1/dist/init.js:0
[12558041ms] [ERROR] Failed to load resource: net::ERR_CONNECTION_REFUSED @ http://127.0.0.1:54345/:0
[12558042ms] [ERROR] Failed to load resource: net::ERR_CONNECTION_REFUSED @ http://localhost:50213/status:0
[12558042ms] [ERROR] Failed to load resource: net::ERR_CONNECTION_REFUSED @ http://127.0.0.1:40000/:0
[12558043ms] [ERROR] Failed to load resource: net::ERR_CONNECTION_REFUSED @ http://127.0.0.1:35000/:0
[19029964ms] [ERROR] Failed to load resource: net::ERR_NETWORK_CHANGED @ https://zhuanlan.zhihu.com/api//v4/search/preset_words:0
[19029965ms] [ERROR] getRemotePresetWords Failed to fetch @ https://unpkg.zhimg.com/@cfe/sentry-script@1.3.1/dist/init.js:0
[19029990ms] TypeError: Cannot read properties of null (reading 'words')
    at https://static.zhihu.com/heifetz/column.app.a44c7d68cb8f3344fef7.js:1:1443049
[19996935ms] [ERROR] Failed to load resource: net::ERR_NETWORK_CHANGED @ https://zhuanlan.zhihu.com/api//v4/search/preset_words:0
[19996935ms] [ERROR] getRemotePresetWords Failed to fetch @ https://unpkg.zhimg.com/@cfe/sentry-script@1.3.1/dist/init.js:0
[19996942ms] TypeError: Cannot read properties of null (reading 'words')
    at https://static.zhihu.com/heifetz/column.app.a44c7d68cb8f3344fef7.js:1:1443049
[19997652ms] [ERROR] Failed to load resource: the server responded with a status of 429 () @ https://crash2.zhihu.com/api/1224/store/?sentry_version=7&sentry_client=raven-js%2F3.24.0&sentry_key=2d8d764432cc4f6fb3bc78ab9528299d:0
[43309015ms] [ERROR] Failed to load resource: net::ERR_NAME_NOT_RESOLVED @ https://zhuanlan.zhihu.com/api//v4/search/preset_words:0
[43309016ms] [ERROR] getRemotePresetWords Failed to fetch @ https://unpkg.zhimg.com/@cfe/sentry-script@1.3.1/dist/init.js:0
[43309021ms] TypeError: Cannot read properties of null (reading 'words')
    at https://static.zhihu.com/heifetz/column.app.a44c7d68cb8f3344fef7.js:1:1443049
[43339020ms] [ERROR] Failed to load resource: net::ERR_NAME_NOT_RESOLVED @ https://zhuanlan.zhihu.com/api//v4/search/preset_words:0
[43339020ms] [ERROR] getRemotePresetWords Failed to fetch @ https://unpkg.zhimg.com/@cfe/sentry-script@1.3.1/dist/init.js:0
[43339022ms] TypeError: Cannot read properties of null (reading 'words')
    at https://static.zhihu.com/heifetz/column.app.a44c7d68cb8f3344fef7.js:1:1443049
[43369024ms] [ERROR] Failed to load resource: net::ERR_NAME_NOT_RESOLVED @ https://zhuanlan.zhihu.com/api//v4/search/preset_words:0
[43369024ms] [ERROR] getRemotePresetWords Failed to fetch @ https://unpkg.zhimg.com/@cfe/sentry-script@1.3.1/dist/init.js:0
[43369024ms] [ERROR] Failed to load resource: net::ERR_NAME_NOT_RESOLVED @ https://zhuanlan.zhihu.com/api//v4/search/preset_words:0
[43369024ms] [ERROR] getRemotePresetWords Failed to fetch @ https://unpkg.zhimg.com/@cfe/sentry-script@1.3.1/dist/init.js:0
[43369028ms] TypeError: Cannot read properties of null (reading 'words')
    at https://static.zhihu.com/heifetz/column.app.a44c7d68cb8f3344fef7.js:1:1443049
[43369025ms] [ERROR] Failed to load resource: net::ERR_NAME_NOT_RESOLVED @ https://zhuanlan.zhihu.com/api//v4/search/preset_words:0
[43369025ms] [ERROR] getRemotePresetWords Failed to fetch @ https://unpkg.zhimg.com/@cfe/sentry-script@1.3.1/dist/init.js:0
[43369026ms] [ERROR] Failed to load resource: net::ERR_NAME_NOT_RESOLVED @ https://zhuanlan.zhihu.com/api//v4/search/preset_words:0
[43369026ms] [ERROR] getRemotePresetWords Failed to fetch @ https://unpkg.zhimg.com/@cfe/sentry-script@1.3.1/dist/init.js:0
[43369028ms] TypeError: Cannot read properties of null (reading 'words')
    at https://static.zhihu.com/heifetz/column.app.a44c7d68cb8f3344fef7.js:1:1443049
[43369028ms] TypeError: Cannot read properties of null (reading 'words')
    at https://static.zhihu.com/heifetz/column.app.a44c7d68cb8f3344fef7.js:1:1443049
[43369028ms] TypeError: Cannot read properties of null (reading 'words')
    at https://static.zhihu.com/heifetz/column.app.a44c7d68cb8f3344fef7.js:1:1443049
[43399029ms] [ERROR] Failed to load resource: net::ERR_NAME_NOT_RESOLVED @ https://zhuanlan.zhihu.com/api//v4/search/preset_words:0
[43399029ms] [ERROR] getRemotePresetWords Failed to fetch @ https://unpkg.zhimg.com/@cfe/sentry-script@1.3.1/dist/init.js:0
[43399030ms] [ERROR] Failed to load resource: net::ERR_NAME_NOT_RESOLVED @ https://zhuanlan.zhihu.com/api//v4/search/preset_words:0
[43399030ms] [ERROR] getRemotePresetWords Failed to fetch @ https://unpkg.zhimg.com/@cfe/sentry-script@1.3.1/dist/init.js:0
[43399030ms] [ERROR] Failed to load resource: net::ERR_NAME_NOT_RESOLVED @ https://zhuanlan.zhihu.com/api//v4/search/preset_words:0
[43399030ms] [ERROR] getRemotePresetWords Failed to fetch @ https://unpkg.zhimg.com/@cfe/sentry-script@1.3.1/dist/init.js:0
[43399032ms] TypeError: Cannot read properties of null (reading 'words')
    at https://static.zhihu.com/heifetz/column.app.a44c7d68cb8f3344fef7.js:1:1443049
[43399032ms] TypeError: Cannot read properties of null (reading 'words')
    at https://static.zhihu.com/heifetz/column.app.a44c7d68cb8f3344fef7.js:1:1443049
[43399032ms] TypeError: Cannot read properties of null (reading 'words')
    at https://static.zhihu.com/heifetz/column.app.a44c7d68cb8f3344fef7.js:1:1443049
[43429033ms] [ERROR] Failed to load resource: net::ERR_NAME_NOT_RESOLVED @ https://zhuanlan.zhihu.com/api//v4/search/preset_words:0
[43429033ms] [ERROR] getRemotePresetWords Failed to fetch @ https://unpkg.zhimg.com/@cfe/sentry-script@1.3.1/dist/init.js:0
[43429034ms] [ERROR] Failed to load resource: net::ERR_NAME_NOT_RESOLVED @ https://zhuanlan.zhihu.com/api//v4/search/preset_words:0
[43429034ms] [ERROR] getRemotePresetWords Failed to fetch @ https://unpkg.zhimg.com/@cfe/sentry-script@1.3.1/dist/init.js:0
[43429036ms] TypeError: Cannot read properties of null (reading 'words')
    at https://static.zhihu.com/heifetz/column.app.a44c7d68cb8f3344fef7.js:1:1443049
[43429035ms] [ERROR] Failed to load resource: net::ERR_NAME_NOT_RESOLVED @ https://zhuanlan.zhihu.com/api//v4/search/preset_words:0
[43429035ms] [ERROR] getRemotePresetWords Failed to fetch @ https://unpkg.zhimg.com/@cfe/sentry-script@1.3.1/dist/init.js:0
[43429035ms] [ERROR] Failed to load resource: net::ERR_NAME_NOT_RESOLVED @ https://zhuanlan.zhihu.com/api//v4/search/preset_words:0
[43429035ms] [ERROR] getRemotePresetWords Failed to fetch @ https://unpkg.zhimg.com/@cfe/sentry-script@1.3.1/dist/init.js:0
[43429036ms] TypeError: Cannot read properties of null (reading 'words')
    at https://static.zhihu.com/heifetz/column.app.a44c7d68cb8f3344fef7.js:1:1443049
[43429037ms] TypeError: Cannot read properties of null (reading 'words')
    at https://static.zhihu.com/heifetz/column.app.a44c7d68cb8f3344fef7.js:1:1443049
[43429037ms] TypeError: Cannot read properties of null (reading 'words')
    at https://static.zhihu.com/heifetz/column.app.a44c7d68cb8f3344fef7.js:1:1443049
[43459039ms] [ERROR] Failed to load resource: net::ERR_NAME_NOT_RESOLVED @ https://zhuanlan.zhihu.com/api//v4/search/preset_words:0
[43459039ms] [ERROR] getRemotePresetWords Failed to fetch @ https://unpkg.zhimg.com/@cfe/sentry-script@1.3.1/dist/init.js:0
[43459040ms] [ERROR] Failed to load resource: net::ERR_NAME_NOT_RESOLVED @ https://zhuanlan.zhihu.com/api//v4/search/preset_words:0
[43459040ms] [ERROR] getRemotePresetWords Failed to fetch @ https://unpkg.zhimg.com/@cfe/sentry-script@1.3.1/dist/init.js:0
[43459042ms] TypeError: Cannot read properties of null (reading 'words')
    at https://static.zhihu.com/heifetz/column.app.a44c7d68cb8f3344fef7.js:1:1443049
[43459040ms] [ERROR] Failed to load resource: net::ERR_NAME_NOT_RESOLVED @ https://zhuanlan.zhihu.com/api//v4/search/preset_words:0
[43459041ms] [ERROR] getRemotePresetWords Failed to fetch @ https://unpkg.zhimg.com/@cfe/sentry-script@1.3.1/dist/init.js:0
[43459041ms] [ERROR] Failed to load resource: net::ERR_NAME_NOT_RESOLVED @ https://zhuanlan.zhihu.com/api//v4/search/preset_words:0
[43459041ms] [ERROR] getRemotePresetWords Failed to fetch @ https://unpkg.zhimg.com/@cfe/sentry-script@1.3.1/dist/init.js:0
[43459042ms] TypeError: Cannot read properties of null (reading 'words')
    at https://static.zhihu.com/heifetz/column.app.a44c7d68cb8f3344fef7.js:1:1443049
[43459042ms] TypeError: Cannot read properties of null (reading 'words')
    at https://static.zhihu.com/heifetz/column.app.a44c7d68cb8f3344fef7.js:1:1443049
[43459042ms] TypeError: Cannot read properties of null (reading 'words')
    at https://static.zhihu.com/heifetz/column.app.a44c7d68cb8f3344fef7.js:1:1443049
[43489042ms] [ERROR] Failed to load resource: net::ERR_NAME_NOT_RESOLVED @ https://zhuanlan.zhihu.com/api//v4/search/preset_words:0
[43489043ms] [ERROR] getRemotePresetWords Failed to fetch @ https://unpkg.zhimg.com/@cfe/sentry-script@1.3.1/dist/init.js:0
[43489046ms] TypeError: Cannot read properties of null (reading 'words')
    at https://static.zhihu.com/heifetz/column.app.a44c7d68cb8f3344fef7.js:1:1443049
[43489044ms] [ERROR] Failed to load resource: net::ERR_NAME_NOT_RESOLVED @ https://zhuanlan.zhihu.com/api//v4/search/preset_words:0
[43489044ms] [ERROR] getRemotePresetWords Failed to fetch @ https://unpkg.zhimg.com/@cfe/sentry-script@1.3.1/dist/init.js:0
[43489044ms] [ERROR] Failed to load resource: net::ERR_NAME_NOT_RESOLVED @ https://zhuanlan.zhihu.com/api//v4/search/preset_words:0
[43489044ms] [ERROR] getRemotePresetWords Failed to fetch @ https://unpkg.zhimg.com/@cfe/sentry-script@1.3.1/dist/init.js:0
[43489044ms] [ERROR] Failed to load resource: net::ERR_NAME_NOT_RESOLVED @ https://zhuanlan.zhihu.com/api//v4/search/preset_words:0
[43489044ms] [ERROR] getRemotePresetWords Failed to fetch @ https://unpkg.zhimg.com/@cfe/sentry-script@1.3.1/dist/init.js:0
[43489046ms] TypeError: Cannot read properties of null (reading 'words')
    at https://static.zhihu.com/heifetz/column.app.a44c7d68cb8f3344fef7.js:1:1443049
[43489046ms] TypeError: Cannot read properties of null (reading 'words')
    at https://static.zhihu.com/heifetz/column.app.a44c7d68cb8f3344fef7.js:1:1443049
[43489046ms] TypeError: Cannot read properties of null (reading 'words')
    at https://static.zhihu.com/heifetz/column.app.a44c7d68cb8f3344fef7.js:1:1443049
[43519049ms] [ERROR] Failed to load resource: net::ERR_NAME_NOT_RESOLVED @ https://zhuanlan.zhihu.com/api//v4/search/preset_words:0
[43519049ms] [ERROR] getRemotePresetWords Failed to fetch @ https://unpkg.zhimg.com/@cfe/sentry-script@1.3.1/dist/init.js:0
[43519049ms] [ERROR] Failed to load resource: net::ERR_NAME_NOT_RESOLVED @ https://zhuanlan.zhihu.com/api//v4/search/preset_words:0
[43519049ms] [ERROR] getRemotePresetWords Failed to fetch @ https://unpkg.zhimg.com/@cfe/sentry-script@1.3.1/dist/init.js:0
[43519049ms] [ERROR] Failed to load resource: net::ERR_NAME_NOT_RESOLVED @ https://zhuanlan.zhihu.com/api//v4/search/preset_words:0
[43519050ms] [ERROR] getRemotePresetWords Failed to fetch @ https://unpkg.zhimg.com/@cfe/sentry-script@1.3.1/dist/init.js:0
[43519051ms] TypeError: Cannot read properties of null (reading 'words')
    at https://static.zhihu.com/heifetz/column.app.a44c7d68cb8f3344fef7.js:1:1443049
[43519051ms] TypeError: Cannot read properties of null (reading 'words')
    at https://static.zhihu.com/heifetz/column.app.a44c7d68cb8f3344fef7.js:1:1443049
[43519051ms] TypeError: Cannot read properties of null (reading 'words')
    at https://static.zhihu.com/heifetz/column.app.a44c7d68cb8f3344fef7.js:1:1443049
[43549053ms] [ERROR] Failed to load resource: net::ERR_NAME_NOT_RESOLVED @ https://zhuanlan.zhihu.com/api//v4/search/preset_words:0
[43549054ms] [ERROR] getRemotePresetWords Failed to fetch @ https://unpkg.zhimg.com/@cfe/sentry-script@1.3.1/dist/init.js:0
[43549054ms] [ERROR] Failed to load resource: net::ERR_NAME_NOT_RESOLVED @ https://zhuanlan.zhihu.com/api//v4/search/preset_words:0
[43549054ms] [ERROR] getRemotePresetWords Failed to fetch @ https://unpkg.zhimg.com/@cfe/sentry-script@1.3.1/dist/init.js:0
[43549055ms] [ERROR] Failed to load resource: net::ERR_NAME_NOT_RESOLVED @ https://zhuanlan.zhihu.com/api//v4/search/preset_words:0
[43549055ms] [ERROR] getRemotePresetWords Failed to fetch @ https://unpkg.zhimg.com/@cfe/sentry-script@1.3.1/dist/init.js:0
[43549057ms] TypeError: Cannot read properties of null (reading 'words')
    at https://static.zhihu.com/heifetz/column.app.a44c7d68cb8f3344fef7.js:1:1443049
[43549055ms] [ERROR] Failed to load resource: net::ERR_NAME_NOT_RESOLVED @ https://zhuanlan.zhihu.com/api//v4/search/preset_words:0
[43549055ms] [ERROR] getRemotePresetWords Failed to fetch @ https://unpkg.zhimg.com/@cfe/sentry-script@1.3.1/dist/init.js:0
[43549057ms] TypeError: Cannot read properties of null (reading 'words')
    at https://static.zhihu.com/heifetz/column.app.a44c7d68cb8f3344fef7.js:1:1443049
[43549057ms] TypeError: Cannot read properties of null (reading 'words')
    at https://static.zhihu.com/heifetz/column.app.a44c7d68cb8f3344fef7.js:1:1443049
[43549057ms] TypeError: Cannot read properties of null (reading 'words')
    at https://static.zhihu.com/heifetz/column.app.a44c7d68cb8f3344fef7.js:1:1443049
[43579059ms] [ERROR] Failed to load resource: net::ERR_NAME_NOT_RESOLVED @ https://zhuanlan.zhihu.com/api//v4/search/preset_words:0
[43579059ms] [ERROR] getRemotePresetWords Failed to fetch @ https://unpkg.zhimg.com/@cfe/sentry-script@1.3.1/dist/init.js:0
[43579060ms] [ERROR] Failed to load resource: net::ERR_NAME_NOT_RESOLVED @ https://zhuanlan.zhihu.com/api//v4/search/preset_words:0
[43579060ms] [ERROR] getRemotePresetWords Failed to fetch @ https://unpkg.zhimg.com/@cfe/sentry-script@1.3.1/dist/init.js:0
[43579060ms] [ERROR] Failed to load resource: net::ERR_NAME_NOT_RESOLVED @ https://zhuanlan.zhihu.com/api//v4/search/preset_words:0
[43579060ms] [ERROR] getRemotePresetWords Failed to fetch @ https://unpkg.zhimg.com/@cfe/sentry-script@1.3.1/dist/init.js:0
[43579060ms] [ERROR] Failed to load resource: net::ERR_NAME_NOT_RESOLVED @ https://zhuanlan.zhihu.com/api//v4/search/preset_words:0
[43579060ms] [ERROR] getRemotePresetWords Failed to fetch @ https://unpkg.zhimg.com/@cfe/sentry-script@1.3.1/dist/init.js:0
[43579062ms] TypeError: Cannot read properties of null (reading 'words')
    at https://static.zhihu.com/heifetz/column.app.a44c7d68cb8f3344fef7.js:1:1443049
[43579062ms] TypeError: Cannot read properties of null (reading 'words')
    at https://static.zhihu.com/heifetz/column.app.a44c7d68cb8f3344fef7.js:1:1443049
[43579062ms] TypeError: Cannot read properties of null (reading 'words')
    at https://static.zhihu.com/heifetz/column.app.a44c7d68cb8f3344fef7.js:1:1443049
[43579062ms] TypeError: Cannot read properties of null (reading 'words')
    at https://static.zhihu.com/heifetz/column.app.a44c7d68cb8f3344fef7.js:1:1443049
[43609062ms] [ERROR] Failed to load resource: net::ERR_NAME_NOT_RESOLVED @ https://zhuanlan.zhihu.com/api//v4/search/preset_words:0
[43609062ms] [ERROR] getRemotePresetWords Failed to fetch @ https://unpkg.zhimg.com/@cfe/sentry-script@1.3.1/dist/init.js:0
[43609064ms] TypeError: Cannot read properties of null (reading 'words')
    at https://static.zhihu.com/heifetz/column.app.a44c7d68cb8f3344fef7.js:1:1443049
[43609063ms] [ERROR] Failed to load resource: net::ERR_NAME_NOT_RESOLVED @ https://zhuanlan.zhihu.com/api//v4/search/preset_words:0
[43609063ms] [ERROR] getRemotePresetWords Failed to fetch @ https://unpkg.zhimg.com/@cfe/sentry-script@1.3.1/dist/init.js:0
[43609063ms] [ERROR] Failed to load resource: net::ERR_NAME_NOT_RESOLVED @ https://zhuanlan.zhihu.com/api//v4/search/preset_words:0
[43609063ms] [ERROR] getRemotePresetWords Failed to fetch @ https://unpkg.zhimg.com/@cfe/sentry-script@1.3.1/dist/init.js:0
[43609063ms] [ERROR] Failed to load resource: net::ERR_NAME_NOT_RESOLVED @ https://zhuanlan.zhihu.com/api//v4/search/preset_words:0
[43609063ms] [ERROR] getRemotePresetWords Failed to fetch @ https://unpkg.zhimg.com/@cfe/sentry-script@1.3.1/dist/init.js:0
[43609065ms] TypeError: Cannot read properties of null (reading 'words')
    at https://static.zhihu.com/heifetz/column.app.a44c7d68cb8f3344fef7.js:1:1443049
[43609065ms] TypeError: Cannot read properties of null (reading 'words')
    at https://static.zhihu.com/heifetz/column.app.a44c7d68cb8f3344fef7.js:1:1443049
[43609066ms] TypeError: Cannot read properties of null (reading 'words')
    at https://static.zhihu.com/heifetz/column.app.a44c7d68cb8f3344fef7.js:1:1443049
[43639068ms] [ERROR] Failed to load resource: net::ERR_NAME_NOT_RESOLVED @ https://zhuanlan.zhihu.com/api//v4/search/preset_words:0
[43639068ms] [ERROR] getRemotePresetWords Failed to fetch @ https://unpkg.zhimg.com/@cfe/sentry-script@1.3.1/dist/init.js:0
[43639068ms] [ERROR] Failed to load resource: net::ERR_NAME_NOT_RESOLVED @ https://zhuanlan.zhihu.com/api//v4/search/preset_words:0
[43639068ms] [ERROR] getRemotePresetWords Failed to fetch @ https://unpkg.zhimg.com/@cfe/sentry-script@1.3.1/dist/init.js:0
[43639069ms] [ERROR] Failed to load resource: net::ERR_NAME_NOT_RESOLVED @ https://zhuanlan.zhihu.com/api//v4/search/preset_words:0
[43639069ms] [ERROR] getRemotePresetWords Failed to fetch @ https://unpkg.zhimg.com/@cfe/sentry-script@1.3.1/dist/init.js:0
[43639070ms] TypeError: Cannot read properties of null (reading 'words')
    at https://static.zhihu.com/heifetz/column.app.a44c7d68cb8f3344fef7.js:1:1443049
[43639070ms] TypeError: Cannot read properties of null (reading 'words')
    at https://static.zhihu.com/heifetz/column.app.a44c7d68cb8f3344fef7.js:1:1443049
[43639070ms] TypeError: Cannot read properties of null (reading 'words')
    at https://static.zhihu.com/heifetz/column.app.a44c7d68cb8f3344fef7.js:1:1443049
[43669072ms] [ERROR] Failed to load resource: net::ERR_NAME_NOT_RESOLVED @ https://zhuanlan.zhihu.com/api//v4/search/preset_words:0
[43669072ms] [ERROR] getRemotePresetWords Failed to fetch @ https://unpkg.zhimg.com/@cfe/sentry-script@1.3.1/dist/init.js:0
[43669072ms] [ERROR] Failed to load resource: net::ERR_NAME_NOT_RESOLVED @ https://zhuanlan.zhihu.com/api//v4/search/preset_words:0
[43669072ms] [ERROR] getRemotePresetWords Failed to fetch @ https://unpkg.zhimg.com/@cfe/sentry-script@1.3.1/dist/init.js:0
[43669077ms] TypeError: Cannot read properties of null (reading 'words')
    at https://static.zhihu.com/heifetz/column.app.a44c7d68cb8f3344fef7.js:1:1443049
[43669073ms] [ERROR] Failed to load resource: net::ERR_NAME_NOT_RESOLVED @ https://zhuanlan.zhihu.com/api//v4/search/preset_words:0
[43669073ms] [ERROR] getRemotePresetWords Failed to fetch @ https://unpkg.zhimg.com/@cfe/sentry-script@1.3.1/dist/init.js:0
[43669077ms] TypeError: Cannot read properties of null (reading 'words')
    at https://static.zhihu.com/heifetz/column.app.a44c7d68cb8f3344fef7.js:1:1443049
[43669074ms] [ERROR] Failed to load resource: net::ERR_NAME_NOT_RESOLVED @ https://zhuanlan.zhihu.com/api//v4/search/preset_words:0
[43669074ms] [ERROR] getRemotePresetWords Failed to fetch @ https://unpkg.zhimg.com/@cfe/sentry-script@1.3.1/dist/init.js:0
[43669077ms] TypeError: Cannot read properties of null (reading 'words')
    at https://static.zhihu.com/heifetz/column.app.a44c7d68cb8f3344fef7.js:1:1443049
[43669077ms] TypeError: Cannot read properties of null (reading 'words')
    at https://static.zhihu.com/heifetz/column.app.a44c7d68cb8f3344fef7.js:1:1443049
[43699079ms] [ERROR] Failed to load resource: net::ERR_NAME_NOT_RESOLVED @ https://zhuanlan.zhihu.com/api//v4/search/preset_words:0
[43699079ms] [ERROR] getRemotePresetWords Failed to fetch @ https://unpkg.zhimg.com/@cfe/sentry-script@1.3.1/dist/init.js:0
[43699079ms] [ERROR] Failed to load resource: net::ERR_NAME_NOT_RESOLVED @ https://zhuanlan.zhihu.com/api//v4/search/preset_words:0
[43699080ms] [ERROR] getRemotePresetWords Failed to fetch @ https://unpkg.zhimg.com/@cfe/sentry-script@1.3.1/dist/init.js:0
[43699080ms] [ERROR] Failed to load resource: net::ERR_NAME_NOT_RESOLVED @ https://zhuanlan.zhihu.com/api//v4/search/preset_words:0
[43699080ms] [ERROR] getRemotePresetWords Failed to fetch @ https://unpkg.zhimg.com/@cfe/sentry-script@1.3.1/dist/init.js:0
[43699080ms] [ERROR] Failed to load resource: net::ERR_NAME_NOT_RESOLVED @ https://zhuanlan.zhihu.com/api//v4/search/preset_words:0
[43699080ms] [ERROR] getRemotePresetWords Failed to fetch @ https://unpkg.zhimg.com/@cfe/sentry-script@1.3.1/dist/init.js:0
[43699081ms] TypeError: Cannot read properties of null (reading 'words')
    at https://static.zhihu.com/heifetz/column.app.a44c7d68cb8f3344fef7.js:1:1443049
[43699081ms] TypeError: Cannot read properties of null (reading 'words')
    at https://static.zhihu.com/heifetz/column.app.a44c7d68cb8f3344fef7.js:1:1443049
[43699081ms] TypeError: Cannot read properties of null (reading 'words')
    at https://static.zhihu.com/heifetz/column.app.a44c7d68cb8f3344fef7.js:1:1443049
[43699081ms] TypeError: Cannot read properties of null (reading 'words')
    at https://static.zhihu.com/heifetz/column.app.a44c7d68cb8f3344fef7.js:1:1443049
[43729083ms] [ERROR] Failed to load resource: net::ERR_NAME_NOT_RESOLVED @ https://zhuanlan.zhihu.com/api//v4/search/preset_words:0
[43729083ms] [ERROR] getRemotePresetWords Failed to fetch @ https://unpkg.zhimg.com/@cfe/sentry-script@1.3.1/dist/init.js:0
[43729084ms] [ERROR] Failed to load resource: net::ERR_NAME_NOT_RESOLVED @ https://zhuanlan.zhihu.com/api//v4/search/preset_words:0
[43729084ms] [ERROR] getRemotePresetWords Failed to fetch @ https://unpkg.zhimg.com/@cfe/sentry-script@1.3.1/dist/init.js:0
[43729086ms] TypeError: Cannot read properties of null (reading 'words')
    at https://static.zhihu.com/heifetz/column.app.a44c7d68cb8f3344fef7.js:1:1443049
[43729084ms] [ERROR] Failed to load resource: net::ERR_NAME_NOT_RESOLVED @ https://zhuanlan.zhihu.com/api//v4/search/preset_words:0
[43729084ms] [ERROR] getRemotePresetWords Failed to fetch @ https://unpkg.zhimg.com/@cfe/sentry-script@1.3.1/dist/init.js:0
[43729086ms] TypeError: Cannot read properties of null (reading 'words')
    at https://static.zhihu.com/heifetz/column.app.a44c7d68cb8f3344fef7.js:1:1443049
[43729085ms] [ERROR] Failed to load resource: net::ERR_NAME_NOT_RESOLVED @ https://zhuanlan.zhihu.com/api//v4/search/preset_words:0
[43729085ms] [ERROR] getRemotePresetWords Failed to fetch @ https://unpkg.zhimg.com/@cfe/sentry-script@1.3.1/dist/init.js:0
[43729086ms] TypeError: Cannot read properties of null (reading 'words')
    at https://static.zhihu.com/heifetz/column.app.a44c7d68cb8f3344fef7.js:1:1443049
[43729086ms] TypeError: Cannot read properties of null (reading 'words')
    at https://static.zhihu.com/heifetz/column.app.a44c7d68cb8f3344fef7.js:1:1443049
[43759089ms] [ERROR] Failed to load resource: net::ERR_NAME_NOT_RESOLVED @ https://zhuanlan.zhihu.com/api//v4/search/preset_words:0
[43759089ms] [ERROR] getRemotePresetWords Failed to fetch @ https://unpkg.zhimg.com/@cfe/sentry-script@1.3.1/dist/init.js:0
[43759090ms] [ERROR] Failed to load resource: net::ERR_NAME_NOT_RESOLVED @ https://zhuanlan.zhihu.com/api//v4/search/preset_words:0
[43759090ms] [ERROR] getRemotePresetWords Failed to fetch @ https://unpkg.zhimg.com/@cfe/sentry-script@1.3.1/dist/init.js:0
[43759090ms] [ERROR] Failed to load resource: net::ERR_NAME_NOT_RESOLVED @ https://zhuanlan.zhihu.com/api//v4/search/preset_words:0
[43759090ms] [ERROR] getRemotePresetWords Failed to fetch @ https://unpkg.zhimg.com/@cfe/sentry-script@1.3.1/dist/init.js:0
[43759091ms] TypeError: Cannot read properties of null (reading 'words')
    at https://static.zhihu.com/heifetz/column.app.a44c7d68cb8f3344fef7.js:1:1443049
[43759092ms] TypeError: Cannot read properties of null (reading 'words')
    at https://static.zhihu.com/heifetz/column.app.a44c7d68cb8f3344fef7.js:1:1443049
[43759092ms] TypeError: Cannot read properties of null (reading 'words')
    at https://static.zhihu.com/heifetz/column.app.a44c7d68cb8f3344fef7.js:1:1443049
[43789092ms] [ERROR] Failed to load resource: net::ERR_NAME_NOT_RESOLVED @ https://zhuanlan.zhihu.com/api//v4/search/preset_words:0
[43789093ms] [ERROR] getRemotePresetWords Failed to fetch @ https://unpkg.zhimg.com/@cfe/sentry-script@1.3.1/dist/init.js:0
[43789093ms] [ERROR] Failed to load resource: net::ERR_NAME_NOT_RESOLVED @ https://zhuanlan.zhihu.com/api//v4/search/preset_words:0
[43789093ms] [ERROR] getRemotePresetWords Failed to fetch @ https://unpkg.zhimg.com/@cfe/sentry-script@1.3.1/dist/init.js:0
[43789094ms] [ERROR] Failed to load resource: net::ERR_NAME_NOT_RESOLVED @ https://zhuanlan.zhihu.com/api//v4/search/preset_words:0
[43789094ms] [ERROR] getRemotePresetWords Failed to fetch @ https://unpkg.zhimg.com/@cfe/sentry-script@1.3.1/dist/init.js:0
[43789096ms] TypeError: Cannot read properties of null (reading 'words')
    at https://static.zhihu.com/heifetz/column.app.a44c7d68cb8f3344fef7.js:1:1443049
[43789096ms] TypeError: Cannot read properties of null (reading 'words')
    at https://static.zhihu.com/heifetz/column.app.a44c7d68cb8f3344fef7.js:1:1443049
[43789095ms] [ERROR] Failed to load resource: net::ERR_NAME_NOT_RESOLVED @ https://zhuanlan.zhihu.com/api//v4/search/preset_words:0
[43789095ms] [ERROR] getRemotePresetWords Failed to fetch @ https://unpkg.zhimg.com/@cfe/sentry-script@1.3.1/dist/init.js:0
[43789096ms] TypeError: Cannot read properties of null (reading 'words')
    at https://static.zhihu.com/heifetz/column.app.a44c7d68cb8f3344fef7.js:1:1443049
[43789096ms] TypeError: Cannot read properties of null (reading 'words')
    at https://static.zhihu.com/heifetz/column.app.a44c7d68cb8f3344fef7.js:1:1443049
[43819098ms] [ERROR] Failed to load resource: net::ERR_NAME_NOT_RESOLVED @ https://zhuanlan.zhihu.com/api//v4/search/preset_words:0
[43819098ms] [ERROR] getRemotePresetWords Failed to fetch @ https://unpkg.zhimg.com/@cfe/sentry-script@1.3.1/dist/init.js:0
[43819098ms] [ERROR] Failed to load resource: net::ERR_NAME_NOT_RESOLVED @ https://zhuanlan.zhihu.com/api//v4/search/preset_words:0
[43819099ms] [ERROR] getRemotePresetWords Failed to fetch @ https://unpkg.zhimg.com/@cfe/sentry-script@1.3.1/dist/init.js:0
[43819099ms] [ERROR] Failed to load resource: net::ERR_NAME_NOT_RESOLVED @ https://zhuanlan.zhihu.com/api//v4/search/preset_words:0
[43819099ms] [ERROR] getRemotePresetWords Failed to fetch @ https://unpkg.zhimg.com/@cfe/sentry-script@1.3.1/dist/init.js:0
[43819099ms] [ERROR] Failed to load resource: net::ERR_NAME_NOT_RESOLVED @ https://zhuanlan.zhihu.com/api//v4/search/preset_words:0
[43819099ms] [ERROR] getRemotePresetWords Failed to fetch @ https://unpkg.zhimg.com/@cfe/sentry-script@1.3.1/dist/init.js:0
[43819101ms] TypeError: Cannot read properties of null (reading 'words')
    at https://static.zhihu.com/heifetz/column.app.a44c7d68cb8f3344fef7.js:1:1443049
[43819101ms] TypeError: Cannot read properties of null (reading 'words')
    at https://static.zhihu.com/heifetz/column.app.a44c7d68cb8f3344fef7.js:1:1443049
[43819101ms] TypeError: Cannot read properties of null (reading 'words')
    at https://static.zhihu.com/heifetz/column.app.a44c7d68cb8f3344fef7.js:1:1443049
[43819101ms] TypeError: Cannot read properties of null (reading 'words')
    at https://static.zhihu.com/heifetz/column.app.a44c7d68cb8f3344fef7.js:1:1443049
[43849102ms] [ERROR] Failed to load resource: net::ERR_NAME_NOT_RESOLVED @ https://zhuanlan.zhihu.com/api//v4/search/preset_words:0
[43849102ms] [ERROR] getRemotePresetWords Failed to fetch @ https://unpkg.zhimg.com/@cfe/sentry-script@1.3.1/dist/init.js:0
[43849106ms] TypeError: Cannot read properties of null (reading 'words')
    at https://static.zhihu.com/heifetz/column.app.a44c7d68cb8f3344fef7.js:1:1443049
[43849104ms] [ERROR] Failed to load resource: net::ERR_NAME_NOT_RESOLVED @ https://zhuanlan.zhihu.com/api//v4/search/preset_words:0
[43849104ms] [ERROR] getRemotePresetWords Failed to fetch @ https://unpkg.zhimg.com/@cfe/sentry-script@1.3.1/dist/init.js:0
[43849104ms] [ERROR] Failed to load resource: net::ERR_NAME_NOT_RESOLVED @ https://zhuanlan.zhihu.com/api//v4/search/preset_words:0
[43849104ms] [ERROR] getRemotePresetWords Failed to fetch @ https://unpkg.zhimg.com/@cfe/sentry-script@1.3.1/dist/init.js:0
[43849104ms] [ERROR] Failed to load resource: net::ERR_NAME_NOT_RESOLVED @ https://zhuanlan.zhihu.com/api//v4/search/preset_words:0
[43849104ms] [ERROR] getRemotePresetWords Failed to fetch @ https://unpkg.zhimg.com/@cfe/sentry-script@1.3.1/dist/init.js:0
[43849106ms] TypeError: Cannot read properties of null (reading 'words')
    at https://static.zhihu.com/heifetz/column.app.a44c7d68cb8f3344fef7.js:1:1443049
[43849106ms] TypeError: Cannot read properties of null (reading 'words')
    at https://static.zhihu.com/heifetz/column.app.a44c7d68cb8f3344fef7.js:1:1443049
[43849106ms] TypeError: Cannot read properties of null (reading 'words')
    at https://static.zhihu.com/heifetz/column.app.a44c7d68cb8f3344fef7.js:1:1443049
[43879108ms] [ERROR] Failed to load resource: net::ERR_NAME_NOT_RESOLVED @ https://zhuanlan.zhihu.com/api//v4/search/preset_words:0
[43879108ms] [ERROR] getRemotePresetWords Failed to fetch @ https://unpkg.zhimg.com/@cfe/sentry-script@1.3.1/dist/init.js:0
[43879108ms] [ERROR] Failed to load resource: net::ERR_NAME_NOT_RESOLVED @ https://zhuanlan.zhihu.com/api//v4/search/preset_words:0
[43879108ms] [ERROR] getRemotePresetWords Failed to fetch @ https://unpkg.zhimg.com/@cfe/sentry-script@1.3.1/dist/init.js:0
[43879108ms] [ERROR] Failed to load resource: net::ERR_NAME_NOT_RESOLVED @ https://zhuanlan.zhihu.com/api//v4/search/preset_words:0
[43879109ms] [ERROR] getRemotePresetWords Failed to fetch @ https://unpkg.zhimg.com/@cfe/sentry-script@1.3.1/dist/init.js:0
[43879110ms] TypeError: Cannot read properties of null (reading 'words')
    at https://static.zhihu.com/heifetz/column.app.a44c7d68cb8f3344fef7.js:1:1443049
[43879110ms] TypeError: Cannot read properties of null (reading 'words')
    at https://static.zhihu.com/heifetz/column.app.a44c7d68cb8f3344fef7.js:1:1443049
[43879110ms] TypeError: Cannot read properties of null (reading 'words')
    at https://static.zhihu.com/heifetz/column.app.a44c7d68cb8f3344fef7.js:1:1443049
[43909111ms] [ERROR] Failed to load resource: net::ERR_NAME_NOT_RESOLVED @ https://zhuanlan.zhihu.com/api//v4/search/preset_words:0
[43909111ms] [ERROR] getRemotePresetWords Failed to fetch @ https://unpkg.zhimg.com/@cfe/sentry-script@1.3.1/dist/init.js:0
[43909112ms] [ERROR] Failed to load resource: net::ERR_NAME_NOT_RESOLVED @ https://zhuanlan.zhihu.com/api//v4/search/preset_words:0
[43909112ms] [ERROR] getRemotePresetWords Failed to fetch @ https://unpkg.zhimg.com/@cfe/sentry-script@1.3.1/dist/init.js:0
[43909112ms] [ERROR] Failed to load resource: net::ERR_NAME_NOT_RESOLVED @ https://zhuanlan.zhihu.com/api//v4/search/preset_words:0
[43909112ms] [ERROR] getRemotePresetWords Failed to fetch @ https://unpkg.zhimg.com/@cfe/sentry-script@1.3.1/dist/init.js:0
[43909114ms] TypeError: Cannot read properties of null (reading 'words')
    at https://static.zhihu.com/heifetz/column.app.a44c7d68cb8f3344fef7.js:1:1443049
[43909113ms] [ERROR] Failed to load resource: net::ERR_NAME_NOT_RESOLVED @ https://zhuanlan.zhihu.com/api//v4/search/preset_words:0
[43909113ms] [ERROR] getRemotePresetWords Failed to fetch @ https://unpkg.zhimg.com/@cfe/sentry-script@1.3.1/dist/init.js:0
[43909115ms] TypeError: Cannot read properties of null (reading 'words')
    at https://static.zhihu.com/heifetz/column.app.a44c7d68cb8f3344fef7.js:1:1443049
[43909115ms] TypeError: Cannot read properties of null (reading 'words')
    at https://static.zhihu.com/heifetz/column.app.a44c7d68cb8f3344fef7.js:1:1443049
[43909115ms] TypeError: Cannot read properties of null (reading 'words')
    at https://static.zhihu.com/heifetz/column.app.a44c7d68cb8f3344fef7.js:1:1443049
[43939117ms] [ERROR] Failed to load resource: net::ERR_NAME_NOT_RESOLVED @ https://zhuanlan.zhihu.com/api//v4/search/preset_words:0
[43939117ms] [ERROR] getRemotePresetWords Failed to fetch @ https://unpkg.zhimg.com/@cfe/sentry-script@1.3.1/dist/init.js:0
[43939117ms] [ERROR] Failed to load resource: net::ERR_NAME_NOT_RESOLVED @ https://zhuanlan.zhihu.com/api//v4/search/preset_words:0
[43939117ms] [ERROR] getRemotePresetWords Failed to fetch @ https://unpkg.zhimg.com/@cfe/sentry-script@1.3.1/dist/init.js:0
[43939118ms] [ERROR] Failed to load resource: net::ERR_NAME_NOT_RESOLVED @ https://zhuanlan.zhihu.com/api//v4/search/preset_words:0
[43939118ms] [ERROR] getRemotePresetWords Failed to fetch @ https://unpkg.zhimg.com/@cfe/sentry-script@1.3.1/dist/init.js:0
[43939118ms] [ERROR] Failed to load resource: net::ERR_NAME_NOT_RESOLVED @ https://zhuanlan.zhihu.com/api//v4/search/preset_words:0
[43939118ms] [ERROR] getRemotePresetWords Failed to fetch @ https://unpkg.zhimg.com/@cfe/sentry-script@1.3.1/dist/init.js:0
[43939119ms] TypeError: Cannot read properties of null (reading 'words')
    at https://static.zhihu.com/heifetz/column.app.a44c7d68cb8f3344fef7.js:1:1443049
[43939120ms] TypeError: Cannot read properties of null (reading 'words')
    at https://static.zhihu.com/heifetz/column.app.a44c7d68cb8f3344fef7.js:1:1443049
[43939120ms] TypeError: Cannot read properties of null (reading 'words')
    at https://static.zhihu.com/heifetz/column.app.a44c7d68cb8f3344fef7.js:1:1443049
[43939120ms] TypeError: Cannot read properties of null (reading 'words')
    at https://static.zhihu.com/heifetz/column.app.a44c7d68cb8f3344fef7.js:1:1443049
[43969121ms] [ERROR] Failed to load resource: net::ERR_NAME_NOT_RESOLVED @ https://zhuanlan.zhihu.com/api//v4/search/preset_words:0
[43969121ms] [ERROR] getRemotePresetWords Failed to fetch @ https://unpkg.zhimg.com/@cfe/sentry-script@1.3.1/dist/init.js:0
[43969124ms] TypeError: Cannot read properties of null (reading 'words')
    at https://static.zhihu.com/heifetz/column.app.a44c7d68cb8f3344fef7.js:1:1443049
[43969122ms] [ERROR] Failed to load resource: net::ERR_NAME_NOT_RESOLVED @ https://zhuanlan.zhihu.com/api//v4/search/preset_words:0
[43969122ms] [ERROR] getRemotePresetWords Failed to fetch @ https://unpkg.zhimg.com/@cfe/sentry-script@1.3.1/dist/init.js:0
[43969122ms] [ERROR] Failed to load resource: net::ERR_NAME_NOT_RESOLVED @ https://zhuanlan.zhihu.com/api//v4/search/preset_words:0
[43969122ms] [ERROR] getRemotePresetWords Failed to fetch @ https://unpkg.zhimg.com/@cfe/sentry-script@1.3.1/dist/init.js:0
[43969124ms] TypeError: Cannot read properties of null (reading 'words')
    at https://static.zhihu.com/heifetz/column.app.a44c7d68cb8f3344fef7.js:1:1443049
[43969123ms] [ERROR] Failed to load resource: net::ERR_NAME_NOT_RESOLVED @ https://zhuanlan.zhihu.com/api//v4/search/preset_words:0
[43969123ms] [ERROR] getRemotePresetWords Failed to fetch @ https://unpkg.zhimg.com/@cfe/sentry-script@1.3.1/dist/init.js:0
[43969124ms] TypeError: Cannot read properties of null (reading 'words')
    at https://static.zhihu.com/heifetz/column.app.a44c7d68cb8f3344fef7.js:1:1443049
[43969124ms] TypeError: Cannot read properties of null (reading 'words')
    at https://static.zhihu.com/heifetz/column.app.a44c7d68cb8f3344fef7.js:1:1443049
[43999126ms] [ERROR] Failed to load resource: net::ERR_NAME_NOT_RESOLVED @ https://zhuanlan.zhihu.com/api//v4/search/preset_words:0
[43999126ms] [ERROR] getRemotePresetWords Failed to fetch @ https://unpkg.zhimg.com/@cfe/sentry-script@1.3.1/dist/init.js:0
[43999127ms] [ERROR] Failed to load resource: net::ERR_NAME_NOT_RESOLVED @ https://zhuanlan.zhihu.com/api//v4/search/preset_words:0
[43999127ms] [ERROR] getRemotePresetWords Failed to fetch @ https://unpkg.zhimg.com/@cfe/sentry-script@1.3.1/dist/init.js:0
[43999127ms] [ERROR] Failed to load resource: net::ERR_NAME_NOT_RESOLVED @ https://zhuanlan.zhihu.com/api//v4/search/preset_words:0
[43999127ms] [ERROR] getRemotePresetWords Failed to fetch @ https://unpkg.zhimg.com/@cfe/sentry-script@1.3.1/dist/init.js:0
[43999129ms] TypeError: Cannot read properties of null (reading 'words')
    at https://static.zhihu.com/heifetz/column.app.a44c7d68cb8f3344fef7.js:1:1443049
[43999129ms] TypeError: Cannot read properties of null (reading 'words')
    at https://static.zhihu.com/heifetz/column.app.a44c7d68cb8f3344fef7.js:1:1443049
[43999129ms] TypeError: Cannot read properties of null (reading 'words')
    at https://static.zhihu.com/heifetz/column.app.a44c7d68cb8f3344fef7.js:1:1443049
[44029130ms] [ERROR] Failed to load resource: net::ERR_NAME_NOT_RESOLVED @ https://zhuanlan.zhihu.com/api//v4/search/preset_words:0
[44029130ms] [ERROR] getRemotePresetWords Failed to fetch @ https://unpkg.zhimg.com/@cfe/sentry-script@1.3.1/dist/init.js:0
[44029131ms] [ERROR] Failed to load resource: net::ERR_NAME_NOT_RESOLVED @ https://zhuanlan.zhihu.com/api//v4/search/preset_words:0
[44029131ms] [ERROR] getRemotePresetWords Failed to fetch @ https://unpkg.zhimg.com/@cfe/sentry-script@1.3.1/dist/init.js:0
[44029133ms] TypeError: Cannot read properties of null (reading 'words')
    at https://static.zhihu.com/heifetz/column.app.a44c7d68cb8f3344fef7.js:1:1443049
[44029131ms] [ERROR] Failed to load resource: net::ERR_NAME_NOT_RESOLVED @ https://zhuanlan.zhihu.com/api//v4/search/preset_words:0
[44029132ms] [ERROR] getRemotePresetWords Failed to fetch @ https://unpkg.zhimg.com/@cfe/sentry-script@1.3.1/dist/init.js:0
[44029133ms] TypeError: Cannot read properties of null (reading 'words')
    at https://static.zhihu.com/heifetz/column.app.a44c7d68cb8f3344fef7.js:1:1443049
[44029132ms] [ERROR] Failed to load resource: net::ERR_NAME_NOT_RESOLVED @ https://zhuanlan.zhihu.com/api//v4/search/preset_words:0
[44029132ms] [ERROR] getRemotePresetWords Failed to fetch @ https://unpkg.zhimg.com/@cfe/sentry-script@1.3.1/dist/init.js:0
[44029133ms] TypeError: Cannot read properties of null (reading 'words')
    at https://static.zhihu.com/heifetz/column.app.a44c7d68cb8f3344fef7.js:1:1443049
[44029133ms] TypeError: Cannot read properties of null (reading 'words')
    at https://static.zhihu.com/heifetz/column.app.a44c7d68cb8f3344fef7.js:1:1443049
[44059136ms] [ERROR] Failed to load resource: net::ERR_NAME_NOT_RESOLVED @ https://zhuanlan.zhihu.com/api//v4/search/preset_words:0
[44059136ms] [ERROR] getRemotePresetWords Failed to fetch @ https://unpkg.zhimg.com/@cfe/sentry-script@1.3.1/dist/init.js:0
[44059137ms] [ERROR] Failed to load resource: net::ERR_NAME_NOT_RESOLVED @ https://zhuanlan.zhihu.com/api//v4/search/preset_words:0
[44059137ms] [ERROR] getRemotePresetWords Failed to fetch @ https://unpkg.zhimg.com/@cfe/sentry-script@1.3.1/dist/init.js:0
[44059137ms] [ERROR] Failed to load resource: net::ERR_NAME_NOT_RESOLVED @ https://zhuanlan.zhihu.com/api//v4/search/preset_words:0
[44059137ms] [ERROR] getRemotePresetWords Failed to fetch @ https://unpkg.zhimg.com/@cfe/sentry-script@1.3.1/dist/init.js:0
[44059137ms] [ERROR] Failed to load resource: net::ERR_NAME_NOT_RESOLVED @ https://zhuanlan.zhihu.com/api//v4/search/preset_words:0
[44059137ms] [ERROR] getRemotePresetWords Failed to fetch @ https://unpkg.zhimg.com/@cfe/sentry-script@1.3.1/dist/init.js:0
[44059139ms] TypeError: Cannot read properties of null (reading 'words')
    at https://static.zhihu.com/heifetz/column.app.a44c7d68cb8f3344fef7.js:1:1443049
[44059139ms] TypeError: Cannot read properties of null (reading 'words')
    at https://static.zhihu.com/heifetz/column.app.a44c7d68cb8f3344fef7.js:1:1443049
[44059139ms] TypeError: Cannot read properties of null (reading 'words')
    at https://static.zhihu.com/heifetz/column.app.a44c7d68cb8f3344fef7.js:1:1443049
[44059139ms] TypeError: Cannot read properties of null (reading 'words')
    at https://static.zhihu.com/heifetz/column.app.a44c7d68cb8f3344fef7.js:1:1443049
[44089140ms] [ERROR] Failed to load resource: net::ERR_NAME_NOT_RESOLVED @ https://zhuanlan.zhihu.com/api//v4/search/preset_words:0
[44089140ms] [ERROR] getRemotePresetWords Failed to fetch @ https://unpkg.zhimg.com/@cfe/sentry-script@1.3.1/dist/init.js:0
[44089143ms] TypeError: Cannot read properties of null (reading 'words')
    at https://static.zhihu.com/heifetz/column.app.a44c7d68cb8f3344fef7.js:1:1443049
[44089142ms] [ERROR] Failed to load resource: net::ERR_NAME_NOT_RESOLVED @ https://zhuanlan.zhihu.com/api//v4/search/preset_words:0
[44089142ms] [ERROR] getRemotePresetWords Failed to fetch @ https://unpkg.zhimg.com/@cfe/sentry-script@1.3.1/dist/init.js:0
[44089142ms] [ERROR] Failed to load resource: net::ERR_NAME_NOT_RESOLVED @ https://zhuanlan.zhihu.com/api//v4/search/preset_words:0
[44089142ms] [ERROR] getRemotePresetWords Failed to fetch @ https://unpkg.zhimg.com/@cfe/sentry-script@1.3.1/dist/init.js:0
[44089142ms] [ERROR] Failed to load resource: net::ERR_NAME_NOT_RESOLVED @ https://zhuanlan.zhihu.com/api//v4/search/preset_words:0
[44089142ms] [ERROR] getRemotePresetWords Failed to fetch @ https://unpkg.zhimg.com/@cfe/sentry-script@1.3.1/dist/init.js:0
[44089144ms] TypeError: Cannot read properties of null (reading 'words')
    at https://static.zhihu.com/heifetz/column.app.a44c7d68cb8f3344fef7.js:1:1443049
[44089144ms] TypeError: Cannot read properties of null (reading 'words')
    at https://static.zhihu.com/heifetz/column.app.a44c7d68cb8f3344fef7.js:1:1443049
[44089144ms] TypeError: Cannot read properties of null (reading 'words')
    at https://static.zhihu.com/heifetz/column.app.a44c7d68cb8f3344fef7.js:1:1443049
[44119146ms] [ERROR] Failed to load resource: net::ERR_NAME_NOT_RESOLVED @ https://zhuanlan.zhihu.com/api//v4/search/preset_words:0
[44119146ms] [ERROR] getRemotePresetWords Failed to fetch @ https://unpkg.zhimg.com/@cfe/sentry-script@1.3.1/dist/init.js:0
[44119147ms] [ERROR] Failed to load resource: net::ERR_NAME_NOT_RESOLVED @ https://zhuanlan.zhihu.com/api//v4/search/preset_words:0
[44119147ms] [ERROR] getRemotePresetWords Failed to fetch @ https://unpkg.zhimg.com/@cfe/sentry-script@1.3.1/dist/init.js:0
[44119147ms] [ERROR] Failed to load resource: net::ERR_NAME_NOT_RESOLVED @ https://zhuanlan.zhihu.com/api//v4/search/preset_words:0
[44119147ms] [ERROR] getRemotePresetWords Failed to fetch @ https://unpkg.zhimg.com/@cfe/sentry-script@1.3.1/dist/init.js:0
[44119148ms] TypeError: Cannot read properties of null (reading 'words')
    at https://static.zhihu.com/heifetz/column.app.a44c7d68cb8f3344fef7.js:1:1443049
[44119148ms] TypeError: Cannot read properties of null (reading 'words')
    at https://static.zhihu.com/heifetz/column.app.a44c7d68cb8f3344fef7.js:1:1443049
[44119148ms] TypeError: Cannot read properties of null (reading 'words')
    at https://static.zhihu.com/heifetz/column.app.a44c7d68cb8f3344fef7.js:1:1443049
[44149150ms] [ERROR] Failed to load resource: net::ERR_NAME_NOT_RESOLVED @ https://zhuanlan.zhihu.com/api//v4/search/preset_words:0
[44149150ms] [ERROR] getRemotePresetWords Failed to fetch @ https://unpkg.zhimg.com/@cfe/sentry-script@1.3.1/dist/init.js:0
[44149150ms] [ERROR] Failed to load resource: net::ERR_NAME_NOT_RESOLVED @ https://zhuanlan.zhihu.com/api//v4/search/preset_words:0
[44149151ms] [ERROR] getRemotePresetWords Failed to fetch @ https://unpkg.zhimg.com/@cfe/sentry-script@1.3.1/dist/init.js:0
[44149151ms] [ERROR] Failed to load resource: net::ERR_NAME_NOT_RESOLVED @ https://zhuanlan.zhihu.com/api//v4/search/preset_words:0
[44149151ms] [ERROR] getRemotePresetWords Failed to fetch @ https://unpkg.zhimg.com/@cfe/sentry-script@1.3.1/dist/init.js:0
[44149153ms] TypeError: Cannot read properties of null (reading 'words')
    at https://static.zhihu.com/heifetz/column.app.a44c7d68cb8f3344fef7.js:1:1443049
[44149153ms] TypeError: Cannot read properties of null (reading 'words')
    at https://static.zhihu.com/heifetz/column.app.a44c7d68cb8f3344fef7.js:1:1443049
[44149152ms] [ERROR] Failed to load resource: net::ERR_NAME_NOT_RESOLVED @ https://zhuanlan.zhihu.com/api//v4/search/preset_words:0
[44149152ms] [ERROR] getRemotePresetWords Failed to fetch @ https://unpkg.zhimg.com/@cfe/sentry-script@1.3.1/dist/init.js:0
[44149153ms] TypeError: Cannot read properties of null (reading 'words')
    at https://static.zhihu.com/heifetz/column.app.a44c7d68cb8f3344fef7.js:1:1443049
[44149153ms] TypeError: Cannot read properties of null (reading 'words')
    at https://static.zhihu.com/heifetz/column.app.a44c7d68cb8f3344fef7.js:1:1443049
[44179156ms] [ERROR] Failed to load resource: net::ERR_NAME_NOT_RESOLVED @ https://zhuanlan.zhihu.com/api//v4/search/preset_words:0
[44179156ms] [ERROR] getRemotePresetWords Failed to fetch @ https://unpkg.zhimg.com/@cfe/sentry-script@1.3.1/dist/init.js:0
[44179156ms] [ERROR] Failed to load resource: net::ERR_NAME_NOT_RESOLVED @ https://zhuanlan.zhihu.com/api//v4/search/preset_words:0
[44179156ms] [ERROR] getRemotePresetWords Failed to fetch @ https://unpkg.zhimg.com/@cfe/sentry-script@1.3.1/dist/init.js:0
[44179157ms] [ERROR] Failed to load resource: net::ERR_NAME_NOT_RESOLVED @ https://zhuanlan.zhihu.com/api//v4/search/preset_words:0
[44179157ms] [ERROR] getRemotePresetWords Failed to fetch @ https://unpkg.zhimg.com/@cfe/sentry-script@1.3.1/dist/init.js:0
[44179157ms] [ERROR] Failed to load resource: net::ERR_NAME_NOT_RESOLVED @ https://zhuanlan.zhihu.com/api//v4/search/preset_words:0
[44179157ms] [ERROR] getRemotePresetWords Failed to fetch @ https://unpkg.zhimg.com/@cfe/sentry-script@1.3.1/dist/init.js:0
[44179158ms] TypeError: Cannot read properties of null (reading 'words')
    at https://static.zhihu.com/heifetz/column.app.a44c7d68cb8f3344fef7.js:1:1443049
[44179158ms] TypeError: Cannot read properties of null (reading 'words')
    at https://static.zhihu.com/heifetz/column.app.a44c7d68cb8f3344fef7.js:1:1443049
[44179158ms] TypeError: Cannot read properties of null (reading 'words')
    at https://static.zhihu.com/heifetz/column.app.a44c7d68cb8f3344fef7.js:1:1443049
[44179158ms] TypeError: Cannot read properties of null (reading 'words')
    at https://static.zhihu.com/heifetz/column.app.a44c7d68cb8f3344fef7.js:1:1443049
[44209159ms] [ERROR] Failed to load resource: net::ERR_NAME_NOT_RESOLVED @ https://zhuanlan.zhihu.com/api//v4/search/preset_words:0
[44209160ms] [ERROR] getRemotePresetWords Failed to fetch @ https://unpkg.zhimg.com/@cfe/sentry-script@1.3.1/dist/init.js:0
[44209163ms] TypeError: Cannot read properties of null (reading 'words')
    at https://static.zhihu.com/heifetz/column.app.a44c7d68cb8f3344fef7.js:1:1443049
[44209161ms] [ERROR] Failed to load resource: net::ERR_NAME_NOT_RESOLVED @ https://zhuanlan.zhihu.com/api//v4/search/preset_words:0
[44209161ms] [ERROR] getRemotePresetWords Failed to fetch @ https://unpkg.zhimg.com/@cfe/sentry-script@1.3.1/dist/init.js:0
[44209161ms] [ERROR] Failed to load resource: net::ERR_NAME_NOT_RESOLVED @ https://zhuanlan.zhihu.com/api//v4/search/preset_words:0
[44209161ms] [ERROR] getRemotePresetWords Failed to fetch @ https://unpkg.zhimg.com/@cfe/sentry-script@1.3.1/dist/init.js:0
[44209161ms] [ERROR] Failed to load resource: net::ERR_NAME_NOT_RESOLVED @ https://zhuanlan.zhihu.com/api//v4/search/preset_words:0
[44209161ms] [ERROR] getRemotePresetWords Failed to fetch @ https://unpkg.zhimg.com/@cfe/sentry-script@1.3.1/dist/init.js:0
[44209164ms] TypeError: Cannot read properties of null (reading 'words')
    at https://static.zhihu.com/heifetz/column.app.a44c7d68cb8f3344fef7.js:1:1443049
[44209164ms] TypeError: Cannot read properties of null (reading 'words')
    at https://static.zhihu.com/heifetz/column.app.a44c7d68cb8f3344fef7.js:1:1443049
[44209164ms] TypeError: Cannot read properties of null (reading 'words')
    at https://static.zhihu.com/heifetz/column.app.a44c7d68cb8f3344fef7.js:1:1443049
[44239165ms] [ERROR] Failed to load resource: net::ERR_NAME_NOT_RESOLVED @ https://zhuanlan.zhihu.com/api//v4/search/preset_words:0
[44239165ms] [ERROR] getRemotePresetWords Failed to fetch @ https://unpkg.zhimg.com/@cfe/sentry-script@1.3.1/dist/init.js:0
[44239166ms] [ERROR] Failed to load resource: net::ERR_NAME_NOT_RESOLVED @ https://zhuanlan.zhihu.com/api//v4/search/preset_words:0
[44239166ms] [ERROR] getRemotePresetWords Failed to fetch @ https://unpkg.zhimg.com/@cfe/sentry-script@1.3.1/dist/init.js:0
[44239166ms] [ERROR] Failed to load resource: net::ERR_NAME_NOT_RESOLVED @ https://zhuanlan.zhihu.com/api//v4/search/preset_words:0
[44239166ms] [ERROR] getRemotePresetWords Failed to fetch @ https://unpkg.zhimg.com/@cfe/sentry-script@1.3.1/dist/init.js:0
[44239168ms] TypeError: Cannot read properties of null (reading 'words')
    at https://static.zhihu.com/heifetz/column.app.a44c7d68cb8f3344fef7.js:1:1443049
[44239168ms] TypeError: Cannot read properties of null (reading 'words')
    at https://static.zhihu.com/heifetz/column.app.a44c7d68cb8f3344fef7.js:1:1443049
[44239168ms] TypeError: Cannot read properties of null (reading 'words')
    at https://static.zhihu.com/heifetz/column.app.a44c7d68cb8f3344fef7.js:1:1443049
[44269170ms] [ERROR] Failed to load resource: net::ERR_NAME_NOT_RESOLVED @ https://zhuanlan.zhihu.com/api//v4/search/preset_words:0
[44269170ms] [ERROR] getRemotePresetWords Failed to fetch @ https://unpkg.zhimg.com/@cfe/sentry-script@1.3.1/dist/init.js:0
[44269170ms] [ERROR] Failed to load resource: net::ERR_NAME_NOT_RESOLVED @ https://zhuanlan.zhihu.com/api//v4/search/preset_words:0
[44269170ms] [ERROR] getRemotePresetWords Failed to fetch @ https://unpkg.zhimg.com/@cfe/sentry-script@1.3.1/dist/init.js:0
[44269171ms] [ERROR] Failed to load resource: net::ERR_NAME_NOT_RESOLVED @ https://zhuanlan.zhihu.com/api//v4/search/preset_words:0
[44269171ms] [ERROR] getRemotePresetWords Failed to fetch @ https://unpkg.zhimg.com/@cfe/sentry-script@1.3.1/dist/init.js:0
[44269174ms] TypeError: Cannot read properties of null (reading 'words')
    at https://static.zhihu.com/heifetz/column.app.a44c7d68cb8f3344fef7.js:1:1443049
[44269174ms] TypeError: Cannot read properties of null (reading 'words')
    at https://static.zhihu.com/heifetz/column.app.a44c7d68cb8f3344fef7.js:1:1443049
[44269172ms] [ERROR] Failed to load resource: net::ERR_NAME_NOT_RESOLVED @ https://zhuanlan.zhihu.com/api//v4/search/preset_words:0
[44269172ms] [ERROR] getRemotePresetWords Failed to fetch @ https://unpkg.zhimg.com/@cfe/sentry-script@1.3.1/dist/init.js:0
[44269175ms] TypeError: Cannot read properties of null (reading 'words')
    at https://static.zhihu.com/heifetz/column.app.a44c7d68cb8f3344fef7.js:1:1443049
[44269175ms] TypeError: Cannot read properties of null (reading 'words')
    at https://static.zhihu.com/heifetz/column.app.a44c7d68cb8f3344fef7.js:1:1443049
[44299176ms] [ERROR] Failed to load resource: net::ERR_NAME_NOT_RESOLVED @ https://zhuanlan.zhihu.com/api//v4/search/preset_words:0
[44299176ms] [ERROR] getRemotePresetWords Failed to fetch @ https://unpkg.zhimg.com/@cfe/sentry-script@1.3.1/dist/init.js:0
[44299177ms] [ERROR] Failed to load resource: net::ERR_NAME_NOT_RESOLVED @ https://zhuanlan.zhihu.com/api//v4/search/preset_words:0
[44299177ms] [ERROR] getRemotePresetWords Failed to fetch @ https://unpkg.zhimg.com/@cfe/sentry-script@1.3.1/dist/init.js:0
[44299177ms] [ERROR] Failed to load resource: net::ERR_NAME_NOT_RESOLVED @ https://zhuanlan.zhihu.com/api//v4/search/preset_words:0
[44299177ms] [ERROR] getRemotePresetWords Failed to fetch @ https://unpkg.zhimg.com/@cfe/sentry-script@1.3.1/dist/init.js:0
[44299177ms] [ERROR] Failed to load resource: net::ERR_NAME_NOT_RESOLVED @ https://zhuanlan.zhihu.com/api//v4/search/preset_words:0
[44299177ms] [ERROR] getRemotePresetWords Failed to fetch @ https://unpkg.zhimg.com/@cfe/sentry-script@1.3.1/dist/init.js:0
[44299179ms] TypeError: Cannot read properties of null (reading 'words')
    at https://static.zhihu.com/heifetz/column.app.a44c7d68cb8f3344fef7.js:1:1443049
[44299179ms] TypeError: Cannot read properties of null (reading 'words')
    at https://static.zhihu.com/heifetz/column.app.a44c7d68cb8f3344fef7.js:1:1443049
[44299179ms] TypeError: Cannot read properties of null (reading 'words')
    at https://static.zhihu.com/heifetz/column.app.a44c7d68cb8f3344fef7.js:1:1443049
[44299179ms] TypeError: Cannot read properties of null (reading 'words')
    at https://static.zhihu.com/heifetz/column.app.a44c7d68cb8f3344fef7.js:1:1443049
[44329180ms] [ERROR] Failed to load resource: net::ERR_NAME_NOT_RESOLVED @ https://zhuanlan.zhihu.com/api//v4/search/preset_words:0
[44329180ms] [ERROR] getRemotePresetWords Failed to fetch @ https://unpkg.zhimg.com/@cfe/sentry-script@1.3.1/dist/init.js:0
[44329183ms] TypeError: Cannot read properties of null (reading 'words')
    at https://static.zhihu.com/heifetz/column.app.a44c7d68cb8f3344fef7.js:1:1443049
[44329181ms] [ERROR] Failed to load resource: net::ERR_NAME_NOT_RESOLVED @ https://zhuanlan.zhihu.com/api//v4/search/preset_words:0
[44329181ms] [ERROR] getRemotePresetWords Failed to fetch @ https://unpkg.zhimg.com/@cfe/sentry-script@1.3.1/dist/init.js:0
[44329181ms] [ERROR] Failed to load resource: net::ERR_NAME_NOT_RESOLVED @ https://zhuanlan.zhihu.com/api//v4/search/preset_words:0
[44329181ms] [ERROR] getRemotePresetWords Failed to fetch @ https://unpkg.zhimg.com/@cfe/sentry-script@1.3.1/dist/init.js:0
[44329182ms] [ERROR] Failed to load resource: net::ERR_NAME_NOT_RESOLVED @ https://zhuanlan.zhihu.com/api//v4/search/preset_words:0
[44329182ms] [ERROR] getRemotePresetWords Failed to fetch @ https://unpkg.zhimg.com/@cfe/sentry-script@1.3.1/dist/init.js:0
[44329184ms] TypeError: Cannot read properties of null (reading 'words')
    at https://static.zhihu.com/heifetz/column.app.a44c7d68cb8f3344fef7.js:1:1443049
[44329184ms] TypeError: Cannot read properties of null (reading 'words')
    at https://static.zhihu.com/heifetz/column.app.a44c7d68cb8f3344fef7.js:1:1443049
[44329184ms] TypeError: Cannot read properties of null (reading 'words')
    at https://static.zhihu.com/heifetz/column.app.a44c7d68cb8f3344fef7.js:1:1443049
[44359185ms] [ERROR] Failed to load resource: net::ERR_NAME_NOT_RESOLVED @ https://zhuanlan.zhihu.com/api//v4/search/preset_words:0
[44359186ms] [ERROR] getRemotePresetWords Failed to fetch @ https://unpkg.zhimg.com/@cfe/sentry-script@1.3.1/dist/init.js:0
[44359186ms] [ERROR] Failed to load resource: net::ERR_NAME_NOT_RESOLVED @ https://zhuanlan.zhihu.com/api//v4/search/preset_words:0
[44359186ms] [ERROR] getRemotePresetWords Failed to fetch @ https://unpkg.zhimg.com/@cfe/sentry-script@1.3.1/dist/init.js:0
[44359186ms] [ERROR] Failed to load resource: net::ERR_NAME_NOT_RESOLVED @ https://zhuanlan.zhihu.com/api//v4/search/preset_words:0
[44359186ms] [ERROR] getRemotePresetWords Failed to fetch @ https://unpkg.zhimg.com/@cfe/sentry-script@1.3.1/dist/init.js:0
[44359188ms] TypeError: Cannot read properties of null (reading 'words')
    at https://static.zhihu.com/heifetz/column.app.a44c7d68cb8f3344fef7.js:1:1443049
[44359188ms] TypeError: Cannot read properties of null (reading 'words')
    at https://static.zhihu.com/heifetz/column.app.a44c7d68cb8f3344fef7.js:1:1443049
[44359188ms] TypeError: Cannot read properties of null (reading 'words')
    at https://static.zhihu.com/heifetz/column.app.a44c7d68cb8f3344fef7.js:1:1443049
[44389188ms] [ERROR] Failed to load resource: net::ERR_NAME_NOT_RESOLVED @ https://zhuanlan.zhihu.com/api//v4/search/preset_words:0
[44389189ms] [ERROR] getRemotePresetWords Failed to fetch @ https://unpkg.zhimg.com/@cfe/sentry-script@1.3.1/dist/init.js:0
[44389189ms] [ERROR] Failed to load resource: net::ERR_NAME_NOT_RESOLVED @ https://zhuanlan.zhihu.com/api//v4/search/preset_words:0
[44389189ms] [ERROR] getRemotePresetWords Failed to fetch @ https://unpkg.zhimg.com/@cfe/sentry-script@1.3.1/dist/init.js:0
[44389190ms] [ERROR] Failed to load resource: net::ERR_NAME_NOT_RESOLVED @ https://zhuanlan.zhihu.com/api//v4/search/preset_words:0
[44389190ms] [ERROR] getRemotePresetWords Failed to fetch @ https://unpkg.zhimg.com/@cfe/sentry-script@1.3.1/dist/init.js:0
[44389192ms] TypeError: Cannot read properties of null (reading 'words')
    at https://static.zhihu.com/heifetz/column.app.a44c7d68cb8f3344fef7.js:1:1443049
[44389192ms] TypeError: Cannot read properties of null (reading 'words')
    at https://static.zhihu.com/heifetz/column.app.a44c7d68cb8f3344fef7.js:1:1443049
[44389191ms] [ERROR] Failed to load resource: net::ERR_NAME_NOT_RESOLVED @ https://zhuanlan.zhihu.com/api//v4/search/preset_words:0
[44389191ms] [ERROR] getRemotePresetWords Failed to fetch @ https://unpkg.zhimg.com/@cfe/sentry-script@1.3.1/dist/init.js:0
[44389192ms] TypeError: Cannot read properties of null (reading 'words')
    at https://static.zhihu.com/heifetz/column.app.a44c7d68cb8f3344fef7.js:1:1443049
[44389192ms] TypeError: Cannot read properties of null (reading 'words')
    at https://static.zhihu.com/heifetz/column.app.a44c7d68cb8f3344fef7.js:1:1443049
[44419194ms] [ERROR] Failed to load resource: net::ERR_NAME_NOT_RESOLVED @ https://zhuanlan.zhihu.com/api//v4/search/preset_words:0
[44419194ms] [ERROR] getRemotePresetWords Failed to fetch @ https://unpkg.zhimg.com/@cfe/sentry-script@1.3.1/dist/init.js:0
[44419194ms] [ERROR] Failed to load resource: net::ERR_NAME_NOT_RESOLVED @ https://zhuanlan.zhihu.com/api//v4/search/preset_words:0
[44419195ms] [ERROR] getRemotePresetWords Failed to fetch @ https://unpkg.zhimg.com/@cfe/sentry-script@1.3.1/dist/init.js:0
[44419195ms] [ERROR] Failed to load resource: net::ERR_NAME_NOT_RESOLVED @ https://zhuanlan.zhihu.com/api//v4/search/preset_words:0
[44419195ms] [ERROR] getRemotePresetWords Failed to fetch @ https://unpkg.zhimg.com/@cfe/sentry-script@1.3.1/dist/init.js:0
[44419195ms] [ERROR] Failed to load resource: net::ERR_NAME_NOT_RESOLVED @ https://zhuanlan.zhihu.com/api//v4/search/preset_words:0
[44419195ms] [ERROR] getRemotePresetWords Failed to fetch @ https://unpkg.zhimg.com/@cfe/sentry-script@1.3.1/dist/init.js:0
[44419197ms] TypeError: Cannot read properties of null (reading 'words')
    at https://static.zhihu.com/heifetz/column.app.a44c7d68cb8f3344fef7.js:1:1443049
[44419197ms] TypeError: Cannot read properties of null (reading 'words')
    at https://static.zhihu.com/heifetz/column.app.a44c7d68cb8f3344fef7.js:1:1443049
[44419197ms] TypeError: Cannot read properties of null (reading 'words')
    at https://static.zhihu.com/heifetz/column.app.a44c7d68cb8f3344fef7.js:1:1443049
[44419197ms] TypeError: Cannot read properties of null (reading 'words')
    at https://static.zhihu.com/heifetz/column.app.a44c7d68cb8f3344fef7.js:1:1443049
[44449199ms] [ERROR] Failed to load resource: net::ERR_NAME_NOT_RESOLVED @ https://zhuanlan.zhihu.com/api//v4/search/preset_words:0
[44449199ms] [ERROR] getRemotePresetWords Failed to fetch @ https://unpkg.zhimg.com/@cfe/sentry-script@1.3.1/dist/init.js:0
[44449199ms] [ERROR] Failed to load resource: net::ERR_NAME_NOT_RESOLVED @ https://zhuanlan.zhihu.com/api//v4/search/preset_words:0
[44449199ms] [ERROR] getRemotePresetWords Failed to fetch @ https://unpkg.zhimg.com/@cfe/sentry-script@1.3.1/dist/init.js:0
[44449202ms] TypeError: Cannot read properties of null (reading 'words')
    at https://static.zhihu.com/heifetz/column.app.a44c7d68cb8f3344fef7.js:1:1443049
[44449200ms] [ERROR] Failed to load resource: net::ERR_NAME_NOT_RESOLVED @ https://zhuanlan.zhihu.com/api//v4/search/preset_words:0
[44449200ms] [ERROR] getRemotePresetWords Failed to fetch @ https://unpkg.zhimg.com/@cfe/sentry-script@1.3.1/dist/init.js:0
[44449202ms] TypeError: Cannot read properties of null (reading 'words')
    at https://static.zhihu.com/heifetz/column.app.a44c7d68cb8f3344fef7.js:1:1443049
[44449201ms] [ERROR] Failed to load resource: net::ERR_NAME_NOT_RESOLVED @ https://zhuanlan.zhihu.com/api//v4/search/preset_words:0
[44449201ms] [ERROR] getRemotePresetWords Failed to fetch @ https://unpkg.zhimg.com/@cfe/sentry-script@1.3.1/dist/init.js:0
[44449202ms] TypeError: Cannot read properties of null (reading 'words')
    at https://static.zhihu.com/heifetz/column.app.a44c7d68cb8f3344fef7.js:1:1443049
[44449202ms] TypeError: Cannot read properties of null (reading 'words')
    at https://static.zhihu.com/heifetz/column.app.a44c7d68cb8f3344fef7.js:1:1443049
[44479204ms] [ERROR] Failed to load resource: net::ERR_NAME_NOT_RESOLVED @ https://zhuanlan.zhihu.com/api//v4/search/preset_words:0
[44479205ms] [ERROR] getRemotePresetWords Failed to fetch @ https://unpkg.zhimg.com/@cfe/sentry-script@1.3.1/dist/init.js:0
[44479205ms] [ERROR] Failed to load resource: net::ERR_NAME_NOT_RESOLVED @ https://zhuanlan.zhihu.com/api//v4/search/preset_words:0
[44479205ms] [ERROR] getRemotePresetWords Failed to fetch @ https://unpkg.zhimg.com/@cfe/sentry-script@1.3.1/dist/init.js:0
[44479205ms] [ERROR] Failed to load resource: net::ERR_NAME_NOT_RESOLVED @ https://zhuanlan.zhihu.com/api//v4/search/preset_words:0
[44479206ms] [ERROR] getRemotePresetWords Failed to fetch @ https://unpkg.zhimg.com/@cfe/sentry-script@1.3.1/dist/init.js:0
[44479207ms] TypeError: Cannot read properties of null (reading 'words')
    at https://static.zhihu.com/heifetz/column.app.a44c7d68cb8f3344fef7.js:1:1443049
[44479207ms] TypeError: Cannot read properties of null (reading 'words')
    at https://static.zhihu.com/heifetz/column.app.a44c7d68cb8f3344fef7.js:1:1443049
[44479207ms] TypeError: Cannot read properties of null (reading 'words')
    at https://static.zhihu.com/heifetz/column.app.a44c7d68cb8f3344fef7.js:1:1443049
[44509208ms] [ERROR] Failed to load resource: net::ERR_NAME_NOT_RESOLVED @ https://zhuanlan.zhihu.com/api//v4/search/preset_words:0
[44509208ms] [ERROR] getRemotePresetWords Failed to fetch @ https://unpkg.zhimg.com/@cfe/sentry-script@1.3.1/dist/init.js:0
[44509208ms] [ERROR] Failed to load resource: net::ERR_NAME_NOT_RESOLVED @ https://zhuanlan.zhihu.com/api//v4/search/preset_words:0
[44509208ms] [ERROR] getRemotePresetWords Failed to fetch @ https://unpkg.zhimg.com/@cfe/sentry-script@1.3.1/dist/init.js:0
[44509212ms] TypeError: Cannot read properties of null (reading 'words')
    at https://static.zhihu.com/heifetz/column.app.a44c7d68cb8f3344fef7.js:1:1443049
[44509209ms] [ERROR] Failed to load resource: net::ERR_NAME_NOT_RESOLVED @ https://zhuanlan.zhihu.com/api//v4/search/preset_words:0
[44509209ms] [ERROR] getRemotePresetWords Failed to fetch @ https://unpkg.zhimg.com/@cfe/sentry-script@1.3.1/dist/init.js:0
[44509212ms] TypeError: Cannot read properties of null (reading 'words')
    at https://static.zhihu.com/heifetz/column.app.a44c7d68cb8f3344fef7.js:1:1443049
[44509210ms] [ERROR] Failed to load resource: net::ERR_NAME_NOT_RESOLVED @ https://zhuanlan.zhihu.com/api//v4/search/preset_words:0
[44509210ms] [ERROR] getRemotePresetWords Failed to fetch @ https://unpkg.zhimg.com/@cfe/sentry-script@1.3.1/dist/init.js:0
[44509212ms] TypeError: Cannot read properties of null (reading 'words')
    at https://static.zhihu.com/heifetz/column.app.a44c7d68cb8f3344fef7.js:1:1443049
[44509212ms] TypeError: Cannot read properties of null (reading 'words')
    at https://static.zhihu.com/heifetz/column.app.a44c7d68cb8f3344fef7.js:1:1443049
[44539214ms] [ERROR] Failed to load resource: net::ERR_NAME_NOT_RESOLVED @ https://zhuanlan.zhihu.com/api//v4/search/preset_words:0
[44539215ms] [ERROR] getRemotePresetWords Failed to fetch @ https://unpkg.zhimg.com/@cfe/sentry-script@1.3.1/dist/init.js:0
[44539215ms] [ERROR] Failed to load resource: net::ERR_NAME_NOT_RESOLVED @ https://zhuanlan.zhihu.com/api//v4/search/preset_words:0
[44539215ms] [ERROR] getRemotePresetWords Failed to fetch @ https://unpkg.zhimg.com/@cfe/sentry-script@1.3.1/dist/init.js:0
[44539215ms] [ERROR] Failed to load resource: net::ERR_NAME_NOT_RESOLVED @ https://zhuanlan.zhihu.com/api//v4/search/preset_words:0
[44539215ms] [ERROR] getRemotePresetWords Failed to fetch @ https://unpkg.zhimg.com/@cfe/sentry-script@1.3.1/dist/init.js:0
[44539215ms] [ERROR] Failed to load resource: net::ERR_NAME_NOT_RESOLVED @ https://zhuanlan.zhihu.com/api//v4/search/preset_words:0
[44539216ms] [ERROR] getRemotePresetWords Failed to fetch @ https://unpkg.zhimg.com/@cfe/sentry-script@1.3.1/dist/init.js:0
[44539217ms] TypeError: Cannot read properties of null (reading 'words')
    at https://static.zhihu.com/heifetz/column.app.a44c7d68cb8f3344fef7.js:1:1443049
[44539217ms] TypeError: Cannot read properties of null (reading 'words')
    at https://static.zhihu.com/heifetz/column.app.a44c7d68cb8f3344fef7.js:1:1443049
[44539217ms] TypeError: Cannot read properties of null (reading 'words')
    at https://static.zhihu.com/heifetz/column.app.a44c7d68cb8f3344fef7.js:1:1443049
[44539217ms] TypeError: Cannot read properties of null (reading 'words')
    at https://static.zhihu.com/heifetz/column.app.a44c7d68cb8f3344fef7.js:1:1443049
[44569217ms] [ERROR] Failed to load resource: net::ERR_NAME_NOT_RESOLVED @ https://zhuanlan.zhihu.com/api//v4/search/preset_words:0
[44569218ms] [ERROR] getRemotePresetWords Failed to fetch @ https://unpkg.zhimg.com/@cfe/sentry-script@1.3.1/dist/init.js:0
[44569221ms] TypeError: Cannot read properties of null (reading 'words')
    at https://static.zhihu.com/heifetz/column.app.a44c7d68cb8f3344fef7.js:1:1443049
[44569218ms] [ERROR] Failed to load resource: net::ERR_NAME_NOT_RESOLVED @ https://zhuanlan.zhihu.com/api//v4/search/preset_words:0
[44569219ms] [ERROR] getRemotePresetWords Failed to fetch @ https://unpkg.zhimg.com/@cfe/sentry-script@1.3.1/dist/init.js:0
[44569219ms] [ERROR] Failed to load resource: net::ERR_NAME_NOT_RESOLVED @ https://zhuanlan.zhihu.com/api//v4/search/preset_words:0
[44569219ms] [ERROR] getRemotePresetWords Failed to fetch @ https://unpkg.zhimg.com/@cfe/sentry-script@1.3.1/dist/init.js:0
[44569219ms] [ERROR] Failed to load resource: net::ERR_NAME_NOT_RESOLVED @ https://zhuanlan.zhihu.com/api//v4/search/preset_words:0
[44569219ms] [ERROR] getRemotePresetWords Failed to fetch @ https://unpkg.zhimg.com/@cfe/sentry-script@1.3.1/dist/init.js:0
[44569221ms] TypeError: Cannot read properties of null (reading 'words')
    at https://static.zhihu.com/heifetz/column.app.a44c7d68cb8f3344fef7.js:1:1443049
[44569221ms] TypeError: Cannot read properties of null (reading 'words')
    at https://static.zhihu.com/heifetz/column.app.a44c7d68cb8f3344fef7.js:1:1443049
[44569221ms] TypeError: Cannot read properties of null (reading 'words')
    at https://static.zhihu.com/heifetz/column.app.a44c7d68cb8f3344fef7.js:1:1443049
[44599224ms] [ERROR] Failed to load resource: net::ERR_NAME_NOT_RESOLVED @ https://zhuanlan.zhihu.com/api//v4/search/preset_words:0
[44599224ms] [ERROR] getRemotePresetWords Failed to fetch @ https://unpkg.zhimg.com/@cfe/sentry-script@1.3.1/dist/init.js:0
[44599224ms] [ERROR] Failed to load resource: net::ERR_NAME_NOT_RESOLVED @ https://zhuanlan.zhihu.com/api//v4/search/preset_words:0
[44599224ms] [ERROR] getRemotePresetWords Failed to fetch @ https://unpkg.zhimg.com/@cfe/sentry-script@1.3.1/dist/init.js:0
[44599226ms] TypeError: Cannot read properties of null (reading 'words')
    at https://static.zhihu.com/heifetz/column.app.a44c7d68cb8f3344fef7.js:1:1443049
[44599225ms] [ERROR] Failed to load resource: net::ERR_NAME_NOT_RESOLVED @ https://zhuanlan.zhihu.com/api//v4/search/preset_words:0
[44599225ms] [ERROR] getRemotePresetWords Failed to fetch @ https://unpkg.zhimg.com/@cfe/sentry-script@1.3.1/dist/init.js:0
[44599226ms] TypeError: Cannot read properties of null (reading 'words')
    at https://static.zhihu.com/heifetz/column.app.a44c7d68cb8f3344fef7.js:1:1443049
[44599226ms] TypeError: Cannot read properties of null (reading 'words')
    at https://static.zhihu.com/heifetz/column.app.a44c7d68cb8f3344fef7.js:1:1443049
[44629227ms] [ERROR] Failed to load resource: net::ERR_NAME_NOT_RESOLVED @ https://zhuanlan.zhihu.com/api//v4/search/preset_words:0
[44629227ms] [ERROR] getRemotePresetWords Failed to fetch @ https://unpkg.zhimg.com/@cfe/sentry-script@1.3.1/dist/init.js:0
[44629228ms] [ERROR] Failed to load resource: net::ERR_NAME_NOT_RESOLVED @ https://zhuanlan.zhihu.com/api//v4/search/preset_words:0
[44629228ms] [ERROR] getRemotePresetWords Failed to fetch @ https://unpkg.zhimg.com/@cfe/sentry-script@1.3.1/dist/init.js:0
[44629231ms] TypeError: Cannot read properties of null (reading 'words')
    at https://static.zhihu.com/heifetz/column.app.a44c7d68cb8f3344fef7.js:1:1443049
[44629229ms] [ERROR] Failed to load resource: net::ERR_NAME_NOT_RESOLVED @ https://zhuanlan.zhihu.com/api//v4/search/preset_words:0
[44629229ms] [ERROR] getRemotePresetWords Failed to fetch @ https://unpkg.zhimg.com/@cfe/sentry-script@1.3.1/dist/init.js:0
[44629231ms] TypeError: Cannot read properties of null (reading 'words')
    at https://static.zhihu.com/heifetz/column.app.a44c7d68cb8f3344fef7.js:1:1443049
[44629229ms] [ERROR] Failed to load resource: net::ERR_NAME_NOT_RESOLVED @ https://zhuanlan.zhihu.com/api//v4/search/preset_words:0
[44629229ms] [ERROR] getRemotePresetWords Failed to fetch @ https://unpkg.zhimg.com/@cfe/sentry-script@1.3.1/dist/init.js:0
[44629231ms] TypeError: Cannot read properties of null (reading 'words')
    at https://static.zhihu.com/heifetz/column.app.a44c7d68cb8f3344fef7.js:1:1443049
[44629231ms] TypeError: Cannot read properties of null (reading 'words')
    at https://static.zhihu.com/heifetz/column.app.a44c7d68cb8f3344fef7.js:1:1443049
[44659233ms] [ERROR] Failed to load resource: net::ERR_NAME_NOT_RESOLVED @ https://zhuanlan.zhihu.com/api//v4/search/preset_words:0
[44659233ms] [ERROR] getRemotePresetWords Failed to fetch @ https://unpkg.zhimg.com/@cfe/sentry-script@1.3.1/dist/init.js:0
[44659234ms] [ERROR] Failed to load resource: net::ERR_NAME_NOT_RESOLVED @ https://zhuanlan.zhihu.com/api//v4/search/preset_words:0
[44659234ms] [ERROR] getRemotePresetWords Failed to fetch @ https://unpkg.zhimg.com/@cfe/sentry-script@1.3.1/dist/init.js:0
[44659234ms] [ERROR] Failed to load resource: net::ERR_NAME_NOT_RESOLVED @ https://zhuanlan.zhihu.com/api//v4/search/preset_words:0
[44659234ms] [ERROR] getRemotePresetWords Failed to fetch @ https://unpkg.zhimg.com/@cfe/sentry-script@1.3.1/dist/init.js:0
[44659236ms] TypeError: Cannot read properties of null (reading 'words')
    at https://static.zhihu.com/heifetz/column.app.a44c7d68cb8f3344fef7.js:1:1443049
[44659235ms] [ERROR] Failed to load resource: net::ERR_NAME_NOT_RESOLVED @ https://zhuanlan.zhihu.com/api//v4/search/preset_words:0
[44659235ms] [ERROR] getRemotePresetWords Failed to fetch @ https://unpkg.zhimg.com/@cfe/sentry-script@1.3.1/dist/init.js:0
[44659236ms] TypeError: Cannot read properties of null (reading 'words')
    at https://static.zhihu.com/heifetz/column.app.a44c7d68cb8f3344fef7.js:1:1443049
[44659237ms] TypeError: Cannot read properties of null (reading 'words')
    at https://static.zhihu.com/heifetz/column.app.a44c7d68cb8f3344fef7.js:1:1443049
[44659237ms] TypeError: Cannot read properties of null (reading 'words')
    at https://static.zhihu.com/heifetz/column.app.a44c7d68cb8f3344fef7.js:1:1443049
[44689238ms] [ERROR] Failed to load resource: net::ERR_NAME_NOT_RESOLVED @ https://zhuanlan.zhihu.com/api//v4/search/preset_words:0
[44689238ms] [ERROR] getRemotePresetWords Failed to fetch @ https://unpkg.zhimg.com/@cfe/sentry-script@1.3.1/dist/init.js:0
[44689239ms] [ERROR] Failed to load resource: net::ERR_NAME_NOT_RESOLVED @ https://zhuanlan.zhihu.com/api//v4/search/preset_words:0
[44689239ms] [ERROR] getRemotePresetWords Failed to fetch @ https://unpkg.zhimg.com/@cfe/sentry-script@1.3.1/dist/init.js:0
[44689241ms] TypeError: Cannot read properties of null (reading 'words')
    at https://static.zhihu.com/heifetz/column.app.a44c7d68cb8f3344fef7.js:1:1443049
[44689240ms] [ERROR] Failed to load resource: net::ERR_NAME_NOT_RESOLVED @ https://zhuanlan.zhihu.com/api//v4/search/preset_words:0
[44689240ms] [ERROR] getRemotePresetWords Failed to fetch @ https://unpkg.zhimg.com/@cfe/sentry-script@1.3.1/dist/init.js:0
[44689241ms] TypeError: Cannot read properties of null (reading 'words')
    at https://static.zhihu.com/heifetz/column.app.a44c7d68cb8f3344fef7.js:1:1443049
[44689240ms] [ERROR] Failed to load resource: net::ERR_NAME_NOT_RESOLVED @ https://zhuanlan.zhihu.com/api//v4/search/preset_words:0
[44689240ms] [ERROR] getRemotePresetWords Failed to fetch @ https://unpkg.zhimg.com/@cfe/sentry-script@1.3.1/dist/init.js:0
[44689241ms] TypeError: Cannot read properties of null (reading 'words')
    at https://static.zhihu.com/heifetz/column.app.a44c7d68cb8f3344fef7.js:1:1443049
[44689241ms] TypeError: Cannot read properties of null (reading 'words')
    at https://static.zhihu.com/heifetz/column.app.a44c7d68cb8f3344fef7.js:1:1443049
[44719243ms] [ERROR] Failed to load resource: net::ERR_NAME_NOT_RESOLVED @ https://zhuanlan.zhihu.com/api//v4/search/preset_words:0
[44719243ms] [ERROR] getRemotePresetWords Failed to fetch @ https://unpkg.zhimg.com/@cfe/sentry-script@1.3.1/dist/init.js:0
[44719244ms] [ERROR] Failed to load resource: net::ERR_NAME_NOT_RESOLVED @ https://zhuanlan.zhihu.com/api//v4/search/preset_words:0
[44719244ms] [ERROR] getRemotePresetWords Failed to fetch @ https://unpkg.zhimg.com/@cfe/sentry-script@1.3.1/dist/init.js:0
[44719244ms] [ERROR] Failed to load resource: net::ERR_NAME_NOT_RESOLVED @ https://zhuanlan.zhihu.com/api//v4/search/preset_words:0
[44719244ms] [ERROR] getRemotePresetWords Failed to fetch @ https://unpkg.zhimg.com/@cfe/sentry-script@1.3.1/dist/init.js:0
[44719246ms] TypeError: Cannot read properties of null (reading 'words')
    at https://static.zhihu.com/heifetz/column.app.a44c7d68cb8f3344fef7.js:1:1443049
[44719246ms] TypeError: Cannot read properties of null (reading 'words')
    at https://static.zhihu.com/heifetz/column.app.a44c7d68cb8f3344fef7.js:1:1443049
[44719246ms] TypeError: Cannot read properties of null (reading 'words')
    at https://static.zhihu.com/heifetz/column.app.a44c7d68cb8f3344fef7.js:1:1443049
[44749247ms] [ERROR] Failed to load resource: net::ERR_NAME_NOT_RESOLVED @ https://zhuanlan.zhihu.com/api//v4/search/preset_words:0
[44749247ms] [ERROR] getRemotePresetWords Failed to fetch @ https://unpkg.zhimg.com/@cfe/sentry-script@1.3.1/dist/init.js:0
[44749248ms] [ERROR] Failed to load resource: net::ERR_NAME_NOT_RESOLVED @ https://zhuanlan.zhihu.com/api//v4/search/preset_words:0
[44749248ms] [ERROR] getRemotePresetWords Failed to fetch @ https://unpkg.zhimg.com/@cfe/sentry-script@1.3.1/dist/init.js:0
[44749248ms] [ERROR] Failed to load resource: net::ERR_NAME_NOT_RESOLVED @ https://zhuanlan.zhihu.com/api//v4/search/preset_words:0
[44749248ms] [ERROR] getRemotePresetWords Failed to fetch @ https://unpkg.zhimg.com/@cfe/sentry-script@1.3.1/dist/init.js:0
[44749250ms] TypeError: Cannot read properties of null (reading 'words')
    at https://static.zhihu.com/heifetz/column.app.a44c7d68cb8f3344fef7.js:1:1443049
[44749250ms] TypeError: Cannot read properties of null (reading 'words')
    at https://static.zhihu.com/heifetz/column.app.a44c7d68cb8f3344fef7.js:1:1443049
[44749249ms] [ERROR] Failed to load resource: net::ERR_NAME_NOT_RESOLVED @ https://zhuanlan.zhihu.com/api//v4/search/preset_words:0
[44749249ms] [ERROR] getRemotePresetWords Failed to fetch @ https://unpkg.zhimg.com/@cfe/sentry-script@1.3.1/dist/init.js:0
[44749251ms] TypeError: Cannot read properties of null (reading 'words')
    at https://static.zhihu.com/heifetz/column.app.a44c7d68cb8f3344fef7.js:1:1443049
[44749251ms] TypeError: Cannot read properties of null (reading 'words')
    at https://static.zhihu.com/heifetz/column.app.a44c7d68cb8f3344fef7.js:1:1443049
[44779254ms] [ERROR] Failed to load resource: net::ERR_NAME_NOT_RESOLVED @ https://zhuanlan.zhihu.com/api//v4/search/preset_words:0
[44779254ms] [ERROR] getRemotePresetWords Failed to fetch @ https://unpkg.zhimg.com/@cfe/sentry-script@1.3.1/dist/init.js:0
[44779254ms] [ERROR] Failed to load resource: net::ERR_NAME_NOT_RESOLVED @ https://zhuanlan.zhihu.com/api//v4/search/preset_words:0
[44779254ms] [ERROR] getRemotePresetWords Failed to fetch @ https://unpkg.zhimg.com/@cfe/sentry-script@1.3.1/dist/init.js:0
[44779254ms] [ERROR] Failed to load resource: net::ERR_NAME_NOT_RESOLVED @ https://zhuanlan.zhihu.com/api//v4/search/preset_words:0
[44779255ms] [ERROR] getRemotePresetWords Failed to fetch @ https://unpkg.zhimg.com/@cfe/sentry-script@1.3.1/dist/init.js:0
[44779255ms] [ERROR] Failed to load resource: net::ERR_NAME_NOT_RESOLVED @ https://zhuanlan.zhihu.com/api//v4/search/preset_words:0
[44779255ms] [ERROR] getRemotePresetWords Failed to fetch @ https://unpkg.zhimg.com/@cfe/sentry-script@1.3.1/dist/init.js:0
[44779257ms] TypeError: Cannot read properties of null (reading 'words')
    at https://static.zhihu.com/heifetz/column.app.a44c7d68cb8f3344fef7.js:1:1443049
[44779257ms] TypeError: Cannot read properties of null (reading 'words')
    at https://static.zhihu.com/heifetz/column.app.a44c7d68cb8f3344fef7.js:1:1443049
[44779257ms] TypeError: Cannot read properties of null (reading 'words')
    at https://static.zhihu.com/heifetz/column.app.a44c7d68cb8f3344fef7.js:1:1443049
[44779257ms] TypeError: Cannot read properties of null (reading 'words')
    at https://static.zhihu.com/heifetz/column.app.a44c7d68cb8f3344fef7.js:1:1443049
[44809258ms] [ERROR] Failed to load resource: net::ERR_NAME_NOT_RESOLVED @ https://zhuanlan.zhihu.com/api//v4/search/preset_words:0
[44809258ms] [ERROR] getRemotePresetWords Failed to fetch @ https://unpkg.zhimg.com/@cfe/sentry-script@1.3.1/dist/init.js:0
[44809259ms] [ERROR] Failed to load resource: net::ERR_NAME_NOT_RESOLVED @ https://zhuanlan.zhihu.com/api//v4/search/preset_words:0
[44809259ms] [ERROR] getRemotePresetWords Failed to fetch @ https://unpkg.zhimg.com/@cfe/sentry-script@1.3.1/dist/init.js:0
[44809261ms] TypeError: Cannot read properties of null (reading 'words')
    at https://static.zhihu.com/heifetz/column.app.a44c7d68cb8f3344fef7.js:1:1443049
[44809260ms] [ERROR] Failed to load resource: net::ERR_NAME_NOT_RESOLVED @ https://zhuanlan.zhihu.com/api//v4/search/preset_words:0
[44809260ms] [ERROR] getRemotePresetWords Failed to fetch @ https://unpkg.zhimg.com/@cfe/sentry-script@1.3.1/dist/init.js:0
[44809262ms] TypeError: Cannot read properties of null (reading 'words')
    at https://static.zhihu.com/heifetz/column.app.a44c7d68cb8f3344fef7.js:1:1443049
[44809260ms] [ERROR] Failed to load resource: net::ERR_NAME_NOT_RESOLVED @ https://zhuanlan.zhihu.com/api//v4/search/preset_words:0
[44809260ms] [ERROR] getRemotePresetWords Failed to fetch @ https://unpkg.zhimg.com/@cfe/sentry-script@1.3.1/dist/init.js:0
[44809262ms] TypeError: Cannot read properties of null (reading 'words')
    at https://static.zhihu.com/heifetz/column.app.a44c7d68cb8f3344fef7.js:1:1443049
[44809262ms] TypeError: Cannot read properties of null (reading 'words')
    at https://static.zhihu.com/heifetz/column.app.a44c7d68cb8f3344fef7.js:1:1443049
[44839263ms] [ERROR] Failed to load resource: net::ERR_NAME_NOT_RESOLVED @ https://zhuanlan.zhihu.com/api//v4/search/preset_words:0
[44839263ms] [ERROR] getRemotePresetWords Failed to fetch @ https://unpkg.zhimg.com/@cfe/sentry-script@1.3.1/dist/init.js:0
[44839263ms] [ERROR] Failed to load resource: net::ERR_NAME_NOT_RESOLVED @ https://zhuanlan.zhihu.com/api//v4/search/preset_words:0
[44839263ms] [ERROR] getRemotePresetWords Failed to fetch @ https://unpkg.zhimg.com/@cfe/sentry-script@1.3.1/dist/init.js:0
[44839264ms] [ERROR] Failed to load resource: net::ERR_NAME_NOT_RESOLVED @ https://zhuanlan.zhihu.com/api//v4/search/preset_words:0
[44839264ms] [ERROR] getRemotePresetWords Failed to fetch @ https://unpkg.zhimg.com/@cfe/sentry-script@1.3.1/dist/init.js:0
[44839265ms] TypeError: Cannot read properties of null (reading 'words')
    at https://static.zhihu.com/heifetz/column.app.a44c7d68cb8f3344fef7.js:1:1443049
[44839265ms] TypeError: Cannot read properties of null (reading 'words')
    at https://static.zhihu.com/heifetz/column.app.a44c7d68cb8f3344fef7.js:1:1443049
[44839265ms] TypeError: Cannot read properties of null (reading 'words')
    at https://static.zhihu.com/heifetz/column.app.a44c7d68cb8f3344fef7.js:1:1443049
[44869266ms] [ERROR] Failed to load resource: net::ERR_NAME_NOT_RESOLVED @ https://zhuanlan.zhihu.com/api//v4/search/preset_words:0
[44869267ms] [ERROR] getRemotePresetWords Failed to fetch @ https://unpkg.zhimg.com/@cfe/sentry-script@1.3.1/dist/init.js:0
[44869267ms] [ERROR] Failed to load resource: net::ERR_NAME_NOT_RESOLVED @ https://zhuanlan.zhihu.com/api//v4/search/preset_words:0
[44869267ms] [ERROR] getRemotePresetWords Failed to fetch @ https://unpkg.zhimg.com/@cfe/sentry-script@1.3.1/dist/init.js:0
[44869271ms] TypeError: Cannot read properties of null (reading 'words')
    at https://static.zhihu.com/heifetz/column.app.a44c7d68cb8f3344fef7.js:1:1443049
[44869268ms] [ERROR] Failed to load resource: net::ERR_NAME_NOT_RESOLVED @ https://zhuanlan.zhihu.com/api//v4/search/preset_words:0
[44869268ms] [ERROR] getRemotePresetWords Failed to fetch @ https://unpkg.zhimg.com/@cfe/sentry-script@1.3.1/dist/init.js:0
[44869271ms] TypeError: Cannot read properties of null (reading 'words')
    at https://static.zhihu.com/heifetz/column.app.a44c7d68cb8f3344fef7.js:1:1443049
[44869269ms] [ERROR] Failed to load resource: net::ERR_NAME_NOT_RESOLVED @ https://zhuanlan.zhihu.com/api//v4/search/preset_words:0
[44869269ms] [ERROR] getRemotePresetWords Failed to fetch @ https://unpkg.zhimg.com/@cfe/sentry-script@1.3.1/dist/init.js:0
[44869271ms] TypeError: Cannot read properties of null (reading 'words')
    at https://static.zhihu.com/heifetz/column.app.a44c7d68cb8f3344fef7.js:1:1443049
[44869271ms] TypeError: Cannot read properties of null (reading 'words')
    at https://static.zhihu.com/heifetz/column.app.a44c7d68cb8f3344fef7.js:1:1443049
[44899272ms] [ERROR] Failed to load resource: net::ERR_NAME_NOT_RESOLVED @ https://zhuanlan.zhihu.com/api//v4/search/preset_words:0
[44899272ms] [ERROR] getRemotePresetWords Failed to fetch @ https://unpkg.zhimg.com/@cfe/sentry-script@1.3.1/dist/init.js:0
[44899273ms] [ERROR] Failed to load resource: net::ERR_NAME_NOT_RESOLVED @ https://zhuanlan.zhihu.com/api//v4/search/preset_words:0
[44899273ms] [ERROR] getRemotePresetWords Failed to fetch @ https://unpkg.zhimg.com/@cfe/sentry-script@1.3.1/dist/init.js:0
[44899275ms] TypeError: Cannot read properties of null (reading 'words')
    at https://static.zhihu.com/heifetz/column.app.a44c7d68cb8f3344fef7.js:1:1443049
[44899274ms] [ERROR] Failed to load resource: net::ERR_NAME_NOT_RESOLVED @ https://zhuanlan.zhihu.com/api//v4/search/preset_words:0
[44899274ms] [ERROR] getRemotePresetWords Failed to fetch @ https://unpkg.zhimg.com/@cfe/sentry-script@1.3.1/dist/init.js:0
[44899275ms] TypeError: Cannot read properties of null (reading 'words')
    at https://static.zhihu.com/heifetz/column.app.a44c7d68cb8f3344fef7.js:1:1443049
[44899274ms] [ERROR] Failed to load resource: net::ERR_NAME_NOT_RESOLVED @ https://zhuanlan.zhihu.com/api//v4/search/preset_words:0
[44899274ms] [ERROR] getRemotePresetWords Failed to fetch @ https://unpkg.zhimg.com/@cfe/sentry-script@1.3.1/dist/init.js:0
[44899275ms] TypeError: Cannot read properties of null (reading 'words')
    at https://static.zhihu.com/heifetz/column.app.a44c7d68cb8f3344fef7.js:1:1443049
[44899275ms] TypeError: Cannot read properties of null (reading 'words')
    at https://static.zhihu.com/heifetz/column.app.a44c7d68cb8f3344fef7.js:1:1443049
[44929277ms] [ERROR] Failed to load resource: net::ERR_NAME_NOT_RESOLVED @ https://zhuanlan.zhihu.com/api//v4/search/preset_words:0
[44929278ms] [ERROR] getRemotePresetWords Failed to fetch @ https://unpkg.zhimg.com/@cfe/sentry-script@1.3.1/dist/init.js:0
[44929278ms] [ERROR] Failed to load resource: net::ERR_NAME_NOT_RESOLVED @ https://zhuanlan.zhihu.com/api//v4/search/preset_words:0
[44929278ms] [ERROR] getRemotePresetWords Failed to fetch @ https://unpkg.zhimg.com/@cfe/sentry-script@1.3.1/dist/init.js:0
[44929280ms] TypeError: Cannot read properties of null (reading 'words')
    at https://static.zhihu.com/heifetz/column.app.a44c7d68cb8f3344fef7.js:1:1443049
[44929279ms] [ERROR] Failed to load resource: net::ERR_NAME_NOT_RESOLVED @ https://zhuanlan.zhihu.com/api//v4/search/preset_words:0
[44929279ms] [ERROR] getRemotePresetWords Failed to fetch @ https://unpkg.zhimg.com/@cfe/sentry-script@1.3.1/dist/init.js:0
[44929279ms] [ERROR] Failed to load resource: net::ERR_NAME_NOT_RESOLVED @ https://zhuanlan.zhihu.com/api//v4/search/preset_words:0
[44929279ms] [ERROR] getRemotePresetWords Failed to fetch @ https://unpkg.zhimg.com/@cfe/sentry-script@1.3.1/dist/init.js:0
[44929280ms] TypeError: Cannot read properties of null (reading 'words')
    at https://static.zhihu.com/heifetz/column.app.a44c7d68cb8f3344fef7.js:1:1443049
[44929280ms] TypeError: Cannot read properties of null (reading 'words')
    at https://static.zhihu.com/heifetz/column.app.a44c7d68cb8f3344fef7.js:1:1443049
[44929280ms] TypeError: Cannot read properties of null (reading 'words')
    at https://static.zhihu.com/heifetz/column.app.a44c7d68cb8f3344fef7.js:1:1443049
[44959283ms] [ERROR] Failed to load resource: net::ERR_NAME_NOT_RESOLVED @ https://zhuanlan.zhihu.com/api//v4/search/preset_words:0
[44959283ms] [ERROR] getRemotePresetWords Failed to fetch @ https://unpkg.zhimg.com/@cfe/sentry-script@1.3.1/dist/init.js:0
[44959284ms] [ERROR] Failed to load resource: net::ERR_NAME_NOT_RESOLVED @ https://zhuanlan.zhihu.com/api//v4/search/preset_words:0
[44959284ms] [ERROR] getRemotePresetWords Failed to fetch @ https://unpkg.zhimg.com/@cfe/sentry-script@1.3.1/dist/init.js:0
[44959284ms] [ERROR] Failed to load resource: net::ERR_NAME_NOT_RESOLVED @ https://zhuanlan.zhihu.com/api//v4/search/preset_words:0
[44959284ms] [ERROR] getRemotePresetWords Failed to fetch @ https://unpkg.zhimg.com/@cfe/sentry-script@1.3.1/dist/init.js:0
[44959285ms] TypeError: Cannot read properties of null (reading 'words')
    at https://static.zhihu.com/heifetz/column.app.a44c7d68cb8f3344fef7.js:1:1443049
[44959285ms] TypeError: Cannot read properties of null (reading 'words')
    at https://static.zhihu.com/heifetz/column.app.a44c7d68cb8f3344fef7.js:1:1443049
[44959285ms] TypeError: Cannot read properties of null (reading 'words')
    at https://static.zhihu.com/heifetz/column.app.a44c7d68cb8f3344fef7.js:1:1443049
[44989287ms] [ERROR] Failed to load resource: net::ERR_NAME_NOT_RESOLVED @ https://zhuanlan.zhihu.com/api//v4/search/preset_words:0
[44989287ms] [ERROR] getRemotePresetWords Failed to fetch @ https://unpkg.zhimg.com/@cfe/sentry-script@1.3.1/dist/init.js:0
[44989287ms] [ERROR] Failed to load resource: net::ERR_NAME_NOT_RESOLVED @ https://zhuanlan.zhihu.com/api//v4/search/preset_words:0
[44989287ms] [ERROR] getRemotePresetWords Failed to fetch @ https://unpkg.zhimg.com/@cfe/sentry-script@1.3.1/dist/init.js:0
[44989288ms] [ERROR] Failed to load resource: net::ERR_NAME_NOT_RESOLVED @ https://zhuanlan.zhihu.com/api//v4/search/preset_words:0
[44989288ms] [ERROR] getRemotePresetWords Failed to fetch @ https://unpkg.zhimg.com/@cfe/sentry-script@1.3.1/dist/init.js:0
[44989290ms] TypeError: Cannot read properties of null (reading 'words')
    at https://static.zhihu.com/heifetz/column.app.a44c7d68cb8f3344fef7.js:1:1443049
[44989290ms] TypeError: Cannot read properties of null (reading 'words')
    at https://static.zhihu.com/heifetz/column.app.a44c7d68cb8f3344fef7.js:1:1443049
[44989290ms] TypeError: Cannot read properties of null (reading 'words')
    at https://static.zhihu.com/heifetz/column.app.a44c7d68cb8f3344fef7.js:1:1443049
[44989289ms] [ERROR] Failed to load resource: net::ERR_NAME_NOT_RESOLVED @ https://zhuanlan.zhihu.com/api//v4/search/preset_words:0
[44989289ms] [ERROR] getRemotePresetWords Failed to fetch @ https://unpkg.zhimg.com/@cfe/sentry-script@1.3.1/dist/init.js:0
[44989290ms] TypeError: Cannot read properties of null (reading 'words')
    at https://static.zhihu.com/heifetz/column.app.a44c7d68cb8f3344fef7.js:1:1443049
[45019293ms] [ERROR] Failed to load resource: net::ERR_NAME_NOT_RESOLVED @ https://zhuanlan.zhihu.com/api//v4/search/preset_words:0
[45019294ms] [ERROR] getRemotePresetWords Failed to fetch @ https://unpkg.zhimg.com/@cfe/sentry-script@1.3.1/dist/init.js:0
[45019294ms] [ERROR] Failed to load resource: net::ERR_NAME_NOT_RESOLVED @ https://zhuanlan.zhihu.com/api//v4/search/preset_words:0
[45019294ms] [ERROR] getRemotePresetWords Failed to fetch @ https://unpkg.zhimg.com/@cfe/sentry-script@1.3.1/dist/init.js:0
[45019294ms] [ERROR] Failed to load resource: net::ERR_NAME_NOT_RESOLVED @ https://zhuanlan.zhihu.com/api//v4/search/preset_words:0
[45019294ms] [ERROR] getRemotePresetWords Failed to fetch @ https://unpkg.zhimg.com/@cfe/sentry-script@1.3.1/dist/init.js:0
[45019295ms] [ERROR] Failed to load resource: net::ERR_NAME_NOT_RESOLVED @ https://zhuanlan.zhihu.com/api//v4/search/preset_words:0
[45019295ms] [ERROR] getRemotePresetWords Failed to fetch @ https://unpkg.zhimg.com/@cfe/sentry-script@1.3.1/dist/init.js:0
[45019297ms] TypeError: Cannot read properties of null (reading 'words')
    at https://static.zhihu.com/heifetz/column.app.a44c7d68cb8f3344fef7.js:1:1443049
[45019297ms] TypeError: Cannot read properties of null (reading 'words')
    at https://static.zhihu.com/heifetz/column.app.a44c7d68cb8f3344fef7.js:1:1443049
[45019297ms] TypeError: Cannot read properties of null (reading 'words')
    at https://static.zhihu.com/heifetz/column.app.a44c7d68cb8f3344fef7.js:1:1443049
[45019297ms] TypeError: Cannot read properties of null (reading 'words')
    at https://static.zhihu.com/heifetz/column.app.a44c7d68cb8f3344fef7.js:1:1443049
[45049297ms] [ERROR] Failed to load resource: net::ERR_NAME_NOT_RESOLVED @ https://zhuanlan.zhihu.com/api//v4/search/preset_words:0
[45049297ms] [ERROR] getRemotePresetWords Failed to fetch @ https://unpkg.zhimg.com/@cfe/sentry-script@1.3.1/dist/init.js:0
[45049300ms] TypeError: Cannot read properties of null (reading 'words')
    at https://static.zhihu.com/heifetz/column.app.a44c7d68cb8f3344fef7.js:1:1443049
[45049298ms] [ERROR] Failed to load resource: net::ERR_NAME_NOT_RESOLVED @ https://zhuanlan.zhihu.com/api//v4/search/preset_words:0
[45049298ms] [ERROR] getRemotePresetWords Failed to fetch @ https://unpkg.zhimg.com/@cfe/sentry-script@1.3.1/dist/init.js:0
[45049298ms] [ERROR] Failed to load resource: net::ERR_NAME_NOT_RESOLVED @ https://zhuanlan.zhihu.com/api//v4/search/preset_words:0
[45049298ms] [ERROR] getRemotePresetWords Failed to fetch @ https://unpkg.zhimg.com/@cfe/sentry-script@1.3.1/dist/init.js:0
[45049299ms] [ERROR] Failed to load resource: net::ERR_NAME_NOT_RESOLVED @ https://zhuanlan.zhihu.com/api//v4/search/preset_words:0
[45049299ms] [ERROR] getRemotePresetWords Failed to fetch @ https://unpkg.zhimg.com/@cfe/sentry-script@1.3.1/dist/init.js:0
[45049301ms] TypeError: Cannot read properties of null (reading 'words')
    at https://static.zhihu.com/heifetz/column.app.a44c7d68cb8f3344fef7.js:1:1443049
[45049301ms] TypeError: Cannot read properties of null (reading 'words')
    at https://static.zhihu.com/heifetz/column.app.a44c7d68cb8f3344fef7.js:1:1443049
[45049301ms] TypeError: Cannot read properties of null (reading 'words')
    at https://static.zhihu.com/heifetz/column.app.a44c7d68cb8f3344fef7.js:1:1443049
[45079303ms] [ERROR] Failed to load resource: net::ERR_NAME_NOT_RESOLVED @ https://zhuanlan.zhihu.com/api//v4/search/preset_words:0
[45079303ms] [ERROR] getRemotePresetWords Failed to fetch @ https://unpkg.zhimg.com/@cfe/sentry-script@1.3.1/dist/init.js:0
[45079303ms] [ERROR] Failed to load resource: net::ERR_NAME_NOT_RESOLVED @ https://zhuanlan.zhihu.com/api//v4/search/preset_words:0
[45079304ms] [ERROR] getRemotePresetWords Failed to fetch @ https://unpkg.zhimg.com/@cfe/sentry-script@1.3.1/dist/init.js:0
[45079304ms] [ERROR] Failed to load resource: net::ERR_NAME_NOT_RESOLVED @ https://zhuanlan.zhihu.com/api//v4/search/preset_words:0
[45079304ms] [ERROR] getRemotePresetWords Failed to fetch @ https://unpkg.zhimg.com/@cfe/sentry-script@1.3.1/dist/init.js:0
[45079305ms] TypeError: Cannot read properties of null (reading 'words')
    at https://static.zhihu.com/heifetz/column.app.a44c7d68cb8f3344fef7.js:1:1443049
[45079305ms] TypeError: Cannot read properties of null (reading 'words')
    at https://static.zhihu.com/heifetz/column.app.a44c7d68cb8f3344fef7.js:1:1443049
[45079306ms] TypeError: Cannot read properties of null (reading 'words')
    at https://static.zhihu.com/heifetz/column.app.a44c7d68cb8f3344fef7.js:1:1443049
[45109306ms] [ERROR] Failed to load resource: net::ERR_NAME_NOT_RESOLVED @ https://zhuanlan.zhihu.com/api//v4/search/preset_words:0
[45109306ms] [ERROR] getRemotePresetWords Failed to fetch @ https://unpkg.zhimg.com/@cfe/sentry-script@1.3.1/dist/init.js:0
[45109307ms] [ERROR] Failed to load resource: net::ERR_NAME_NOT_RESOLVED @ https://zhuanlan.zhihu.com/api//v4/search/preset_words:0
[45109307ms] [ERROR] getRemotePresetWords Failed to fetch @ https://unpkg.zhimg.com/@cfe/sentry-script@1.3.1/dist/init.js:0
[45109307ms] [ERROR] Failed to load resource: net::ERR_NAME_NOT_RESOLVED @ https://zhuanlan.zhihu.com/api//v4/search/preset_words:0
[45109307ms] [ERROR] getRemotePresetWords Failed to fetch @ https://unpkg.zhimg.com/@cfe/sentry-script@1.3.1/dist/init.js:0
[45109310ms] TypeError: Cannot read properties of null (reading 'words')
    at https://static.zhihu.com/heifetz/column.app.a44c7d68cb8f3344fef7.js:1:1443049
[45109310ms] TypeError: Cannot read properties of null (reading 'words')
    at https://static.zhihu.com/heifetz/column.app.a44c7d68cb8f3344fef7.js:1:1443049
[45109310ms] TypeError: Cannot read properties of null (reading 'words')
    at https://static.zhihu.com/heifetz/column.app.a44c7d68cb8f3344fef7.js:1:1443049
[45109309ms] [ERROR] Failed to load resource: net::ERR_NAME_NOT_RESOLVED @ https://zhuanlan.zhihu.com/api//v4/search/preset_words:0
[45109309ms] [ERROR] getRemotePresetWords Failed to fetch @ https://unpkg.zhimg.com/@cfe/sentry-script@1.3.1/dist/init.js:0
[45109310ms] TypeError: Cannot read properties of null (reading 'words')
    at https://static.zhihu.com/heifetz/column.app.a44c7d68cb8f3344fef7.js:1:1443049
[45139312ms] [ERROR] Failed to load resource: net::ERR_NAME_NOT_RESOLVED @ https://zhuanlan.zhihu.com/api//v4/search/preset_words:0
[45139313ms] [ERROR] getRemotePresetWords Failed to fetch @ https://unpkg.zhimg.com/@cfe/sentry-script@1.3.1/dist/init.js:0
[45139313ms] [ERROR] Failed to load resource: net::ERR_NAME_NOT_RESOLVED @ https://zhuanlan.zhihu.com/api//v4/search/preset_words:0
[45139313ms] [ERROR] getRemotePresetWords Failed to fetch @ https://unpkg.zhimg.com/@cfe/sentry-script@1.3.1/dist/init.js:0
[45139313ms] [ERROR] Failed to load resource: net::ERR_NAME_NOT_RESOLVED @ https://zhuanlan.zhihu.com/api//v4/search/preset_words:0
[45139313ms] [ERROR] getRemotePresetWords Failed to fetch @ https://unpkg.zhimg.com/@cfe/sentry-script@1.3.1/dist/init.js:0
[45139315ms] TypeError: Cannot read properties of null (reading 'words')
    at https://static.zhihu.com/heifetz/column.app.a44c7d68cb8f3344fef7.js:1:1443049
[45139314ms] [ERROR] Failed to load resource: net::ERR_NAME_NOT_RESOLVED @ https://zhuanlan.zhihu.com/api//v4/search/preset_words:0
[45139314ms] [ERROR] getRemotePresetWords Failed to fetch @ https://unpkg.zhimg.com/@cfe/sentry-script@1.3.1/dist/init.js:0
[45139315ms] TypeError: Cannot read properties of null (reading 'words')
    at https://static.zhihu.com/heifetz/column.app.a44c7d68cb8f3344fef7.js:1:1443049
[45139315ms] TypeError: Cannot read properties of null (reading 'words')
    at https://static.zhihu.com/heifetz/column.app.a44c7d68cb8f3344fef7.js:1:1443049
[45139315ms] TypeError: Cannot read properties of null (reading 'words')
    at https://static.zhihu.com/heifetz/column.app.a44c7d68cb8f3344fef7.js:1:1443049
[45169317ms] [ERROR] Failed to load resource: net::ERR_NAME_NOT_RESOLVED @ https://zhuanlan.zhihu.com/api//v4/search/preset_words:0
[45169317ms] [ERROR] getRemotePresetWords Failed to fetch @ https://unpkg.zhimg.com/@cfe/sentry-script@1.3.1/dist/init.js:0
[45169321ms] TypeError: Cannot read properties of null (reading 'words')
    at https://static.zhihu.com/heifetz/column.app.a44c7d68cb8f3344fef7.js:1:1443049
[45169318ms] [ERROR] Failed to load resource: net::ERR_NAME_NOT_RESOLVED @ https://zhuanlan.zhihu.com/api//v4/search/preset_words:0
[45169319ms] [ERROR] getRemotePresetWords Failed to fetch @ https://unpkg.zhimg.com/@cfe/sentry-script@1.3.1/dist/init.js:0
[45169319ms] [ERROR] Failed to load resource: net::ERR_NAME_NOT_RESOLVED @ https://zhuanlan.zhihu.com/api//v4/search/preset_words:0
[45169319ms] [ERROR] getRemotePresetWords Failed to fetch @ https://unpkg.zhimg.com/@cfe/sentry-script@1.3.1/dist/init.js:0
[45169319ms] [ERROR] Failed to load resource: net::ERR_NAME_NOT_RESOLVED @ https://zhuanlan.zhihu.com/api//v4/search/preset_words:0
[45169319ms] [ERROR] getRemotePresetWords Failed to fetch @ https://unpkg.zhimg.com/@cfe/sentry-script@1.3.1/dist/init.js:0
[45169321ms] TypeError: Cannot read properties of null (reading 'words')
    at https://static.zhihu.com/heifetz/column.app.a44c7d68cb8f3344fef7.js:1:1443049
[45169321ms] TypeError: Cannot read properties of null (reading 'words')
    at https://static.zhihu.com/heifetz/column.app.a44c7d68cb8f3344fef7.js:1:1443049
[45169321ms] TypeError: Cannot read properties of null (reading 'words')
    at https://static.zhihu.com/heifetz/column.app.a44c7d68cb8f3344fef7.js:1:1443049
[45199322ms] [ERROR] Failed to load resource: net::ERR_NAME_NOT_RESOLVED @ https://zhuanlan.zhihu.com/api//v4/search/preset_words:0
[45199322ms] [ERROR] getRemotePresetWords Failed to fetch @ https://unpkg.zhimg.com/@cfe/sentry-script@1.3.1/dist/init.js:0
[45199322ms] [ERROR] Failed to load resource: net::ERR_NAME_NOT_RESOLVED @ https://zhuanlan.zhihu.com/api//v4/search/preset_words:0
[45199322ms] [ERROR] getRemotePresetWords Failed to fetch @ https://unpkg.zhimg.com/@cfe/sentry-script@1.3.1/dist/init.js:0
[45199323ms] [ERROR] Failed to load resource: net::ERR_NAME_NOT_RESOLVED @ https://zhuanlan.zhihu.com/api//v4/search/preset_words:0
[45199323ms] [ERROR] getRemotePresetWords Failed to fetch @ https://unpkg.zhimg.com/@cfe/sentry-script@1.3.1/dist/init.js:0
[45199324ms] TypeError: Cannot read properties of null (reading 'words')
    at https://static.zhihu.com/heifetz/column.app.a44c7d68cb8f3344fef7.js:1:1443049
[45199324ms] TypeError: Cannot read properties of null (reading 'words')
    at https://static.zhihu.com/heifetz/column.app.a44c7d68cb8f3344fef7.js:1:1443049
[45199324ms] TypeError: Cannot read properties of null (reading 'words')
    at https://static.zhihu.com/heifetz/column.app.a44c7d68cb8f3344fef7.js:1:1443049
[45229325ms] [ERROR] Failed to load resource: net::ERR_NAME_NOT_RESOLVED @ https://zhuanlan.zhihu.com/api//v4/search/preset_words:0
[45229325ms] [ERROR] getRemotePresetWords Failed to fetch @ https://unpkg.zhimg.com/@cfe/sentry-script@1.3.1/dist/init.js:0
[45229325ms] [ERROR] Failed to load resource: net::ERR_NAME_NOT_RESOLVED @ https://zhuanlan.zhihu.com/api//v4/search/preset_words:0
[45229326ms] [ERROR] getRemotePresetWords Failed to fetch @ https://unpkg.zhimg.com/@cfe/sentry-script@1.3.1/dist/init.js:0
[45229328ms] TypeError: Cannot read properties of null (reading 'words')
    at https://static.zhihu.com/heifetz/column.app.a44c7d68cb8f3344fef7.js:1:1443049
[45229326ms] [ERROR] Failed to load resource: net::ERR_NAME_NOT_RESOLVED @ https://zhuanlan.zhihu.com/api//v4/search/preset_words:0
[45229326ms] [ERROR] getRemotePresetWords Failed to fetch @ https://unpkg.zhimg.com/@cfe/sentry-script@1.3.1/dist/init.js:0
[45229328ms] TypeError: Cannot read properties of null (reading 'words')
    at https://static.zhihu.com/heifetz/column.app.a44c7d68cb8f3344fef7.js:1:1443049
[45229327ms] [ERROR] Failed to load resource: net::ERR_NAME_NOT_RESOLVED @ https://zhuanlan.zhihu.com/api//v4/search/preset_words:0
[45229327ms] [ERROR] getRemotePresetWords Failed to fetch @ https://unpkg.zhimg.com/@cfe/sentry-script@1.3.1/dist/init.js:0
[45229328ms] TypeError: Cannot read properties of null (reading 'words')
    at https://static.zhihu.com/heifetz/column.app.a44c7d68cb8f3344fef7.js:1:1443049
[45229329ms] TypeError: Cannot read properties of null (reading 'words')
    at https://static.zhihu.com/heifetz/column.app.a44c7d68cb8f3344fef7.js:1:1443049
[45259330ms] [ERROR] Failed to load resource: net::ERR_NAME_NOT_RESOLVED @ https://zhuanlan.zhihu.com/api//v4/search/preset_words:0
[45259331ms] [ERROR] getRemotePresetWords Failed to fetch @ https://unpkg.zhimg.com/@cfe/sentry-script@1.3.1/dist/init.js:0
[45259331ms] [ERROR] Failed to load resource: net::ERR_NAME_NOT_RESOLVED @ https://zhuanlan.zhihu.com/api//v4/search/preset_words:0
[45259331ms] [ERROR] getRemotePresetWords Failed to fetch @ https://unpkg.zhimg.com/@cfe/sentry-script@1.3.1/dist/init.js:0
[45259331ms] [ERROR] Failed to load resource: net::ERR_NAME_NOT_RESOLVED @ https://zhuanlan.zhihu.com/api//v4/search/preset_words:0
[45259331ms] [ERROR] getRemotePresetWords Failed to fetch @ https://unpkg.zhimg.com/@cfe/sentry-script@1.3.1/dist/init.js:0
[45259331ms] [ERROR] Failed to load resource: net::ERR_NAME_NOT_RESOLVED @ https://zhuanlan.zhihu.com/api//v4/search/preset_words:0
[45259332ms] [ERROR] getRemotePresetWords Failed to fetch @ https://unpkg.zhimg.com/@cfe/sentry-script@1.3.1/dist/init.js:0
[45259333ms] TypeError: Cannot read properties of null (reading 'words')
    at https://static.zhihu.com/heifetz/column.app.a44c7d68cb8f3344fef7.js:1:1443049
[45259333ms] TypeError: Cannot read properties of null (reading 'words')
    at https://static.zhihu.com/heifetz/column.app.a44c7d68cb8f3344fef7.js:1:1443049
[45259333ms] TypeError: Cannot read properties of null (reading 'words')
    at https://static.zhihu.com/heifetz/column.app.a44c7d68cb8f3344fef7.js:1:1443049
[45259333ms] TypeError: Cannot read properties of null (reading 'words')
    at https://static.zhihu.com/heifetz/column.app.a44c7d68cb8f3344fef7.js:1:1443049
[45289334ms] [ERROR] Failed to load resource: net::ERR_NAME_NOT_RESOLVED @ https://zhuanlan.zhihu.com/api//v4/search/preset_words:0
[45289334ms] [ERROR] getRemotePresetWords Failed to fetch @ https://unpkg.zhimg.com/@cfe/sentry-script@1.3.1/dist/init.js:0
[45289337ms] TypeError: Cannot read properties of null (reading 'words')
    at https://static.zhihu.com/heifetz/column.app.a44c7d68cb8f3344fef7.js:1:1443049
[45289335ms] [ERROR] Failed to load resource: net::ERR_NAME_NOT_RESOLVED @ https://zhuanlan.zhihu.com/api//v4/search/preset_words:0
[45289335ms] [ERROR] getRemotePresetWords Failed to fetch @ https://unpkg.zhimg.com/@cfe/sentry-script@1.3.1/dist/init.js:0
[45289335ms] [ERROR] Failed to load resource: net::ERR_NAME_NOT_RESOLVED @ https://zhuanlan.zhihu.com/api//v4/search/preset_words:0
[45289335ms] [ERROR] getRemotePresetWords Failed to fetch @ https://unpkg.zhimg.com/@cfe/sentry-script@1.3.1/dist/init.js:0
[45289335ms] [ERROR] Failed to load resource: net::ERR_NAME_NOT_RESOLVED @ https://zhuanlan.zhihu.com/api//v4/search/preset_words:0
[45289335ms] [ERROR] getRemotePresetWords Failed to fetch @ https://unpkg.zhimg.com/@cfe/sentry-script@1.3.1/dist/init.js:0
[45289337ms] TypeError: Cannot read properties of null (reading 'words')
    at https://static.zhihu.com/heifetz/column.app.a44c7d68cb8f3344fef7.js:1:1443049
[45289337ms] TypeError: Cannot read properties of null (reading 'words')
    at https://static.zhihu.com/heifetz/column.app.a44c7d68cb8f3344fef7.js:1:1443049
[45289337ms] TypeError: Cannot read properties of null (reading 'words')
    at https://static.zhihu.com/heifetz/column.app.a44c7d68cb8f3344fef7.js:1:1443049
[45319339ms] [ERROR] Failed to load resource: net::ERR_NAME_NOT_RESOLVED @ https://zhuanlan.zhihu.com/api//v4/search/preset_words:0
[45319339ms] [ERROR] getRemotePresetWords Failed to fetch @ https://unpkg.zhimg.com/@cfe/sentry-script@1.3.1/dist/init.js:0
[45319340ms] [ERROR] Failed to load resource: net::ERR_NAME_NOT_RESOLVED @ https://zhuanlan.zhihu.com/api//v4/search/preset_words:0
[45319340ms] [ERROR] getRemotePresetWords Failed to fetch @ https://unpkg.zhimg.com/@cfe/sentry-script@1.3.1/dist/init.js:0
[45319340ms] [ERROR] Failed to load resource: net::ERR_NAME_NOT_RESOLVED @ https://zhuanlan.zhihu.com/api//v4/search/preset_words:0
[45319340ms] [ERROR] getRemotePresetWords Failed to fetch @ https://unpkg.zhimg.com/@cfe/sentry-script@1.3.1/dist/init.js:0
[45319342ms] TypeError: Cannot read properties of null (reading 'words')
    at https://static.zhihu.com/heifetz/column.app.a44c7d68cb8f3344fef7.js:1:1443049
[45319342ms] TypeError: Cannot read properties of null (reading 'words')
    at https://static.zhihu.com/heifetz/column.app.a44c7d68cb8f3344fef7.js:1:1443049
[45319342ms] TypeError: Cannot read properties of null (reading 'words')
    at https://static.zhihu.com/heifetz/column.app.a44c7d68cb8f3344fef7.js:1:1443049
[45349343ms] [ERROR] Failed to load resource: net::ERR_NAME_NOT_RESOLVED @ https://zhuanlan.zhihu.com/api//v4/search/preset_words:0
[45349343ms] [ERROR] getRemotePresetWords Failed to fetch @ https://unpkg.zhimg.com/@cfe/sentry-script@1.3.1/dist/init.js:0
[45349343ms] [ERROR] Failed to load resource: net::ERR_NAME_NOT_RESOLVED @ https://zhuanlan.zhihu.com/api//v4/search/preset_words:0
[45349343ms] [ERROR] getRemotePresetWords Failed to fetch @ https://unpkg.zhimg.com/@cfe/sentry-script@1.3.1/dist/init.js:0
[45349345ms] TypeError: Cannot read properties of null (reading 'words')
    at https://static.zhihu.com/heifetz/column.app.a44c7d68cb8f3344fef7.js:1:1443049
[45349344ms] [ERROR] Failed to load resource: net::ERR_NAME_NOT_RESOLVED @ https://zhuanlan.zhihu.com/api//v4/search/preset_words:0
[45349344ms] [ERROR] getRemotePresetWords Failed to fetch @ https://unpkg.zhimg.com/@cfe/sentry-script@1.3.1/dist/init.js:0
[45349345ms] TypeError: Cannot read properties of null (reading 'words')
    at https://static.zhihu.com/heifetz/column.app.a44c7d68cb8f3344fef7.js:1:1443049
[45349345ms] [ERROR] Failed to load resource: net::ERR_NAME_NOT_RESOLVED @ https://zhuanlan.zhihu.com/api//v4/search/preset_words:0
[45349345ms] [ERROR] getRemotePresetWords Failed to fetch @ https://unpkg.zhimg.com/@cfe/sentry-script@1.3.1/dist/init.js:0
[45349346ms] TypeError: Cannot read properties of null (reading 'words')
    at https://static.zhihu.com/heifetz/column.app.a44c7d68cb8f3344fef7.js:1:1443049
[45349346ms] TypeError: Cannot read properties of null (reading 'words')
    at https://static.zhihu.com/heifetz/column.app.a44c7d68cb8f3344fef7.js:1:1443049
[45379349ms] [ERROR] Failed to load resource: net::ERR_NAME_NOT_RESOLVED @ https://zhuanlan.zhihu.com/api//v4/search/preset_words:0
[45379349ms] [ERROR] getRemotePresetWords Failed to fetch @ https://unpkg.zhimg.com/@cfe/sentry-script@1.3.1/dist/init.js:0
[45379349ms] [ERROR] Failed to load resource: net::ERR_NAME_NOT_RESOLVED @ https://zhuanlan.zhihu.com/api//v4/search/preset_words:0
[45379349ms] [ERROR] getRemotePresetWords Failed to fetch @ https://unpkg.zhimg.com/@cfe/sentry-script@1.3.1/dist/init.js:0
[45379350ms] [ERROR] Failed to load resource: net::ERR_NAME_NOT_RESOLVED @ https://zhuanlan.zhihu.com/api//v4/search/preset_words:0
[45379350ms] [ERROR] getRemotePresetWords Failed to fetch @ https://unpkg.zhimg.com/@cfe/sentry-script@1.3.1/dist/init.js:0
[45379351ms] TypeError: Cannot read properties of null (reading 'words')
    at https://static.zhihu.com/heifetz/column.app.a44c7d68cb8f3344fef7.js:1:1443049
[45379350ms] [ERROR] Failed to load resource: net::ERR_NAME_NOT_RESOLVED @ https://zhuanlan.zhihu.com/api//v4/search/preset_words:0
[45379350ms] [ERROR] getRemotePresetWords Failed to fetch @ https://unpkg.zhimg.com/@cfe/sentry-script@1.3.1/dist/init.js:0
[45379351ms] TypeError: Cannot read properties of null (reading 'words')
    at https://static.zhihu.com/heifetz/column.app.a44c7d68cb8f3344fef7.js:1:1443049
[45379352ms] TypeError: Cannot read properties of null (reading 'words')
    at https://static.zhihu.com/heifetz/column.app.a44c7d68cb8f3344fef7.js:1:1443049
[45379352ms] TypeError: Cannot read properties of null (reading 'words')
    at https://static.zhihu.com/heifetz/column.app.a44c7d68cb8f3344fef7.js:1:1443049
[45409353ms] [ERROR] Failed to load resource: net::ERR_NAME_NOT_RESOLVED @ https://zhuanlan.zhihu.com/api//v4/search/preset_words:0
[45409353ms] [ERROR] getRemotePresetWords Failed to fetch @ https://unpkg.zhimg.com/@cfe/sentry-script@1.3.1/dist/init.js:0
[45409356ms] TypeError: Cannot read properties of null (reading 'words')
    at https://static.zhihu.com/heifetz/column.app.a44c7d68cb8f3344fef7.js:1:1443049
[45409354ms] [ERROR] Failed to load resource: net::ERR_NAME_NOT_RESOLVED @ https://zhuanlan.zhihu.com/api//v4/search/preset_words:0
[45409355ms] [ERROR] getRemotePresetWords Failed to fetch @ https://unpkg.zhimg.com/@cfe/sentry-script@1.3.1/dist/init.js:0
[45409355ms] [ERROR] Failed to load resource: net::ERR_NAME_NOT_RESOLVED @ https://zhuanlan.zhihu.com/api//v4/search/preset_words:0
[45409355ms] [ERROR] getRemotePresetWords Failed to fetch @ https://unpkg.zhimg.com/@cfe/sentry-script@1.3.1/dist/init.js:0
[45409355ms] [ERROR] Failed to load resource: net::ERR_NAME_NOT_RESOLVED @ https://zhuanlan.zhihu.com/api//v4/search/preset_words:0
[45409355ms] [ERROR] getRemotePresetWords Failed to fetch @ https://unpkg.zhimg.com/@cfe/sentry-script@1.3.1/dist/init.js:0
[45409357ms] TypeError: Cannot read properties of null (reading 'words')
    at https://static.zhihu.com/heifetz/column.app.a44c7d68cb8f3344fef7.js:1:1443049
[45409357ms] TypeError: Cannot read properties of null (reading 'words')
    at https://static.zhihu.com/heifetz/column.app.a44c7d68cb8f3344fef7.js:1:1443049
[45409357ms] TypeError: Cannot read properties of null (reading 'words')
    at https://static.zhihu.com/heifetz/column.app.a44c7d68cb8f3344fef7.js:1:1443049
[45439359ms] [ERROR] Failed to load resource: net::ERR_NAME_NOT_RESOLVED @ https://zhuanlan.zhihu.com/api//v4/search/preset_words:0
[45439359ms] [ERROR] getRemotePresetWords Failed to fetch @ https://unpkg.zhimg.com/@cfe/sentry-script@1.3.1/dist/init.js:0
[45439360ms] [ERROR] Failed to load resource: net::ERR_NAME_NOT_RESOLVED @ https://zhuanlan.zhihu.com/api//v4/search/preset_words:0
[45439360ms] [ERROR] getRemotePresetWords Failed to fetch @ https://unpkg.zhimg.com/@cfe/sentry-script@1.3.1/dist/init.js:0
[45439360ms] [ERROR] Failed to load resource: net::ERR_NAME_NOT_RESOLVED @ https://zhuanlan.zhihu.com/api//v4/search/preset_words:0
[45439360ms] [ERROR] getRemotePresetWords Failed to fetch @ https://unpkg.zhimg.com/@cfe/sentry-script@1.3.1/dist/init.js:0
[45439361ms] TypeError: Cannot read properties of null (reading 'words')
    at https://static.zhihu.com/heifetz/column.app.a44c7d68cb8f3344fef7.js:1:1443049
[45439361ms] TypeError: Cannot read properties of null (reading 'words')
    at https://static.zhihu.com/heifetz/column.app.a44c7d68cb8f3344fef7.js:1:1443049
[45439361ms] TypeError: Cannot read properties of null (reading 'words')
    at https://static.zhihu.com/heifetz/column.app.a44c7d68cb8f3344fef7.js:1:1443049
[45469364ms] [ERROR] Failed to load resource: net::ERR_NAME_NOT_RESOLVED @ https://zhuanlan.zhihu.com/api//v4/search/preset_words:0
[45469364ms] [ERROR] getRemotePresetWords Failed to fetch @ https://unpkg.zhimg.com/@cfe/sentry-script@1.3.1/dist/init.js:0
[45469364ms] [ERROR] Failed to load resource: net::ERR_NAME_NOT_RESOLVED @ https://zhuanlan.zhihu.com/api//v4/search/preset_words:0
[45469364ms] [ERROR] getRemotePresetWords Failed to fetch @ https://unpkg.zhimg.com/@cfe/sentry-script@1.3.1/dist/init.js:0
[45469368ms] TypeError: Cannot read properties of null (reading 'words')
    at https://static.zhihu.com/heifetz/column.app.a44c7d68cb8f3344fef7.js:1:1443049
[45469365ms] [ERROR] Failed to load resource: net::ERR_NAME_NOT_RESOLVED @ https://zhuanlan.zhihu.com/api//v4/search/preset_words:0
[45469365ms] [ERROR] getRemotePresetWords Failed to fetch @ https://unpkg.zhimg.com/@cfe/sentry-script@1.3.1/dist/init.js:0
[45469368ms] TypeError: Cannot read properties of null (reading 'words')
    at https://static.zhihu.com/heifetz/column.app.a44c7d68cb8f3344fef7.js:1:1443049
[45469366ms] [ERROR] Failed to load resource: net::ERR_NAME_NOT_RESOLVED @ https://zhuanlan.zhihu.com/api//v4/search/preset_words:0
[45469366ms] [ERROR] getRemotePresetWords Failed to fetch @ https://unpkg.zhimg.com/@cfe/sentry-script@1.3.1/dist/init.js:0
[45469368ms] TypeError: Cannot read properties of null (reading 'words')
    at https://static.zhihu.com/heifetz/column.app.a44c7d68cb8f3344fef7.js:1:1443049
[45469368ms] TypeError: Cannot read properties of null (reading 'words')
    at https://static.zhihu.com/heifetz/column.app.a44c7d68cb8f3344fef7.js:1:1443049
[45499371ms] [ERROR] Failed to load resource: net::ERR_NAME_NOT_RESOLVED @ https://zhuanlan.zhihu.com/api//v4/search/preset_words:0
[45499371ms] [ERROR] getRemotePresetWords Failed to fetch @ https://unpkg.zhimg.com/@cfe/sentry-script@1.3.1/dist/init.js:0
[45499371ms] [ERROR] Failed to load resource: net::ERR_NAME_NOT_RESOLVED @ https://zhuanlan.zhihu.com/api//v4/search/preset_words:0
[45499371ms] [ERROR] getRemotePresetWords Failed to fetch @ https://unpkg.zhimg.com/@cfe/sentry-script@1.3.1/dist/init.js:0
[45499372ms] [ERROR] Failed to load resource: net::ERR_NAME_NOT_RESOLVED @ https://zhuanlan.zhihu.com/api//v4/search/preset_words:0
[45499372ms] [ERROR] getRemotePresetWords Failed to fetch @ https://unpkg.zhimg.com/@cfe/sentry-script@1.3.1/dist/init.js:0
[45499372ms] [ERROR] Failed to load resource: net::ERR_NAME_NOT_RESOLVED @ https://zhuanlan.zhihu.com/api//v4/search/preset_words:0
[45499372ms] [ERROR] getRemotePresetWords Failed to fetch @ https://unpkg.zhimg.com/@cfe/sentry-script@1.3.1/dist/init.js:0
[45499373ms] TypeError: Cannot read properties of null (reading 'words')
    at https://static.zhihu.com/heifetz/column.app.a44c7d68cb8f3344fef7.js:1:1443049
[45499373ms] TypeError: Cannot read properties of null (reading 'words')
    at https://static.zhihu.com/heifetz/column.app.a44c7d68cb8f3344fef7.js:1:1443049
[45499373ms] TypeError: Cannot read properties of null (reading 'words')
    at https://static.zhihu.com/heifetz/column.app.a44c7d68cb8f3344fef7.js:1:1443049
[45499373ms] TypeError: Cannot read properties of null (reading 'words')
    at https://static.zhihu.com/heifetz/column.app.a44c7d68cb8f3344fef7.js:1:1443049
[45529375ms] [ERROR] Failed to load resource: net::ERR_NAME_NOT_RESOLVED @ https://zhuanlan.zhihu.com/api//v4/search/preset_words:0
[45529375ms] [ERROR] getRemotePresetWords Failed to fetch @ https://unpkg.zhimg.com/@cfe/sentry-script@1.3.1/dist/init.js:0
[45529378ms] TypeError: Cannot read properties of null (reading 'words')
    at https://static.zhihu.com/heifetz/column.app.a44c7d68cb8f3344fef7.js:1:1443049
[45529376ms] [ERROR] Failed to load resource: net::ERR_NAME_NOT_RESOLVED @ https://zhuanlan.zhihu.com/api//v4/search/preset_words:0
[45529376ms] [ERROR] getRemotePresetWords Failed to fetch @ https://unpkg.zhimg.com/@cfe/sentry-script@1.3.1/dist/init.js:0
[45529376ms] [ERROR] Failed to load resource: net::ERR_NAME_NOT_RESOLVED @ https://zhuanlan.zhihu.com/api//v4/search/preset_words:0
[45529376ms] [ERROR] getRemotePresetWords Failed to fetch @ https://unpkg.zhimg.com/@cfe/sentry-script@1.3.1/dist/init.js:0
[45529377ms] [ERROR] Failed to load resource: net::ERR_NAME_NOT_RESOLVED @ https://zhuanlan.zhihu.com/api//v4/search/preset_words:0
[45529377ms] [ERROR] getRemotePresetWords Failed to fetch @ https://unpkg.zhimg.com/@cfe/sentry-script@1.3.1/dist/init.js:0
[45529378ms] TypeError: Cannot read properties of null (reading 'words')
    at https://static.zhihu.com/heifetz/column.app.a44c7d68cb8f3344fef7.js:1:1443049
[45529378ms] TypeError: Cannot read properties of null (reading 'words')
    at https://static.zhihu.com/heifetz/column.app.a44c7d68cb8f3344fef7.js:1:1443049
[45529378ms] TypeError: Cannot read properties of null (reading 'words')
    at https://static.zhihu.com/heifetz/column.app.a44c7d68cb8f3344fef7.js:1:1443049
[45559380ms] [ERROR] Failed to load resource: net::ERR_NAME_NOT_RESOLVED @ https://zhuanlan.zhihu.com/api//v4/search/preset_words:0
[45559380ms] [ERROR] getRemotePresetWords Failed to fetch @ https://unpkg.zhimg.com/@cfe/sentry-script@1.3.1/dist/init.js:0
[45559380ms] [ERROR] Failed to load resource: net::ERR_NAME_NOT_RESOLVED @ https://zhuanlan.zhihu.com/api//v4/search/preset_words:0
[45559380ms] [ERROR] getRemotePresetWords Failed to fetch @ https://unpkg.zhimg.com/@cfe/sentry-script@1.3.1/dist/init.js:0
[45559380ms] [ERROR] Failed to load resource: net::ERR_NAME_NOT_RESOLVED @ https://zhuanlan.zhihu.com/api//v4/search/preset_words:0
[45559381ms] [ERROR] getRemotePresetWords Failed to fetch @ https://unpkg.zhimg.com/@cfe/sentry-script@1.3.1/dist/init.js:0
[45559381ms] TypeError: Cannot read properties of null (reading 'words')
    at https://static.zhihu.com/heifetz/column.app.a44c7d68cb8f3344fef7.js:1:1443049
[45559381ms] TypeError: Cannot read properties of null (reading 'words')
    at https://static.zhihu.com/heifetz/column.app.a44c7d68cb8f3344fef7.js:1:1443049
[45559381ms] TypeError: Cannot read properties of null (reading 'words')
    at https://static.zhihu.com/heifetz/column.app.a44c7d68cb8f3344fef7.js:1:1443049
[45589384ms] [ERROR] Failed to load resource: net::ERR_NAME_NOT_RESOLVED @ https://zhuanlan.zhihu.com/api//v4/search/preset_words:0
[45589384ms] [ERROR] getRemotePresetWords Failed to fetch @ https://unpkg.zhimg.com/@cfe/sentry-script@1.3.1/dist/init.js:0
[45589385ms] [ERROR] Failed to load resource: net::ERR_NAME_NOT_RESOLVED @ https://zhuanlan.zhihu.com/api//v4/search/preset_words:0
[45589385ms] [ERROR] getRemotePresetWords Failed to fetch @ https://unpkg.zhimg.com/@cfe/sentry-script@1.3.1/dist/init.js:0
[45589385ms] [ERROR] Failed to load resource: net::ERR_NAME_NOT_RESOLVED @ https://zhuanlan.zhihu.com/api//v4/search/preset_words:0
[45589385ms] [ERROR] getRemotePresetWords Failed to fetch @ https://unpkg.zhimg.com/@cfe/sentry-script@1.3.1/dist/init.js:0
[45589387ms] TypeError: Cannot read properties of null (reading 'words')
    at https://static.zhihu.com/heifetz/column.app.a44c7d68cb8f3344fef7.js:1:1443049
[45589387ms] TypeError: Cannot read properties of null (reading 'words')
    at https://static.zhihu.com/heifetz/column.app.a44c7d68cb8f3344fef7.js:1:1443049
[45589386ms] [ERROR] Failed to load resource: net::ERR_NAME_NOT_RESOLVED @ https://zhuanlan.zhihu.com/api//v4/search/preset_words:0
[45589386ms] [ERROR] getRemotePresetWords Failed to fetch @ https://unpkg.zhimg.com/@cfe/sentry-script@1.3.1/dist/init.js:0
[45589387ms] TypeError: Cannot read properties of null (reading 'words')
    at https://static.zhihu.com/heifetz/column.app.a44c7d68cb8f3344fef7.js:1:1443049
[45589387ms] TypeError: Cannot read properties of null (reading 'words')
    at https://static.zhihu.com/heifetz/column.app.a44c7d68cb8f3344fef7.js:1:1443049
[45619391ms] [ERROR] Failed to load resource: net::ERR_NAME_NOT_RESOLVED @ https://zhuanlan.zhihu.com/api//v4/search/preset_words:0
[45619391ms] [ERROR] getRemotePresetWords Failed to fetch @ https://unpkg.zhimg.com/@cfe/sentry-script@1.3.1/dist/init.js:0
[45619391ms] [ERROR] Failed to load resource: net::ERR_NAME_NOT_RESOLVED @ https://zhuanlan.zhihu.com/api//v4/search/preset_words:0
[45619392ms] [ERROR] getRemotePresetWords Failed to fetch @ https://unpkg.zhimg.com/@cfe/sentry-script@1.3.1/dist/init.js:0
[45619392ms] [ERROR] Failed to load resource: net::ERR_NAME_NOT_RESOLVED @ https://zhuanlan.zhihu.com/api//v4/search/preset_words:0
[45619392ms] [ERROR] getRemotePresetWords Failed to fetch @ https://unpkg.zhimg.com/@cfe/sentry-script@1.3.1/dist/init.js:0
[45619392ms] [ERROR] Failed to load resource: net::ERR_NAME_NOT_RESOLVED @ https://zhuanlan.zhihu.com/api//v4/search/preset_words:0
[45619392ms] [ERROR] getRemotePresetWords Failed to fetch @ https://unpkg.zhimg.com/@cfe/sentry-script@1.3.1/dist/init.js:0
[45619394ms] TypeError: Cannot read properties of null (reading 'words')
    at https://static.zhihu.com/heifetz/column.app.a44c7d68cb8f3344fef7.js:1:1443049
[45619395ms] TypeError: Cannot read properties of null (reading 'words')
    at https://static.zhihu.com/heifetz/column.app.a44c7d68cb8f3344fef7.js:1:1443049
[45619395ms] TypeError: Cannot read properties of null (reading 'words')
    at https://static.zhihu.com/heifetz/column.app.a44c7d68cb8f3344fef7.js:1:1443049
[45619395ms] TypeError: Cannot read properties of null (reading 'words')
    at https://static.zhihu.com/heifetz/column.app.a44c7d68cb8f3344fef7.js:1:1443049
[45649395ms] [ERROR] Failed to load resource: net::ERR_NAME_NOT_RESOLVED @ https://zhuanlan.zhihu.com/api//v4/search/preset_words:0
[45649395ms] [ERROR] getRemotePresetWords Failed to fetch @ https://unpkg.zhimg.com/@cfe/sentry-script@1.3.1/dist/init.js:0
[45649397ms] TypeError: Cannot read properties of null (reading 'words')
    at https://static.zhihu.com/heifetz/column.app.a44c7d68cb8f3344fef7.js:1:1443049
[45649396ms] [ERROR] Failed to load resource: net::ERR_NAME_NOT_RESOLVED @ https://zhuanlan.zhihu.com/api//v4/search/preset_words:0
[45649396ms] [ERROR] getRemotePresetWords Failed to fetch @ https://unpkg.zhimg.com/@cfe/sentry-script@1.3.1/dist/init.js:0
[45649396ms] [ERROR] Failed to load resource: net::ERR_NAME_NOT_RESOLVED @ https://zhuanlan.zhihu.com/api//v4/search/preset_words:0
[45649396ms] [ERROR] getRemotePresetWords Failed to fetch @ https://unpkg.zhimg.com/@cfe/sentry-script@1.3.1/dist/init.js:0
[45649396ms] [ERROR] Failed to load resource: net::ERR_NAME_NOT_RESOLVED @ https://zhuanlan.zhihu.com/api//v4/search/preset_words:0
[45649396ms] [ERROR] getRemotePresetWords Failed to fetch @ https://unpkg.zhimg.com/@cfe/sentry-script@1.3.1/dist/init.js:0
[45649398ms] TypeError: Cannot read properties of null (reading 'words')
    at https://static.zhihu.com/heifetz/column.app.a44c7d68cb8f3344fef7.js:1:1443049
[45649398ms] TypeError: Cannot read properties of null (reading 'words')
    at https://static.zhihu.com/heifetz/column.app.a44c7d68cb8f3344fef7.js:1:1443049
[45649398ms] TypeError: Cannot read properties of null (reading 'words')
    at https://static.zhihu.com/heifetz/column.app.a44c7d68cb8f3344fef7.js:1:1443049
[45679400ms] [ERROR] Failed to load resource: net::ERR_NAME_NOT_RESOLVED @ https://zhuanlan.zhihu.com/api//v4/search/preset_words:0
[45679401ms] [ERROR] getRemotePresetWords Failed to fetch @ https://unpkg.zhimg.com/@cfe/sentry-script@1.3.1/dist/init.js:0
[45679401ms] [ERROR] Failed to load resource: net::ERR_NAME_NOT_RESOLVED @ https://zhuanlan.zhihu.com/api//v4/search/preset_words:0
[45679401ms] [ERROR] getRemotePresetWords Failed to fetch @ https://unpkg.zhimg.com/@cfe/sentry-script@1.3.1/dist/init.js:0
[45679402ms] [ERROR] Failed to load resource: net::ERR_NAME_NOT_RESOLVED @ https://zhuanlan.zhihu.com/api//v4/search/preset_words:0
[45679402ms] [ERROR] getRemotePresetWords Failed to fetch @ https://unpkg.zhimg.com/@cfe/sentry-script@1.3.1/dist/init.js:0
[45679403ms] TypeError: Cannot read properties of null (reading 'words')
    at https://static.zhihu.com/heifetz/column.app.a44c7d68cb8f3344fef7.js:1:1443049
[45679403ms] TypeError: Cannot read properties of null (reading 'words')
    at https://static.zhihu.com/heifetz/column.app.a44c7d68cb8f3344fef7.js:1:1443049
[45679403ms] TypeError: Cannot read properties of null (reading 'words')
    at https://static.zhihu.com/heifetz/column.app.a44c7d68cb8f3344fef7.js:1:1443049
[45709405ms] [ERROR] Failed to load resource: net::ERR_NAME_NOT_RESOLVED @ https://zhuanlan.zhihu.com/api//v4/search/preset_words:0
[45709405ms] [ERROR] getRemotePresetWords Failed to fetch @ https://unpkg.zhimg.com/@cfe/sentry-script@1.3.1/dist/init.js:0
[45709406ms] [ERROR] Failed to load resource: net::ERR_NAME_NOT_RESOLVED @ https://zhuanlan.zhihu.com/api//v4/search/preset_words:0
[45709406ms] [ERROR] getRemotePresetWords Failed to fetch @ https://unpkg.zhimg.com/@cfe/sentry-script@1.3.1/dist/init.js:0
[45709408ms] TypeError: Cannot read properties of null (reading 'words')
    at https://static.zhihu.com/heifetz/column.app.a44c7d68cb8f3344fef7.js:1:1443049
[45709407ms] [ERROR] Failed to load resource: net::ERR_NAME_NOT_RESOLVED @ https://zhuanlan.zhihu.com/api//v4/search/preset_words:0
[45709407ms] [ERROR] getRemotePresetWords Failed to fetch @ https://unpkg.zhimg.com/@cfe/sentry-script@1.3.1/dist/init.js:0
[45709408ms] TypeError: Cannot read properties of null (reading 'words')
    at https://static.zhihu.com/heifetz/column.app.a44c7d68cb8f3344fef7.js:1:1443049
[45709407ms] [ERROR] Failed to load resource: net::ERR_NAME_NOT_RESOLVED @ https://zhuanlan.zhihu.com/api//v4/search/preset_words:0
[45709407ms] [ERROR] getRemotePresetWords Failed to fetch @ https://unpkg.zhimg.com/@cfe/sentry-script@1.3.1/dist/init.js:0
[45709409ms] TypeError: Cannot read properties of null (reading 'words')
    at https://static.zhihu.com/heifetz/column.app.a44c7d68cb8f3344fef7.js:1:1443049
[45709409ms] TypeError: Cannot read properties of null (reading 'words')
    at https://static.zhihu.com/heifetz/column.app.a44c7d68cb8f3344fef7.js:1:1443049
[45739411ms] [ERROR] Failed to load resource: net::ERR_NAME_NOT_RESOLVED @ https://zhuanlan.zhihu.com/api//v4/search/preset_words:0
[45739412ms] [ERROR] getRemotePresetWords Failed to fetch @ https://unpkg.zhimg.com/@cfe/sentry-script@1.3.1/dist/init.js:0
[45739412ms] [ERROR] Failed to load resource: net::ERR_NAME_NOT_RESOLVED @ https://zhuanlan.zhihu.com/api//v4/search/preset_words:0
[45739412ms] [ERROR] getRemotePresetWords Failed to fetch @ https://unpkg.zhimg.com/@cfe/sentry-script@1.3.1/dist/init.js:0
[45739412ms] [ERROR] Failed to load resource: net::ERR_NAME_NOT_RESOLVED @ https://zhuanlan.zhihu.com/api//v4/search/preset_words:0
[45739412ms] [ERROR] getRemotePresetWords Failed to fetch @ https://unpkg.zhimg.com/@cfe/sentry-script@1.3.1/dist/init.js:0
[45739413ms] [ERROR] Failed to load resource: net::ERR_NAME_NOT_RESOLVED @ https://zhuanlan.zhihu.com/api//v4/search/preset_words:0
[45739413ms] [ERROR] getRemotePresetWords Failed to fetch @ https://unpkg.zhimg.com/@cfe/sentry-script@1.3.1/dist/init.js:0
[45739414ms] TypeError: Cannot read properties of null (reading 'words')
    at https://static.zhihu.com/heifetz/column.app.a44c7d68cb8f3344fef7.js:1:1443049
[45739414ms] TypeError: Cannot read properties of null (reading 'words')
    at https://static.zhihu.com/heifetz/column.app.a44c7d68cb8f3344fef7.js:1:1443049
[45739414ms] TypeError: Cannot read properties of null (reading 'words')
    at https://static.zhihu.com/heifetz/column.app.a44c7d68cb8f3344fef7.js:1:1443049
[45739414ms] TypeError: Cannot read properties of null (reading 'words')
    at https://static.zhihu.com/heifetz/column.app.a44c7d68cb8f3344fef7.js:1:1443049
[45769415ms] [ERROR] Failed to load resource: net::ERR_NAME_NOT_RESOLVED @ https://zhuanlan.zhihu.com/api//v4/search/preset_words:0
[45769415ms] [ERROR] getRemotePresetWords Failed to fetch @ https://unpkg.zhimg.com/@cfe/sentry-script@1.3.1/dist/init.js:0
[45769419ms] TypeError: Cannot read properties of null (reading 'words')
    at https://static.zhihu.com/heifetz/column.app.a44c7d68cb8f3344fef7.js:1:1443049
[45769416ms] [ERROR] Failed to load resource: net::ERR_NAME_NOT_RESOLVED @ https://zhuanlan.zhihu.com/api//v4/search/preset_words:0
[45769416ms] [ERROR] getRemotePresetWords Failed to fetch @ https://unpkg.zhimg.com/@cfe/sentry-script@1.3.1/dist/init.js:0
[45769417ms] [ERROR] Failed to load resource: net::ERR_NAME_NOT_RESOLVED @ https://zhuanlan.zhihu.com/api//v4/search/preset_words:0
[45769417ms] [ERROR] getRemotePresetWords Failed to fetch @ https://unpkg.zhimg.com/@cfe/sentry-script@1.3.1/dist/init.js:0
[45769417ms] [ERROR] Failed to load resource: net::ERR_NAME_NOT_RESOLVED @ https://zhuanlan.zhihu.com/api//v4/search/preset_words:0
[45769417ms] [ERROR] getRemotePresetWords Failed to fetch @ https://unpkg.zhimg.com/@cfe/sentry-script@1.3.1/dist/init.js:0
[45769420ms] TypeError: Cannot read properties of null (reading 'words')
    at https://static.zhihu.com/heifetz/column.app.a44c7d68cb8f3344fef7.js:1:1443049
[45769420ms] TypeError: Cannot read properties of null (reading 'words')
    at https://static.zhihu.com/heifetz/column.app.a44c7d68cb8f3344fef7.js:1:1443049
[45769420ms] TypeError: Cannot read properties of null (reading 'words')
    at https://static.zhihu.com/heifetz/column.app.a44c7d68cb8f3344fef7.js:1:1443049
[45799420ms] [ERROR] Failed to load resource: net::ERR_NAME_NOT_RESOLVED @ https://zhuanlan.zhihu.com/api//v4/search/preset_words:0
[45799420ms] [ERROR] getRemotePresetWords Failed to fetch @ https://unpkg.zhimg.com/@cfe/sentry-script@1.3.1/dist/init.js:0
[45799420ms] [ERROR] Failed to load resource: net::ERR_NAME_NOT_RESOLVED @ https://zhuanlan.zhihu.com/api//v4/search/preset_words:0
[45799421ms] [ERROR] getRemotePresetWords Failed to fetch @ https://unpkg.zhimg.com/@cfe/sentry-script@1.3.1/dist/init.js:0
[45799421ms] [ERROR] Failed to load resource: net::ERR_NAME_NOT_RESOLVED @ https://zhuanlan.zhihu.com/api//v4/search/preset_words:0
[45799421ms] [ERROR] getRemotePresetWords Failed to fetch @ https://unpkg.zhimg.com/@cfe/sentry-script@1.3.1/dist/init.js:0
[45799422ms] TypeError: Cannot read properties of null (reading 'words')
    at https://static.zhihu.com/heifetz/column.app.a44c7d68cb8f3344fef7.js:1:1443049
[45799422ms] TypeError: Cannot read properties of null (reading 'words')
    at https://static.zhihu.com/heifetz/column.app.a44c7d68cb8f3344fef7.js:1:1443049
[45799422ms] TypeError: Cannot read properties of null (reading 'words')
    at https://static.zhihu.com/heifetz/column.app.a44c7d68cb8f3344fef7.js:1:1443049
[45829423ms] [ERROR] Failed to load resource: net::ERR_NAME_NOT_RESOLVED @ https://zhuanlan.zhihu.com/api//v4/search/preset_words:0
[45829424ms] [ERROR] getRemotePresetWords Failed to fetch @ https://unpkg.zhimg.com/@cfe/sentry-script@1.3.1/dist/init.js:0
[45829424ms] [ERROR] Failed to load resource: net::ERR_NAME_NOT_RESOLVED @ https://zhuanlan.zhihu.com/api//v4/search/preset_words:0
[45829424ms] [ERROR] getRemotePresetWords Failed to fetch @ https://unpkg.zhimg.com/@cfe/sentry-script@1.3.1/dist/init.js:0
[45829424ms] [ERROR] Failed to load resource: net::ERR_NAME_NOT_RESOLVED @ https://zhuanlan.zhihu.com/api//v4/search/preset_words:0
[45829425ms] [ERROR] getRemotePresetWords Failed to fetch @ https://unpkg.zhimg.com/@cfe/sentry-script@1.3.1/dist/init.js:0
[45829427ms] TypeError: Cannot read properties of null (reading 'words')
    at https://static.zhihu.com/heifetz/column.app.a44c7d68cb8f3344fef7.js:1:1443049
[45829427ms] TypeError: Cannot read properties of null (reading 'words')
    at https://static.zhihu.com/heifetz/column.app.a44c7d68cb8f3344fef7.js:1:1443049
[45829426ms] [ERROR] Failed to load resource: net::ERR_NAME_NOT_RESOLVED @ https://zhuanlan.zhihu.com/api//v4/search/preset_words:0
[45829426ms] [ERROR] getRemotePresetWords Failed to fetch @ https://unpkg.zhimg.com/@cfe/sentry-script@1.3.1/dist/init.js:0
[45829427ms] TypeError: Cannot read properties of null (reading 'words')
    at https://static.zhihu.com/heifetz/column.app.a44c7d68cb8f3344fef7.js:1:1443049
[45829427ms] TypeError: Cannot read properties of null (reading 'words')
    at https://static.zhihu.com/heifetz/column.app.a44c7d68cb8f3344fef7.js:1:1443049
[45859429ms] [ERROR] Failed to load resource: net::ERR_NAME_NOT_RESOLVED @ https://zhuanlan.zhihu.com/api//v4/search/preset_words:0
[45859430ms] [ERROR] getRemotePresetWords Failed to fetch @ https://unpkg.zhimg.com/@cfe/sentry-script@1.3.1/dist/init.js:0
[45859430ms] [ERROR] Failed to load resource: net::ERR_NAME_NOT_RESOLVED @ https://zhuanlan.zhihu.com/api//v4/search/preset_words:0
[45859430ms] [ERROR] getRemotePresetWords Failed to fetch @ https://unpkg.zhimg.com/@cfe/sentry-script@1.3.1/dist/init.js:0
[45859430ms] [ERROR] Failed to load resource: net::ERR_NAME_NOT_RESOLVED @ https://zhuanlan.zhihu.com/api//v4/search/preset_words:0
[45859431ms] [ERROR] getRemotePresetWords Failed to fetch @ https://unpkg.zhimg.com/@cfe/sentry-script@1.3.1/dist/init.js:0
[45859431ms] [ERROR] Failed to load resource: net::ERR_NAME_NOT_RESOLVED @ https://zhuanlan.zhihu.com/api//v4/search/preset_words:0
[45859431ms] [ERROR] getRemotePresetWords Failed to fetch @ https://unpkg.zhimg.com/@cfe/sentry-script@1.3.1/dist/init.js:0
[45859432ms] TypeError: Cannot read properties of null (reading 'words')
    at https://static.zhihu.com/heifetz/column.app.a44c7d68cb8f3344fef7.js:1:1443049
[45859432ms] TypeError: Cannot read properties of null (reading 'words')
    at https://static.zhihu.com/heifetz/column.app.a44c7d68cb8f3344fef7.js:1:1443049
[45859432ms] TypeError: Cannot read properties of null (reading 'words')
    at https://static.zhihu.com/heifetz/column.app.a44c7d68cb8f3344fef7.js:1:1443049
[45859432ms] TypeError: Cannot read properties of null (reading 'words')
    at https://static.zhihu.com/heifetz/column.app.a44c7d68cb8f3344fef7.js:1:1443049
[45889434ms] [ERROR] Failed to load resource: net::ERR_NAME_NOT_RESOLVED @ https://zhuanlan.zhihu.com/api//v4/search/preset_words:0
[45889435ms] [ERROR] getRemotePresetWords Failed to fetch @ https://unpkg.zhimg.com/@cfe/sentry-script@1.3.1/dist/init.js:0
[45889435ms] [ERROR] Failed to load resource: net::ERR_NAME_NOT_RESOLVED @ https://zhuanlan.zhihu.com/api//v4/search/preset_words:0
[45889435ms] [ERROR] getRemotePresetWords Failed to fetch @ https://unpkg.zhimg.com/@cfe/sentry-script@1.3.1/dist/init.js:0
[45889438ms] TypeError: Cannot read properties of null (reading 'words')
    at https://static.zhihu.com/heifetz/column.app.a44c7d68cb8f3344fef7.js:1:1443049
[45889436ms] [ERROR] Failed to load resource: net::ERR_NAME_NOT_RESOLVED @ https://zhuanlan.zhihu.com/api//v4/search/preset_words:0
[45889436ms] [ERROR] getRemotePresetWords Failed to fetch @ https://unpkg.zhimg.com/@cfe/sentry-script@1.3.1/dist/init.js:0
[45889438ms] TypeError: Cannot read properties of null (reading 'words')
    at https://static.zhihu.com/heifetz/column.app.a44c7d68cb8f3344fef7.js:1:1443049
[45889437ms] [ERROR] Failed to load resource: net::ERR_NAME_NOT_RESOLVED @ https://zhuanlan.zhihu.com/api//v4/search/preset_words:0
[45889437ms] [ERROR] getRemotePresetWords Failed to fetch @ https://unpkg.zhimg.com/@cfe/sentry-script@1.3.1/dist/init.js:0
[45889439ms] TypeError: Cannot read properties of null (reading 'words')
    at https://static.zhihu.com/heifetz/column.app.a44c7d68cb8f3344fef7.js:1:1443049
[45889439ms] TypeError: Cannot read properties of null (reading 'words')
    at https://static.zhihu.com/heifetz/column.app.a44c7d68cb8f3344fef7.js:1:1443049
[45919440ms] [ERROR] Failed to load resource: net::ERR_NAME_NOT_RESOLVED @ https://zhuanlan.zhihu.com/api//v4/search/preset_words:0
[45919441ms] [ERROR] getRemotePresetWords Failed to fetch @ https://unpkg.zhimg.com/@cfe/sentry-script@1.3.1/dist/init.js:0
[45919441ms] [ERROR] Failed to load resource: net::ERR_NAME_NOT_RESOLVED @ https://zhuanlan.zhihu.com/api//v4/search/preset_words:0
[45919441ms] [ERROR] getRemotePresetWords Failed to fetch @ https://unpkg.zhimg.com/@cfe/sentry-script@1.3.1/dist/init.js:0
[45919441ms] [ERROR] Failed to load resource: net::ERR_NAME_NOT_RESOLVED @ https://zhuanlan.zhihu.com/api//v4/search/preset_words:0
[45919442ms] [ERROR] getRemotePresetWords Failed to fetch @ https://unpkg.zhimg.com/@cfe/sentry-script@1.3.1/dist/init.js:0
[45919444ms] TypeError: Cannot read properties of null (reading 'words')
    at https://static.zhihu.com/heifetz/column.app.a44c7d68cb8f3344fef7.js:1:1443049
[45919444ms] TypeError: Cannot read properties of null (reading 'words')
    at https://static.zhihu.com/heifetz/column.app.a44c7d68cb8f3344fef7.js:1:1443049
[45919444ms] TypeError: Cannot read properties of null (reading 'words')
    at https://static.zhihu.com/heifetz/column.app.a44c7d68cb8f3344fef7.js:1:1443049
[45949445ms] [ERROR] Failed to load resource: net::ERR_NAME_NOT_RESOLVED @ https://zhuanlan.zhihu.com/api//v4/search/preset_words:0
[45949445ms] [ERROR] getRemotePresetWords Failed to fetch @ https://unpkg.zhimg.com/@cfe/sentry-script@1.3.1/dist/init.js:0
[45949446ms] [ERROR] Failed to load resource: net::ERR_NAME_NOT_RESOLVED @ https://zhuanlan.zhihu.com/api//v4/search/preset_words:0
[45949446ms] [ERROR] getRemotePresetWords Failed to fetch @ https://unpkg.zhimg.com/@cfe/sentry-script@1.3.1/dist/init.js:0
[45949446ms] [ERROR] Failed to load resource: net::ERR_NAME_NOT_RESOLVED @ https://zhuanlan.zhihu.com/api//v4/search/preset_words:0
[45949446ms] [ERROR] getRemotePresetWords Failed to fetch @ https://unpkg.zhimg.com/@cfe/sentry-script@1.3.1/dist/init.js:0
[45949449ms] TypeError: Cannot read properties of null (reading 'words')
    at https://static.zhihu.com/heifetz/column.app.a44c7d68cb8f3344fef7.js:1:1443049
[45949449ms] TypeError: Cannot read properties of null (reading 'words')
    at https://static.zhihu.com/heifetz/column.app.a44c7d68cb8f3344fef7.js:1:1443049
[45949447ms] [ERROR] Failed to load resource: net::ERR_NAME_NOT_RESOLVED @ https://zhuanlan.zhihu.com/api//v4/search/preset_words:0
[45949447ms] [ERROR] getRemotePresetWords Failed to fetch @ https://unpkg.zhimg.com/@cfe/sentry-script@1.3.1/dist/init.js:0
[45949450ms] TypeError: Cannot read properties of null (reading 'words')
    at https://static.zhihu.com/heifetz/column.app.a44c7d68cb8f3344fef7.js:1:1443049
[45949450ms] TypeError: Cannot read properties of null (reading 'words')
    at https://static.zhihu.com/heifetz/column.app.a44c7d68cb8f3344fef7.js:1:1443049
[45979452ms] [ERROR] Failed to load resource: net::ERR_NAME_NOT_RESOLVED @ https://zhuanlan.zhihu.com/api//v4/search/preset_words:0
[45979452ms] [ERROR] getRemotePresetWords Failed to fetch @ https://unpkg.zhimg.com/@cfe/sentry-script@1.3.1/dist/init.js:0
[45979452ms] [ERROR] Failed to load resource: net::ERR_NAME_NOT_RESOLVED @ https://zhuanlan.zhihu.com/api//v4/search/preset_words:0
[45979452ms] [ERROR] getRemotePresetWords Failed to fetch @ https://unpkg.zhimg.com/@cfe/sentry-script@1.3.1/dist/init.js:0
[45979453ms] [ERROR] Failed to load resource: net::ERR_NAME_NOT_RESOLVED @ https://zhuanlan.zhihu.com/api//v4/search/preset_words:0
[45979453ms] [ERROR] getRemotePresetWords Failed to fetch @ https://unpkg.zhimg.com/@cfe/sentry-script@1.3.1/dist/init.js:0
[45979453ms] [ERROR] Failed to load resource: net::ERR_NAME_NOT_RESOLVED @ https://zhuanlan.zhihu.com/api//v4/search/preset_words:0
[45979453ms] [ERROR] getRemotePresetWords Failed to fetch @ https://unpkg.zhimg.com/@cfe/sentry-script@1.3.1/dist/init.js:0
[45979455ms] TypeError: Cannot read properties of null (reading 'words')
    at https://static.zhihu.com/heifetz/column.app.a44c7d68cb8f3344fef7.js:1:1443049
[45979455ms] TypeError: Cannot read properties of null (reading 'words')
    at https://static.zhihu.com/heifetz/column.app.a44c7d68cb8f3344fef7.js:1:1443049
[45979455ms] TypeError: Cannot read properties of null (reading 'words')
    at https://static.zhihu.com/heifetz/column.app.a44c7d68cb8f3344fef7.js:1:1443049
[45979455ms] TypeError: Cannot read properties of null (reading 'words')
    at https://static.zhihu.com/heifetz/column.app.a44c7d68cb8f3344fef7.js:1:1443049
[46009457ms] [ERROR] Failed to load resource: net::ERR_NAME_NOT_RESOLVED @ https://zhuanlan.zhihu.com/api//v4/search/preset_words:0
[46009457ms] [ERROR] getRemotePresetWords Failed to fetch @ https://unpkg.zhimg.com/@cfe/sentry-script@1.3.1/dist/init.js:0
[46009457ms] [ERROR] Failed to load resource: net::ERR_NAME_NOT_RESOLVED @ https://zhuanlan.zhihu.com/api//v4/search/preset_words:0
[46009457ms] [ERROR] getRemotePresetWords Failed to fetch @ https://unpkg.zhimg.com/@cfe/sentry-script@1.3.1/dist/init.js:0
[46009459ms] TypeError: Cannot read properties of null (reading 'words')
    at https://static.zhihu.com/heifetz/column.app.a44c7d68cb8f3344fef7.js:1:1443049
[46009460ms] TypeError: Cannot read properties of null (reading 'words')
    at https://static.zhihu.com/heifetz/column.app.a44c7d68cb8f3344fef7.js:1:1443049
[46009458ms] [ERROR] Failed to load resource: net::ERR_NAME_NOT_RESOLVED @ https://zhuanlan.zhihu.com/api//v4/search/preset_words:0
[46009459ms] [ERROR] getRemotePresetWords Failed to fetch @ https://unpkg.zhimg.com/@cfe/sentry-script@1.3.1/dist/init.js:0
[46009459ms] [ERROR] Failed to load resource: net::ERR_NAME_NOT_RESOLVED @ https://zhuanlan.zhihu.com/api//v4/search/preset_words:0
[46009459ms] [ERROR] getRemotePresetWords Failed to fetch @ https://unpkg.zhimg.com/@cfe/sentry-script@1.3.1/dist/init.js:0
[46009460ms] TypeError: Cannot read properties of null (reading 'words')
    at https://static.zhihu.com/heifetz/column.app.a44c7d68cb8f3344fef7.js:1:1443049
[46009460ms] TypeError: Cannot read properties of null (reading 'words')
    at https://static.zhihu.com/heifetz/column.app.a44c7d68cb8f3344fef7.js:1:1443049
[46039462ms] [ERROR] Failed to load resource: net::ERR_NAME_NOT_RESOLVED @ https://zhuanlan.zhihu.com/api//v4/search/preset_words:0
[46039462ms] [ERROR] getRemotePresetWords Failed to fetch @ https://unpkg.zhimg.com/@cfe/sentry-script@1.3.1/dist/init.js:0
[46039463ms] [ERROR] Failed to load resource: net::ERR_NAME_NOT_RESOLVED @ https://zhuanlan.zhihu.com/api//v4/search/preset_words:0
[46039463ms] [ERROR] getRemotePresetWords Failed to fetch @ https://unpkg.zhimg.com/@cfe/sentry-script@1.3.1/dist/init.js:0
[46039463ms] [ERROR] Failed to load resource: net::ERR_NAME_NOT_RESOLVED @ https://zhuanlan.zhihu.com/api//v4/search/preset_words:0
[46039463ms] [ERROR] getRemotePresetWords Failed to fetch @ https://unpkg.zhimg.com/@cfe/sentry-script@1.3.1/dist/init.js:0
[46039464ms] TypeError: Cannot read properties of null (reading 'words')
    at https://static.zhihu.com/heifetz/column.app.a44c7d68cb8f3344fef7.js:1:1443049
[46039464ms] TypeError: Cannot read properties of null (reading 'words')
    at https://static.zhihu.com/heifetz/column.app.a44c7d68cb8f3344fef7.js:1:1443049
[46039464ms] TypeError: Cannot read properties of null (reading 'words')
    at https://static.zhihu.com/heifetz/column.app.a44c7d68cb8f3344fef7.js:1:1443049
[46069465ms] [ERROR] Failed to load resource: net::ERR_NAME_NOT_RESOLVED @ https://zhuanlan.zhihu.com/api//v4/search/preset_words:0
[46069465ms] [ERROR] getRemotePresetWords Failed to fetch @ https://unpkg.zhimg.com/@cfe/sentry-script@1.3.1/dist/init.js:0
[46069465ms] [ERROR] Failed to load resource: net::ERR_NAME_NOT_RESOLVED @ https://zhuanlan.zhihu.com/api//v4/search/preset_words:0
[46069465ms] [ERROR] getRemotePresetWords Failed to fetch @ https://unpkg.zhimg.com/@cfe/sentry-script@1.3.1/dist/init.js:0
[46069466ms] [ERROR] Failed to load resource: net::ERR_NAME_NOT_RESOLVED @ https://zhuanlan.zhihu.com/api//v4/search/preset_words:0
[46069466ms] [ERROR] getRemotePresetWords Failed to fetch @ https://unpkg.zhimg.com/@cfe/sentry-script@1.3.1/dist/init.js:0
[46069468ms] TypeError: Cannot read properties of null (reading 'words')
    at https://static.zhihu.com/heifetz/column.app.a44c7d68cb8f3344fef7.js:1:1443049
[46069466ms] [ERROR] Failed to load resource: net::ERR_NAME_NOT_RESOLVED @ https://zhuanlan.zhihu.com/api//v4/search/preset_words:0
[46069466ms] [ERROR] getRemotePresetWords Failed to fetch @ https://unpkg.zhimg.com/@cfe/sentry-script@1.3.1/dist/init.js:0
[46069468ms] TypeError: Cannot read properties of null (reading 'words')
    at https://static.zhihu.com/heifetz/column.app.a44c7d68cb8f3344fef7.js:1:1443049
[46069468ms] TypeError: Cannot read properties of null (reading 'words')
    at https://static.zhihu.com/heifetz/column.app.a44c7d68cb8f3344fef7.js:1:1443049
[46069468ms] TypeError: Cannot read properties of null (reading 'words')
    at https://static.zhihu.com/heifetz/column.app.a44c7d68cb8f3344fef7.js:1:1443049
[46099471ms] [ERROR] Failed to load resource: net::ERR_NAME_NOT_RESOLVED @ https://zhuanlan.zhihu.com/api//v4/search/preset_words:0
[46099471ms] [ERROR] getRemotePresetWords Failed to fetch @ https://unpkg.zhimg.com/@cfe/sentry-script@1.3.1/dist/init.js:0
[46099472ms] [ERROR] Failed to load resource: net::ERR_NAME_NOT_RESOLVED @ https://zhuanlan.zhihu.com/api//v4/search/preset_words:0
[46099472ms] [ERROR] getRemotePresetWords Failed to fetch @ https://unpkg.zhimg.com/@cfe/sentry-script@1.3.1/dist/init.js:0
[46099472ms] [ERROR] Failed to load resource: net::ERR_NAME_NOT_RESOLVED @ https://zhuanlan.zhihu.com/api//v4/search/preset_words:0
[46099472ms] [ERROR] getRemotePresetWords Failed to fetch @ https://unpkg.zhimg.com/@cfe/sentry-script@1.3.1/dist/init.js:0
[46099472ms] [ERROR] Failed to load resource: net::ERR_NAME_NOT_RESOLVED @ https://zhuanlan.zhihu.com/api//v4/search/preset_words:0
[46099472ms] [ERROR] getRemotePresetWords Failed to fetch @ https://unpkg.zhimg.com/@cfe/sentry-script@1.3.1/dist/init.js:0
[46099473ms] TypeError: Cannot read properties of null (reading 'words')
    at https://static.zhihu.com/heifetz/column.app.a44c7d68cb8f3344fef7.js:1:1443049
[46099473ms] TypeError: Cannot read properties of null (reading 'words')
    at https://static.zhihu.com/heifetz/column.app.a44c7d68cb8f3344fef7.js:1:1443049
[46099474ms] TypeError: Cannot read properties of null (reading 'words')
    at https://static.zhihu.com/heifetz/column.app.a44c7d68cb8f3344fef7.js:1:1443049
[46099474ms] TypeError: Cannot read properties of null (reading 'words')
    at https://static.zhihu.com/heifetz/column.app.a44c7d68cb8f3344fef7.js:1:1443049
[46129475ms] [ERROR] Failed to load resource: net::ERR_NAME_NOT_RESOLVED @ https://zhuanlan.zhihu.com/api//v4/search/preset_words:0
[46129476ms] [ERROR] getRemotePresetWords Failed to fetch @ https://unpkg.zhimg.com/@cfe/sentry-script@1.3.1/dist/init.js:0
[46129476ms] [ERROR] Failed to load resource: net::ERR_NAME_NOT_RESOLVED @ https://zhuanlan.zhihu.com/api//v4/search/preset_words:0
[46129476ms] [ERROR] getRemotePresetWords Failed to fetch @ https://unpkg.zhimg.com/@cfe/sentry-script@1.3.1/dist/init.js:0
[46129479ms] TypeError: Cannot read properties of null (reading 'words')
    at https://static.zhihu.com/heifetz/column.app.a44c7d68cb8f3344fef7.js:1:1443049
[46129477ms] [ERROR] Failed to load resource: net::ERR_NAME_NOT_RESOLVED @ https://zhuanlan.zhihu.com/api//v4/search/preset_words:0
[46129477ms] [ERROR] getRemotePresetWords Failed to fetch @ https://unpkg.zhimg.com/@cfe/sentry-script@1.3.1/dist/init.js:0
[46129479ms] TypeError: Cannot read properties of null (reading 'words')
    at https://static.zhihu.com/heifetz/column.app.a44c7d68cb8f3344fef7.js:1:1443049
[46129477ms] [ERROR] Failed to load resource: net::ERR_NAME_NOT_RESOLVED @ https://zhuanlan.zhihu.com/api//v4/search/preset_words:0
[46129478ms] [ERROR] getRemotePresetWords Failed to fetch @ https://unpkg.zhimg.com/@cfe/sentry-script@1.3.1/dist/init.js:0
[46129479ms] TypeError: Cannot read properties of null (reading 'words')
    at https://static.zhihu.com/heifetz/column.app.a44c7d68cb8f3344fef7.js:1:1443049
[46129479ms] TypeError: Cannot read properties of null (reading 'words')
    at https://static.zhihu.com/heifetz/column.app.a44c7d68cb8f3344fef7.js:1:1443049
[46159482ms] [ERROR] Failed to load resource: net::ERR_NAME_NOT_RESOLVED @ https://zhuanlan.zhihu.com/api//v4/search/preset_words:0
[46159482ms] [ERROR] getRemotePresetWords Failed to fetch @ https://unpkg.zhimg.com/@cfe/sentry-script@1.3.1/dist/init.js:0
[46159482ms] [ERROR] Failed to load resource: net::ERR_NAME_NOT_RESOLVED @ https://zhuanlan.zhihu.com/api//v4/search/preset_words:0
[46159483ms] [ERROR] getRemotePresetWords Failed to fetch @ https://unpkg.zhimg.com/@cfe/sentry-script@1.3.1/dist/init.js:0
[46159483ms] [ERROR] Failed to load resource: net::ERR_NAME_NOT_RESOLVED @ https://zhuanlan.zhihu.com/api//v4/search/preset_words:0
[46159483ms] [ERROR] getRemotePresetWords Failed to fetch @ https://unpkg.zhimg.com/@cfe/sentry-script@1.3.1/dist/init.js:0
[46159484ms] TypeError: Cannot read properties of null (reading 'words')
    at https://static.zhihu.com/heifetz/column.app.a44c7d68cb8f3344fef7.js:1:1443049
[46159485ms] TypeError: Cannot read properties of null (reading 'words')
    at https://static.zhihu.com/heifetz/column.app.a44c7d68cb8f3344fef7.js:1:1443049
[46159485ms] TypeError: Cannot read properties of null (reading 'words')
    at https://static.zhihu.com/heifetz/column.app.a44c7d68cb8f3344fef7.js:1:1443049
[46189486ms] [ERROR] Failed to load resource: net::ERR_NAME_NOT_RESOLVED @ https://zhuanlan.zhihu.com/api//v4/search/preset_words:0
[46189487ms] [ERROR] getRemotePresetWords Failed to fetch @ https://unpkg.zhimg.com/@cfe/sentry-script@1.3.1/dist/init.js:0
[46189487ms] [ERROR] Failed to load resource: net::ERR_NAME_NOT_RESOLVED @ https://zhuanlan.zhihu.com/api//v4/search/preset_words:0
[46189487ms] [ERROR] getRemotePresetWords Failed to fetch @ https://unpkg.zhimg.com/@cfe/sentry-script@1.3.1/dist/init.js:0
[46189490ms] TypeError: Cannot read properties of null (reading 'words')
    at https://static.zhihu.com/heifetz/column.app.a44c7d68cb8f3344fef7.js:1:1443049
[46189488ms] [ERROR] Failed to load resource: net::ERR_NAME_NOT_RESOLVED @ https://zhuanlan.zhihu.com/api//v4/search/preset_words:0
[46189488ms] [ERROR] getRemotePresetWords Failed to fetch @ https://unpkg.zhimg.com/@cfe/sentry-script@1.3.1/dist/init.js:0
[46189490ms] TypeError: Cannot read properties of null (reading 'words')
    at https://static.zhihu.com/heifetz/column.app.a44c7d68cb8f3344fef7.js:1:1443049
[46189489ms] [ERROR] Failed to load resource: net::ERR_NAME_NOT_RESOLVED @ https://zhuanlan.zhihu.com/api//v4/search/preset_words:0
[46189489ms] [ERROR] getRemotePresetWords Failed to fetch @ https://unpkg.zhimg.com/@cfe/sentry-script@1.3.1/dist/init.js:0
[46189490ms] TypeError: Cannot read properties of null (reading 'words')
    at https://static.zhihu.com/heifetz/column.app.a44c7d68cb8f3344fef7.js:1:1443049
[46189491ms] TypeError: Cannot read properties of null (reading 'words')
    at https://static.zhihu.com/heifetz/column.app.a44c7d68cb8f3344fef7.js:1:1443049
[46219493ms] [ERROR] Failed to load resource: net::ERR_NAME_NOT_RESOLVED @ https://zhuanlan.zhihu.com/api//v4/search/preset_words:0
[46219493ms] [ERROR] getRemotePresetWords Failed to fetch @ https://unpkg.zhimg.com/@cfe/sentry-script@1.3.1/dist/init.js:0
[46219494ms] [ERROR] Failed to load resource: net::ERR_NAME_NOT_RESOLVED @ https://zhuanlan.zhihu.com/api//v4/search/preset_words:0
[46219494ms] [ERROR] getRemotePresetWords Failed to fetch @ https://unpkg.zhimg.com/@cfe/sentry-script@1.3.1/dist/init.js:0
[46219494ms] [ERROR] Failed to load resource: net::ERR_NAME_NOT_RESOLVED @ https://zhuanlan.zhihu.com/api//v4/search/preset_words:0
[46219494ms] [ERROR] getRemotePresetWords Failed to fetch @ https://unpkg.zhimg.com/@cfe/sentry-script@1.3.1/dist/init.js:0
[46219494ms] [ERROR] Failed to load resource: net::ERR_NAME_NOT_RESOLVED @ https://zhuanlan.zhihu.com/api//v4/search/preset_words:0
[46219494ms] [ERROR] getRemotePresetWords Failed to fetch @ https://unpkg.zhimg.com/@cfe/sentry-script@1.3.1/dist/init.js:0
[46219495ms] TypeError: Cannot read properties of null (reading 'words')
    at https://static.zhihu.com/heifetz/column.app.a44c7d68cb8f3344fef7.js:1:1443049
[46219495ms] TypeError: Cannot read properties of null (reading 'words')
    at https://static.zhihu.com/heifetz/column.app.a44c7d68cb8f3344fef7.js:1:1443049
[46219496ms] TypeError: Cannot read properties of null (reading 'words')
    at https://static.zhihu.com/heifetz/column.app.a44c7d68cb8f3344fef7.js:1:1443049
[46219496ms] TypeError: Cannot read properties of null (reading 'words')
    at https://static.zhihu.com/heifetz/column.app.a44c7d68cb8f3344fef7.js:1:1443049
[46249497ms] [ERROR] Failed to load resource: net::ERR_NAME_NOT_RESOLVED @ https://zhuanlan.zhihu.com/api//v4/search/preset_words:0
[46249497ms] [ERROR] getRemotePresetWords Failed to fetch @ https://unpkg.zhimg.com/@cfe/sentry-script@1.3.1/dist/init.js:0
[46249499ms] TypeError: Cannot read properties of null (reading 'words')
    at https://static.zhihu.com/heifetz/column.app.a44c7d68cb8f3344fef7.js:1:1443049
[46249498ms] [ERROR] Failed to load resource: net::ERR_NAME_NOT_RESOLVED @ https://zhuanlan.zhihu.com/api//v4/search/preset_words:0
[46249498ms] [ERROR] getRemotePresetWords Failed to fetch @ https://unpkg.zhimg.com/@cfe/sentry-script@1.3.1/dist/init.js:0
[46249498ms] [ERROR] Failed to load resource: net::ERR_NAME_NOT_RESOLVED @ https://zhuanlan.zhihu.com/api//v4/search/preset_words:0
[46249498ms] [ERROR] getRemotePresetWords Failed to fetch @ https://unpkg.zhimg.com/@cfe/sentry-script@1.3.1/dist/init.js:0
[46249498ms] [ERROR] Failed to load resource: net::ERR_NAME_NOT_RESOLVED @ https://zhuanlan.zhihu.com/api//v4/search/preset_words:0
[46249498ms] [ERROR] getRemotePresetWords Failed to fetch @ https://unpkg.zhimg.com/@cfe/sentry-script@1.3.1/dist/init.js:0
[46249500ms] TypeError: Cannot read properties of null (reading 'words')
    at https://static.zhihu.com/heifetz/column.app.a44c7d68cb8f3344fef7.js:1:1443049
[46249500ms] TypeError: Cannot read properties of null (reading 'words')
    at https://static.zhihu.com/heifetz/column.app.a44c7d68cb8f3344fef7.js:1:1443049
[46249500ms] TypeError: Cannot read properties of null (reading 'words')
    at https://static.zhihu.com/heifetz/column.app.a44c7d68cb8f3344fef7.js:1:1443049
[46279502ms] [ERROR] Failed to load resource: net::ERR_NAME_NOT_RESOLVED @ https://zhuanlan.zhihu.com/api//v4/search/preset_words:0
[46279502ms] [ERROR] getRemotePresetWords Failed to fetch @ https://unpkg.zhimg.com/@cfe/sentry-script@1.3.1/dist/init.js:0
[46279502ms] [ERROR] Failed to load resource: net::ERR_NAME_NOT_RESOLVED @ https://zhuanlan.zhihu.com/api//v4/search/preset_words:0
[46279503ms] [ERROR] getRemotePresetWords Failed to fetch @ https://unpkg.zhimg.com/@cfe/sentry-script@1.3.1/dist/init.js:0
[46279503ms] [ERROR] Failed to load resource: net::ERR_NAME_NOT_RESOLVED @ https://zhuanlan.zhihu.com/api//v4/search/preset_words:0
[46279503ms] [ERROR] getRemotePresetWords Failed to fetch @ https://unpkg.zhimg.com/@cfe/sentry-script@1.3.1/dist/init.js:0
[46279504ms] TypeError: Cannot read properties of null (reading 'words')
    at https://static.zhihu.com/heifetz/column.app.a44c7d68cb8f3344fef7.js:1:1443049
[46279504ms] TypeError: Cannot read properties of null (reading 'words')
    at https://static.zhihu.com/heifetz/column.app.a44c7d68cb8f3344fef7.js:1:1443049
[46279504ms] TypeError: Cannot read properties of null (reading 'words')
    at https://static.zhihu.com/heifetz/column.app.a44c7d68cb8f3344fef7.js:1:1443049
[46309506ms] [ERROR] Failed to load resource: net::ERR_NAME_NOT_RESOLVED @ https://zhuanlan.zhihu.com/api//v4/search/preset_words:0
[46309506ms] [ERROR] getRemotePresetWords Failed to fetch @ https://unpkg.zhimg.com/@cfe/sentry-script@1.3.1/dist/init.js:0
[46309506ms] [ERROR] Failed to load resource: net::ERR_NAME_NOT_RESOLVED @ https://zhuanlan.zhihu.com/api//v4/search/preset_words:0
[46309506ms] [ERROR] getRemotePresetWords Failed to fetch @ https://unpkg.zhimg.com/@cfe/sentry-script@1.3.1/dist/init.js:0
[46309507ms] [ERROR] Failed to load resource: net::ERR_NAME_NOT_RESOLVED @ https://zhuanlan.zhihu.com/api//v4/search/preset_words:0
[46309507ms] [ERROR] getRemotePresetWords Failed to fetch @ https://unpkg.zhimg.com/@cfe/sentry-script@1.3.1/dist/init.js:0
[46309509ms] TypeError: Cannot read properties of null (reading 'words')
    at https://static.zhihu.com/heifetz/column.app.a44c7d68cb8f3344fef7.js:1:1443049
[46309507ms] [ERROR] Failed to load resource: net::ERR_NAME_NOT_RESOLVED @ https://zhuanlan.zhihu.com/api//v4/search/preset_words:0
[46309508ms] [ERROR] getRemotePresetWords Failed to fetch @ https://unpkg.zhimg.com/@cfe/sentry-script@1.3.1/dist/init.js:0
[46309509ms] TypeError: Cannot read properties of null (reading 'words')
    at https://static.zhihu.com/heifetz/column.app.a44c7d68cb8f3344fef7.js:1:1443049
[46309509ms] TypeError: Cannot read properties of null (reading 'words')
    at https://static.zhihu.com/heifetz/column.app.a44c7d68cb8f3344fef7.js:1:1443049
[46309509ms] TypeError: Cannot read properties of null (reading 'words')
    at https://static.zhihu.com/heifetz/column.app.a44c7d68cb8f3344fef7.js:1:1443049
[46339510ms] [ERROR] Failed to load resource: net::ERR_NAME_NOT_RESOLVED @ https://zhuanlan.zhihu.com/api//v4/search/preset_words:0
[46339510ms] [ERROR] getRemotePresetWords Failed to fetch @ https://unpkg.zhimg.com/@cfe/sentry-script@1.3.1/dist/init.js:0
[46339511ms] [ERROR] Failed to load resource: net::ERR_NAME_NOT_RESOLVED @ https://zhuanlan.zhihu.com/api//v4/search/preset_words:0
[46339511ms] [ERROR] getRemotePresetWords Failed to fetch @ https://unpkg.zhimg.com/@cfe/sentry-script@1.3.1/dist/init.js:0
[46339511ms] [ERROR] Failed to load resource: net::ERR_NAME_NOT_RESOLVED @ https://zhuanlan.zhihu.com/api//v4/search/preset_words:0
[46339511ms] [ERROR] getRemotePresetWords Failed to fetch @ https://unpkg.zhimg.com/@cfe/sentry-script@1.3.1/dist/init.js:0
[46339513ms] TypeError: Cannot read properties of null (reading 'words')
    at https://static.zhihu.com/heifetz/column.app.a44c7d68cb8f3344fef7.js:1:1443049
[46339512ms] [ERROR] Failed to load resource: net::ERR_NAME_NOT_RESOLVED @ https://zhuanlan.zhihu.com/api//v4/search/preset_words:0
[46339512ms] [ERROR] getRemotePresetWords Failed to fetch @ https://unpkg.zhimg.com/@cfe/sentry-script@1.3.1/dist/init.js:0
[46339513ms] TypeError: Cannot read properties of null (reading 'words')
    at https://static.zhihu.com/heifetz/column.app.a44c7d68cb8f3344fef7.js:1:1443049
[46339513ms] TypeError: Cannot read properties of null (reading 'words')
    at https://static.zhihu.com/heifetz/column.app.a44c7d68cb8f3344fef7.js:1:1443049
[46339513ms] TypeError: Cannot read properties of null (reading 'words')
    at https://static.zhihu.com/heifetz/column.app.a44c7d68cb8f3344fef7.js:1:1443049
[46369513ms] [ERROR] Failed to load resource: net::ERR_NAME_NOT_RESOLVED @ https://zhuanlan.zhihu.com/api//v4/search/preset_words:0
[46369514ms] [ERROR] getRemotePresetWords Failed to fetch @ https://unpkg.zhimg.com/@cfe/sentry-script@1.3.1/dist/init.js:0
[46369514ms] [ERROR] Failed to load resource: net::ERR_NAME_NOT_RESOLVED @ https://zhuanlan.zhihu.com/api//v4/search/preset_words:0
[46369514ms] [ERROR] getRemotePresetWords Failed to fetch @ https://unpkg.zhimg.com/@cfe/sentry-script@1.3.1/dist/init.js:0
[46369516ms] TypeError: Cannot read properties of null (reading 'words')
    at https://static.zhihu.com/heifetz/column.app.a44c7d68cb8f3344fef7.js:1:1443049
[46369515ms] [ERROR] Failed to load resource: net::ERR_NAME_NOT_RESOLVED @ https://zhuanlan.zhihu.com/api//v4/search/preset_words:0
[46369515ms] [ERROR] getRemotePresetWords Failed to fetch @ https://unpkg.zhimg.com/@cfe/sentry-script@1.3.1/dist/init.js:0
[46369517ms] TypeError: Cannot read properties of null (reading 'words')
    at https://static.zhihu.com/heifetz/column.app.a44c7d68cb8f3344fef7.js:1:1443049
[46369515ms] [ERROR] Failed to load resource: net::ERR_NAME_NOT_RESOLVED @ https://zhuanlan.zhihu.com/api//v4/search/preset_words:0
[46369515ms] [ERROR] getRemotePresetWords Failed to fetch @ https://unpkg.zhimg.com/@cfe/sentry-script@1.3.1/dist/init.js:0
[46369517ms] TypeError: Cannot read properties of null (reading 'words')
    at https://static.zhihu.com/heifetz/column.app.a44c7d68cb8f3344fef7.js:1:1443049
[46369517ms] TypeError: Cannot read properties of null (reading 'words')
    at https://static.zhihu.com/heifetz/column.app.a44c7d68cb8f3344fef7.js:1:1443049
[46399518ms] [ERROR] Failed to load resource: net::ERR_NAME_NOT_RESOLVED @ https://zhuanlan.zhihu.com/api//v4/search/preset_words:0
[46399518ms] [ERROR] getRemotePresetWords Failed to fetch @ https://unpkg.zhimg.com/@cfe/sentry-script@1.3.1/dist/init.js:0
[46399519ms] [ERROR] Failed to load resource: net::ERR_NAME_NOT_RESOLVED @ https://zhuanlan.zhihu.com/api//v4/search/preset_words:0
[46399519ms] [ERROR] getRemotePresetWords Failed to fetch @ https://unpkg.zhimg.com/@cfe/sentry-script@1.3.1/dist/init.js:0
[46399519ms] [ERROR] Failed to load resource: net::ERR_NAME_NOT_RESOLVED @ https://zhuanlan.zhihu.com/api//v4/search/preset_words:0
[46399519ms] [ERROR] getRemotePresetWords Failed to fetch @ https://unpkg.zhimg.com/@cfe/sentry-script@1.3.1/dist/init.js:0
[46399520ms] TypeError: Cannot read properties of null (reading 'words')
    at https://static.zhihu.com/heifetz/column.app.a44c7d68cb8f3344fef7.js:1:1443049
[46399520ms] TypeError: Cannot read properties of null (reading 'words')
    at https://static.zhihu.com/heifetz/column.app.a44c7d68cb8f3344fef7.js:1:1443049
[46399520ms] TypeError: Cannot read properties of null (reading 'words')
    at https://static.zhihu.com/heifetz/column.app.a44c7d68cb8f3344fef7.js:1:1443049
[46429521ms] [ERROR] Failed to load resource: net::ERR_NAME_NOT_RESOLVED @ https://zhuanlan.zhihu.com/api//v4/search/preset_words:0
[46429522ms] [ERROR] getRemotePresetWords Failed to fetch @ https://unpkg.zhimg.com/@cfe/sentry-script@1.3.1/dist/init.js:0
[46429522ms] [ERROR] Failed to load resource: net::ERR_NAME_NOT_RESOLVED @ https://zhuanlan.zhihu.com/api//v4/search/preset_words:0
[46429522ms] [ERROR] getRemotePresetWords Failed to fetch @ https://unpkg.zhimg.com/@cfe/sentry-script@1.3.1/dist/init.js:0
[46429522ms] [ERROR] Failed to load resource: net::ERR_NAME_NOT_RESOLVED @ https://zhuanlan.zhihu.com/api//v4/search/preset_words:0
[46429522ms] [ERROR] getRemotePresetWords Failed to fetch @ https://unpkg.zhimg.com/@cfe/sentry-script@1.3.1/dist/init.js:0
[46429525ms] TypeError: Cannot read properties of null (reading 'words')
    at https://static.zhihu.com/heifetz/column.app.a44c7d68cb8f3344fef7.js:1:1443049
[46429525ms] TypeError: Cannot read properties of null (reading 'words')
    at https://static.zhihu.com/heifetz/column.app.a44c7d68cb8f3344fef7.js:1:1443049
[46429523ms] [ERROR] Failed to load resource: net::ERR_NAME_NOT_RESOLVED @ https://zhuanlan.zhihu.com/api//v4/search/preset_words:0
[46429523ms] [ERROR] getRemotePresetWords Failed to fetch @ https://unpkg.zhimg.com/@cfe/sentry-script@1.3.1/dist/init.js:0
[46429525ms] TypeError: Cannot read properties of null (reading 'words')
    at https://static.zhihu.com/heifetz/column.app.a44c7d68cb8f3344fef7.js:1:1443049
[46429525ms] TypeError: Cannot read properties of null (reading 'words')
    at https://static.zhihu.com/heifetz/column.app.a44c7d68cb8f3344fef7.js:1:1443049
[46459526ms] [ERROR] Failed to load resource: net::ERR_NAME_NOT_RESOLVED @ https://zhuanlan.zhihu.com/api//v4/search/preset_words:0
[46459526ms] [ERROR] getRemotePresetWords Failed to fetch @ https://unpkg.zhimg.com/@cfe/sentry-script@1.3.1/dist/init.js:0
[46459527ms] [ERROR] Failed to load resource: net::ERR_NAME_NOT_RESOLVED @ https://zhuanlan.zhihu.com/api//v4/search/preset_words:0
[46459527ms] [ERROR] getRemotePresetWords Failed to fetch @ https://unpkg.zhimg.com/@cfe/sentry-script@1.3.1/dist/init.js:0
[46459527ms] [ERROR] Failed to load resource: net::ERR_NAME_NOT_RESOLVED @ https://zhuanlan.zhihu.com/api//v4/search/preset_words:0
[46459527ms] [ERROR] getRemotePresetWords Failed to fetch @ https://unpkg.zhimg.com/@cfe/sentry-script@1.3.1/dist/init.js:0
[46459527ms] [ERROR] Failed to load resource: net::ERR_NAME_NOT_RESOLVED @ https://zhuanlan.zhihu.com/api//v4/search/preset_words:0
[46459527ms] [ERROR] getRemotePresetWords Failed to fetch @ https://unpkg.zhimg.com/@cfe/sentry-script@1.3.1/dist/init.js:0
[46459529ms] TypeError: Cannot read properties of null (reading 'words')
    at https://static.zhihu.com/heifetz/column.app.a44c7d68cb8f3344fef7.js:1:1443049
[46459529ms] TypeError: Cannot read properties of null (reading 'words')
    at https://static.zhihu.com/heifetz/column.app.a44c7d68cb8f3344fef7.js:1:1443049
[46459529ms] TypeError: Cannot read properties of null (reading 'words')
    at https://static.zhihu.com/heifetz/column.app.a44c7d68cb8f3344fef7.js:1:1443049
[46459529ms] TypeError: Cannot read properties of null (reading 'words')
    at https://static.zhihu.com/heifetz/column.app.a44c7d68cb8f3344fef7.js:1:1443049
[46489531ms] [ERROR] Failed to load resource: net::ERR_NAME_NOT_RESOLVED @ https://zhuanlan.zhihu.com/api//v4/search/preset_words:0
[46489531ms] [ERROR] getRemotePresetWords Failed to fetch @ https://unpkg.zhimg.com/@cfe/sentry-script@1.3.1/dist/init.js:0
[46489533ms] TypeError: Cannot read properties of null (reading 'words')
    at https://static.zhihu.com/heifetz/column.app.a44c7d68cb8f3344fef7.js:1:1443049
[46489532ms] [ERROR] Failed to load resource: net::ERR_NAME_NOT_RESOLVED @ https://zhuanlan.zhihu.com/api//v4/search/preset_words:0
[46489532ms] [ERROR] getRemotePresetWords Failed to fetch @ https://unpkg.zhimg.com/@cfe/sentry-script@1.3.1/dist/init.js:0
[46489532ms] [ERROR] Failed to load resource: net::ERR_NAME_NOT_RESOLVED @ https://zhuanlan.zhihu.com/api//v4/search/preset_words:0
[46489532ms] [ERROR] getRemotePresetWords Failed to fetch @ https://unpkg.zhimg.com/@cfe/sentry-script@1.3.1/dist/init.js:0
[46489532ms] [ERROR] Failed to load resource: net::ERR_NAME_NOT_RESOLVED @ https://zhuanlan.zhihu.com/api//v4/search/preset_words:0
[46489532ms] [ERROR] getRemotePresetWords Failed to fetch @ https://unpkg.zhimg.com/@cfe/sentry-script@1.3.1/dist/init.js:0
[46489534ms] TypeError: Cannot read properties of null (reading 'words')
    at https://static.zhihu.com/heifetz/column.app.a44c7d68cb8f3344fef7.js:1:1443049
[46489534ms] TypeError: Cannot read properties of null (reading 'words')
    at https://static.zhihu.com/heifetz/column.app.a44c7d68cb8f3344fef7.js:1:1443049
[46489534ms] TypeError: Cannot read properties of null (reading 'words')
    at https://static.zhihu.com/heifetz/column.app.a44c7d68cb8f3344fef7.js:1:1443049
[46519536ms] [ERROR] Failed to load resource: net::ERR_NAME_NOT_RESOLVED @ https://zhuanlan.zhihu.com/api//v4/search/preset_words:0
[46519536ms] [ERROR] getRemotePresetWords Failed to fetch @ https://unpkg.zhimg.com/@cfe/sentry-script@1.3.1/dist/init.js:0
[46519537ms] [ERROR] Failed to load resource: net::ERR_NAME_NOT_RESOLVED @ https://zhuanlan.zhihu.com/api//v4/search/preset_words:0
[46519537ms] [ERROR] getRemotePresetWords Failed to fetch @ https://unpkg.zhimg.com/@cfe/sentry-script@1.3.1/dist/init.js:0
[46519537ms] [ERROR] Failed to load resource: net::ERR_NAME_NOT_RESOLVED @ https://zhuanlan.zhihu.com/api//v4/search/preset_words:0
[46519537ms] [ERROR] getRemotePresetWords Failed to fetch @ https://unpkg.zhimg.com/@cfe/sentry-script@1.3.1/dist/init.js:0
[46519539ms] TypeError: Cannot read properties of null (reading 'words')
    at https://static.zhihu.com/heifetz/column.app.a44c7d68cb8f3344fef7.js:1:1443049
[46519539ms] TypeError: Cannot read properties of null (reading 'words')
    at https://static.zhihu.com/heifetz/column.app.a44c7d68cb8f3344fef7.js:1:1443049
[46519539ms] TypeError: Cannot read properties of null (reading 'words')
    at https://static.zhihu.com/heifetz/column.app.a44c7d68cb8f3344fef7.js:1:1443049
[46549539ms] [ERROR] Failed to load resource: net::ERR_NAME_NOT_RESOLVED @ https://zhuanlan.zhihu.com/api//v4/search/preset_words:0
[46549539ms] [ERROR] getRemotePresetWords Failed to fetch @ https://unpkg.zhimg.com/@cfe/sentry-script@1.3.1/dist/init.js:0
[46549540ms] [ERROR] Failed to load resource: net::ERR_NAME_NOT_RESOLVED @ https://zhuanlan.zhihu.com/api//v4/search/preset_words:0
[46549540ms] [ERROR] getRemotePresetWords Failed to fetch @ https://unpkg.zhimg.com/@cfe/sentry-script@1.3.1/dist/init.js:0
[46549540ms] [ERROR] Failed to load resource: net::ERR_NAME_NOT_RESOLVED @ https://zhuanlan.zhihu.com/api//v4/search/preset_words:0
[46549540ms] [ERROR] getRemotePresetWords Failed to fetch @ https://unpkg.zhimg.com/@cfe/sentry-script@1.3.1/dist/init.js:0
[46549542ms] TypeError: Cannot read properties of null (reading 'words')
    at https://static.zhihu.com/heifetz/column.app.a44c7d68cb8f3344fef7.js:1:1443049
[46549541ms] [ERROR] Failed to load resource: net::ERR_NAME_NOT_RESOLVED @ https://zhuanlan.zhihu.com/api//v4/search/preset_words:0
[46549541ms] [ERROR] getRemotePresetWords Failed to fetch @ https://unpkg.zhimg.com/@cfe/sentry-script@1.3.1/dist/init.js:0
[46549542ms] TypeError: Cannot read properties of null (reading 'words')
    at https://static.zhihu.com/heifetz/column.app.a44c7d68cb8f3344fef7.js:1:1443049
[46549542ms] TypeError: Cannot read properties of null (reading 'words')
    at https://static.zhihu.com/heifetz/column.app.a44c7d68cb8f3344fef7.js:1:1443049
[46549542ms] TypeError: Cannot read properties of null (reading 'words')
    at https://static.zhihu.com/heifetz/column.app.a44c7d68cb8f3344fef7.js:1:1443049
[46579546ms] [ERROR] Failed to load resource: net::ERR_NAME_NOT_RESOLVED @ https://zhuanlan.zhihu.com/api//v4/search/preset_words:0
[46579546ms] [ERROR] getRemotePresetWords Failed to fetch @ https://unpkg.zhimg.com/@cfe/sentry-script@1.3.1/dist/init.js:0
[46579546ms] [ERROR] Failed to load resource: net::ERR_NAME_NOT_RESOLVED @ https://zhuanlan.zhihu.com/api//v4/search/preset_words:0
[46579546ms] [ERROR] getRemotePresetWords Failed to fetch @ https://unpkg.zhimg.com/@cfe/sentry-script@1.3.1/dist/init.js:0
[46579547ms] [ERROR] Failed to load resource: net::ERR_NAME_NOT_RESOLVED @ https://zhuanlan.zhihu.com/api//v4/search/preset_words:0
[46579547ms] [ERROR] getRemotePresetWords Failed to fetch @ https://unpkg.zhimg.com/@cfe/sentry-script@1.3.1/dist/init.js:0
[46579547ms] [ERROR] Failed to load resource: net::ERR_NAME_NOT_RESOLVED @ https://zhuanlan.zhihu.com/api//v4/search/preset_words:0
[46579547ms] [ERROR] getRemotePresetWords Failed to fetch @ https://unpkg.zhimg.com/@cfe/sentry-script@1.3.1/dist/init.js:0
[46579549ms] TypeError: Cannot read properties of null (reading 'words')
    at https://static.zhihu.com/heifetz/column.app.a44c7d68cb8f3344fef7.js:1:1443049
[46579549ms] TypeError: Cannot read properties of null (reading 'words')
    at https://static.zhihu.com/heifetz/column.app.a44c7d68cb8f3344fef7.js:1:1443049
[46579549ms] TypeError: Cannot read properties of null (reading 'words')
    at https://static.zhihu.com/heifetz/column.app.a44c7d68cb8f3344fef7.js:1:1443049
[46579549ms] TypeError: Cannot read properties of null (reading 'words')
    at https://static.zhihu.com/heifetz/column.app.a44c7d68cb8f3344fef7.js:1:1443049
[46609550ms] [ERROR] Failed to load resource: net::ERR_NAME_NOT_RESOLVED @ https://zhuanlan.zhihu.com/api//v4/search/preset_words:0
[46609550ms] [ERROR] getRemotePresetWords Failed to fetch @ https://unpkg.zhimg.com/@cfe/sentry-script@1.3.1/dist/init.js:0
[46609550ms] [ERROR] Failed to load resource: net::ERR_NAME_NOT_RESOLVED @ https://zhuanlan.zhihu.com/api//v4/search/preset_words:0
[46609550ms] [ERROR] getRemotePresetWords Failed to fetch @ https://unpkg.zhimg.com/@cfe/sentry-script@1.3.1/dist/init.js:0
[46609553ms] TypeError: Cannot read properties of null (reading 'words')
    at https://static.zhihu.com/heifetz/column.app.a44c7d68cb8f3344fef7.js:1:1443049
[46609551ms] [ERROR] Failed to load resource: net::ERR_NAME_NOT_RESOLVED @ https://zhuanlan.zhihu.com/api//v4/search/preset_words:0
[46609551ms] [ERROR] getRemotePresetWords Failed to fetch @ https://unpkg.zhimg.com/@cfe/sentry-script@1.3.1/dist/init.js:0
[46609553ms] TypeError: Cannot read properties of null (reading 'words')
    at https://static.zhihu.com/heifetz/column.app.a44c7d68cb8f3344fef7.js:1:1443049
[46609552ms] [ERROR] Failed to load resource: net::ERR_NAME_NOT_RESOLVED @ https://zhuanlan.zhihu.com/api//v4/search/preset_words:0
[46609552ms] [ERROR] getRemotePresetWords Failed to fetch @ https://unpkg.zhimg.com/@cfe/sentry-script@1.3.1/dist/init.js:0
[46609553ms] TypeError: Cannot read properties of null (reading 'words')
    at https://static.zhihu.com/heifetz/column.app.a44c7d68cb8f3344fef7.js:1:1443049
[46609553ms] TypeError: Cannot read properties of null (reading 'words')
    at https://static.zhihu.com/heifetz/column.app.a44c7d68cb8f3344fef7.js:1:1443049
[46639555ms] [ERROR] Failed to load resource: net::ERR_NAME_NOT_RESOLVED @ https://zhuanlan.zhihu.com/api//v4/search/preset_words:0
[46639555ms] [ERROR] getRemotePresetWords Failed to fetch @ https://unpkg.zhimg.com/@cfe/sentry-script@1.3.1/dist/init.js:0
[46639555ms] [ERROR] Failed to load resource: net::ERR_NAME_NOT_RESOLVED @ https://zhuanlan.zhihu.com/api//v4/search/preset_words:0
[46639555ms] [ERROR] getRemotePresetWords Failed to fetch @ https://unpkg.zhimg.com/@cfe/sentry-script@1.3.1/dist/init.js:0
[46639557ms] TypeError: Cannot read properties of null (reading 'words')
    at https://static.zhihu.com/heifetz/column.app.a44c7d68cb8f3344fef7.js:1:1443049
[46639556ms] [ERROR] Failed to load resource: net::ERR_NAME_NOT_RESOLVED @ https://zhuanlan.zhihu.com/api//v4/search/preset_words:0
[46639556ms] [ERROR] getRemotePresetWords Failed to fetch @ https://unpkg.zhimg.com/@cfe/sentry-script@1.3.1/dist/init.js:0
[46639557ms] TypeError: Cannot read properties of null (reading 'words')
    at https://static.zhihu.com/heifetz/column.app.a44c7d68cb8f3344fef7.js:1:1443049
[46639557ms] TypeError: Cannot read properties of null (reading 'words')
    at https://static.zhihu.com/heifetz/column.app.a44c7d68cb8f3344fef7.js:1:1443049
[46669560ms] [ERROR] Failed to load resource: net::ERR_NAME_NOT_RESOLVED @ https://zhuanlan.zhihu.com/api//v4/search/preset_words:0
[46669560ms] [ERROR] getRemotePresetWords Failed to fetch @ https://unpkg.zhimg.com/@cfe/sentry-script@1.3.1/dist/init.js:0
[46669561ms] [ERROR] Failed to load resource: net::ERR_NAME_NOT_RESOLVED @ https://zhuanlan.zhihu.com/api//v4/search/preset_words:0
[46669561ms] [ERROR] getRemotePresetWords Failed to fetch @ https://unpkg.zhimg.com/@cfe/sentry-script@1.3.1/dist/init.js:0
[46669561ms] [ERROR] Failed to load resource: net::ERR_NAME_NOT_RESOLVED @ https://zhuanlan.zhihu.com/api//v4/search/preset_words:0
[46669561ms] [ERROR] getRemotePresetWords Failed to fetch @ https://unpkg.zhimg.com/@cfe/sentry-script@1.3.1/dist/init.js:0
[46669563ms] TypeError: Cannot read properties of null (reading 'words')
    at https://static.zhihu.com/heifetz/column.app.a44c7d68cb8f3344fef7.js:1:1443049
[46669563ms] TypeError: Cannot read properties of null (reading 'words')
    at https://static.zhihu.com/heifetz/column.app.a44c7d68cb8f3344fef7.js:1:1443049
[46669562ms] [ERROR] Failed to load resource: net::ERR_NAME_NOT_RESOLVED @ https://zhuanlan.zhihu.com/api//v4/search/preset_words:0
[46669562ms] [ERROR] getRemotePresetWords Failed to fetch @ https://unpkg.zhimg.com/@cfe/sentry-script@1.3.1/dist/init.js:0
[46669563ms] TypeError: Cannot read properties of null (reading 'words')
    at https://static.zhihu.com/heifetz/column.app.a44c7d68cb8f3344fef7.js:1:1443049
[46669563ms] TypeError: Cannot read properties of null (reading 'words')
    at https://static.zhihu.com/heifetz/column.app.a44c7d68cb8f3344fef7.js:1:1443049
[46699566ms] [ERROR] Failed to load resource: net::ERR_NAME_NOT_RESOLVED @ https://zhuanlan.zhihu.com/api//v4/search/preset_words:0
[46699566ms] [ERROR] getRemotePresetWords Failed to fetch @ https://unpkg.zhimg.com/@cfe/sentry-script@1.3.1/dist/init.js:0
[46699567ms] [ERROR] Failed to load resource: net::ERR_NAME_NOT_RESOLVED @ https://zhuanlan.zhihu.com/api//v4/search/preset_words:0
[46699567ms] [ERROR] getRemotePresetWords Failed to fetch @ https://unpkg.zhimg.com/@cfe/sentry-script@1.3.1/dist/init.js:0
[46699567ms] [ERROR] Failed to load resource: net::ERR_NAME_NOT_RESOLVED @ https://zhuanlan.zhihu.com/api//v4/search/preset_words:0
[46699567ms] [ERROR] getRemotePresetWords Failed to fetch @ https://unpkg.zhimg.com/@cfe/sentry-script@1.3.1/dist/init.js:0
[46699567ms] [ERROR] Failed to load resource: net::ERR_NAME_NOT_RESOLVED @ https://zhuanlan.zhihu.com/api//v4/search/preset_words:0
[46699567ms] [ERROR] getRemotePresetWords Failed to fetch @ https://unpkg.zhimg.com/@cfe/sentry-script@1.3.1/dist/init.js:0
[46699568ms] TypeError: Cannot read properties of null (reading 'words')
    at https://static.zhihu.com/heifetz/column.app.a44c7d68cb8f3344fef7.js:1:1443049
[46699568ms] TypeError: Cannot read properties of null (reading 'words')
    at https://static.zhihu.com/heifetz/column.app.a44c7d68cb8f3344fef7.js:1:1443049
[46699568ms] TypeError: Cannot read properties of null (reading 'words')
    at https://static.zhihu.com/heifetz/column.app.a44c7d68cb8f3344fef7.js:1:1443049
[46699568ms] TypeError: Cannot read properties of null (reading 'words')
    at https://static.zhihu.com/heifetz/column.app.a44c7d68cb8f3344fef7.js:1:1443049
[46729571ms] [ERROR] Failed to load resource: net::ERR_NAME_NOT_RESOLVED @ https://zhuanlan.zhihu.com/api//v4/search/preset_words:0
[46729571ms] [ERROR] getRemotePresetWords Failed to fetch @ https://unpkg.zhimg.com/@cfe/sentry-script@1.3.1/dist/init.js:0
[46729574ms] TypeError: Cannot read properties of null (reading 'words')
    at https://static.zhihu.com/heifetz/column.app.a44c7d68cb8f3344fef7.js:1:1443049
[46729572ms] [ERROR] Failed to load resource: net::ERR_NAME_NOT_RESOLVED @ https://zhuanlan.zhihu.com/api//v4/search/preset_words:0
[46729572ms] [ERROR] getRemotePresetWords Failed to fetch @ https://unpkg.zhimg.com/@cfe/sentry-script@1.3.1/dist/init.js:0
[46729572ms] [ERROR] Failed to load resource: net::ERR_NAME_NOT_RESOLVED @ https://zhuanlan.zhihu.com/api//v4/search/preset_words:0
[46729572ms] [ERROR] getRemotePresetWords Failed to fetch @ https://unpkg.zhimg.com/@cfe/sentry-script@1.3.1/dist/init.js:0
[46729572ms] [ERROR] Failed to load resource: net::ERR_NAME_NOT_RESOLVED @ https://zhuanlan.zhihu.com/api//v4/search/preset_words:0
[46729572ms] [ERROR] getRemotePresetWords Failed to fetch @ https://unpkg.zhimg.com/@cfe/sentry-script@1.3.1/dist/init.js:0
[46729575ms] TypeError: Cannot read properties of null (reading 'words')
    at https://static.zhihu.com/heifetz/column.app.a44c7d68cb8f3344fef7.js:1:1443049
[46729575ms] TypeError: Cannot read properties of null (reading 'words')
    at https://static.zhihu.com/heifetz/column.app.a44c7d68cb8f3344fef7.js:1:1443049
[46729575ms] TypeError: Cannot read properties of null (reading 'words')
    at https://static.zhihu.com/heifetz/column.app.a44c7d68cb8f3344fef7.js:1:1443049
[46759577ms] [ERROR] Failed to load resource: net::ERR_NAME_NOT_RESOLVED @ https://zhuanlan.zhihu.com/api//v4/search/preset_words:0
[46759577ms] [ERROR] getRemotePresetWords Failed to fetch @ https://unpkg.zhimg.com/@cfe/sentry-script@1.3.1/dist/init.js:0
[46759577ms] [ERROR] Failed to load resource: net::ERR_NAME_NOT_RESOLVED @ https://zhuanlan.zhihu.com/api//v4/search/preset_words:0
[46759577ms] [ERROR] getRemotePresetWords Failed to fetch @ https://unpkg.zhimg.com/@cfe/sentry-script@1.3.1/dist/init.js:0
[46759578ms] [ERROR] Failed to load resource: net::ERR_NAME_NOT_RESOLVED @ https://zhuanlan.zhihu.com/api//v4/search/preset_words:0
[46759578ms] [ERROR] getRemotePresetWords Failed to fetch @ https://unpkg.zhimg.com/@cfe/sentry-script@1.3.1/dist/init.js:0
[46759579ms] TypeError: Cannot read properties of null (reading 'words')
    at https://static.zhihu.com/heifetz/column.app.a44c7d68cb8f3344fef7.js:1:1443049
[46759579ms] TypeError: Cannot read properties of null (reading 'words')
    at https://static.zhihu.com/heifetz/column.app.a44c7d68cb8f3344fef7.js:1:1443049
[46759579ms] TypeError: Cannot read properties of null (reading 'words')
    at https://static.zhihu.com/heifetz/column.app.a44c7d68cb8f3344fef7.js:1:1443049
[46789581ms] [ERROR] Failed to load resource: net::ERR_NAME_NOT_RESOLVED @ https://zhuanlan.zhihu.com/api//v4/search/preset_words:0
[46789581ms] [ERROR] getRemotePresetWords Failed to fetch @ https://unpkg.zhimg.com/@cfe/sentry-script@1.3.1/dist/init.js:0
[46789582ms] [ERROR] Failed to load resource: net::ERR_NAME_NOT_RESOLVED @ https://zhuanlan.zhihu.com/api//v4/search/preset_words:0
[46789582ms] [ERROR] getRemotePresetWords Failed to fetch @ https://unpkg.zhimg.com/@cfe/sentry-script@1.3.1/dist/init.js:0
[46789582ms] [ERROR] Failed to load resource: net::ERR_NAME_NOT_RESOLVED @ https://zhuanlan.zhihu.com/api//v4/search/preset_words:0
[46789582ms] [ERROR] getRemotePresetWords Failed to fetch @ https://unpkg.zhimg.com/@cfe/sentry-script@1.3.1/dist/init.js:0
[46789584ms] TypeError: Cannot read properties of null (reading 'words')
    at https://static.zhihu.com/heifetz/column.app.a44c7d68cb8f3344fef7.js:1:1443049
[46789583ms] [ERROR] Failed to load resource: net::ERR_NAME_NOT_RESOLVED @ https://zhuanlan.zhihu.com/api//v4/search/preset_words:0
[46789583ms] [ERROR] getRemotePresetWords Failed to fetch @ https://unpkg.zhimg.com/@cfe/sentry-script@1.3.1/dist/init.js:0
[46789584ms] TypeError: Cannot read properties of null (reading 'words')
    at https://static.zhihu.com/heifetz/column.app.a44c7d68cb8f3344fef7.js:1:1443049
[46789584ms] TypeError: Cannot read properties of null (reading 'words')
    at https://static.zhihu.com/heifetz/column.app.a44c7d68cb8f3344fef7.js:1:1443049
[46789584ms] TypeError: Cannot read properties of null (reading 'words')
    at https://static.zhihu.com/heifetz/column.app.a44c7d68cb8f3344fef7.js:1:1443049
[46819588ms] [ERROR] Failed to load resource: net::ERR_NAME_NOT_RESOLVED @ https://zhuanlan.zhihu.com/api//v4/search/preset_words:0
[46819588ms] [ERROR] getRemotePresetWords Failed to fetch @ https://unpkg.zhimg.com/@cfe/sentry-script@1.3.1/dist/init.js:0
[46819588ms] [ERROR] Failed to load resource: net::ERR_NAME_NOT_RESOLVED @ https://zhuanlan.zhihu.com/api//v4/search/preset_words:0
[46819589ms] [ERROR] getRemotePresetWords Failed to fetch @ https://unpkg.zhimg.com/@cfe/sentry-script@1.3.1/dist/init.js:0
[46819589ms] [ERROR] Failed to load resource: net::ERR_NAME_NOT_RESOLVED @ https://zhuanlan.zhihu.com/api//v4/search/preset_words:0
[46819589ms] [ERROR] getRemotePresetWords Failed to fetch @ https://unpkg.zhimg.com/@cfe/sentry-script@1.3.1/dist/init.js:0
[46819589ms] [ERROR] Failed to load resource: net::ERR_NAME_NOT_RESOLVED @ https://zhuanlan.zhihu.com/api//v4/search/preset_words:0
[46819589ms] [ERROR] getRemotePresetWords Failed to fetch @ https://unpkg.zhimg.com/@cfe/sentry-script@1.3.1/dist/init.js:0
[46819591ms] TypeError: Cannot read properties of null (reading 'words')
    at https://static.zhihu.com/heifetz/column.app.a44c7d68cb8f3344fef7.js:1:1443049
[46819591ms] TypeError: Cannot read properties of null (reading 'words')
    at https://static.zhihu.com/heifetz/column.app.a44c7d68cb8f3344fef7.js:1:1443049
[46819591ms] TypeError: Cannot read properties of null (reading 'words')
    at https://static.zhihu.com/heifetz/column.app.a44c7d68cb8f3344fef7.js:1:1443049
[46819591ms] TypeError: Cannot read properties of null (reading 'words')
    at https://static.zhihu.com/heifetz/column.app.a44c7d68cb8f3344fef7.js:1:1443049
[46849590ms] [ERROR] Failed to load resource: net::ERR_NAME_NOT_RESOLVED @ https://zhuanlan.zhihu.com/api//v4/search/preset_words:0
[46849591ms] [ERROR] getRemotePresetWords Failed to fetch @ https://unpkg.zhimg.com/@cfe/sentry-script@1.3.1/dist/init.js:0
[46849594ms] TypeError: Cannot read properties of null (reading 'words')
    at https://static.zhihu.com/heifetz/column.app.a44c7d68cb8f3344fef7.js:1:1443049
[46849591ms] [ERROR] Failed to load resource: net::ERR_NAME_NOT_RESOLVED @ https://zhuanlan.zhihu.com/api//v4/search/preset_words:0
[46849592ms] [ERROR] getRemotePresetWords Failed to fetch @ https://unpkg.zhimg.com/@cfe/sentry-script@1.3.1/dist/init.js:0
[46849592ms] [ERROR] Failed to load resource: net::ERR_NAME_NOT_RESOLVED @ https://zhuanlan.zhihu.com/api//v4/search/preset_words:0
[46849592ms] [ERROR] getRemotePresetWords Failed to fetch @ https://unpkg.zhimg.com/@cfe/sentry-script@1.3.1/dist/init.js:0
[46849592ms] [ERROR] Failed to load resource: net::ERR_NAME_NOT_RESOLVED @ https://zhuanlan.zhihu.com/api//v4/search/preset_words:0
[46849592ms] [ERROR] getRemotePresetWords Failed to fetch @ https://unpkg.zhimg.com/@cfe/sentry-script@1.3.1/dist/init.js:0
[46849594ms] TypeError: Cannot read properties of null (reading 'words')
    at https://static.zhihu.com/heifetz/column.app.a44c7d68cb8f3344fef7.js:1:1443049
[46849594ms] TypeError: Cannot read properties of null (reading 'words')
    at https://static.zhihu.com/heifetz/column.app.a44c7d68cb8f3344fef7.js:1:1443049
[46849594ms] TypeError: Cannot read properties of null (reading 'words')
    at https://static.zhihu.com/heifetz/column.app.a44c7d68cb8f3344fef7.js:1:1443049
[46879597ms] [ERROR] Failed to load resource: net::ERR_NAME_NOT_RESOLVED @ https://zhuanlan.zhihu.com/api//v4/search/preset_words:0
[46879598ms] [ERROR] getRemotePresetWords Failed to fetch @ https://unpkg.zhimg.com/@cfe/sentry-script@1.3.1/dist/init.js:0
[46879598ms] [ERROR] Failed to load resource: net::ERR_NAME_NOT_RESOLVED @ https://zhuanlan.zhihu.com/api//v4/search/preset_words:0
[46879598ms] [ERROR] getRemotePresetWords Failed to fetch @ https://unpkg.zhimg.com/@cfe/sentry-script@1.3.1/dist/init.js:0
[46879598ms] [ERROR] Failed to load resource: net::ERR_NAME_NOT_RESOLVED @ https://zhuanlan.zhihu.com/api//v4/search/preset_words:0
[46879598ms] [ERROR] getRemotePresetWords Failed to fetch @ https://unpkg.zhimg.com/@cfe/sentry-script@1.3.1/dist/init.js:0
[46879599ms] TypeError: Cannot read properties of null (reading 'words')
    at https://static.zhihu.com/heifetz/column.app.a44c7d68cb8f3344fef7.js:1:1443049
[46879599ms] TypeError: Cannot read properties of null (reading 'words')
    at https://static.zhihu.com/heifetz/column.app.a44c7d68cb8f3344fef7.js:1:1443049
[46879599ms] TypeError: Cannot read properties of null (reading 'words')
    at https://static.zhihu.com/heifetz/column.app.a44c7d68cb8f3344fef7.js:1:1443049
[46909601ms] [ERROR] Failed to load resource: net::ERR_NAME_NOT_RESOLVED @ https://zhuanlan.zhihu.com/api//v4/search/preset_words:0
[46909601ms] [ERROR] getRemotePresetWords Failed to fetch @ https://unpkg.zhimg.com/@cfe/sentry-script@1.3.1/dist/init.js:0
[46909602ms] [ERROR] Failed to load resource: net::ERR_NAME_NOT_RESOLVED @ https://zhuanlan.zhihu.com/api//v4/search/preset_words:0
[46909602ms] [ERROR] getRemotePresetWords Failed to fetch @ https://unpkg.zhimg.com/@cfe/sentry-script@1.3.1/dist/init.js:0
[46909602ms] [ERROR] Failed to load resource: net::ERR_NAME_NOT_RESOLVED @ https://zhuanlan.zhihu.com/api//v4/search/preset_words:0
[46909602ms] [ERROR] getRemotePresetWords Failed to fetch @ https://unpkg.zhimg.com/@cfe/sentry-script@1.3.1/dist/init.js:0
[46909604ms] TypeError: Cannot read properties of null (reading 'words')
    at https://static.zhihu.com/heifetz/column.app.a44c7d68cb8f3344fef7.js:1:1443049
[46909603ms] [ERROR] Failed to load resource: net::ERR_NAME_NOT_RESOLVED @ https://zhuanlan.zhihu.com/api//v4/search/preset_words:0
[46909603ms] [ERROR] getRemotePresetWords Failed to fetch @ https://unpkg.zhimg.com/@cfe/sentry-script@1.3.1/dist/init.js:0
[46909604ms] TypeError: Cannot read properties of null (reading 'words')
    at https://static.zhihu.com/heifetz/column.app.a44c7d68cb8f3344fef7.js:1:1443049
[46909604ms] TypeError: Cannot read properties of null (reading 'words')
    at https://static.zhihu.com/heifetz/column.app.a44c7d68cb8f3344fef7.js:1:1443049
[46909604ms] TypeError: Cannot read properties of null (reading 'words')
    at https://static.zhihu.com/heifetz/column.app.a44c7d68cb8f3344fef7.js:1:1443049
[46939607ms] [ERROR] Failed to load resource: net::ERR_NAME_NOT_RESOLVED @ https://zhuanlan.zhihu.com/api//v4/search/preset_words:0
[46939607ms] [ERROR] getRemotePresetWords Failed to fetch @ https://unpkg.zhimg.com/@cfe/sentry-script@1.3.1/dist/init.js:0
[46939608ms] [ERROR] Failed to load resource: net::ERR_NAME_NOT_RESOLVED @ https://zhuanlan.zhihu.com/api//v4/search/preset_words:0
[46939608ms] [ERROR] getRemotePresetWords Failed to fetch @ https://unpkg.zhimg.com/@cfe/sentry-script@1.3.1/dist/init.js:0
[46939608ms] [ERROR] Failed to load resource: net::ERR_NAME_NOT_RESOLVED @ https://zhuanlan.zhihu.com/api//v4/search/preset_words:0
[46939608ms] [ERROR] getRemotePresetWords Failed to fetch @ https://unpkg.zhimg.com/@cfe/sentry-script@1.3.1/dist/init.js:0
[46939608ms] [ERROR] Failed to load resource: net::ERR_NAME_NOT_RESOLVED @ https://zhuanlan.zhihu.com/api//v4/search/preset_words:0
[46939608ms] [ERROR] getRemotePresetWords Failed to fetch @ https://unpkg.zhimg.com/@cfe/sentry-script@1.3.1/dist/init.js:0
[46939610ms] TypeError: Cannot read properties of null (reading 'words')
    at https://static.zhihu.com/heifetz/column.app.a44c7d68cb8f3344fef7.js:1:1443049
[46939610ms] TypeError: Cannot read properties of null (reading 'words')
    at https://static.zhihu.com/heifetz/column.app.a44c7d68cb8f3344fef7.js:1:1443049
[46939610ms] TypeError: Cannot read properties of null (reading 'words')
    at https://static.zhihu.com/heifetz/column.app.a44c7d68cb8f3344fef7.js:1:1443049
[46939610ms] TypeError: Cannot read properties of null (reading 'words')
    at https://static.zhihu.com/heifetz/column.app.a44c7d68cb8f3344fef7.js:1:1443049
[46969611ms] [ERROR] Failed to load resource: net::ERR_NAME_NOT_RESOLVED @ https://zhuanlan.zhihu.com/api//v4/search/preset_words:0
[46969611ms] [ERROR] getRemotePresetWords Failed to fetch @ https://unpkg.zhimg.com/@cfe/sentry-script@1.3.1/dist/init.js:0
[46969611ms] [ERROR] Failed to load resource: net::ERR_NAME_NOT_RESOLVED @ https://zhuanlan.zhihu.com/api//v4/search/preset_words:0
[46969611ms] [ERROR] getRemotePresetWords Failed to fetch @ https://unpkg.zhimg.com/@cfe/sentry-script@1.3.1/dist/init.js:0
[46969614ms] TypeError: Cannot read properties of null (reading 'words')
    at https://static.zhihu.com/heifetz/column.app.a44c7d68cb8f3344fef7.js:1:1443049
[46969614ms] TypeError: Cannot read properties of null (reading 'words')
    at https://static.zhihu.com/heifetz/column.app.a44c7d68cb8f3344fef7.js:1:1443049
[46969613ms] [ERROR] Failed to load resource: net::ERR_NAME_NOT_RESOLVED @ https://zhuanlan.zhihu.com/api//v4/search/preset_words:0
[46969613ms] [ERROR] getRemotePresetWords Failed to fetch @ https://unpkg.zhimg.com/@cfe/sentry-script@1.3.1/dist/init.js:0
[46969613ms] [ERROR] Failed to load resource: net::ERR_NAME_NOT_RESOLVED @ https://zhuanlan.zhihu.com/api//v4/search/preset_words:0
[46969613ms] [ERROR] getRemotePresetWords Failed to fetch @ https://unpkg.zhimg.com/@cfe/sentry-script@1.3.1/dist/init.js:0
[46969615ms] TypeError: Cannot read properties of null (reading 'words')
    at https://static.zhihu.com/heifetz/column.app.a44c7d68cb8f3344fef7.js:1:1443049
[46969615ms] TypeError: Cannot read properties of null (reading 'words')
    at https://static.zhihu.com/heifetz/column.app.a44c7d68cb8f3344fef7.js:1:1443049
[46999617ms] [ERROR] Failed to load resource: net::ERR_NAME_NOT_RESOLVED @ https://zhuanlan.zhihu.com/api//v4/search/preset_words:0
[46999617ms] [ERROR] getRemotePresetWords Failed to fetch @ https://unpkg.zhimg.com/@cfe/sentry-script@1.3.1/dist/init.js:0
[46999618ms] [ERROR] Failed to load resource: net::ERR_NAME_NOT_RESOLVED @ https://zhuanlan.zhihu.com/api//v4/search/preset_words:0
[46999618ms] [ERROR] getRemotePresetWords Failed to fetch @ https://unpkg.zhimg.com/@cfe/sentry-script@1.3.1/dist/init.js:0
[46999618ms] [ERROR] Failed to load resource: net::ERR_NAME_NOT_RESOLVED @ https://zhuanlan.zhihu.com/api//v4/search/preset_words:0
[46999618ms] [ERROR] getRemotePresetWords Failed to fetch @ https://unpkg.zhimg.com/@cfe/sentry-script@1.3.1/dist/init.js:0
[46999620ms] TypeError: Cannot read properties of null (reading 'words')
    at https://static.zhihu.com/heifetz/column.app.a44c7d68cb8f3344fef7.js:1:1443049
[46999620ms] TypeError: Cannot read properties of null (reading 'words')
    at https://static.zhihu.com/heifetz/column.app.a44c7d68cb8f3344fef7.js:1:1443049
[46999620ms] TypeError: Cannot read properties of null (reading 'words')
    at https://static.zhihu.com/heifetz/column.app.a44c7d68cb8f3344fef7.js:1:1443049
[47029621ms] [ERROR] Failed to load resource: net::ERR_NAME_NOT_RESOLVED @ https://zhuanlan.zhihu.com/api//v4/search/preset_words:0
[47029622ms] [ERROR] getRemotePresetWords Failed to fetch @ https://unpkg.zhimg.com/@cfe/sentry-script@1.3.1/dist/init.js:0
[47029622ms] [ERROR] Failed to load resource: net::ERR_NAME_NOT_RESOLVED @ https://zhuanlan.zhihu.com/api//v4/search/preset_words:0
[47029622ms] [ERROR] getRemotePresetWords Failed to fetch @ https://unpkg.zhimg.com/@cfe/sentry-script@1.3.1/dist/init.js:0
[47029622ms] [ERROR] Failed to load resource: net::ERR_NAME_NOT_RESOLVED @ https://zhuanlan.zhihu.com/api//v4/search/preset_words:0
[47029623ms] [ERROR] getRemotePresetWords Failed to fetch @ https://unpkg.zhimg.com/@cfe/sentry-script@1.3.1/dist/init.js:0
[47029627ms] TypeError: Cannot read properties of null (reading 'words')
    at https://static.zhihu.com/heifetz/column.app.a44c7d68cb8f3344fef7.js:1:1443049
[47029623ms] [ERROR] Failed to load resource: net::ERR_NAME_NOT_RESOLVED @ https://zhuanlan.zhihu.com/api//v4/search/preset_words:0
[47029623ms] [ERROR] getRemotePresetWords Failed to fetch @ https://unpkg.zhimg.com/@cfe/sentry-script@1.3.1/dist/init.js:0
[47029627ms] TypeError: Cannot read properties of null (reading 'words')
    at https://static.zhihu.com/heifetz/column.app.a44c7d68cb8f3344fef7.js:1:1443049
[47029627ms] TypeError: Cannot read properties of null (reading 'words')
    at https://static.zhihu.com/heifetz/column.app.a44c7d68cb8f3344fef7.js:1:1443049
[47029627ms] TypeError: Cannot read properties of null (reading 'words')
    at https://static.zhihu.com/heifetz/column.app.a44c7d68cb8f3344fef7.js:1:1443049
[47059627ms] [ERROR] Failed to load resource: net::ERR_NAME_NOT_RESOLVED @ https://zhuanlan.zhihu.com/api//v4/search/preset_words:0
[47059628ms] [ERROR] getRemotePresetWords Failed to fetch @ https://unpkg.zhimg.com/@cfe/sentry-script@1.3.1/dist/init.js:0
[47059628ms] [ERROR] Failed to load resource: net::ERR_NAME_NOT_RESOLVED @ https://zhuanlan.zhihu.com/api//v4/search/preset_words:0
[47059628ms] [ERROR] getRemotePresetWords Failed to fetch @ https://unpkg.zhimg.com/@cfe/sentry-script@1.3.1/dist/init.js:0
[47059628ms] [ERROR] Failed to load resource: net::ERR_NAME_NOT_RESOLVED @ https://zhuanlan.zhihu.com/api//v4/search/preset_words:0
[47059628ms] [ERROR] getRemotePresetWords Failed to fetch @ https://unpkg.zhimg.com/@cfe/sentry-script@1.3.1/dist/init.js:0
[47059629ms] [ERROR] Failed to load resource: net::ERR_NAME_NOT_RESOLVED @ https://zhuanlan.zhihu.com/api//v4/search/preset_words:0
[47059629ms] [ERROR] getRemotePresetWords Failed to fetch @ https://unpkg.zhimg.com/@cfe/sentry-script@1.3.1/dist/init.js:0
[47059631ms] TypeError: Cannot read properties of null (reading 'words')
    at https://static.zhihu.com/heifetz/column.app.a44c7d68cb8f3344fef7.js:1:1443049
[47059631ms] TypeError: Cannot read properties of null (reading 'words')
    at https://static.zhihu.com/heifetz/column.app.a44c7d68cb8f3344fef7.js:1:1443049
[47059631ms] TypeError: Cannot read properties of null (reading 'words')
    at https://static.zhihu.com/heifetz/column.app.a44c7d68cb8f3344fef7.js:1:1443049
[47059631ms] TypeError: Cannot read properties of null (reading 'words')
    at https://static.zhihu.com/heifetz/column.app.a44c7d68cb8f3344fef7.js:1:1443049
[47089632ms] [ERROR] Failed to load resource: net::ERR_NAME_NOT_RESOLVED @ https://zhuanlan.zhihu.com/api//v4/search/preset_words:0
[47089632ms] [ERROR] getRemotePresetWords Failed to fetch @ https://unpkg.zhimg.com/@cfe/sentry-script@1.3.1/dist/init.js:0
[47089635ms] TypeError: Cannot read properties of null (reading 'words')
    at https://static.zhihu.com/heifetz/column.app.a44c7d68cb8f3344fef7.js:1:1443049
[47089633ms] [ERROR] Failed to load resource: net::ERR_NAME_NOT_RESOLVED @ https://zhuanlan.zhihu.com/api//v4/search/preset_words:0
[47089633ms] [ERROR] getRemotePresetWords Failed to fetch @ https://unpkg.zhimg.com/@cfe/sentry-script@1.3.1/dist/init.js:0
[47089634ms] [ERROR] Failed to load resource: net::ERR_NAME_NOT_RESOLVED @ https://zhuanlan.zhihu.com/api//v4/search/preset_words:0
[47089634ms] [ERROR] getRemotePresetWords Failed to fetch @ https://unpkg.zhimg.com/@cfe/sentry-script@1.3.1/dist/init.js:0
[47089634ms] [ERROR] Failed to load resource: net::ERR_NAME_NOT_RESOLVED @ https://zhuanlan.zhihu.com/api//v4/search/preset_words:0
[47089634ms] [ERROR] getRemotePresetWords Failed to fetch @ https://unpkg.zhimg.com/@cfe/sentry-script@1.3.1/dist/init.js:0
[47089636ms] TypeError: Cannot read properties of null (reading 'words')
    at https://static.zhihu.com/heifetz/column.app.a44c7d68cb8f3344fef7.js:1:1443049
[47089636ms] TypeError: Cannot read properties of null (reading 'words')
    at https://static.zhihu.com/heifetz/column.app.a44c7d68cb8f3344fef7.js:1:1443049
[47089636ms] TypeError: Cannot read properties of null (reading 'words')
    at https://static.zhihu.com/heifetz/column.app.a44c7d68cb8f3344fef7.js:1:1443049
[47119638ms] [ERROR] Failed to load resource: net::ERR_NAME_NOT_RESOLVED @ https://zhuanlan.zhihu.com/api//v4/search/preset_words:0
[47119638ms] [ERROR] getRemotePresetWords Failed to fetch @ https://unpkg.zhimg.com/@cfe/sentry-script@1.3.1/dist/init.js:0
[47119639ms] [ERROR] Failed to load resource: net::ERR_NAME_NOT_RESOLVED @ https://zhuanlan.zhihu.com/api//v4/search/preset_words:0
[47119639ms] [ERROR] getRemotePresetWords Failed to fetch @ https://unpkg.zhimg.com/@cfe/sentry-script@1.3.1/dist/init.js:0
[47119641ms] TypeError: Cannot read properties of null (reading 'words')
    at https://static.zhihu.com/heifetz/column.app.a44c7d68cb8f3344fef7.js:1:1443049
[47119640ms] [ERROR] Failed to load resource: net::ERR_NAME_NOT_RESOLVED @ https://zhuanlan.zhihu.com/api//v4/search/preset_words:0
[47119640ms] [ERROR] getRemotePresetWords Failed to fetch @ https://unpkg.zhimg.com/@cfe/sentry-script@1.3.1/dist/init.js:0
[47119641ms] TypeError: Cannot read properties of null (reading 'words')
    at https://static.zhihu.com/heifetz/column.app.a44c7d68cb8f3344fef7.js:1:1443049
[47119641ms] TypeError: Cannot read properties of null (reading 'words')
    at https://static.zhihu.com/heifetz/column.app.a44c7d68cb8f3344fef7.js:1:1443049
[47149643ms] [ERROR] Failed to load resource: net::ERR_NAME_NOT_RESOLVED @ https://zhuanlan.zhihu.com/api//v4/search/preset_words:0
[47149643ms] [ERROR] getRemotePresetWords Failed to fetch @ https://unpkg.zhimg.com/@cfe/sentry-script@1.3.1/dist/init.js:0
[47149643ms] [ERROR] Failed to load resource: net::ERR_NAME_NOT_RESOLVED @ https://zhuanlan.zhihu.com/api//v4/search/preset_words:0
[47149644ms] [ERROR] getRemotePresetWords Failed to fetch @ https://unpkg.zhimg.com/@cfe/sentry-script@1.3.1/dist/init.js:0
[47149644ms] [ERROR] Failed to load resource: net::ERR_NAME_NOT_RESOLVED @ https://zhuanlan.zhihu.com/api//v4/search/preset_words:0
[47149644ms] [ERROR] getRemotePresetWords Failed to fetch @ https://unpkg.zhimg.com/@cfe/sentry-script@1.3.1/dist/init.js:0
[47149646ms] TypeError: Cannot read properties of null (reading 'words')
    at https://static.zhihu.com/heifetz/column.app.a44c7d68cb8f3344fef7.js:1:1443049
[47149645ms] [ERROR] Failed to load resource: net::ERR_NAME_NOT_RESOLVED @ https://zhuanlan.zhihu.com/api//v4/search/preset_words:0
[47149645ms] [ERROR] getRemotePresetWords Failed to fetch @ https://unpkg.zhimg.com/@cfe/sentry-script@1.3.1/dist/init.js:0
[47149646ms] TypeError: Cannot read properties of null (reading 'words')
    at https://static.zhihu.com/heifetz/column.app.a44c7d68cb8f3344fef7.js:1:1443049
[47149646ms] TypeError: Cannot read properties of null (reading 'words')
    at https://static.zhihu.com/heifetz/column.app.a44c7d68cb8f3344fef7.js:1:1443049
[47149646ms] TypeError: Cannot read properties of null (reading 'words')
    at https://static.zhihu.com/heifetz/column.app.a44c7d68cb8f3344fef7.js:1:1443049
[47179648ms] [ERROR] Failed to load resource: net::ERR_NAME_NOT_RESOLVED @ https://zhuanlan.zhihu.com/api//v4/search/preset_words:0
[47179648ms] [ERROR] getRemotePresetWords Failed to fetch @ https://unpkg.zhimg.com/@cfe/sentry-script@1.3.1/dist/init.js:0
[47179649ms] [ERROR] Failed to load resource: net::ERR_NAME_NOT_RESOLVED @ https://zhuanlan.zhihu.com/api//v4/search/preset_words:0
[47179649ms] [ERROR] getRemotePresetWords Failed to fetch @ https://unpkg.zhimg.com/@cfe/sentry-script@1.3.1/dist/init.js:0
[47179649ms] [ERROR] Failed to load resource: net::ERR_NAME_NOT_RESOLVED @ https://zhuanlan.zhihu.com/api//v4/search/preset_words:0
[47179649ms] [ERROR] getRemotePresetWords Failed to fetch @ https://unpkg.zhimg.com/@cfe/sentry-script@1.3.1/dist/init.js:0
[47179649ms] [ERROR] Failed to load resource: net::ERR_NAME_NOT_RESOLVED @ https://zhuanlan.zhihu.com/api//v4/search/preset_words:0
[47179649ms] [ERROR] getRemotePresetWords Failed to fetch @ https://unpkg.zhimg.com/@cfe/sentry-script@1.3.1/dist/init.js:0
[47179652ms] TypeError: Cannot read properties of null (reading 'words')
    at https://static.zhihu.com/heifetz/column.app.a44c7d68cb8f3344fef7.js:1:1443049
[47179652ms] TypeError: Cannot read properties of null (reading 'words')
    at https://static.zhihu.com/heifetz/column.app.a44c7d68cb8f3344fef7.js:1:1443049
[47179652ms] TypeError: Cannot read properties of null (reading 'words')
    at https://static.zhihu.com/heifetz/column.app.a44c7d68cb8f3344fef7.js:1:1443049
[47179652ms] TypeError: Cannot read properties of null (reading 'words')
    at https://static.zhihu.com/heifetz/column.app.a44c7d68cb8f3344fef7.js:1:1443049
[47209653ms] [ERROR] Failed to load resource: net::ERR_NAME_NOT_RESOLVED @ https://zhuanlan.zhihu.com/api//v4/search/preset_words:0
[47209653ms] [ERROR] getRemotePresetWords Failed to fetch @ https://unpkg.zhimg.com/@cfe/sentry-script@1.3.1/dist/init.js:0
[47209656ms] TypeError: Cannot read properties of null (reading 'words')
    at https://static.zhihu.com/heifetz/column.app.a44c7d68cb8f3344fef7.js:1:1443049
[47209654ms] [ERROR] Failed to load resource: net::ERR_NAME_NOT_RESOLVED @ https://zhuanlan.zhihu.com/api//v4/search/preset_words:0
[47209654ms] [ERROR] getRemotePresetWords Failed to fetch @ https://unpkg.zhimg.com/@cfe/sentry-script@1.3.1/dist/init.js:0
[47209655ms] [ERROR] Failed to load resource: net::ERR_NAME_NOT_RESOLVED @ https://zhuanlan.zhihu.com/api//v4/search/preset_words:0
[47209655ms] [ERROR] getRemotePresetWords Failed to fetch @ https://unpkg.zhimg.com/@cfe/sentry-script@1.3.1/dist/init.js:0
[47209655ms] [ERROR] Failed to load resource: net::ERR_NAME_NOT_RESOLVED @ https://zhuanlan.zhihu.com/api//v4/search/preset_words:0
[47209655ms] [ERROR] getRemotePresetWords Failed to fetch @ https://unpkg.zhimg.com/@cfe/sentry-script@1.3.1/dist/init.js:0
[47209657ms] TypeError: Cannot read properties of null (reading 'words')
    at https://static.zhihu.com/heifetz/column.app.a44c7d68cb8f3344fef7.js:1:1443049
[47209657ms] TypeError: Cannot read properties of null (reading 'words')
    at https://static.zhihu.com/heifetz/column.app.a44c7d68cb8f3344fef7.js:1:1443049
[47209657ms] TypeError: Cannot read properties of null (reading 'words')
    at https://static.zhihu.com/heifetz/column.app.a44c7d68cb8f3344fef7.js:1:1443049
[47239659ms] [ERROR] Failed to load resource: net::ERR_NAME_NOT_RESOLVED @ https://zhuanlan.zhihu.com/api//v4/search/preset_words:0
[47239659ms] [ERROR] getRemotePresetWords Failed to fetch @ https://unpkg.zhimg.com/@cfe/sentry-script@1.3.1/dist/init.js:0
[47239659ms] [ERROR] Failed to load resource: net::ERR_NAME_NOT_RESOLVED @ https://zhuanlan.zhihu.com/api//v4/search/preset_words:0
[47239659ms] [ERROR] getRemotePresetWords Failed to fetch @ https://unpkg.zhimg.com/@cfe/sentry-script@1.3.1/dist/init.js:0
[47239660ms] [ERROR] Failed to load resource: net::ERR_NAME_NOT_RESOLVED @ https://zhuanlan.zhihu.com/api//v4/search/preset_words:0
[47239660ms] [ERROR] getRemotePresetWords Failed to fetch @ https://unpkg.zhimg.com/@cfe/sentry-script@1.3.1/dist/init.js:0
[47239661ms] TypeError: Cannot read properties of null (reading 'words')
    at https://static.zhihu.com/heifetz/column.app.a44c7d68cb8f3344fef7.js:1:1443049
[47239661ms] TypeError: Cannot read properties of null (reading 'words')
    at https://static.zhihu.com/heifetz/column.app.a44c7d68cb8f3344fef7.js:1:1443049
[47239661ms] TypeError: Cannot read properties of null (reading 'words')
    at https://static.zhihu.com/heifetz/column.app.a44c7d68cb8f3344fef7.js:1:1443049
[47269663ms] [ERROR] Failed to load resource: net::ERR_NAME_NOT_RESOLVED @ https://zhuanlan.zhihu.com/api//v4/search/preset_words:0
[47269663ms] [ERROR] getRemotePresetWords Failed to fetch @ https://unpkg.zhimg.com/@cfe/sentry-script@1.3.1/dist/init.js:0
[47269664ms] [ERROR] Failed to load resource: net::ERR_NAME_NOT_RESOLVED @ https://zhuanlan.zhihu.com/api//v4/search/preset_words:0
[47269664ms] [ERROR] getRemotePresetWords Failed to fetch @ https://unpkg.zhimg.com/@cfe/sentry-script@1.3.1/dist/init.js:0
[47269664ms] [ERROR] Failed to load resource: net::ERR_NAME_NOT_RESOLVED @ https://zhuanlan.zhihu.com/api//v4/search/preset_words:0
[47269664ms] [ERROR] getRemotePresetWords Failed to fetch @ https://unpkg.zhimg.com/@cfe/sentry-script@1.3.1/dist/init.js:0
[47269667ms] TypeError: Cannot read properties of null (reading 'words')
    at https://static.zhihu.com/heifetz/column.app.a44c7d68cb8f3344fef7.js:1:1443049
[47269667ms] TypeError: Cannot read properties of null (reading 'words')
    at https://static.zhihu.com/heifetz/column.app.a44c7d68cb8f3344fef7.js:1:1443049
[47269665ms] [ERROR] Failed to load resource: net::ERR_NAME_NOT_RESOLVED @ https://zhuanlan.zhihu.com/api//v4/search/preset_words:0
[47269665ms] [ERROR] getRemotePresetWords Failed to fetch @ https://unpkg.zhimg.com/@cfe/sentry-script@1.3.1/dist/init.js:0
[47269667ms] TypeError: Cannot read properties of null (reading 'words')
    at https://static.zhihu.com/heifetz/column.app.a44c7d68cb8f3344fef7.js:1:1443049
[47269667ms] TypeError: Cannot read properties of null (reading 'words')
    at https://static.zhihu.com/heifetz/column.app.a44c7d68cb8f3344fef7.js:1:1443049
[47299670ms] [ERROR] Failed to load resource: net::ERR_NAME_NOT_RESOLVED @ https://zhuanlan.zhihu.com/api//v4/search/preset_words:0
[47299670ms] [ERROR] getRemotePresetWords Failed to fetch @ https://unpkg.zhimg.com/@cfe/sentry-script@1.3.1/dist/init.js:0
[47299671ms] [ERROR] Failed to load resource: net::ERR_NAME_NOT_RESOLVED @ https://zhuanlan.zhihu.com/api//v4/search/preset_words:0
[47299671ms] [ERROR] getRemotePresetWords Failed to fetch @ https://unpkg.zhimg.com/@cfe/sentry-script@1.3.1/dist/init.js:0
[47299671ms] [ERROR] Failed to load resource: net::ERR_NAME_NOT_RESOLVED @ https://zhuanlan.zhihu.com/api//v4/search/preset_words:0
[47299671ms] [ERROR] getRemotePresetWords Failed to fetch @ https://unpkg.zhimg.com/@cfe/sentry-script@1.3.1/dist/init.js:0
[47299671ms] [ERROR] Failed to load resource: net::ERR_NAME_NOT_RESOLVED @ https://zhuanlan.zhihu.com/api//v4/search/preset_words:0
[47299671ms] [ERROR] getRemotePresetWords Failed to fetch @ https://unpkg.zhimg.com/@cfe/sentry-script@1.3.1/dist/init.js:0
[47299672ms] TypeError: Cannot read properties of null (reading 'words')
    at https://static.zhihu.com/heifetz/column.app.a44c7d68cb8f3344fef7.js:1:1443049
[47299672ms] TypeError: Cannot read properties of null (reading 'words')
    at https://static.zhihu.com/heifetz/column.app.a44c7d68cb8f3344fef7.js:1:1443049
[47299672ms] TypeError: Cannot read properties of null (reading 'words')
    at https://static.zhihu.com/heifetz/column.app.a44c7d68cb8f3344fef7.js:1:1443049
[47299672ms] TypeError: Cannot read properties of null (reading 'words')
    at https://static.zhihu.com/heifetz/column.app.a44c7d68cb8f3344fef7.js:1:1443049
[47428765ms] [ERROR] Failed to load resource: net::ERR_NETWORK_CHANGED @ https://zhuanlan.zhihu.com/api//v4/search/preset_words:0
[47428765ms] [ERROR] getRemotePresetWords Failed to fetch @ https://unpkg.zhimg.com/@cfe/sentry-script@1.3.1/dist/init.js:0
[47428772ms] TypeError: Cannot read properties of null (reading 'words')
    at https://static.zhihu.com/heifetz/column.app.a44c7d68cb8f3344fef7.js:1:1443049
[47428767ms] [ERROR] Failed to load resource: net::ERR_NETWORK_CHANGED @ https://zhuanlan.zhihu.com/api//v4/search/preset_words:0
[47428767ms] [ERROR] getRemotePresetWords Failed to fetch @ https://unpkg.zhimg.com/@cfe/sentry-script@1.3.1/dist/init.js:0
[47428767ms] [ERROR] Failed to load resource: net::ERR_NETWORK_CHANGED @ https://zhuanlan.zhihu.com/api//v4/search/preset_words:0
[47428767ms] [ERROR] getRemotePresetWords Failed to fetch @ https://unpkg.zhimg.com/@cfe/sentry-script@1.3.1/dist/init.js:0
[47428768ms] [ERROR] Failed to load resource: net::ERR_NETWORK_CHANGED @ https://zhuanlan.zhihu.com/api//v4/search/preset_words:0
[47428768ms] [ERROR] getRemotePresetWords Failed to fetch @ https://unpkg.zhimg.com/@cfe/sentry-script@1.3.1/dist/init.js:0
[47428772ms] TypeError: Cannot read properties of null (reading 'words')
    at https://static.zhihu.com/heifetz/column.app.a44c7d68cb8f3344fef7.js:1:1443049
[47428772ms] TypeError: Cannot read properties of null (reading 'words')
    at https://static.zhihu.com/heifetz/column.app.a44c7d68cb8f3344fef7.js:1:1443049
[47428772ms] TypeError: Cannot read properties of null (reading 'words')
    at https://static.zhihu.com/heifetz/column.app.a44c7d68cb8f3344fef7.js:1:1443049
[47432447ms] [ERROR] Failed to load resource: net::ERR_NETWORK_CHANGED @ https://zhuanlan.zhihu.com/api//v4/search/preset_words:0
[47432447ms] [ERROR] getRemotePresetWords Failed to fetch @ https://unpkg.zhimg.com/@cfe/sentry-script@1.3.1/dist/init.js:0
[47432448ms] [ERROR] Failed to load resource: net::ERR_NETWORK_CHANGED @ https://zhuanlan.zhihu.com/api//v4/search/preset_words:0
[47432448ms] [ERROR] getRemotePresetWords Failed to fetch @ https://unpkg.zhimg.com/@cfe/sentry-script@1.3.1/dist/init.js:0
[47432450ms] TypeError: Cannot read properties of null (reading 'words')
    at https://static.zhihu.com/heifetz/column.app.a44c7d68cb8f3344fef7.js:1:1443049
[47432450ms] TypeError: Cannot read properties of null (reading 'words')
    at https://static.zhihu.com/heifetz/column.app.a44c7d68cb8f3344fef7.js:1:1443049
[47462454ms] [ERROR] Failed to load resource: net::ERR_NAME_NOT_RESOLVED @ https://zhuanlan.zhihu.com/api//v4/search/preset_words:0
[47462455ms] [ERROR] getRemotePresetWords Failed to fetch @ https://unpkg.zhimg.com/@cfe/sentry-script@1.3.1/dist/init.js:0
[47462458ms] TypeError: Cannot read properties of null (reading 'words')
    at https://static.zhihu.com/heifetz/column.app.a44c7d68cb8f3344fef7.js:1:1443049
[48469932ms] [ERROR] Failed to load resource: net::ERR_NAME_NOT_RESOLVED @ https://zhuanlan.zhihu.com/api//v4/search/preset_words:0
[48469932ms] [ERROR] getRemotePresetWords Failed to fetch @ https://unpkg.zhimg.com/@cfe/sentry-script@1.3.1/dist/init.js:0
[48469932ms] [ERROR] Failed to load resource: net::ERR_NAME_NOT_RESOLVED @ https://zhuanlan.zhihu.com/api//v4/search/preset_words:0
[48469932ms] [ERROR] getRemotePresetWords Failed to fetch @ https://unpkg.zhimg.com/@cfe/sentry-script@1.3.1/dist/init.js:0
[48469933ms] [ERROR] Failed to load resource: net::ERR_NAME_NOT_RESOLVED @ https://zhuanlan.zhihu.com/api//v4/search/preset_words:0
[48469933ms] [ERROR] getRemotePresetWords Failed to fetch @ https://unpkg.zhimg.com/@cfe/sentry-script@1.3.1/dist/init.js:0
[48469934ms] TypeError: Cannot read properties of null (reading 'words')
    at https://static.zhihu.com/heifetz/column.app.a44c7d68cb8f3344fef7.js:1:1443049
[48469934ms] TypeError: Cannot read properties of null (reading 'words')
    at https://static.zhihu.com/heifetz/column.app.a44c7d68cb8f3344fef7.js:1:1443049
[48469934ms] TypeError: Cannot read properties of null (reading 'words')
    at https://static.zhihu.com/heifetz/column.app.a44c7d68cb8f3344fef7.js:1:1443049
[48499935ms] [ERROR] Failed to load resource: net::ERR_NAME_NOT_RESOLVED @ https://zhuanlan.zhihu.com/api//v4/search/preset_words:0
[48499935ms] [ERROR] getRemotePresetWords Failed to fetch @ https://unpkg.zhimg.com/@cfe/sentry-script@1.3.1/dist/init.js:0
[48499937ms] TypeError: Cannot read properties of null (reading 'words')
    at https://static.zhihu.com/heifetz/column.app.a44c7d68cb8f3344fef7.js:1:1443049
[48529940ms] [ERROR] Failed to load resource: net::ERR_NAME_NOT_RESOLVED @ https://zhuanlan.zhihu.com/api//v4/search/preset_words:0
[48529940ms] [ERROR] getRemotePresetWords Failed to fetch @ https://unpkg.zhimg.com/@cfe/sentry-script@1.3.1/dist/init.js:0
[48529941ms] [ERROR] Failed to load resource: net::ERR_NAME_NOT_RESOLVED @ https://zhuanlan.zhihu.com/api//v4/search/preset_words:0
[48529941ms] [ERROR] getRemotePresetWords Failed to fetch @ https://unpkg.zhimg.com/@cfe/sentry-script@1.3.1/dist/init.js:0
[48529941ms] [ERROR] Failed to load resource: net::ERR_NAME_NOT_RESOLVED @ https://zhuanlan.zhihu.com/api//v4/search/preset_words:0
[48529941ms] [ERROR] getRemotePresetWords Failed to fetch @ https://unpkg.zhimg.com/@cfe/sentry-script@1.3.1/dist/init.js:0
[48529941ms] [ERROR] Failed to load resource: net::ERR_NAME_NOT_RESOLVED @ https://zhuanlan.zhihu.com/api//v4/search/preset_words:0
[48529941ms] [ERROR] getRemotePresetWords Failed to fetch @ https://unpkg.zhimg.com/@cfe/sentry-script@1.3.1/dist/init.js:0
[48529943ms] TypeError: Cannot read properties of null (reading 'words')
    at https://static.zhihu.com/heifetz/column.app.a44c7d68cb8f3344fef7.js:1:1443049
[48529942ms] [ERROR] Failed to load resource: net::ERR_NAME_NOT_RESOLVED @ https://zhuanlan.zhihu.com/api//v4/search/preset_words:0
[48529942ms] [ERROR] getRemotePresetWords Failed to fetch @ https://unpkg.zhimg.com/@cfe/sentry-script@1.3.1/dist/init.js:0
[48529944ms] TypeError: Cannot read properties of null (reading 'words')
    at https://static.zhihu.com/heifetz/column.app.a44c7d68cb8f3344fef7.js:1:1443049
[48529944ms] TypeError: Cannot read properties of null (reading 'words')
    at https://static.zhihu.com/heifetz/column.app.a44c7d68cb8f3344fef7.js:1:1443049
[48529944ms] TypeError: Cannot read properties of null (reading 'words')
    at https://static.zhihu.com/heifetz/column.app.a44c7d68cb8f3344fef7.js:1:1443049
[48529944ms] TypeError: Cannot read properties of null (reading 'words')
    at https://static.zhihu.com/heifetz/column.app.a44c7d68cb8f3344fef7.js:1:1443049
[48559944ms] [ERROR] Failed to load resource: net::ERR_NAME_NOT_RESOLVED @ https://zhuanlan.zhihu.com/api//v4/search/preset_words:0
[48559944ms] [ERROR] getRemotePresetWords Failed to fetch @ https://unpkg.zhimg.com/@cfe/sentry-script@1.3.1/dist/init.js:0
[48559947ms] TypeError: Cannot read properties of null (reading 'words')
    at https://static.zhihu.com/heifetz/column.app.a44c7d68cb8f3344fef7.js:1:1443049
[48559945ms] [ERROR] Failed to load resource: net::ERR_NAME_NOT_RESOLVED @ https://zhuanlan.zhihu.com/api//v4/search/preset_words:0
[48559945ms] [ERROR] getRemotePresetWords Failed to fetch @ https://unpkg.zhimg.com/@cfe/sentry-script@1.3.1/dist/init.js:0
[48559946ms] [ERROR] Failed to load resource: net::ERR_NAME_NOT_RESOLVED @ https://zhuanlan.zhihu.com/api//v4/search/preset_words:0
[48559946ms] [ERROR] getRemotePresetWords Failed to fetch @ https://unpkg.zhimg.com/@cfe/sentry-script@1.3.1/dist/init.js:0
[48559946ms] [ERROR] Failed to load resource: net::ERR_NAME_NOT_RESOLVED @ https://zhuanlan.zhihu.com/api//v4/search/preset_words:0
[48559946ms] [ERROR] getRemotePresetWords Failed to fetch @ https://unpkg.zhimg.com/@cfe/sentry-script@1.3.1/dist/init.js:0
[48559947ms] TypeError: Cannot read properties of null (reading 'words')
    at https://static.zhihu.com/heifetz/column.app.a44c7d68cb8f3344fef7.js:1:1443049
[48559947ms] TypeError: Cannot read properties of null (reading 'words')
    at https://static.zhihu.com/heifetz/column.app.a44c7d68cb8f3344fef7.js:1:1443049
[48559947ms] TypeError: Cannot read properties of null (reading 'words')
    at https://static.zhihu.com/heifetz/column.app.a44c7d68cb8f3344fef7.js:1:1443049
[48589950ms] [ERROR] Failed to load resource: net::ERR_NAME_NOT_RESOLVED @ https://zhuanlan.zhihu.com/api//v4/search/preset_words:0
[48589951ms] [ERROR] getRemotePresetWords Failed to fetch @ https://unpkg.zhimg.com/@cfe/sentry-script@1.3.1/dist/init.js:0
[48589951ms] [ERROR] Failed to load resource: net::ERR_NAME_NOT_RESOLVED @ https://zhuanlan.zhihu.com/api//v4/search/preset_words:0
[48589951ms] [ERROR] getRemotePresetWords Failed to fetch @ https://unpkg.zhimg.com/@cfe/sentry-script@1.3.1/dist/init.js:0
[48589951ms] [ERROR] Failed to load resource: net::ERR_NAME_NOT_RESOLVED @ https://zhuanlan.zhihu.com/api//v4/search/preset_words:0
[48589951ms] [ERROR] getRemotePresetWords Failed to fetch @ https://unpkg.zhimg.com/@cfe/sentry-script@1.3.1/dist/init.js:0
[48589952ms] [ERROR] Failed to load resource: net::ERR_NAME_NOT_RESOLVED @ https://zhuanlan.zhihu.com/api//v4/search/preset_words:0
[48589952ms] [ERROR] getRemotePresetWords Failed to fetch @ https://unpkg.zhimg.com/@cfe/sentry-script@1.3.1/dist/init.js:0
[48589952ms] TypeError: Cannot read properties of null (reading 'words')
    at https://static.zhihu.com/heifetz/column.app.a44c7d68cb8f3344fef7.js:1:1443049
[48589952ms] TypeError: Cannot read properties of null (reading 'words')
    at https://static.zhihu.com/heifetz/column.app.a44c7d68cb8f3344fef7.js:1:1443049
[48589953ms] TypeError: Cannot read properties of null (reading 'words')
    at https://static.zhihu.com/heifetz/column.app.a44c7d68cb8f3344fef7.js:1:1443049
[48589953ms] TypeError: Cannot read properties of null (reading 'words')
    at https://static.zhihu.com/heifetz/column.app.a44c7d68cb8f3344fef7.js:1:1443049
[48619955ms] [ERROR] Failed to load resource: net::ERR_NAME_NOT_RESOLVED @ https://zhuanlan.zhihu.com/api//v4/search/preset_words:0
[48619955ms] [ERROR] getRemotePresetWords Failed to fetch @ https://unpkg.zhimg.com/@cfe/sentry-script@1.3.1/dist/init.js:0
[48619957ms] TypeError: Cannot read properties of null (reading 'words')
    at https://static.zhihu.com/heifetz/column.app.a44c7d68cb8f3344fef7.js:1:1443049
[48619956ms] [ERROR] Failed to load resource: net::ERR_NAME_NOT_RESOLVED @ https://zhuanlan.zhihu.com/api//v4/search/preset_words:0
[48619956ms] [ERROR] getRemotePresetWords Failed to fetch @ https://unpkg.zhimg.com/@cfe/sentry-script@1.3.1/dist/init.js:0
[48619956ms] [ERROR] Failed to load resource: net::ERR_NAME_NOT_RESOLVED @ https://zhuanlan.zhihu.com/api//v4/search/preset_words:0
[48619956ms] [ERROR] getRemotePresetWords Failed to fetch @ https://unpkg.zhimg.com/@cfe/sentry-script@1.3.1/dist/init.js:0
[48619956ms] [ERROR] Failed to load resource: net::ERR_NAME_NOT_RESOLVED @ https://zhuanlan.zhihu.com/api//v4/search/preset_words:0
[48619956ms] [ERROR] getRemotePresetWords Failed to fetch @ https://unpkg.zhimg.com/@cfe/sentry-script@1.3.1/dist/init.js:0
[48619958ms] TypeError: Cannot read properties of null (reading 'words')
    at https://static.zhihu.com/heifetz/column.app.a44c7d68cb8f3344fef7.js:1:1443049
[48619958ms] TypeError: Cannot read properties of null (reading 'words')
    at https://static.zhihu.com/heifetz/column.app.a44c7d68cb8f3344fef7.js:1:1443049
[48619958ms] TypeError: Cannot read properties of null (reading 'words')
    at https://static.zhihu.com/heifetz/column.app.a44c7d68cb8f3344fef7.js:1:1443049
[48649960ms] [ERROR] Failed to load resource: net::ERR_NAME_NOT_RESOLVED @ https://zhuanlan.zhihu.com/api//v4/search/preset_words:0
[48649961ms] [ERROR] getRemotePresetWords Failed to fetch @ https://unpkg.zhimg.com/@cfe/sentry-script@1.3.1/dist/init.js:0
[48649961ms] [ERROR] Failed to load resource: net::ERR_NAME_NOT_RESOLVED @ https://zhuanlan.zhihu.com/api//v4/search/preset_words:0
[48649961ms] [ERROR] getRemotePresetWords Failed to fetch @ https://unpkg.zhimg.com/@cfe/sentry-script@1.3.1/dist/init.js:0
[48649961ms] [ERROR] Failed to load resource: net::ERR_NAME_NOT_RESOLVED @ https://zhuanlan.zhihu.com/api//v4/search/preset_words:0
[48649962ms] [ERROR] getRemotePresetWords Failed to fetch @ https://unpkg.zhimg.com/@cfe/sentry-script@1.3.1/dist/init.js:0
[48649963ms] TypeError: Cannot read properties of null (reading 'words')
    at https://static.zhihu.com/heifetz/column.app.a44c7d68cb8f3344fef7.js:1:1443049
[48649963ms] TypeError: Cannot read properties of null (reading 'words')
    at https://static.zhihu.com/heifetz/column.app.a44c7d68cb8f3344fef7.js:1:1443049
[48649963ms] TypeError: Cannot read properties of null (reading 'words')
    at https://static.zhihu.com/heifetz/column.app.a44c7d68cb8f3344fef7.js:1:1443049
[48679965ms] [ERROR] Failed to load resource: net::ERR_NAME_NOT_RESOLVED @ https://zhuanlan.zhihu.com/api//v4/search/preset_words:0
[48679965ms] [ERROR] getRemotePresetWords Failed to fetch @ https://unpkg.zhimg.com/@cfe/sentry-script@1.3.1/dist/init.js:0
[48679966ms] [ERROR] Failed to load resource: net::ERR_NAME_NOT_RESOLVED @ https://zhuanlan.zhihu.com/api//v4/search/preset_words:0
[48679966ms] [ERROR] getRemotePresetWords Failed to fetch @ https://unpkg.zhimg.com/@cfe/sentry-script@1.3.1/dist/init.js:0
[48679968ms] TypeError: Cannot read properties of null (reading 'words')
    at https://static.zhihu.com/heifetz/column.app.a44c7d68cb8f3344fef7.js:1:1443049
[48679966ms] [ERROR] Failed to load resource: net::ERR_NAME_NOT_RESOLVED @ https://zhuanlan.zhihu.com/api//v4/search/preset_words:0
[48679967ms] [ERROR] getRemotePresetWords Failed to fetch @ https://unpkg.zhimg.com/@cfe/sentry-script@1.3.1/dist/init.js:0
[48679968ms] TypeError: Cannot read properties of null (reading 'words')
    at https://static.zhihu.com/heifetz/column.app.a44c7d68cb8f3344fef7.js:1:1443049
[48679967ms] [ERROR] Failed to load resource: net::ERR_NAME_NOT_RESOLVED @ https://zhuanlan.zhihu.com/api//v4/search/preset_words:0
[48679967ms] [ERROR] getRemotePresetWords Failed to fetch @ https://unpkg.zhimg.com/@cfe/sentry-script@1.3.1/dist/init.js:0
[48679969ms] TypeError: Cannot read properties of null (reading 'words')
    at https://static.zhihu.com/heifetz/column.app.a44c7d68cb8f3344fef7.js:1:1443049
[48679969ms] TypeError: Cannot read properties of null (reading 'words')
    at https://static.zhihu.com/heifetz/column.app.a44c7d68cb8f3344fef7.js:1:1443049
[48709970ms] [ERROR] Failed to load resource: net::ERR_NAME_NOT_RESOLVED @ https://zhuanlan.zhihu.com/api//v4/search/preset_words:0
[48709971ms] [ERROR] getRemotePresetWords Failed to fetch @ https://unpkg.zhimg.com/@cfe/sentry-script@1.3.1/dist/init.js:0
[48709971ms] [ERROR] Failed to load resource: net::ERR_NAME_NOT_RESOLVED @ https://zhuanlan.zhihu.com/api//v4/search/preset_words:0
[48709971ms] [ERROR] getRemotePresetWords Failed to fetch @ https://unpkg.zhimg.com/@cfe/sentry-script@1.3.1/dist/init.js:0
[48709971ms] [ERROR] Failed to load resource: net::ERR_NAME_NOT_RESOLVED @ https://zhuanlan.zhihu.com/api//v4/search/preset_words:0
[48709972ms] [ERROR] getRemotePresetWords Failed to fetch @ https://unpkg.zhimg.com/@cfe/sentry-script@1.3.1/dist/init.js:0
[48709972ms] [ERROR] Failed to load resource: net::ERR_NAME_NOT_RESOLVED @ https://zhuanlan.zhihu.com/api//v4/search/preset_words:0
[48709972ms] [ERROR] getRemotePresetWords Failed to fetch @ https://unpkg.zhimg.com/@cfe/sentry-script@1.3.1/dist/init.js:0
[48709973ms] TypeError: Cannot read properties of null (reading 'words')
    at https://static.zhihu.com/heifetz/column.app.a44c7d68cb8f3344fef7.js:1:1443049
[48709973ms] TypeError: Cannot read properties of null (reading 'words')
    at https://static.zhihu.com/heifetz/column.app.a44c7d68cb8f3344fef7.js:1:1443049
[48709973ms] TypeError: Cannot read properties of null (reading 'words')
    at https://static.zhihu.com/heifetz/column.app.a44c7d68cb8f3344fef7.js:1:1443049
[48709974ms] TypeError: Cannot read properties of null (reading 'words')
    at https://static.zhihu.com/heifetz/column.app.a44c7d68cb8f3344fef7.js:1:1443049
[48739975ms] [ERROR] Failed to load resource: net::ERR_NAME_NOT_RESOLVED @ https://zhuanlan.zhihu.com/api//v4/search/preset_words:0
[48739975ms] [ERROR] getRemotePresetWords Failed to fetch @ https://unpkg.zhimg.com/@cfe/sentry-script@1.3.1/dist/init.js:0
[48739979ms] TypeError: Cannot read properties of null (reading 'words')
    at https://static.zhihu.com/heifetz/column.app.a44c7d68cb8f3344fef7.js:1:1443049
[48739977ms] [ERROR] Failed to load resource: net::ERR_NAME_NOT_RESOLVED @ https://zhuanlan.zhihu.com/api//v4/search/preset_words:0
[48739977ms] [ERROR] getRemotePresetWords Failed to fetch @ https://unpkg.zhimg.com/@cfe/sentry-script@1.3.1/dist/init.js:0
[48739977ms] [ERROR] Failed to load resource: net::ERR_NAME_NOT_RESOLVED @ https://zhuanlan.zhihu.com/api//v4/search/preset_words:0
[48739977ms] [ERROR] getRemotePresetWords Failed to fetch @ https://unpkg.zhimg.com/@cfe/sentry-script@1.3.1/dist/init.js:0
[48739979ms] TypeError: Cannot read properties of null (reading 'words')
    at https://static.zhihu.com/heifetz/column.app.a44c7d68cb8f3344fef7.js:1:1443049
[48739979ms] TypeError: Cannot read properties of null (reading 'words')
    at https://static.zhihu.com/heifetz/column.app.a44c7d68cb8f3344fef7.js:1:1443049
[48739978ms] [ERROR] Failed to load resource: net::ERR_NAME_NOT_RESOLVED @ https://zhuanlan.zhihu.com/api//v4/search/preset_words:0
[48739978ms] [ERROR] getRemotePresetWords Failed to fetch @ https://unpkg.zhimg.com/@cfe/sentry-script@1.3.1/dist/init.js:0
[48739979ms] TypeError: Cannot read properties of null (reading 'words')
    at https://static.zhihu.com/heifetz/column.app.a44c7d68cb8f3344fef7.js:1:1443049
[48769981ms] [ERROR] Failed to load resource: net::ERR_NAME_NOT_RESOLVED @ https://zhuanlan.zhihu.com/api//v4/search/preset_words:0
[48769981ms] [ERROR] getRemotePresetWords Failed to fetch @ https://unpkg.zhimg.com/@cfe/sentry-script@1.3.1/dist/init.js:0
[48769981ms] [ERROR] Failed to load resource: net::ERR_NAME_NOT_RESOLVED @ https://zhuanlan.zhihu.com/api//v4/search/preset_words:0
[48769982ms] [ERROR] getRemotePresetWords Failed to fetch @ https://unpkg.zhimg.com/@cfe/sentry-script@1.3.1/dist/init.js:0
[48769983ms] TypeError: Cannot read properties of null (reading 'words')
    at https://static.zhihu.com/heifetz/column.app.a44c7d68cb8f3344fef7.js:1:1443049
[48769982ms] [ERROR] Failed to load resource: net::ERR_NAME_NOT_RESOLVED @ https://zhuanlan.zhihu.com/api//v4/search/preset_words:0
[48769983ms] [ERROR] getRemotePresetWords Failed to fetch @ https://unpkg.zhimg.com/@cfe/sentry-script@1.3.1/dist/init.js:0
[48769983ms] TypeError: Cannot read properties of null (reading 'words')
    at https://static.zhihu.com/heifetz/column.app.a44c7d68cb8f3344fef7.js:1:1443049
[48769983ms] TypeError: Cannot read properties of null (reading 'words')
    at https://static.zhihu.com/heifetz/column.app.a44c7d68cb8f3344fef7.js:1:1443049
[48799986ms] [ERROR] Failed to load resource: net::ERR_NAME_NOT_RESOLVED @ https://zhuanlan.zhihu.com/api//v4/search/preset_words:0
[48799986ms] [ERROR] getRemotePresetWords Failed to fetch @ https://unpkg.zhimg.com/@cfe/sentry-script@1.3.1/dist/init.js:0
[48799986ms] [ERROR] Failed to load resource: net::ERR_NAME_NOT_RESOLVED @ https://zhuanlan.zhihu.com/api//v4/search/preset_words:0
[48799987ms] [ERROR] getRemotePresetWords Failed to fetch @ https://unpkg.zhimg.com/@cfe/sentry-script@1.3.1/dist/init.js:0
[48799987ms] [ERROR] Failed to load resource: net::ERR_NAME_NOT_RESOLVED @ https://zhuanlan.zhihu.com/api//v4/search/preset_words:0
[48799987ms] [ERROR] getRemotePresetWords Failed to fetch @ https://unpkg.zhimg.com/@cfe/sentry-script@1.3.1/dist/init.js:0
[48799989ms] TypeError: Cannot read properties of null (reading 'words')
    at https://static.zhihu.com/heifetz/column.app.a44c7d68cb8f3344fef7.js:1:1443049
[48799988ms] [ERROR] Failed to load resource: net::ERR_NAME_NOT_RESOLVED @ https://zhuanlan.zhihu.com/api//v4/search/preset_words:0
[48799988ms] [ERROR] getRemotePresetWords Failed to fetch @ https://unpkg.zhimg.com/@cfe/sentry-script@1.3.1/dist/init.js:0
[48799989ms] TypeError: Cannot read properties of null (reading 'words')
    at https://static.zhihu.com/heifetz/column.app.a44c7d68cb8f3344fef7.js:1:1443049
[48799989ms] TypeError: Cannot read properties of null (reading 'words')
    at https://static.zhihu.com/heifetz/column.app.a44c7d68cb8f3344fef7.js:1:1443049
[48799989ms] TypeError: Cannot read properties of null (reading 'words')
    at https://static.zhihu.com/heifetz/column.app.a44c7d68cb8f3344fef7.js:1:1443049
[48829992ms] [ERROR] Failed to load resource: net::ERR_NAME_NOT_RESOLVED @ https://zhuanlan.zhihu.com/api//v4/search/preset_words:0
[48829992ms] [ERROR] getRemotePresetWords Failed to fetch @ https://unpkg.zhimg.com/@cfe/sentry-script@1.3.1/dist/init.js:0
[48829992ms] [ERROR] Failed to load resource: net::ERR_NAME_NOT_RESOLVED @ https://zhuanlan.zhihu.com/api//v4/search/preset_words:0
[48829992ms] [ERROR] getRemotePresetWords Failed to fetch @ https://unpkg.zhimg.com/@cfe/sentry-script@1.3.1/dist/init.js:0
[48829993ms] [ERROR] Failed to load resource: net::ERR_NAME_NOT_RESOLVED @ https://zhuanlan.zhihu.com/api//v4/search/preset_words:0
[48829993ms] [ERROR] getRemotePresetWords Failed to fetch @ https://unpkg.zhimg.com/@cfe/sentry-script@1.3.1/dist/init.js:0
[48829993ms] [ERROR] Failed to load resource: net::ERR_NAME_NOT_RESOLVED @ https://zhuanlan.zhihu.com/api//v4/search/preset_words:0
[48829993ms] [ERROR] getRemotePresetWords Failed to fetch @ https://unpkg.zhimg.com/@cfe/sentry-script@1.3.1/dist/init.js:0
[48829994ms] TypeError: Cannot read properties of null (reading 'words')
    at https://static.zhihu.com/heifetz/column.app.a44c7d68cb8f3344fef7.js:1:1443049
[48829994ms] TypeError: Cannot read properties of null (reading 'words')
    at https://static.zhihu.com/heifetz/column.app.a44c7d68cb8f3344fef7.js:1:1443049
[48829994ms] TypeError: Cannot read properties of null (reading 'words')
    at https://static.zhihu.com/heifetz/column.app.a44c7d68cb8f3344fef7.js:1:1443049
[48829994ms] TypeError: Cannot read properties of null (reading 'words')
    at https://static.zhihu.com/heifetz/column.app.a44c7d68cb8f3344fef7.js:1:1443049
[48859997ms] [ERROR] Failed to load resource: net::ERR_NAME_NOT_RESOLVED @ https://zhuanlan.zhihu.com/api//v4/search/preset_words:0
[48859997ms] [ERROR] getRemotePresetWords Failed to fetch @ https://unpkg.zhimg.com/@cfe/sentry-script@1.3.1/dist/init.js:0
[48860000ms] TypeError: Cannot read properties of null (reading 'words')
    at https://static.zhihu.com/heifetz/column.app.a44c7d68cb8f3344fef7.js:1:1443049
[48859998ms] [ERROR] Failed to load resource: net::ERR_NAME_NOT_RESOLVED @ https://zhuanlan.zhihu.com/api//v4/search/preset_words:0
[48859998ms] [ERROR] getRemotePresetWords Failed to fetch @ https://unpkg.zhimg.com/@cfe/sentry-script@1.3.1/dist/init.js:0
[48859999ms] [ERROR] Failed to load resource: net::ERR_NAME_NOT_RESOLVED @ https://zhuanlan.zhihu.com/api//v4/search/preset_words:0
[48859999ms] [ERROR] getRemotePresetWords Failed to fetch @ https://unpkg.zhimg.com/@cfe/sentry-script@1.3.1/dist/init.js:0
[48859999ms] [ERROR] Failed to load resource: net::ERR_NAME_NOT_RESOLVED @ https://zhuanlan.zhihu.com/api//v4/search/preset_words:0
[48859999ms] [ERROR] getRemotePresetWords Failed to fetch @ https://unpkg.zhimg.com/@cfe/sentry-script@1.3.1/dist/init.js:0
[48860001ms] TypeError: Cannot read properties of null (reading 'words')
    at https://static.zhihu.com/heifetz/column.app.a44c7d68cb8f3344fef7.js:1:1443049
[48860001ms] TypeError: Cannot read properties of null (reading 'words')
    at https://static.zhihu.com/heifetz/column.app.a44c7d68cb8f3344fef7.js:1:1443049
[48860001ms] TypeError: Cannot read properties of null (reading 'words')
    at https://static.zhihu.com/heifetz/column.app.a44c7d68cb8f3344fef7.js:1:1443049
[48890002ms] [ERROR] Failed to load resource: net::ERR_NAME_NOT_RESOLVED @ https://zhuanlan.zhihu.com/api//v4/search/preset_words:0
[48890002ms] [ERROR] getRemotePresetWords Failed to fetch @ https://unpkg.zhimg.com/@cfe/sentry-script@1.3.1/dist/init.js:0
[48890003ms] [ERROR] Failed to load resource: net::ERR_NAME_NOT_RESOLVED @ https://zhuanlan.zhihu.com/api//v4/search/preset_words:0
[48890003ms] [ERROR] getRemotePresetWords Failed to fetch @ https://unpkg.zhimg.com/@cfe/sentry-script@1.3.1/dist/init.js:0
[48890003ms] [ERROR] Failed to load resource: net::ERR_NAME_NOT_RESOLVED @ https://zhuanlan.zhihu.com/api//v4/search/preset_words:0
[48890003ms] [ERROR] getRemotePresetWords Failed to fetch @ https://unpkg.zhimg.com/@cfe/sentry-script@1.3.1/dist/init.js:0
[48890004ms] TypeError: Cannot read properties of null (reading 'words')
    at https://static.zhihu.com/heifetz/column.app.a44c7d68cb8f3344fef7.js:1:1443049
[48890004ms] TypeError: Cannot read properties of null (reading 'words')
    at https://static.zhihu.com/heifetz/column.app.a44c7d68cb8f3344fef7.js:1:1443049
[48890004ms] TypeError: Cannot read properties of null (reading 'words')
    at https://static.zhihu.com/heifetz/column.app.a44c7d68cb8f3344fef7.js:1:1443049
[48920006ms] [ERROR] Failed to load resource: net::ERR_NAME_NOT_RESOLVED @ https://zhuanlan.zhihu.com/api//v4/search/preset_words:0
[48920006ms] [ERROR] getRemotePresetWords Failed to fetch @ https://unpkg.zhimg.com/@cfe/sentry-script@1.3.1/dist/init.js:0
[48920007ms] [ERROR] Failed to load resource: net::ERR_NAME_NOT_RESOLVED @ https://zhuanlan.zhihu.com/api//v4/search/preset_words:0
[48920007ms] [ERROR] getRemotePresetWords Failed to fetch @ https://unpkg.zhimg.com/@cfe/sentry-script@1.3.1/dist/init.js:0
[48920010ms] TypeError: Cannot read properties of null (reading 'words')
    at https://static.zhihu.com/heifetz/column.app.a44c7d68cb8f3344fef7.js:1:1443049
[48920008ms] [ERROR] Failed to load resource: net::ERR_NAME_NOT_RESOLVED @ https://zhuanlan.zhihu.com/api//v4/search/preset_words:0
[48920008ms] [ERROR] getRemotePresetWords Failed to fetch @ https://unpkg.zhimg.com/@cfe/sentry-script@1.3.1/dist/init.js:0
[48920010ms] TypeError: Cannot read properties of null (reading 'words')
    at https://static.zhihu.com/heifetz/column.app.a44c7d68cb8f3344fef7.js:1:1443049
[48920008ms] [ERROR] Failed to load resource: net::ERR_NAME_NOT_RESOLVED @ https://zhuanlan.zhihu.com/api//v4/search/preset_words:0
[48920008ms] [ERROR] getRemotePresetWords Failed to fetch @ https://unpkg.zhimg.com/@cfe/sentry-script@1.3.1/dist/init.js:0
[48920010ms] TypeError: Cannot read properties of null (reading 'words')
    at https://static.zhihu.com/heifetz/column.app.a44c7d68cb8f3344fef7.js:1:1443049
[48920010ms] TypeError: Cannot read properties of null (reading 'words')
    at https://static.zhihu.com/heifetz/column.app.a44c7d68cb8f3344fef7.js:1:1443049
[48950013ms] [ERROR] Failed to load resource: net::ERR_NAME_NOT_RESOLVED @ https://zhuanlan.zhihu.com/api//v4/search/preset_words:0
[48950013ms] [ERROR] getRemotePresetWords Failed to fetch @ https://unpkg.zhimg.com/@cfe/sentry-script@1.3.1/dist/init.js:0
[48950014ms] [ERROR] Failed to load resource: net::ERR_NAME_NOT_RESOLVED @ https://zhuanlan.zhihu.com/api//v4/search/preset_words:0
[48950014ms] [ERROR] getRemotePresetWords Failed to fetch @ https://unpkg.zhimg.com/@cfe/sentry-script@1.3.1/dist/init.js:0
[48950014ms] [ERROR] Failed to load resource: net::ERR_NAME_NOT_RESOLVED @ https://zhuanlan.zhihu.com/api//v4/search/preset_words:0
[48950014ms] [ERROR] getRemotePresetWords Failed to fetch @ https://unpkg.zhimg.com/@cfe/sentry-script@1.3.1/dist/init.js:0
[48950014ms] [ERROR] Failed to load resource: net::ERR_NAME_NOT_RESOLVED @ https://zhuanlan.zhihu.com/api//v4/search/preset_words:0
[48950014ms] [ERROR] getRemotePresetWords Failed to fetch @ https://unpkg.zhimg.com/@cfe/sentry-script@1.3.1/dist/init.js:0
[48950015ms] TypeError: Cannot read properties of null (reading 'words')
    at https://static.zhihu.com/heifetz/column.app.a44c7d68cb8f3344fef7.js:1:1443049
[48950015ms] TypeError: Cannot read properties of null (reading 'words')
    at https://static.zhihu.com/heifetz/column.app.a44c7d68cb8f3344fef7.js:1:1443049
[48950015ms] TypeError: Cannot read properties of null (reading 'words')
    at https://static.zhihu.com/heifetz/column.app.a44c7d68cb8f3344fef7.js:1:1443049
[48950015ms] TypeError: Cannot read properties of null (reading 'words')
    at https://static.zhihu.com/heifetz/column.app.a44c7d68cb8f3344fef7.js:1:1443049
[48980016ms] [ERROR] Failed to load resource: net::ERR_NAME_NOT_RESOLVED @ https://zhuanlan.zhihu.com/api//v4/search/preset_words:0
[48980016ms] [ERROR] getRemotePresetWords Failed to fetch @ https://unpkg.zhimg.com/@cfe/sentry-script@1.3.1/dist/init.js:0
[48980019ms] TypeError: Cannot read properties of null (reading 'words')
    at https://static.zhihu.com/heifetz/column.app.a44c7d68cb8f3344fef7.js:1:1443049
[48980017ms] [ERROR] Failed to load resource: net::ERR_NAME_NOT_RESOLVED @ https://zhuanlan.zhihu.com/api//v4/search/preset_words:0
[48980017ms] [ERROR] getRemotePresetWords Failed to fetch @ https://unpkg.zhimg.com/@cfe/sentry-script@1.3.1/dist/init.js:0
[48980017ms] [ERROR] Failed to load resource: net::ERR_NAME_NOT_RESOLVED @ https://zhuanlan.zhihu.com/api//v4/search/preset_words:0
[48980018ms] [ERROR] getRemotePresetWords Failed to fetch @ https://unpkg.zhimg.com/@cfe/sentry-script@1.3.1/dist/init.js:0
[48980018ms] [ERROR] Failed to load resource: net::ERR_NAME_NOT_RESOLVED @ https://zhuanlan.zhihu.com/api//v4/search/preset_words:0
[48980018ms] [ERROR] getRemotePresetWords Failed to fetch @ https://unpkg.zhimg.com/@cfe/sentry-script@1.3.1/dist/init.js:0
[48980019ms] TypeError: Cannot read properties of null (reading 'words')
    at https://static.zhihu.com/heifetz/column.app.a44c7d68cb8f3344fef7.js:1:1443049
[48980019ms] TypeError: Cannot read properties of null (reading 'words')
    at https://static.zhihu.com/heifetz/column.app.a44c7d68cb8f3344fef7.js:1:1443049
[48980019ms] TypeError: Cannot read properties of null (reading 'words')
    at https://static.zhihu.com/heifetz/column.app.a44c7d68cb8f3344fef7.js:1:1443049
[49010022ms] [ERROR] Failed to load resource: net::ERR_NAME_NOT_RESOLVED @ https://zhuanlan.zhihu.com/api//v4/search/preset_words:0
[49010022ms] [ERROR] getRemotePresetWords Failed to fetch @ https://unpkg.zhimg.com/@cfe/sentry-script@1.3.1/dist/init.js:0
[49010023ms] [ERROR] Failed to load resource: net::ERR_NAME_NOT_RESOLVED @ https://zhuanlan.zhihu.com/api//v4/search/preset_words:0
[49010023ms] [ERROR] getRemotePresetWords Failed to fetch @ https://unpkg.zhimg.com/@cfe/sentry-script@1.3.1/dist/init.js:0
[49010023ms] [ERROR] Failed to load resource: net::ERR_NAME_NOT_RESOLVED @ https://zhuanlan.zhihu.com/api//v4/search/preset_words:0
[49010023ms] [ERROR] getRemotePresetWords Failed to fetch @ https://unpkg.zhimg.com/@cfe/sentry-script@1.3.1/dist/init.js:0
[49010024ms] TypeError: Cannot read properties of null (reading 'words')
    at https://static.zhihu.com/heifetz/column.app.a44c7d68cb8f3344fef7.js:1:1443049
[49010024ms] TypeError: Cannot read properties of null (reading 'words')
    at https://static.zhihu.com/heifetz/column.app.a44c7d68cb8f3344fef7.js:1:1443049
[49010024ms] TypeError: Cannot read properties of null (reading 'words')
    at https://static.zhihu.com/heifetz/column.app.a44c7d68cb8f3344fef7.js:1:1443049
[49040026ms] [ERROR] Failed to load resource: net::ERR_NAME_NOT_RESOLVED @ https://zhuanlan.zhihu.com/api//v4/search/preset_words:0
[49040026ms] [ERROR] getRemotePresetWords Failed to fetch @ https://unpkg.zhimg.com/@cfe/sentry-script@1.3.1/dist/init.js:0
[49040027ms] [ERROR] Failed to load resource: net::ERR_NAME_NOT_RESOLVED @ https://zhuanlan.zhihu.com/api//v4/search/preset_words:0
[49040027ms] [ERROR] getRemotePresetWords Failed to fetch @ https://unpkg.zhimg.com/@cfe/sentry-script@1.3.1/dist/init.js:0
[49040027ms] [ERROR] Failed to load resource: net::ERR_NAME_NOT_RESOLVED @ https://zhuanlan.zhihu.com/api//v4/search/preset_words:0
[49040027ms] [ERROR] getRemotePresetWords Failed to fetch @ https://unpkg.zhimg.com/@cfe/sentry-script@1.3.1/dist/init.js:0
[49040029ms] TypeError: Cannot read properties of null (reading 'words')
    at https://static.zhihu.com/heifetz/column.app.a44c7d68cb8f3344fef7.js:1:1443049
[49040029ms] TypeError: Cannot read properties of null (reading 'words')
    at https://static.zhihu.com/heifetz/column.app.a44c7d68cb8f3344fef7.js:1:1443049
[49040028ms] [ERROR] Failed to load resource: net::ERR_NAME_NOT_RESOLVED @ https://zhuanlan.zhihu.com/api//v4/search/preset_words:0
[49040028ms] [ERROR] getRemotePresetWords Failed to fetch @ https://unpkg.zhimg.com/@cfe/sentry-script@1.3.1/dist/init.js:0
[49040029ms] TypeError: Cannot read properties of null (reading 'words')
    at https://static.zhihu.com/heifetz/column.app.a44c7d68cb8f3344fef7.js:1:1443049
[49040029ms] TypeError: Cannot read properties of null (reading 'words')
    at https://static.zhihu.com/heifetz/column.app.a44c7d68cb8f3344fef7.js:1:1443049
[49070032ms] [ERROR] Failed to load resource: net::ERR_NAME_NOT_RESOLVED @ https://zhuanlan.zhihu.com/api//v4/search/preset_words:0
[49070032ms] [ERROR] getRemotePresetWords Failed to fetch @ https://unpkg.zhimg.com/@cfe/sentry-script@1.3.1/dist/init.js:0
[49070032ms] [ERROR] Failed to load resource: net::ERR_NAME_NOT_RESOLVED @ https://zhuanlan.zhihu.com/api//v4/search/preset_words:0
[49070033ms] [ERROR] getRemotePresetWords Failed to fetch @ https://unpkg.zhimg.com/@cfe/sentry-script@1.3.1/dist/init.js:0
[49070033ms] [ERROR] Failed to load resource: net::ERR_NAME_NOT_RESOLVED @ https://zhuanlan.zhihu.com/api//v4/search/preset_words:0
[49070033ms] [ERROR] getRemotePresetWords Failed to fetch @ https://unpkg.zhimg.com/@cfe/sentry-script@1.3.1/dist/init.js:0
[49070033ms] [ERROR] Failed to load resource: net::ERR_NAME_NOT_RESOLVED @ https://zhuanlan.zhihu.com/api//v4/search/preset_words:0
[49070033ms] [ERROR] getRemotePresetWords Failed to fetch @ https://unpkg.zhimg.com/@cfe/sentry-script@1.3.1/dist/init.js:0
[49070035ms] TypeError: Cannot read properties of null (reading 'words')
    at https://static.zhihu.com/heifetz/column.app.a44c7d68cb8f3344fef7.js:1:1443049
[49070035ms] TypeError: Cannot read properties of null (reading 'words')
    at https://static.zhihu.com/heifetz/column.app.a44c7d68cb8f3344fef7.js:1:1443049
[49070035ms] TypeError: Cannot read properties of null (reading 'words')
    at https://static.zhihu.com/heifetz/column.app.a44c7d68cb8f3344fef7.js:1:1443049
[49070035ms] TypeError: Cannot read properties of null (reading 'words')
    at https://static.zhihu.com/heifetz/column.app.a44c7d68cb8f3344fef7.js:1:1443049
[49100035ms] [ERROR] Failed to load resource: net::ERR_NAME_NOT_RESOLVED @ https://zhuanlan.zhihu.com/api//v4/search/preset_words:0
[49100035ms] [ERROR] getRemotePresetWords Failed to fetch @ https://unpkg.zhimg.com/@cfe/sentry-script@1.3.1/dist/init.js:0
[49100037ms] TypeError: Cannot read properties of null (reading 'words')
    at https://static.zhihu.com/heifetz/column.app.a44c7d68cb8f3344fef7.js:1:1443049
[49100036ms] [ERROR] Failed to load resource: net::ERR_NAME_NOT_RESOLVED @ https://zhuanlan.zhihu.com/api//v4/search/preset_words:0
[49100036ms] [ERROR] getRemotePresetWords Failed to fetch @ https://unpkg.zhimg.com/@cfe/sentry-script@1.3.1/dist/init.js:0
[49100036ms] [ERROR] Failed to load resource: net::ERR_NAME_NOT_RESOLVED @ https://zhuanlan.zhihu.com/api//v4/search/preset_words:0
[49100036ms] [ERROR] getRemotePresetWords Failed to fetch @ https://unpkg.zhimg.com/@cfe/sentry-script@1.3.1/dist/init.js:0
[49100036ms] [ERROR] Failed to load resource: net::ERR_NAME_NOT_RESOLVED @ https://zhuanlan.zhihu.com/api//v4/search/preset_words:0
[49100036ms] [ERROR] getRemotePresetWords Failed to fetch @ https://unpkg.zhimg.com/@cfe/sentry-script@1.3.1/dist/init.js:0
[49100037ms] TypeError: Cannot read properties of null (reading 'words')
    at https://static.zhihu.com/heifetz/column.app.a44c7d68cb8f3344fef7.js:1:1443049
[49100037ms] TypeError: Cannot read properties of null (reading 'words')
    at https://static.zhihu.com/heifetz/column.app.a44c7d68cb8f3344fef7.js:1:1443049
[49100037ms] TypeError: Cannot read properties of null (reading 'words')
    at https://static.zhihu.com/heifetz/column.app.a44c7d68cb8f3344fef7.js:1:1443049
[49130038ms] [ERROR] Failed to load resource: net::ERR_NAME_NOT_RESOLVED @ https://zhuanlan.zhihu.com/api//v4/search/preset_words:0
[49130038ms] [ERROR] getRemotePresetWords Failed to fetch @ https://unpkg.zhimg.com/@cfe/sentry-script@1.3.1/dist/init.js:0
[49130039ms] [ERROR] Failed to load resource: net::ERR_NAME_NOT_RESOLVED @ https://zhuanlan.zhihu.com/api//v4/search/preset_words:0
[49130039ms] [ERROR] getRemotePresetWords Failed to fetch @ https://unpkg.zhimg.com/@cfe/sentry-script@1.3.1/dist/init.js:0
[49130041ms] TypeError: Cannot read properties of null (reading 'words')
    at https://static.zhihu.com/heifetz/column.app.a44c7d68cb8f3344fef7.js:1:1443049
[49130040ms] [ERROR] Failed to load resource: net::ERR_NAME_NOT_RESOLVED @ https://zhuanlan.zhihu.com/api//v4/search/preset_words:0
[49130040ms] [ERROR] getRemotePresetWords Failed to fetch @ https://unpkg.zhimg.com/@cfe/sentry-script@1.3.1/dist/init.js:0
[49130041ms] TypeError: Cannot read properties of null (reading 'words')
    at https://static.zhihu.com/heifetz/column.app.a44c7d68cb8f3344fef7.js:1:1443049
[49130041ms] TypeError: Cannot read properties of null (reading 'words')
    at https://static.zhihu.com/heifetz/column.app.a44c7d68cb8f3344fef7.js:1:1443049
[49160042ms] [ERROR] Failed to load resource: net::ERR_NAME_NOT_RESOLVED @ https://zhuanlan.zhihu.com/api//v4/search/preset_words:0
[49160042ms] [ERROR] getRemotePresetWords Failed to fetch @ https://unpkg.zhimg.com/@cfe/sentry-script@1.3.1/dist/init.js:0
[49160043ms] [ERROR] Failed to load resource: net::ERR_NAME_NOT_RESOLVED @ https://zhuanlan.zhihu.com/api//v4/search/preset_words:0
[49160043ms] [ERROR] getRemotePresetWords Failed to fetch @ https://unpkg.zhimg.com/@cfe/sentry-script@1.3.1/dist/init.js:0
[49160043ms] [ERROR] Failed to load resource: net::ERR_NAME_NOT_RESOLVED @ https://zhuanlan.zhihu.com/api//v4/search/preset_words:0
[49160043ms] [ERROR] getRemotePresetWords Failed to fetch @ https://unpkg.zhimg.com/@cfe/sentry-script@1.3.1/dist/init.js:0
[49160045ms] TypeError: Cannot read properties of null (reading 'words')
    at https://static.zhihu.com/heifetz/column.app.a44c7d68cb8f3344fef7.js:1:1443049
[49160045ms] TypeError: Cannot read properties of null (reading 'words')
    at https://static.zhihu.com/heifetz/column.app.a44c7d68cb8f3344fef7.js:1:1443049
[49160044ms] [ERROR] Failed to load resource: net::ERR_NAME_NOT_RESOLVED @ https://zhuanlan.zhihu.com/api//v4/search/preset_words:0
[49160044ms] [ERROR] getRemotePresetWords Failed to fetch @ https://unpkg.zhimg.com/@cfe/sentry-script@1.3.1/dist/init.js:0
[49160045ms] TypeError: Cannot read properties of null (reading 'words')
    at https://static.zhihu.com/heifetz/column.app.a44c7d68cb8f3344fef7.js:1:1443049
[49160045ms] TypeError: Cannot read properties of null (reading 'words')
    at https://static.zhihu.com/heifetz/column.app.a44c7d68cb8f3344fef7.js:1:1443049
[49190048ms] [ERROR] Failed to load resource: net::ERR_NAME_NOT_RESOLVED @ https://zhuanlan.zhihu.com/api//v4/search/preset_words:0
[49190048ms] [ERROR] getRemotePresetWords Failed to fetch @ https://unpkg.zhimg.com/@cfe/sentry-script@1.3.1/dist/init.js:0
[49190048ms] [ERROR] Failed to load resource: net::ERR_NAME_NOT_RESOLVED @ https://zhuanlan.zhihu.com/api//v4/search/preset_words:0
[49190048ms] [ERROR] getRemotePresetWords Failed to fetch @ https://unpkg.zhimg.com/@cfe/sentry-script@1.3.1/dist/init.js:0
[49190049ms] [ERROR] Failed to load resource: net::ERR_NAME_NOT_RESOLVED @ https://zhuanlan.zhihu.com/api//v4/search/preset_words:0
[49190049ms] [ERROR] getRemotePresetWords Failed to fetch @ https://unpkg.zhimg.com/@cfe/sentry-script@1.3.1/dist/init.js:0
[49190049ms] [ERROR] Failed to load resource: net::ERR_NAME_NOT_RESOLVED @ https://zhuanlan.zhihu.com/api//v4/search/preset_words:0
[49190049ms] [ERROR] getRemotePresetWords Failed to fetch @ https://unpkg.zhimg.com/@cfe/sentry-script@1.3.1/dist/init.js:0
[49190050ms] TypeError: Cannot read properties of null (reading 'words')
    at https://static.zhihu.com/heifetz/column.app.a44c7d68cb8f3344fef7.js:1:1443049
[49190050ms] TypeError: Cannot read properties of null (reading 'words')
    at https://static.zhihu.com/heifetz/column.app.a44c7d68cb8f3344fef7.js:1:1443049
[49190050ms] TypeError: Cannot read properties of null (reading 'words')
    at https://static.zhihu.com/heifetz/column.app.a44c7d68cb8f3344fef7.js:1:1443049
[49190050ms] TypeError: Cannot read properties of null (reading 'words')
    at https://static.zhihu.com/heifetz/column.app.a44c7d68cb8f3344fef7.js:1:1443049
[49220052ms] [ERROR] Failed to load resource: net::ERR_NAME_NOT_RESOLVED @ https://zhuanlan.zhihu.com/api//v4/search/preset_words:0
[49220052ms] [ERROR] getRemotePresetWords Failed to fetch @ https://unpkg.zhimg.com/@cfe/sentry-script@1.3.1/dist/init.js:0
[49220057ms] TypeError: Cannot read properties of null (reading 'words')
    at https://static.zhihu.com/heifetz/column.app.a44c7d68cb8f3344fef7.js:1:1443049
[49220053ms] [ERROR] Failed to load resource: net::ERR_NAME_NOT_RESOLVED @ https://zhuanlan.zhihu.com/api//v4/search/preset_words:0
[49220053ms] [ERROR] getRemotePresetWords Failed to fetch @ https://unpkg.zhimg.com/@cfe/sentry-script@1.3.1/dist/init.js:0
[49220053ms] [ERROR] Failed to load resource: net::ERR_NAME_NOT_RESOLVED @ https://zhuanlan.zhihu.com/api//v4/search/preset_words:0
[49220054ms] [ERROR] getRemotePresetWords Failed to fetch @ https://unpkg.zhimg.com/@cfe/sentry-script@1.3.1/dist/init.js:0
[49220054ms] [ERROR] Failed to load resource: net::ERR_NAME_NOT_RESOLVED @ https://zhuanlan.zhihu.com/api//v4/search/preset_words:0
[49220054ms] [ERROR] getRemotePresetWords Failed to fetch @ https://unpkg.zhimg.com/@cfe/sentry-script@1.3.1/dist/init.js:0
[49220057ms] TypeError: Cannot read properties of null (reading 'words')
    at https://static.zhihu.com/heifetz/column.app.a44c7d68cb8f3344fef7.js:1:1443049
[49220057ms] TypeError: Cannot read properties of null (reading 'words')
    at https://static.zhihu.com/heifetz/column.app.a44c7d68cb8f3344fef7.js:1:1443049
[49220057ms] TypeError: Cannot read properties of null (reading 'words')
    at https://static.zhihu.com/heifetz/column.app.a44c7d68cb8f3344fef7.js:1:1443049
[49250058ms] [ERROR] Failed to load resource: net::ERR_NAME_NOT_RESOLVED @ https://zhuanlan.zhihu.com/api//v4/search/preset_words:0
[49250058ms] [ERROR] getRemotePresetWords Failed to fetch @ https://unpkg.zhimg.com/@cfe/sentry-script@1.3.1/dist/init.js:0
[49250058ms] [ERROR] Failed to load resource: net::ERR_NAME_NOT_RESOLVED @ https://zhuanlan.zhihu.com/api//v4/search/preset_words:0
[49250058ms] [ERROR] getRemotePresetWords Failed to fetch @ https://unpkg.zhimg.com/@cfe/sentry-script@1.3.1/dist/init.js:0
[49250059ms] [ERROR] Failed to load resource: net::ERR_NAME_NOT_RESOLVED @ https://zhuanlan.zhihu.com/api//v4/search/preset_words:0
[49250059ms] [ERROR] getRemotePresetWords Failed to fetch @ https://unpkg.zhimg.com/@cfe/sentry-script@1.3.1/dist/init.js:0
[49250060ms] TypeError: Cannot read properties of null (reading 'words')
    at https://static.zhihu.com/heifetz/column.app.a44c7d68cb8f3344fef7.js:1:1443049
[49250060ms] TypeError: Cannot read properties of null (reading 'words')
    at https://static.zhihu.com/heifetz/column.app.a44c7d68cb8f3344fef7.js:1:1443049
[49250060ms] TypeError: Cannot read properties of null (reading 'words')
    at https://static.zhihu.com/heifetz/column.app.a44c7d68cb8f3344fef7.js:1:1443049
[49280062ms] [ERROR] Failed to load resource: net::ERR_NAME_NOT_RESOLVED @ https://zhuanlan.zhihu.com/api//v4/search/preset_words:0
[49280062ms] [ERROR] getRemotePresetWords Failed to fetch @ https://unpkg.zhimg.com/@cfe/sentry-script@1.3.1/dist/init.js:0
[49280063ms] [ERROR] Failed to load resource: net::ERR_NAME_NOT_RESOLVED @ https://zhuanlan.zhihu.com/api//v4/search/preset_words:0
[49280063ms] [ERROR] getRemotePresetWords Failed to fetch @ https://unpkg.zhimg.com/@cfe/sentry-script@1.3.1/dist/init.js:0
[49280063ms] [ERROR] Failed to load resource: net::ERR_NAME_NOT_RESOLVED @ https://zhuanlan.zhihu.com/api//v4/search/preset_words:0
[49280063ms] [ERROR] getRemotePresetWords Failed to fetch @ https://unpkg.zhimg.com/@cfe/sentry-script@1.3.1/dist/init.js:0
[49280066ms] TypeError: Cannot read properties of null (reading 'words')
    at https://static.zhihu.com/heifetz/column.app.a44c7d68cb8f3344fef7.js:1:1443049
[49280066ms] TypeError: Cannot read properties of null (reading 'words')
    at https://static.zhihu.com/heifetz/column.app.a44c7d68cb8f3344fef7.js:1:1443049
[49280064ms] [ERROR] Failed to load resource: net::ERR_NAME_NOT_RESOLVED @ https://zhuanlan.zhihu.com/api//v4/search/preset_words:0
[49280064ms] [ERROR] getRemotePresetWords Failed to fetch @ https://unpkg.zhimg.com/@cfe/sentry-script@1.3.1/dist/init.js:0
[49280066ms] TypeError: Cannot read properties of null (reading 'words')
    at https://static.zhihu.com/heifetz/column.app.a44c7d68cb8f3344fef7.js:1:1443049
[49280066ms] TypeError: Cannot read properties of null (reading 'words')
    at https://static.zhihu.com/heifetz/column.app.a44c7d68cb8f3344fef7.js:1:1443049
[49310068ms] [ERROR] Failed to load resource: net::ERR_NAME_NOT_RESOLVED @ https://zhuanlan.zhihu.com/api//v4/search/preset_words:0
[49310068ms] [ERROR] getRemotePresetWords Failed to fetch @ https://unpkg.zhimg.com/@cfe/sentry-script@1.3.1/dist/init.js:0
[49310069ms] [ERROR] Failed to load resource: net::ERR_NAME_NOT_RESOLVED @ https://zhuanlan.zhihu.com/api//v4/search/preset_words:0
[49310069ms] [ERROR] getRemotePresetWords Failed to fetch @ https://unpkg.zhimg.com/@cfe/sentry-script@1.3.1/dist/init.js:0
[49310069ms] [ERROR] Failed to load resource: net::ERR_NAME_NOT_RESOLVED @ https://zhuanlan.zhihu.com/api//v4/search/preset_words:0
[49310069ms] [ERROR] getRemotePresetWords Failed to fetch @ https://unpkg.zhimg.com/@cfe/sentry-script@1.3.1/dist/init.js:0
[49310069ms] [ERROR] Failed to load resource: net::ERR_NAME_NOT_RESOLVED @ https://zhuanlan.zhihu.com/api//v4/search/preset_words:0
[49310069ms] [ERROR] getRemotePresetWords Failed to fetch @ https://unpkg.zhimg.com/@cfe/sentry-script@1.3.1/dist/init.js:0
[49310071ms] TypeError: Cannot read properties of null (reading 'words')
    at https://static.zhihu.com/heifetz/column.app.a44c7d68cb8f3344fef7.js:1:1443049
[49310071ms] TypeError: Cannot read properties of null (reading 'words')
    at https://static.zhihu.com/heifetz/column.app.a44c7d68cb8f3344fef7.js:1:1443049
[49310071ms] TypeError: Cannot read properties of null (reading 'words')
    at https://static.zhihu.com/heifetz/column.app.a44c7d68cb8f3344fef7.js:1:1443049
[49310071ms] TypeError: Cannot read properties of null (reading 'words')
    at https://static.zhihu.com/heifetz/column.app.a44c7d68cb8f3344fef7.js:1:1443049
[49340072ms] [ERROR] Failed to load resource: net::ERR_NAME_NOT_RESOLVED @ https://zhuanlan.zhihu.com/api//v4/search/preset_words:0
[49340073ms] [ERROR] getRemotePresetWords Failed to fetch @ https://unpkg.zhimg.com/@cfe/sentry-script@1.3.1/dist/init.js:0
[49340075ms] TypeError: Cannot read properties of null (reading 'words')
    at https://static.zhihu.com/heifetz/column.app.a44c7d68cb8f3344fef7.js:1:1443049
[49340073ms] [ERROR] Failed to load resource: net::ERR_NAME_NOT_RESOLVED @ https://zhuanlan.zhihu.com/api//v4/search/preset_words:0
[49340074ms] [ERROR] getRemotePresetWords Failed to fetch @ https://unpkg.zhimg.com/@cfe/sentry-script@1.3.1/dist/init.js:0
[49340074ms] [ERROR] Failed to load resource: net::ERR_NAME_NOT_RESOLVED @ https://zhuanlan.zhihu.com/api//v4/search/preset_words:0
[49340074ms] [ERROR] getRemotePresetWords Failed to fetch @ https://unpkg.zhimg.com/@cfe/sentry-script@1.3.1/dist/init.js:0
[49340074ms] [ERROR] Failed to load resource: net::ERR_NAME_NOT_RESOLVED @ https://zhuanlan.zhihu.com/api//v4/search/preset_words:0
[49340074ms] [ERROR] getRemotePresetWords Failed to fetch @ https://unpkg.zhimg.com/@cfe/sentry-script@1.3.1/dist/init.js:0
[49340075ms] TypeError: Cannot read properties of null (reading 'words')
    at https://static.zhihu.com/heifetz/column.app.a44c7d68cb8f3344fef7.js:1:1443049
[49340075ms] TypeError: Cannot read properties of null (reading 'words')
    at https://static.zhihu.com/heifetz/column.app.a44c7d68cb8f3344fef7.js:1:1443049
[49340075ms] TypeError: Cannot read properties of null (reading 'words')
    at https://static.zhihu.com/heifetz/column.app.a44c7d68cb8f3344fef7.js:1:1443049
[49370078ms] [ERROR] Failed to load resource: net::ERR_NAME_NOT_RESOLVED @ https://zhuanlan.zhihu.com/api//v4/search/preset_words:0
[49370078ms] [ERROR] getRemotePresetWords Failed to fetch @ https://unpkg.zhimg.com/@cfe/sentry-script@1.3.1/dist/init.js:0
[49370079ms] [ERROR] Failed to load resource: net::ERR_NAME_NOT_RESOLVED @ https://zhuanlan.zhihu.com/api//v4/search/preset_words:0
[49370079ms] [ERROR] getRemotePresetWords Failed to fetch @ https://unpkg.zhimg.com/@cfe/sentry-script@1.3.1/dist/init.js:0
[49370079ms] [ERROR] Failed to load resource: net::ERR_NAME_NOT_RESOLVED @ https://zhuanlan.zhihu.com/api//v4/search/preset_words:0
[49370079ms] [ERROR] getRemotePresetWords Failed to fetch @ https://unpkg.zhimg.com/@cfe/sentry-script@1.3.1/dist/init.js:0
[49370081ms] TypeError: Cannot read properties of null (reading 'words')
    at https://static.zhihu.com/heifetz/column.app.a44c7d68cb8f3344fef7.js:1:1443049
[49370081ms] TypeError: Cannot read properties of null (reading 'words')
    at https://static.zhihu.com/heifetz/column.app.a44c7d68cb8f3344fef7.js:1:1443049
[49370081ms] TypeError: Cannot read properties of null (reading 'words')
    at https://static.zhihu.com/heifetz/column.app.a44c7d68cb8f3344fef7.js:1:1443049
[49400083ms] [ERROR] Failed to load resource: net::ERR_NAME_NOT_RESOLVED @ https://zhuanlan.zhihu.com/api//v4/search/preset_words:0
[49400083ms] [ERROR] getRemotePresetWords Failed to fetch @ https://unpkg.zhimg.com/@cfe/sentry-script@1.3.1/dist/init.js:0
[49400083ms] [ERROR] Failed to load resource: net::ERR_NAME_NOT_RESOLVED @ https://zhuanlan.zhihu.com/api//v4/search/preset_words:0
[49400083ms] [ERROR] getRemotePresetWords Failed to fetch @ https://unpkg.zhimg.com/@cfe/sentry-script@1.3.1/dist/init.js:0
[49400086ms] TypeError: Cannot read properties of null (reading 'words')
    at https://static.zhihu.com/heifetz/column.app.a44c7d68cb8f3344fef7.js:1:1443049
[49400084ms] [ERROR] Failed to load resource: net::ERR_NAME_NOT_RESOLVED @ https://zhuanlan.zhihu.com/api//v4/search/preset_words:0
[49400084ms] [ERROR] getRemotePresetWords Failed to fetch @ https://unpkg.zhimg.com/@cfe/sentry-script@1.3.1/dist/init.js:0
[49400086ms] TypeError: Cannot read properties of null (reading 'words')
    at https://static.zhihu.com/heifetz/column.app.a44c7d68cb8f3344fef7.js:1:1443049
[49400085ms] [ERROR] Failed to load resource: net::ERR_NAME_NOT_RESOLVED @ https://zhuanlan.zhihu.com/api//v4/search/preset_words:0
[49400085ms] [ERROR] getRemotePresetWords Failed to fetch @ https://unpkg.zhimg.com/@cfe/sentry-script@1.3.1/dist/init.js:0
[49400086ms] TypeError: Cannot read properties of null (reading 'words')
    at https://static.zhihu.com/heifetz/column.app.a44c7d68cb8f3344fef7.js:1:1443049
[49400086ms] TypeError: Cannot read properties of null (reading 'words')
    at https://static.zhihu.com/heifetz/column.app.a44c7d68cb8f3344fef7.js:1:1443049
[49430089ms] [ERROR] Failed to load resource: net::ERR_NAME_NOT_RESOLVED @ https://zhuanlan.zhihu.com/api//v4/search/preset_words:0
[49430089ms] [ERROR] getRemotePresetWords Failed to fetch @ https://unpkg.zhimg.com/@cfe/sentry-script@1.3.1/dist/init.js:0
[49430090ms] [ERROR] Failed to load resource: net::ERR_NAME_NOT_RESOLVED @ https://zhuanlan.zhihu.com/api//v4/search/preset_words:0
[49430090ms] [ERROR] getRemotePresetWords Failed to fetch @ https://unpkg.zhimg.com/@cfe/sentry-script@1.3.1/dist/init.js:0
[49430090ms] [ERROR] Failed to load resource: net::ERR_NAME_NOT_RESOLVED @ https://zhuanlan.zhihu.com/api//v4/search/preset_words:0
[49430090ms] [ERROR] getRemotePresetWords Failed to fetch @ https://unpkg.zhimg.com/@cfe/sentry-script@1.3.1/dist/init.js:0
[49430090ms] [ERROR] Failed to load resource: net::ERR_NAME_NOT_RESOLVED @ https://zhuanlan.zhihu.com/api//v4/search/preset_words:0
[49430090ms] [ERROR] getRemotePresetWords Failed to fetch @ https://unpkg.zhimg.com/@cfe/sentry-script@1.3.1/dist/init.js:0
[49430098ms] TypeError: Cannot read properties of null (reading 'words')
    at https://static.zhihu.com/heifetz/column.app.a44c7d68cb8f3344fef7.js:1:1443049
[49430098ms] TypeError: Cannot read properties of null (reading 'words')
    at https://static.zhihu.com/heifetz/column.app.a44c7d68cb8f3344fef7.js:1:1443049
[49430098ms] TypeError: Cannot read properties of null (reading 'words')
    at https://static.zhihu.com/heifetz/column.app.a44c7d68cb8f3344fef7.js:1:1443049
[49430098ms] TypeError: Cannot read properties of null (reading 'words')
    at https://static.zhihu.com/heifetz/column.app.a44c7d68cb8f3344fef7.js:1:1443049
[49460093ms] [ERROR] Failed to load resource: net::ERR_NAME_NOT_RESOLVED @ https://zhuanlan.zhihu.com/api//v4/search/preset_words:0
[49460093ms] [ERROR] getRemotePresetWords Failed to fetch @ https://unpkg.zhimg.com/@cfe/sentry-script@1.3.1/dist/init.js:0
[49460096ms] TypeError: Cannot read properties of null (reading 'words')
    at https://static.zhihu.com/heifetz/column.app.a44c7d68cb8f3344fef7.js:1:1443049
[49460094ms] [ERROR] Failed to load resource: net::ERR_NAME_NOT_RESOLVED @ https://zhuanlan.zhihu.com/api//v4/search/preset_words:0
[49460094ms] [ERROR] getRemotePresetWords Failed to fetch @ https://unpkg.zhimg.com/@cfe/sentry-script@1.3.1/dist/init.js:0
[49460095ms] [ERROR] Failed to load resource: net::ERR_NAME_NOT_RESOLVED @ https://zhuanlan.zhihu.com/api//v4/search/preset_words:0
[49460095ms] [ERROR] getRemotePresetWords Failed to fetch @ https://unpkg.zhimg.com/@cfe/sentry-script@1.3.1/dist/init.js:0
[49460095ms] [ERROR] Failed to load resource: net::ERR_NAME_NOT_RESOLVED @ https://zhuanlan.zhihu.com/api//v4/search/preset_words:0
[49460095ms] [ERROR] getRemotePresetWords Failed to fetch @ https://unpkg.zhimg.com/@cfe/sentry-script@1.3.1/dist/init.js:0
[49460096ms] TypeError: Cannot read properties of null (reading 'words')
    at https://static.zhihu.com/heifetz/column.app.a44c7d68cb8f3344fef7.js:1:1443049
[49460096ms] TypeError: Cannot read properties of null (reading 'words')
    at https://static.zhihu.com/heifetz/column.app.a44c7d68cb8f3344fef7.js:1:1443049
[49460096ms] TypeError: Cannot read properties of null (reading 'words')
    at https://static.zhihu.com/heifetz/column.app.a44c7d68cb8f3344fef7.js:1:1443049
[49490099ms] [ERROR] Failed to load resource: net::ERR_NAME_NOT_RESOLVED @ https://zhuanlan.zhihu.com/api//v4/search/preset_words:0
[49490099ms] [ERROR] getRemotePresetWords Failed to fetch @ https://unpkg.zhimg.com/@cfe/sentry-script@1.3.1/dist/init.js:0
[49490100ms] [ERROR] Failed to load resource: net::ERR_NAME_NOT_RESOLVED @ https://zhuanlan.zhihu.com/api//v4/search/preset_words:0
[49490100ms] [ERROR] getRemotePresetWords Failed to fetch @ https://unpkg.zhimg.com/@cfe/sentry-script@1.3.1/dist/init.js:0
[49490100ms] [ERROR] Failed to load resource: net::ERR_NAME_NOT_RESOLVED @ https://zhuanlan.zhihu.com/api//v4/search/preset_words:0
[49490100ms] [ERROR] getRemotePresetWords Failed to fetch @ https://unpkg.zhimg.com/@cfe/sentry-script@1.3.1/dist/init.js:0
[49490102ms] TypeError: Cannot read properties of null (reading 'words')
    at https://static.zhihu.com/heifetz/column.app.a44c7d68cb8f3344fef7.js:1:1443049
[49490102ms] TypeError: Cannot read properties of null (reading 'words')
    at https://static.zhihu.com/heifetz/column.app.a44c7d68cb8f3344fef7.js:1:1443049
[49490102ms] TypeError: Cannot read properties of null (reading 'words')
    at https://static.zhihu.com/heifetz/column.app.a44c7d68cb8f3344fef7.js:1:1443049
[49520103ms] [ERROR] Failed to load resource: net::ERR_NAME_NOT_RESOLVED @ https://zhuanlan.zhihu.com/api//v4/search/preset_words:0
[49520103ms] [ERROR] getRemotePresetWords Failed to fetch @ https://unpkg.zhimg.com/@cfe/sentry-script@1.3.1/dist/init.js:0
[49520103ms] [ERROR] Failed to load resource: net::ERR_NAME_NOT_RESOLVED @ https://zhuanlan.zhihu.com/api//v4/search/preset_words:0
[49520103ms] [ERROR] getRemotePresetWords Failed to fetch @ https://unpkg.zhimg.com/@cfe/sentry-script@1.3.1/dist/init.js:0
[49520103ms] [ERROR] Failed to load resource: net::ERR_NAME_NOT_RESOLVED @ https://zhuanlan.zhihu.com/api//v4/search/preset_words:0
[49520103ms] [ERROR] getRemotePresetWords Failed to fetch @ https://unpkg.zhimg.com/@cfe/sentry-script@1.3.1/dist/init.js:0
[49520106ms] TypeError: Cannot read properties of null (reading 'words')
    at https://static.zhihu.com/heifetz/column.app.a44c7d68cb8f3344fef7.js:1:1443049
[49520104ms] [ERROR] Failed to load resource: net::ERR_NAME_NOT_RESOLVED @ https://zhuanlan.zhihu.com/api//v4/search/preset_words:0
[49520104ms] [ERROR] getRemotePresetWords Failed to fetch @ https://unpkg.zhimg.com/@cfe/sentry-script@1.3.1/dist/init.js:0
[49520106ms] TypeError: Cannot read properties of null (reading 'words')
    at https://static.zhihu.com/heifetz/column.app.a44c7d68cb8f3344fef7.js:1:1443049
[49520106ms] TypeError: Cannot read properties of null (reading 'words')
    at https://static.zhihu.com/heifetz/column.app.a44c7d68cb8f3344fef7.js:1:1443049
[49520106ms] TypeError: Cannot read properties of null (reading 'words')
    at https://static.zhihu.com/heifetz/column.app.a44c7d68cb8f3344fef7.js:1:1443049
[49550108ms] [ERROR] Failed to load resource: net::ERR_NAME_NOT_RESOLVED @ https://zhuanlan.zhihu.com/api//v4/search/preset_words:0
[49550109ms] [ERROR] getRemotePresetWords Failed to fetch @ https://unpkg.zhimg.com/@cfe/sentry-script@1.3.1/dist/init.js:0
[49550109ms] [ERROR] Failed to load resource: net::ERR_NAME_NOT_RESOLVED @ https://zhuanlan.zhihu.com/api//v4/search/preset_words:0
[49550109ms] [ERROR] getRemotePresetWords Failed to fetch @ https://unpkg.zhimg.com/@cfe/sentry-script@1.3.1/dist/init.js:0
[49550109ms] [ERROR] Failed to load resource: net::ERR_NAME_NOT_RESOLVED @ https://zhuanlan.zhihu.com/api//v4/search/preset_words:0
[49550109ms] [ERROR] getRemotePresetWords Failed to fetch @ https://unpkg.zhimg.com/@cfe/sentry-script@1.3.1/dist/init.js:0
[49550112ms] TypeError: Cannot read properties of null (reading 'words')
    at https://static.zhihu.com/heifetz/column.app.a44c7d68cb8f3344fef7.js:1:1443049
[49550110ms] [ERROR] Failed to load resource: net::ERR_NAME_NOT_RESOLVED @ https://zhuanlan.zhihu.com/api//v4/search/preset_words:0
[49550110ms] [ERROR] getRemotePresetWords Failed to fetch @ https://unpkg.zhimg.com/@cfe/sentry-script@1.3.1/dist/init.js:0
[49550112ms] TypeError: Cannot read properties of null (reading 'words')
    at https://static.zhihu.com/heifetz/column.app.a44c7d68cb8f3344fef7.js:1:1443049
[49550112ms] TypeError: Cannot read properties of null (reading 'words')
    at https://static.zhihu.com/heifetz/column.app.a44c7d68cb8f3344fef7.js:1:1443049
[49550112ms] TypeError: Cannot read properties of null (reading 'words')
    at https://static.zhihu.com/heifetz/column.app.a44c7d68cb8f3344fef7.js:1:1443049
[49580112ms] [ERROR] Failed to load resource: net::ERR_NAME_NOT_RESOLVED @ https://zhuanlan.zhihu.com/api//v4/search/preset_words:0
[49580112ms] [ERROR] getRemotePresetWords Failed to fetch @ https://unpkg.zhimg.com/@cfe/sentry-script@1.3.1/dist/init.js:0
[49580115ms] TypeError: Cannot read properties of null (reading 'words')
    at https://static.zhihu.com/heifetz/column.app.a44c7d68cb8f3344fef7.js:1:1443049
[49580113ms] [ERROR] Failed to load resource: net::ERR_NAME_NOT_RESOLVED @ https://zhuanlan.zhihu.com/api//v4/search/preset_words:0
[49580113ms] [ERROR] getRemotePresetWords Failed to fetch @ https://unpkg.zhimg.com/@cfe/sentry-script@1.3.1/dist/init.js:0
[49580113ms] [ERROR] Failed to load resource: net::ERR_NAME_NOT_RESOLVED @ https://zhuanlan.zhihu.com/api//v4/search/preset_words:0
[49580113ms] [ERROR] getRemotePresetWords Failed to fetch @ https://unpkg.zhimg.com/@cfe/sentry-script@1.3.1/dist/init.js:0
[49580113ms] [ERROR] Failed to load resource: net::ERR_NAME_NOT_RESOLVED @ https://zhuanlan.zhihu.com/api//v4/search/preset_words:0
[49580113ms] [ERROR] getRemotePresetWords Failed to fetch @ https://unpkg.zhimg.com/@cfe/sentry-script@1.3.1/dist/init.js:0
[49580115ms] TypeError: Cannot read properties of null (reading 'words')
    at https://static.zhihu.com/heifetz/column.app.a44c7d68cb8f3344fef7.js:1:1443049
[49580115ms] TypeError: Cannot read properties of null (reading 'words')
    at https://static.zhihu.com/heifetz/column.app.a44c7d68cb8f3344fef7.js:1:1443049
[49580115ms] TypeError: Cannot read properties of null (reading 'words')
    at https://static.zhihu.com/heifetz/column.app.a44c7d68cb8f3344fef7.js:1:1443049
[49610117ms] [ERROR] Failed to load resource: net::ERR_NAME_NOT_RESOLVED @ https://zhuanlan.zhihu.com/api//v4/search/preset_words:0
[49610118ms] [ERROR] getRemotePresetWords Failed to fetch @ https://unpkg.zhimg.com/@cfe/sentry-script@1.3.1/dist/init.js:0
[49610118ms] [ERROR] Failed to load resource: net::ERR_NAME_NOT_RESOLVED @ https://zhuanlan.zhihu.com/api//v4/search/preset_words:0
[49610118ms] [ERROR] getRemotePresetWords Failed to fetch @ https://unpkg.zhimg.com/@cfe/sentry-script@1.3.1/dist/init.js:0
[49610120ms] TypeError: Cannot read properties of null (reading 'words')
    at https://static.zhihu.com/heifetz/column.app.a44c7d68cb8f3344fef7.js:1:1443049
[49610119ms] [ERROR] Failed to load resource: net::ERR_NAME_NOT_RESOLVED @ https://zhuanlan.zhihu.com/api//v4/search/preset_words:0
[49610119ms] [ERROR] getRemotePresetWords Failed to fetch @ https://unpkg.zhimg.com/@cfe/sentry-script@1.3.1/dist/init.js:0
[49610120ms] TypeError: Cannot read properties of null (reading 'words')
    at https://static.zhihu.com/heifetz/column.app.a44c7d68cb8f3344fef7.js:1:1443049
[49610120ms] TypeError: Cannot read properties of null (reading 'words')
    at https://static.zhihu.com/heifetz/column.app.a44c7d68cb8f3344fef7.js:1:1443049
[49640122ms] [ERROR] Failed to load resource: net::ERR_NAME_NOT_RESOLVED @ https://zhuanlan.zhihu.com/api//v4/search/preset_words:0
[49640122ms] [ERROR] getRemotePresetWords Failed to fetch @ https://unpkg.zhimg.com/@cfe/sentry-script@1.3.1/dist/init.js:0
[49640123ms] [ERROR] Failed to load resource: net::ERR_NAME_NOT_RESOLVED @ https://zhuanlan.zhihu.com/api//v4/search/preset_words:0
[49640123ms] [ERROR] getRemotePresetWords Failed to fetch @ https://unpkg.zhimg.com/@cfe/sentry-script@1.3.1/dist/init.js:0
[49640125ms] TypeError: Cannot read properties of null (reading 'words')
    at https://static.zhihu.com/heifetz/column.app.a44c7d68cb8f3344fef7.js:1:1443049
[49640124ms] [ERROR] Failed to load resource: net::ERR_NAME_NOT_RESOLVED @ https://zhuanlan.zhihu.com/api//v4/search/preset_words:0
[49640124ms] [ERROR] getRemotePresetWords Failed to fetch @ https://unpkg.zhimg.com/@cfe/sentry-script@1.3.1/dist/init.js:0
[49640125ms] TypeError: Cannot read properties of null (reading 'words')
    at https://static.zhihu.com/heifetz/column.app.a44c7d68cb8f3344fef7.js:1:1443049
[49640124ms] [ERROR] Failed to load resource: net::ERR_NAME_NOT_RESOLVED @ https://zhuanlan.zhihu.com/api//v4/search/preset_words:0
[49640124ms] [ERROR] getRemotePresetWords Failed to fetch @ https://unpkg.zhimg.com/@cfe/sentry-script@1.3.1/dist/init.js:0
[49640125ms] TypeError: Cannot read properties of null (reading 'words')
    at https://static.zhihu.com/heifetz/column.app.a44c7d68cb8f3344fef7.js:1:1443049
[49640125ms] TypeError: Cannot read properties of null (reading 'words')
    at https://static.zhihu.com/heifetz/column.app.a44c7d68cb8f3344fef7.js:1:1443049
[49670128ms] [ERROR] Failed to load resource: net::ERR_NAME_NOT_RESOLVED @ https://zhuanlan.zhihu.com/api//v4/search/preset_words:0
[49670129ms] [ERROR] getRemotePresetWords Failed to fetch @ https://unpkg.zhimg.com/@cfe/sentry-script@1.3.1/dist/init.js:0
[49670129ms] [ERROR] Failed to load resource: net::ERR_NAME_NOT_RESOLVED @ https://zhuanlan.zhihu.com/api//v4/search/preset_words:0
[49670129ms] [ERROR] getRemotePresetWords Failed to fetch @ https://unpkg.zhimg.com/@cfe/sentry-script@1.3.1/dist/init.js:0
[49670129ms] [ERROR] Failed to load resource: net::ERR_NAME_NOT_RESOLVED @ https://zhuanlan.zhihu.com/api//v4/search/preset_words:0
[49670130ms] [ERROR] getRemotePresetWords Failed to fetch @ https://unpkg.zhimg.com/@cfe/sentry-script@1.3.1/dist/init.js:0
[49670130ms] [ERROR] Failed to load resource: net::ERR_NAME_NOT_RESOLVED @ https://zhuanlan.zhihu.com/api//v4/search/preset_words:0
[49670130ms] [ERROR] getRemotePresetWords Failed to fetch @ https://unpkg.zhimg.com/@cfe/sentry-script@1.3.1/dist/init.js:0
[49670131ms] TypeError: Cannot read properties of null (reading 'words')
    at https://static.zhihu.com/heifetz/column.app.a44c7d68cb8f3344fef7.js:1:1443049
[49670131ms] TypeError: Cannot read properties of null (reading 'words')
    at https://static.zhihu.com/heifetz/column.app.a44c7d68cb8f3344fef7.js:1:1443049
[49670131ms] TypeError: Cannot read properties of null (reading 'words')
    at https://static.zhihu.com/heifetz/column.app.a44c7d68cb8f3344fef7.js:1:1443049
[49670131ms] TypeError: Cannot read properties of null (reading 'words')
    at https://static.zhihu.com/heifetz/column.app.a44c7d68cb8f3344fef7.js:1:1443049
[49700133ms] [ERROR] Failed to load resource: net::ERR_NAME_NOT_RESOLVED @ https://zhuanlan.zhihu.com/api//v4/search/preset_words:0
[49700133ms] [ERROR] getRemotePresetWords Failed to fetch @ https://unpkg.zhimg.com/@cfe/sentry-script@1.3.1/dist/init.js:0
[49700134ms] [ERROR] Failed to load resource: net::ERR_NAME_NOT_RESOLVED @ https://zhuanlan.zhihu.com/api//v4/search/preset_words:0
[49700134ms] [ERROR] getRemotePresetWords Failed to fetch @ https://unpkg.zhimg.com/@cfe/sentry-script@1.3.1/dist/init.js:0
[49700137ms] TypeError: Cannot read properties of null (reading 'words')
    at https://static.zhihu.com/heifetz/column.app.a44c7d68cb8f3344fef7.js:1:1443049
[49700137ms] TypeError: Cannot read properties of null (reading 'words')
    at https://static.zhihu.com/heifetz/column.app.a44c7d68cb8f3344fef7.js:1:1443049
[49700135ms] [ERROR] Failed to load resource: net::ERR_NAME_NOT_RESOLVED @ https://zhuanlan.zhihu.com/api//v4/search/preset_words:0
[49700135ms] [ERROR] getRemotePresetWords Failed to fetch @ https://unpkg.zhimg.com/@cfe/sentry-script@1.3.1/dist/init.js:0
[49700135ms] [ERROR] Failed to load resource: net::ERR_NAME_NOT_RESOLVED @ https://zhuanlan.zhihu.com/api//v4/search/preset_words:0
[49700135ms] [ERROR] getRemotePresetWords Failed to fetch @ https://unpkg.zhimg.com/@cfe/sentry-script@1.3.1/dist/init.js:0
[49700137ms] TypeError: Cannot read properties of null (reading 'words')
    at https://static.zhihu.com/heifetz/column.app.a44c7d68cb8f3344fef7.js:1:1443049
[49700137ms] TypeError: Cannot read properties of null (reading 'words')
    at https://static.zhihu.com/heifetz/column.app.a44c7d68cb8f3344fef7.js:1:1443049
[49730138ms] [ERROR] Failed to load resource: net::ERR_NAME_NOT_RESOLVED @ https://zhuanlan.zhihu.com/api//v4/search/preset_words:0
[49730138ms] [ERROR] getRemotePresetWords Failed to fetch @ https://unpkg.zhimg.com/@cfe/sentry-script@1.3.1/dist/init.js:0
[49730139ms] [ERROR] Failed to load resource: net::ERR_NAME_NOT_RESOLVED @ https://zhuanlan.zhihu.com/api//v4/search/preset_words:0
[49730139ms] [ERROR] getRemotePresetWords Failed to fetch @ https://unpkg.zhimg.com/@cfe/sentry-script@1.3.1/dist/init.js:0
[49730139ms] [ERROR] Failed to load resource: net::ERR_NAME_NOT_RESOLVED @ https://zhuanlan.zhihu.com/api//v4/search/preset_words:0
[49730139ms] [ERROR] getRemotePresetWords Failed to fetch @ https://unpkg.zhimg.com/@cfe/sentry-script@1.3.1/dist/init.js:0
[49730141ms] TypeError: Cannot read properties of null (reading 'words')
    at https://static.zhihu.com/heifetz/column.app.a44c7d68cb8f3344fef7.js:1:1443049
[49730141ms] TypeError: Cannot read properties of null (reading 'words')
    at https://static.zhihu.com/heifetz/column.app.a44c7d68cb8f3344fef7.js:1:1443049
[49730141ms] TypeError: Cannot read properties of null (reading 'words')
    at https://static.zhihu.com/heifetz/column.app.a44c7d68cb8f3344fef7.js:1:1443049
[49760142ms] [ERROR] Failed to load resource: net::ERR_NAME_NOT_RESOLVED @ https://zhuanlan.zhihu.com/api//v4/search/preset_words:0
[49760142ms] [ERROR] getRemotePresetWords Failed to fetch @ https://unpkg.zhimg.com/@cfe/sentry-script@1.3.1/dist/init.js:0
[49760143ms] [ERROR] Failed to load resource: net::ERR_NAME_NOT_RESOLVED @ https://zhuanlan.zhihu.com/api//v4/search/preset_words:0
[49760143ms] [ERROR] getRemotePresetWords Failed to fetch @ https://unpkg.zhimg.com/@cfe/sentry-script@1.3.1/dist/init.js:0
[49760143ms] [ERROR] Failed to load resource: net::ERR_NAME_NOT_RESOLVED @ https://zhuanlan.zhihu.com/api//v4/search/preset_words:0
[49760143ms] [ERROR] getRemotePresetWords Failed to fetch @ https://unpkg.zhimg.com/@cfe/sentry-script@1.3.1/dist/init.js:0
[49760146ms] TypeError: Cannot read properties of null (reading 'words')
    at https://static.zhihu.com/heifetz/column.app.a44c7d68cb8f3344fef7.js:1:1443049
[49760144ms] [ERROR] Failed to load resource: net::ERR_NAME_NOT_RESOLVED @ https://zhuanlan.zhihu.com/api//v4/search/preset_words:0
[49760144ms] [ERROR] getRemotePresetWords Failed to fetch @ https://unpkg.zhimg.com/@cfe/sentry-script@1.3.1/dist/init.js:0
[49760146ms] TypeError: Cannot read properties of null (reading 'words')
    at https://static.zhihu.com/heifetz/column.app.a44c7d68cb8f3344fef7.js:1:1443049
[49760146ms] TypeError: Cannot read properties of null (reading 'words')
    at https://static.zhihu.com/heifetz/column.app.a44c7d68cb8f3344fef7.js:1:1443049
[49760146ms] TypeError: Cannot read properties of null (reading 'words')
    at https://static.zhihu.com/heifetz/column.app.a44c7d68cb8f3344fef7.js:1:1443049
[49790148ms] [ERROR] Failed to load resource: net::ERR_NAME_NOT_RESOLVED @ https://zhuanlan.zhihu.com/api//v4/search/preset_words:0
[49790148ms] [ERROR] getRemotePresetWords Failed to fetch @ https://unpkg.zhimg.com/@cfe/sentry-script@1.3.1/dist/init.js:0
[49790148ms] [ERROR] Failed to load resource: net::ERR_NAME_NOT_RESOLVED @ https://zhuanlan.zhihu.com/api//v4/search/preset_words:0
[49790148ms] [ERROR] getRemotePresetWords Failed to fetch @ https://unpkg.zhimg.com/@cfe/sentry-script@1.3.1/dist/init.js:0
[49790149ms] [ERROR] Failed to load resource: net::ERR_NAME_NOT_RESOLVED @ https://zhuanlan.zhihu.com/api//v4/search/preset_words:0
[49790149ms] [ERROR] getRemotePresetWords Failed to fetch @ https://unpkg.zhimg.com/@cfe/sentry-script@1.3.1/dist/init.js:0
[49790149ms] [ERROR] Failed to load resource: net::ERR_NAME_NOT_RESOLVED @ https://zhuanlan.zhihu.com/api//v4/search/preset_words:0
[49790149ms] [ERROR] getRemotePresetWords Failed to fetch @ https://unpkg.zhimg.com/@cfe/sentry-script@1.3.1/dist/init.js:0
[49790150ms] TypeError: Cannot read properties of null (reading 'words')
    at https://static.zhihu.com/heifetz/column.app.a44c7d68cb8f3344fef7.js:1:1443049
[49790150ms] TypeError: Cannot read properties of null (reading 'words')
    at https://static.zhihu.com/heifetz/column.app.a44c7d68cb8f3344fef7.js:1:1443049
[49790151ms] TypeError: Cannot read properties of null (reading 'words')
    at https://static.zhihu.com/heifetz/column.app.a44c7d68cb8f3344fef7.js:1:1443049
[49790151ms] TypeError: Cannot read properties of null (reading 'words')
    at https://static.zhihu.com/heifetz/column.app.a44c7d68cb8f3344fef7.js:1:1443049
[49820152ms] [ERROR] Failed to load resource: net::ERR_NAME_NOT_RESOLVED @ https://zhuanlan.zhihu.com/api//v4/search/preset_words:0
[49820152ms] [ERROR] getRemotePresetWords Failed to fetch @ https://unpkg.zhimg.com/@cfe/sentry-script@1.3.1/dist/init.js:0
[49820155ms] TypeError: Cannot read properties of null (reading 'words')
    at https://static.zhihu.com/heifetz/column.app.a44c7d68cb8f3344fef7.js:1:1443049
[49820153ms] [ERROR] Failed to load resource: net::ERR_NAME_NOT_RESOLVED @ https://zhuanlan.zhihu.com/api//v4/search/preset_words:0
[49820153ms] [ERROR] getRemotePresetWords Failed to fetch @ https://unpkg.zhimg.com/@cfe/sentry-script@1.3.1/dist/init.js:0
[49820153ms] [ERROR] Failed to load resource: net::ERR_NAME_NOT_RESOLVED @ https://zhuanlan.zhihu.com/api//v4/search/preset_words:0
[49820153ms] [ERROR] getRemotePresetWords Failed to fetch @ https://unpkg.zhimg.com/@cfe/sentry-script@1.3.1/dist/init.js:0
[49820154ms] [ERROR] Failed to load resource: net::ERR_NAME_NOT_RESOLVED @ https://zhuanlan.zhihu.com/api//v4/search/preset_words:0
[49820154ms] [ERROR] getRemotePresetWords Failed to fetch @ https://unpkg.zhimg.com/@cfe/sentry-script@1.3.1/dist/init.js:0
[49820155ms] TypeError: Cannot read properties of null (reading 'words')
    at https://static.zhihu.com/heifetz/column.app.a44c7d68cb8f3344fef7.js:1:1443049
[49820155ms] TypeError: Cannot read properties of null (reading 'words')
    at https://static.zhihu.com/heifetz/column.app.a44c7d68cb8f3344fef7.js:1:1443049
[49820155ms] TypeError: Cannot read properties of null (reading 'words')
    at https://static.zhihu.com/heifetz/column.app.a44c7d68cb8f3344fef7.js:1:1443049
[49850157ms] [ERROR] Failed to load resource: net::ERR_NAME_NOT_RESOLVED @ https://zhuanlan.zhihu.com/api//v4/search/preset_words:0
[49850158ms] [ERROR] getRemotePresetWords Failed to fetch @ https://unpkg.zhimg.com/@cfe/sentry-script@1.3.1/dist/init.js:0
[49850158ms] [ERROR] Failed to load resource: net::ERR_NAME_NOT_RESOLVED @ https://zhuanlan.zhihu.com/api//v4/search/preset_words:0
[49850158ms] [ERROR] getRemotePresetWords Failed to fetch @ https://unpkg.zhimg.com/@cfe/sentry-script@1.3.1/dist/init.js:0
[49850158ms] [ERROR] Failed to load resource: net::ERR_NAME_NOT_RESOLVED @ https://zhuanlan.zhihu.com/api//v4/search/preset_words:0
[49850158ms] [ERROR] getRemotePresetWords Failed to fetch @ https://unpkg.zhimg.com/@cfe/sentry-script@1.3.1/dist/init.js:0
[49850160ms] TypeError: Cannot read properties of null (reading 'words')
    at https://static.zhihu.com/heifetz/column.app.a44c7d68cb8f3344fef7.js:1:1443049
[49850161ms] TypeError: Cannot read properties of null (reading 'words')
    at https://static.zhihu.com/heifetz/column.app.a44c7d68cb8f3344fef7.js:1:1443049
[49850161ms] TypeError: Cannot read properties of null (reading 'words')
    at https://static.zhihu.com/heifetz/column.app.a44c7d68cb8f3344fef7.js:1:1443049
[49880162ms] [ERROR] Failed to load resource: net::ERR_NAME_NOT_RESOLVED @ https://zhuanlan.zhihu.com/api//v4/search/preset_words:0
[49880162ms] [ERROR] getRemotePresetWords Failed to fetch @ https://unpkg.zhimg.com/@cfe/sentry-script@1.3.1/dist/init.js:0
[49880163ms] [ERROR] Failed to load resource: net::ERR_NAME_NOT_RESOLVED @ https://zhuanlan.zhihu.com/api//v4/search/preset_words:0
[49880163ms] [ERROR] getRemotePresetWords Failed to fetch @ https://unpkg.zhimg.com/@cfe/sentry-script@1.3.1/dist/init.js:0
[49880163ms] [ERROR] Failed to load resource: net::ERR_NAME_NOT_RESOLVED @ https://zhuanlan.zhihu.com/api//v4/search/preset_words:0
[49880163ms] [ERROR] getRemotePresetWords Failed to fetch @ https://unpkg.zhimg.com/@cfe/sentry-script@1.3.1/dist/init.js:0
[49880165ms] TypeError: Cannot read properties of null (reading 'words')
    at https://static.zhihu.com/heifetz/column.app.a44c7d68cb8f3344fef7.js:1:1443049
[49880164ms] [ERROR] Failed to load resource: net::ERR_NAME_NOT_RESOLVED @ https://zhuanlan.zhihu.com/api//v4/search/preset_words:0
[49880164ms] [ERROR] getRemotePresetWords Failed to fetch @ https://unpkg.zhimg.com/@cfe/sentry-script@1.3.1/dist/init.js:0
[49880165ms] TypeError: Cannot read properties of null (reading 'words')
    at https://static.zhihu.com/heifetz/column.app.a44c7d68cb8f3344fef7.js:1:1443049
[49880165ms] TypeError: Cannot read properties of null (reading 'words')
    at https://static.zhihu.com/heifetz/column.app.a44c7d68cb8f3344fef7.js:1:1443049
[49880165ms] TypeError: Cannot read properties of null (reading 'words')
    at https://static.zhihu.com/heifetz/column.app.a44c7d68cb8f3344fef7.js:1:1443049
[49910168ms] [ERROR] Failed to load resource: net::ERR_NAME_NOT_RESOLVED @ https://zhuanlan.zhihu.com/api//v4/search/preset_words:0
[49910168ms] [ERROR] getRemotePresetWords Failed to fetch @ https://unpkg.zhimg.com/@cfe/sentry-script@1.3.1/dist/init.js:0
[49910168ms] [ERROR] Failed to load resource: net::ERR_NAME_NOT_RESOLVED @ https://zhuanlan.zhihu.com/api//v4/search/preset_words:0
[49910169ms] [ERROR] getRemotePresetWords Failed to fetch @ https://unpkg.zhimg.com/@cfe/sentry-script@1.3.1/dist/init.js:0
[49910169ms] [ERROR] Failed to load resource: net::ERR_NAME_NOT_RESOLVED @ https://zhuanlan.zhihu.com/api//v4/search/preset_words:0
[49910169ms] [ERROR] getRemotePresetWords Failed to fetch @ https://unpkg.zhimg.com/@cfe/sentry-script@1.3.1/dist/init.js:0
[49910169ms] [ERROR] Failed to load resource: net::ERR_NAME_NOT_RESOLVED @ https://zhuanlan.zhihu.com/api//v4/search/preset_words:0
[49910169ms] [ERROR] getRemotePresetWords Failed to fetch @ https://unpkg.zhimg.com/@cfe/sentry-script@1.3.1/dist/init.js:0
[49910171ms] TypeError: Cannot read properties of null (reading 'words')
    at https://static.zhihu.com/heifetz/column.app.a44c7d68cb8f3344fef7.js:1:1443049
[49910171ms] TypeError: Cannot read properties of null (reading 'words')
    at https://static.zhihu.com/heifetz/column.app.a44c7d68cb8f3344fef7.js:1:1443049
[49910171ms] TypeError: Cannot read properties of null (reading 'words')
    at https://static.zhihu.com/heifetz/column.app.a44c7d68cb8f3344fef7.js:1:1443049
[49910171ms] TypeError: Cannot read properties of null (reading 'words')
    at https://static.zhihu.com/heifetz/column.app.a44c7d68cb8f3344fef7.js:1:1443049
[49940171ms] [ERROR] Failed to load resource: net::ERR_NAME_NOT_RESOLVED @ https://zhuanlan.zhihu.com/api//v4/search/preset_words:0
[49940172ms] [ERROR] getRemotePresetWords Failed to fetch @ https://unpkg.zhimg.com/@cfe/sentry-script@1.3.1/dist/init.js:0
[49940174ms] TypeError: Cannot read properties of null (reading 'words')
    at https://static.zhihu.com/heifetz/column.app.a44c7d68cb8f3344fef7.js:1:1443049
[49940173ms] [ERROR] Failed to load resource: net::ERR_NAME_NOT_RESOLVED @ https://zhuanlan.zhihu.com/api//v4/search/preset_words:0
[49940173ms] [ERROR] getRemotePresetWords Failed to fetch @ https://unpkg.zhimg.com/@cfe/sentry-script@1.3.1/dist/init.js:0
[49940173ms] [ERROR] Failed to load resource: net::ERR_NAME_NOT_RESOLVED @ https://zhuanlan.zhihu.com/api//v4/search/preset_words:0
[49940173ms] [ERROR] getRemotePresetWords Failed to fetch @ https://unpkg.zhimg.com/@cfe/sentry-script@1.3.1/dist/init.js:0
[49940173ms] [ERROR] Failed to load resource: net::ERR_NAME_NOT_RESOLVED @ https://zhuanlan.zhihu.com/api//v4/search/preset_words:0
[49940173ms] [ERROR] getRemotePresetWords Failed to fetch @ https://unpkg.zhimg.com/@cfe/sentry-script@1.3.1/dist/init.js:0
[49940174ms] TypeError: Cannot read properties of null (reading 'words')
    at https://static.zhihu.com/heifetz/column.app.a44c7d68cb8f3344fef7.js:1:1443049
[49940174ms] TypeError: Cannot read properties of null (reading 'words')
    at https://static.zhihu.com/heifetz/column.app.a44c7d68cb8f3344fef7.js:1:1443049
[49940174ms] TypeError: Cannot read properties of null (reading 'words')
    at https://static.zhihu.com/heifetz/column.app.a44c7d68cb8f3344fef7.js:1:1443049
[49970177ms] [ERROR] Failed to load resource: net::ERR_NAME_NOT_RESOLVED @ https://zhuanlan.zhihu.com/api//v4/search/preset_words:0
[49970177ms] [ERROR] getRemotePresetWords Failed to fetch @ https://unpkg.zhimg.com/@cfe/sentry-script@1.3.1/dist/init.js:0
[49970178ms] [ERROR] Failed to load resource: net::ERR_NAME_NOT_RESOLVED @ https://zhuanlan.zhihu.com/api//v4/search/preset_words:0
[49970178ms] [ERROR] getRemotePresetWords Failed to fetch @ https://unpkg.zhimg.com/@cfe/sentry-script@1.3.1/dist/init.js:0
[49970178ms] [ERROR] Failed to load resource: net::ERR_NAME_NOT_RESOLVED @ https://zhuanlan.zhihu.com/api//v4/search/preset_words:0
[49970178ms] [ERROR] getRemotePresetWords Failed to fetch @ https://unpkg.zhimg.com/@cfe/sentry-script@1.3.1/dist/init.js:0
[49970179ms] TypeError: Cannot read properties of null (reading 'words')
    at https://static.zhihu.com/heifetz/column.app.a44c7d68cb8f3344fef7.js:1:1443049
[49970179ms] TypeError: Cannot read properties of null (reading 'words')
    at https://static.zhihu.com/heifetz/column.app.a44c7d68cb8f3344fef7.js:1:1443049
[49970180ms] TypeError: Cannot read properties of null (reading 'words')
    at https://static.zhihu.com/heifetz/column.app.a44c7d68cb8f3344fef7.js:1:1443049
[50000181ms] [ERROR] Failed to load resource: net::ERR_NAME_NOT_RESOLVED @ https://zhuanlan.zhihu.com/api//v4/search/preset_words:0
[50000181ms] [ERROR] getRemotePresetWords Failed to fetch @ https://unpkg.zhimg.com/@cfe/sentry-script@1.3.1/dist/init.js:0
[50000182ms] [ERROR] Failed to load resource: net::ERR_NAME_NOT_RESOLVED @ https://zhuanlan.zhihu.com/api//v4/search/preset_words:0
[50000182ms] [ERROR] getRemotePresetWords Failed to fetch @ https://unpkg.zhimg.com/@cfe/sentry-script@1.3.1/dist/init.js:0
[50000182ms] [ERROR] Failed to load resource: net::ERR_NAME_NOT_RESOLVED @ https://zhuanlan.zhihu.com/api//v4/search/preset_words:0
[50000182ms] [ERROR] getRemotePresetWords Failed to fetch @ https://unpkg.zhimg.com/@cfe/sentry-script@1.3.1/dist/init.js:0
[50000184ms] TypeError: Cannot read properties of null (reading 'words')
    at https://static.zhihu.com/heifetz/column.app.a44c7d68cb8f3344fef7.js:1:1443049
[50000183ms] [ERROR] Failed to load resource: net::ERR_NAME_NOT_RESOLVED @ https://zhuanlan.zhihu.com/api//v4/search/preset_words:0
[50000183ms] [ERROR] getRemotePresetWords Failed to fetch @ https://unpkg.zhimg.com/@cfe/sentry-script@1.3.1/dist/init.js:0
[50000184ms] TypeError: Cannot read properties of null (reading 'words')
    at https://static.zhihu.com/heifetz/column.app.a44c7d68cb8f3344fef7.js:1:1443049
[50000184ms] TypeError: Cannot read properties of null (reading 'words')
    at https://static.zhihu.com/heifetz/column.app.a44c7d68cb8f3344fef7.js:1:1443049
[50000184ms] TypeError: Cannot read properties of null (reading 'words')
    at https://static.zhihu.com/heifetz/column.app.a44c7d68cb8f3344fef7.js:1:1443049
[50030187ms] [ERROR] Failed to load resource: net::ERR_NAME_NOT_RESOLVED @ https://zhuanlan.zhihu.com/api//v4/search/preset_words:0
[50030187ms] [ERROR] getRemotePresetWords Failed to fetch @ https://unpkg.zhimg.com/@cfe/sentry-script@1.3.1/dist/init.js:0
[50030187ms] [ERROR] Failed to load resource: net::ERR_NAME_NOT_RESOLVED @ https://zhuanlan.zhihu.com/api//v4/search/preset_words:0
[50030187ms] [ERROR] getRemotePresetWords Failed to fetch @ https://unpkg.zhimg.com/@cfe/sentry-script@1.3.1/dist/init.js:0
[50030188ms] [ERROR] Failed to load resource: net::ERR_NAME_NOT_RESOLVED @ https://zhuanlan.zhihu.com/api//v4/search/preset_words:0
[50030188ms] [ERROR] getRemotePresetWords Failed to fetch @ https://unpkg.zhimg.com/@cfe/sentry-script@1.3.1/dist/init.js:0
[50030188ms] [ERROR] Failed to load resource: net::ERR_NAME_NOT_RESOLVED @ https://zhuanlan.zhihu.com/api//v4/search/preset_words:0
[50030188ms] [ERROR] getRemotePresetWords Failed to fetch @ https://unpkg.zhimg.com/@cfe/sentry-script@1.3.1/dist/init.js:0
[50030189ms] TypeError: Cannot read properties of null (reading 'words')
    at https://static.zhihu.com/heifetz/column.app.a44c7d68cb8f3344fef7.js:1:1443049
[50030189ms] TypeError: Cannot read properties of null (reading 'words')
    at https://static.zhihu.com/heifetz/column.app.a44c7d68cb8f3344fef7.js:1:1443049
[50030189ms] TypeError: Cannot read properties of null (reading 'words')
    at https://static.zhihu.com/heifetz/column.app.a44c7d68cb8f3344fef7.js:1:1443049
[50030189ms] TypeError: Cannot read properties of null (reading 'words')
    at https://static.zhihu.com/heifetz/column.app.a44c7d68cb8f3344fef7.js:1:1443049
[50060190ms] [ERROR] Failed to load resource: net::ERR_NAME_NOT_RESOLVED @ https://zhuanlan.zhihu.com/api//v4/search/preset_words:0
[50060190ms] [ERROR] getRemotePresetWords Failed to fetch @ https://unpkg.zhimg.com/@cfe/sentry-script@1.3.1/dist/init.js:0
[50060193ms] TypeError: Cannot read properties of null (reading 'words')
    at https://static.zhihu.com/heifetz/column.app.a44c7d68cb8f3344fef7.js:1:1443049
[50060191ms] [ERROR] Failed to load resource: net::ERR_NAME_NOT_RESOLVED @ https://zhuanlan.zhihu.com/api//v4/search/preset_words:0
[50060191ms] [ERROR] getRemotePresetWords Failed to fetch @ https://unpkg.zhimg.com/@cfe/sentry-script@1.3.1/dist/init.js:0
[50060192ms] [ERROR] Failed to load resource: net::ERR_NAME_NOT_RESOLVED @ https://zhuanlan.zhihu.com/api//v4/search/preset_words:0
[50060192ms] [ERROR] getRemotePresetWords Failed to fetch @ https://unpkg.zhimg.com/@cfe/sentry-script@1.3.1/dist/init.js:0
[50060192ms] [ERROR] Failed to load resource: net::ERR_NAME_NOT_RESOLVED @ https://zhuanlan.zhihu.com/api//v4/search/preset_words:0
[50060192ms] [ERROR] getRemotePresetWords Failed to fetch @ https://unpkg.zhimg.com/@cfe/sentry-script@1.3.1/dist/init.js:0
[50060194ms] TypeError: Cannot read properties of null (reading 'words')
    at https://static.zhihu.com/heifetz/column.app.a44c7d68cb8f3344fef7.js:1:1443049
[50060194ms] TypeError: Cannot read properties of null (reading 'words')
    at https://static.zhihu.com/heifetz/column.app.a44c7d68cb8f3344fef7.js:1:1443049
[50060194ms] TypeError: Cannot read properties of null (reading 'words')
    at https://static.zhihu.com/heifetz/column.app.a44c7d68cb8f3344fef7.js:1:1443049
[50090196ms] [ERROR] Failed to load resource: net::ERR_NAME_NOT_RESOLVED @ https://zhuanlan.zhihu.com/api//v4/search/preset_words:0
[50090196ms] [ERROR] getRemotePresetWords Failed to fetch @ https://unpkg.zhimg.com/@cfe/sentry-script@1.3.1/dist/init.js:0
[50090197ms] [ERROR] Failed to load resource: net::ERR_NAME_NOT_RESOLVED @ https://zhuanlan.zhihu.com/api//v4/search/preset_words:0
[50090197ms] [ERROR] getRemotePresetWords Failed to fetch @ https://unpkg.zhimg.com/@cfe/sentry-script@1.3.1/dist/init.js:0
[50090197ms] [ERROR] Failed to load resource: net::ERR_NAME_NOT_RESOLVED @ https://zhuanlan.zhihu.com/api//v4/search/preset_words:0
[50090197ms] [ERROR] getRemotePresetWords Failed to fetch @ https://unpkg.zhimg.com/@cfe/sentry-script@1.3.1/dist/init.js:0
[50090198ms] TypeError: Cannot read properties of null (reading 'words')
    at https://static.zhihu.com/heifetz/column.app.a44c7d68cb8f3344fef7.js:1:1443049
[50090198ms] TypeError: Cannot read properties of null (reading 'words')
    at https://static.zhihu.com/heifetz/column.app.a44c7d68cb8f3344fef7.js:1:1443049
[50090198ms] TypeError: Cannot read properties of null (reading 'words')
    at https://static.zhihu.com/heifetz/column.app.a44c7d68cb8f3344fef7.js:1:1443049
[50120200ms] [ERROR] Failed to load resource: net::ERR_NAME_NOT_RESOLVED @ https://zhuanlan.zhihu.com/api//v4/search/preset_words:0
[50120201ms] [ERROR] getRemotePresetWords Failed to fetch @ https://unpkg.zhimg.com/@cfe/sentry-script@1.3.1/dist/init.js:0
[50120201ms] [ERROR] Failed to load resource: net::ERR_NAME_NOT_RESOLVED @ https://zhuanlan.zhihu.com/api//v4/search/preset_words:0
[50120201ms] [ERROR] getRemotePresetWords Failed to fetch @ https://unpkg.zhimg.com/@cfe/sentry-script@1.3.1/dist/init.js:0
[50120204ms] TypeError: Cannot read properties of null (reading 'words')
    at https://static.zhihu.com/heifetz/column.app.a44c7d68cb8f3344fef7.js:1:1443049
[50120202ms] [ERROR] Failed to load resource: net::ERR_NAME_NOT_RESOLVED @ https://zhuanlan.zhihu.com/api//v4/search/preset_words:0
[50120202ms] [ERROR] getRemotePresetWords Failed to fetch @ https://unpkg.zhimg.com/@cfe/sentry-script@1.3.1/dist/init.js:0
[50120204ms] TypeError: Cannot read properties of null (reading 'words')
    at https://static.zhihu.com/heifetz/column.app.a44c7d68cb8f3344fef7.js:1:1443049
[50120204ms] TypeError: Cannot read properties of null (reading 'words')
    at https://static.zhihu.com/heifetz/column.app.a44c7d68cb8f3344fef7.js:1:1443049
[50120202ms] [ERROR] Failed to load resource: net::ERR_NAME_NOT_RESOLVED @ https://zhuanlan.zhihu.com/api//v4/search/preset_words:0
[50120203ms] [ERROR] getRemotePresetWords Failed to fetch @ https://unpkg.zhimg.com/@cfe/sentry-script@1.3.1/dist/init.js:0
[50120204ms] TypeError: Cannot read properties of null (reading 'words')
    at https://static.zhihu.com/heifetz/column.app.a44c7d68cb8f3344fef7.js:1:1443049
[50150207ms] [ERROR] Failed to load resource: net::ERR_NAME_NOT_RESOLVED @ https://zhuanlan.zhihu.com/api//v4/search/preset_words:0
[50150207ms] [ERROR] getRemotePresetWords Failed to fetch @ https://unpkg.zhimg.com/@cfe/sentry-script@1.3.1/dist/init.js:0
[50150207ms] [ERROR] Failed to load resource: net::ERR_NAME_NOT_RESOLVED @ https://zhuanlan.zhihu.com/api//v4/search/preset_words:0
[50150207ms] [ERROR] getRemotePresetWords Failed to fetch @ https://unpkg.zhimg.com/@cfe/sentry-script@1.3.1/dist/init.js:0
[50150207ms] [ERROR] Failed to load resource: net::ERR_NAME_NOT_RESOLVED @ https://zhuanlan.zhihu.com/api//v4/search/preset_words:0
[50150208ms] [ERROR] getRemotePresetWords Failed to fetch @ https://unpkg.zhimg.com/@cfe/sentry-script@1.3.1/dist/init.js:0
[50150209ms] TypeError: Cannot read properties of null (reading 'words')
    at https://static.zhihu.com/heifetz/column.app.a44c7d68cb8f3344fef7.js:1:1443049
[50150208ms] [ERROR] Failed to load resource: net::ERR_NAME_NOT_RESOLVED @ https://zhuanlan.zhihu.com/api//v4/search/preset_words:0
[50150208ms] [ERROR] getRemotePresetWords Failed to fetch @ https://unpkg.zhimg.com/@cfe/sentry-script@1.3.1/dist/init.js:0
[50150210ms] TypeError: Cannot read properties of null (reading 'words')
    at https://static.zhihu.com/heifetz/column.app.a44c7d68cb8f3344fef7.js:1:1443049
[50150210ms] TypeError: Cannot read properties of null (reading 'words')
    at https://static.zhihu.com/heifetz/column.app.a44c7d68cb8f3344fef7.js:1:1443049
[50150210ms] TypeError: Cannot read properties of null (reading 'words')
    at https://static.zhihu.com/heifetz/column.app.a44c7d68cb8f3344fef7.js:1:1443049
[50180210ms] [ERROR] Failed to load resource: net::ERR_NAME_NOT_RESOLVED @ https://zhuanlan.zhihu.com/api//v4/search/preset_words:0
[50180210ms] [ERROR] getRemotePresetWords Failed to fetch @ https://unpkg.zhimg.com/@cfe/sentry-script@1.3.1/dist/init.js:0
[50180213ms] TypeError: Cannot read properties of null (reading 'words')
    at https://static.zhihu.com/heifetz/column.app.a44c7d68cb8f3344fef7.js:1:1443049
[50180211ms] [ERROR] Failed to load resource: net::ERR_NAME_NOT_RESOLVED @ https://zhuanlan.zhihu.com/api//v4/search/preset_words:0
[50180211ms] [ERROR] getRemotePresetWords Failed to fetch @ https://unpkg.zhimg.com/@cfe/sentry-script@1.3.1/dist/init.js:0
[50180211ms] [ERROR] Failed to load resource: net::ERR_NAME_NOT_RESOLVED @ https://zhuanlan.zhihu.com/api//v4/search/preset_words:0
[50180211ms] [ERROR] getRemotePresetWords Failed to fetch @ https://unpkg.zhimg.com/@cfe/sentry-script@1.3.1/dist/init.js:0
[50180212ms] [ERROR] Failed to load resource: net::ERR_NAME_NOT_RESOLVED @ https://zhuanlan.zhihu.com/api//v4/search/preset_words:0
[50180212ms] [ERROR] getRemotePresetWords Failed to fetch @ https://unpkg.zhimg.com/@cfe/sentry-script@1.3.1/dist/init.js:0
[50180213ms] TypeError: Cannot read properties of null (reading 'words')
    at https://static.zhihu.com/heifetz/column.app.a44c7d68cb8f3344fef7.js:1:1443049
[50180213ms] TypeError: Cannot read properties of null (reading 'words')
    at https://static.zhihu.com/heifetz/column.app.a44c7d68cb8f3344fef7.js:1:1443049
[50180213ms] TypeError: Cannot read properties of null (reading 'words')
    at https://static.zhihu.com/heifetz/column.app.a44c7d68cb8f3344fef7.js:1:1443049
[50210215ms] [ERROR] Failed to load resource: net::ERR_NAME_NOT_RESOLVED @ https://zhuanlan.zhihu.com/api//v4/search/preset_words:0
[50210216ms] [ERROR] getRemotePresetWords Failed to fetch @ https://unpkg.zhimg.com/@cfe/sentry-script@1.3.1/dist/init.js:0
[50210216ms] [ERROR] Failed to load resource: net::ERR_NAME_NOT_RESOLVED @ https://zhuanlan.zhihu.com/api//v4/search/preset_words:0
[50210216ms] [ERROR] getRemotePresetWords Failed to fetch @ https://unpkg.zhimg.com/@cfe/sentry-script@1.3.1/dist/init.js:0
[50210217ms] [ERROR] Failed to load resource: net::ERR_NAME_NOT_RESOLVED @ https://zhuanlan.zhihu.com/api//v4/search/preset_words:0
[50210217ms] [ERROR] getRemotePresetWords Failed to fetch @ https://unpkg.zhimg.com/@cfe/sentry-script@1.3.1/dist/init.js:0
[50210218ms] TypeError: Cannot read properties of null (reading 'words')
    at https://static.zhihu.com/heifetz/column.app.a44c7d68cb8f3344fef7.js:1:1443049
[50210218ms] TypeError: Cannot read properties of null (reading 'words')
    at https://static.zhihu.com/heifetz/column.app.a44c7d68cb8f3344fef7.js:1:1443049
[50210218ms] TypeError: Cannot read properties of null (reading 'words')
    at https://static.zhihu.com/heifetz/column.app.a44c7d68cb8f3344fef7.js:1:1443049
[50240219ms] [ERROR] Failed to load resource: net::ERR_NAME_NOT_RESOLVED @ https://zhuanlan.zhihu.com/api//v4/search/preset_words:0
[50240220ms] [ERROR] getRemotePresetWords Failed to fetch @ https://unpkg.zhimg.com/@cfe/sentry-script@1.3.1/dist/init.js:0
[50240220ms] [ERROR] Failed to load resource: net::ERR_NAME_NOT_RESOLVED @ https://zhuanlan.zhihu.com/api//v4/search/preset_words:0
[50240220ms] [ERROR] getRemotePresetWords Failed to fetch @ https://unpkg.zhimg.com/@cfe/sentry-script@1.3.1/dist/init.js:0
[50240223ms] TypeError: Cannot read properties of null (reading 'words')
    at https://static.zhihu.com/heifetz/column.app.a44c7d68cb8f3344fef7.js:1:1443049
[50240221ms] [ERROR] Failed to load resource: net::ERR_NAME_NOT_RESOLVED @ https://zhuanlan.zhihu.com/api//v4/search/preset_words:0
[50240221ms] [ERROR] getRemotePresetWords Failed to fetch @ https://unpkg.zhimg.com/@cfe/sentry-script@1.3.1/dist/init.js:0
[50240223ms] TypeError: Cannot read properties of null (reading 'words')
    at https://static.zhihu.com/heifetz/column.app.a44c7d68cb8f3344fef7.js:1:1443049
[50240221ms] [ERROR] Failed to load resource: net::ERR_NAME_NOT_RESOLVED @ https://zhuanlan.zhihu.com/api//v4/search/preset_words:0
[50240222ms] [ERROR] getRemotePresetWords Failed to fetch @ https://unpkg.zhimg.com/@cfe/sentry-script@1.3.1/dist/init.js:0
[50240223ms] TypeError: Cannot read properties of null (reading 'words')
    at https://static.zhihu.com/heifetz/column.app.a44c7d68cb8f3344fef7.js:1:1443049
[50240223ms] TypeError: Cannot read properties of null (reading 'words')
    at https://static.zhihu.com/heifetz/column.app.a44c7d68cb8f3344fef7.js:1:1443049
[50270225ms] [ERROR] Failed to load resource: net::ERR_NAME_NOT_RESOLVED @ https://zhuanlan.zhihu.com/api//v4/search/preset_words:0
[50270226ms] [ERROR] getRemotePresetWords Failed to fetch @ https://unpkg.zhimg.com/@cfe/sentry-script@1.3.1/dist/init.js:0
[50270226ms] [ERROR] Failed to load resource: net::ERR_NAME_NOT_RESOLVED @ https://zhuanlan.zhihu.com/api//v4/search/preset_words:0
[50270226ms] [ERROR] getRemotePresetWords Failed to fetch @ https://unpkg.zhimg.com/@cfe/sentry-script@1.3.1/dist/init.js:0
[50270227ms] [ERROR] Failed to load resource: net::ERR_NAME_NOT_RESOLVED @ https://zhuanlan.zhihu.com/api//v4/search/preset_words:0
[50270227ms] [ERROR] getRemotePresetWords Failed to fetch @ https://unpkg.zhimg.com/@cfe/sentry-script@1.3.1/dist/init.js:0
[50270227ms] [ERROR] Failed to load resource: net::ERR_NAME_NOT_RESOLVED @ https://zhuanlan.zhihu.com/api//v4/search/preset_words:0
[50270227ms] [ERROR] getRemotePresetWords Failed to fetch @ https://unpkg.zhimg.com/@cfe/sentry-script@1.3.1/dist/init.js:0
[50270228ms] TypeError: Cannot read properties of null (reading 'words')
    at https://static.zhihu.com/heifetz/column.app.a44c7d68cb8f3344fef7.js:1:1443049
[50270228ms] TypeError: Cannot read properties of null (reading 'words')
    at https://static.zhihu.com/heifetz/column.app.a44c7d68cb8f3344fef7.js:1:1443049
[50270228ms] TypeError: Cannot read properties of null (reading 'words')
    at https://static.zhihu.com/heifetz/column.app.a44c7d68cb8f3344fef7.js:1:1443049
[50270228ms] TypeError: Cannot read properties of null (reading 'words')
    at https://static.zhihu.com/heifetz/column.app.a44c7d68cb8f3344fef7.js:1:1443049
[50300228ms] [ERROR] Failed to load resource: net::ERR_NAME_NOT_RESOLVED @ https://zhuanlan.zhihu.com/api//v4/search/preset_words:0
[50300229ms] [ERROR] getRemotePresetWords Failed to fetch @ https://unpkg.zhimg.com/@cfe/sentry-script@1.3.1/dist/init.js:0
[50300229ms] [ERROR] Failed to load resource: net::ERR_NAME_NOT_RESOLVED @ https://zhuanlan.zhihu.com/api//v4/search/preset_words:0
[50300229ms] [ERROR] getRemotePresetWords Failed to fetch @ https://unpkg.zhimg.com/@cfe/sentry-script@1.3.1/dist/init.js:0
[50300232ms] TypeError: Cannot read properties of null (reading 'words')
    at https://static.zhihu.com/heifetz/column.app.a44c7d68cb8f3344fef7.js:1:1443049
[50300230ms] [ERROR] Failed to load resource: net::ERR_NAME_NOT_RESOLVED @ https://zhuanlan.zhihu.com/api//v4/search/preset_words:0
[50300230ms] [ERROR] getRemotePresetWords Failed to fetch @ https://unpkg.zhimg.com/@cfe/sentry-script@1.3.1/dist/init.js:0
[50300232ms] TypeError: Cannot read properties of null (reading 'words')
    at https://static.zhihu.com/heifetz/column.app.a44c7d68cb8f3344fef7.js:1:1443049
[50300230ms] [ERROR] Failed to load resource: net::ERR_NAME_NOT_RESOLVED @ https://zhuanlan.zhihu.com/api//v4/search/preset_words:0
[50300230ms] [ERROR] getRemotePresetWords Failed to fetch @ https://unpkg.zhimg.com/@cfe/sentry-script@1.3.1/dist/init.js:0
[50300232ms] TypeError: Cannot read properties of null (reading 'words')
    at https://static.zhihu.com/heifetz/column.app.a44c7d68cb8f3344fef7.js:1:1443049
[50300232ms] TypeError: Cannot read properties of null (reading 'words')
    at https://static.zhihu.com/heifetz/column.app.a44c7d68cb8f3344fef7.js:1:1443049
[50330233ms] [ERROR] Failed to load resource: net::ERR_NAME_NOT_RESOLVED @ https://zhuanlan.zhihu.com/api//v4/search/preset_words:0
[50330234ms] [ERROR] getRemotePresetWords Failed to fetch @ https://unpkg.zhimg.com/@cfe/sentry-script@1.3.1/dist/init.js:0
[50330234ms] [ERROR] Failed to load resource: net::ERR_NAME_NOT_RESOLVED @ https://zhuanlan.zhihu.com/api//v4/search/preset_words:0
[50330234ms] [ERROR] getRemotePresetWords Failed to fetch @ https://unpkg.zhimg.com/@cfe/sentry-script@1.3.1/dist/init.js:0
[50330234ms] [ERROR] Failed to load resource: net::ERR_NAME_NOT_RESOLVED @ https://zhuanlan.zhihu.com/api//v4/search/preset_words:0
[50330234ms] [ERROR] getRemotePresetWords Failed to fetch @ https://unpkg.zhimg.com/@cfe/sentry-script@1.3.1/dist/init.js:0
[50330235ms] TypeError: Cannot read properties of null (reading 'words')
    at https://static.zhihu.com/heifetz/column.app.a44c7d68cb8f3344fef7.js:1:1443049
[50330235ms] TypeError: Cannot read properties of null (reading 'words')
    at https://static.zhihu.com/heifetz/column.app.a44c7d68cb8f3344fef7.js:1:1443049
[50330236ms] TypeError: Cannot read properties of null (reading 'words')
    at https://static.zhihu.com/heifetz/column.app.a44c7d68cb8f3344fef7.js:1:1443049
[50360237ms] [ERROR] Failed to load resource: net::ERR_NAME_NOT_RESOLVED @ https://zhuanlan.zhihu.com/api//v4/search/preset_words:0
[50360237ms] [ERROR] getRemotePresetWords Failed to fetch @ https://unpkg.zhimg.com/@cfe/sentry-script@1.3.1/dist/init.js:0
[50360237ms] [ERROR] Failed to load resource: net::ERR_NAME_NOT_RESOLVED @ https://zhuanlan.zhihu.com/api//v4/search/preset_words:0
[50360237ms] [ERROR] getRemotePresetWords Failed to fetch @ https://unpkg.zhimg.com/@cfe/sentry-script@1.3.1/dist/init.js:0
[50360237ms] [ERROR] Failed to load resource: net::ERR_NAME_NOT_RESOLVED @ https://zhuanlan.zhihu.com/api//v4/search/preset_words:0
[50360237ms] [ERROR] getRemotePresetWords Failed to fetch @ https://unpkg.zhimg.com/@cfe/sentry-script@1.3.1/dist/init.js:0
[50360240ms] TypeError: Cannot read properties of null (reading 'words')
    at https://static.zhihu.com/heifetz/column.app.a44c7d68cb8f3344fef7.js:1:1443049
[50360240ms] TypeError: Cannot read properties of null (reading 'words')
    at https://static.zhihu.com/heifetz/column.app.a44c7d68cb8f3344fef7.js:1:1443049
[50360238ms] [ERROR] Failed to load resource: net::ERR_NAME_NOT_RESOLVED @ https://zhuanlan.zhihu.com/api//v4/search/preset_words:0
[50360238ms] [ERROR] getRemotePresetWords Failed to fetch @ https://unpkg.zhimg.com/@cfe/sentry-script@1.3.1/dist/init.js:0
[50360240ms] TypeError: Cannot read properties of null (reading 'words')
    at https://static.zhihu.com/heifetz/column.app.a44c7d68cb8f3344fef7.js:1:1443049
[50360240ms] TypeError: Cannot read properties of null (reading 'words')
    at https://static.zhihu.com/heifetz/column.app.a44c7d68cb8f3344fef7.js:1:1443049
[50390243ms] [ERROR] Failed to load resource: net::ERR_NAME_NOT_RESOLVED @ https://zhuanlan.zhihu.com/api//v4/search/preset_words:0
[50390243ms] [ERROR] getRemotePresetWords Failed to fetch @ https://unpkg.zhimg.com/@cfe/sentry-script@1.3.1/dist/init.js:0
[50390244ms] [ERROR] Failed to load resource: net::ERR_NAME_NOT_RESOLVED @ https://zhuanlan.zhihu.com/api//v4/search/preset_words:0
[50390244ms] [ERROR] getRemotePresetWords Failed to fetch @ https://unpkg.zhimg.com/@cfe/sentry-script@1.3.1/dist/init.js:0
[50390244ms] [ERROR] Failed to load resource: net::ERR_NAME_NOT_RESOLVED @ https://zhuanlan.zhihu.com/api//v4/search/preset_words:0
[50390244ms] [ERROR] getRemotePresetWords Failed to fetch @ https://unpkg.zhimg.com/@cfe/sentry-script@1.3.1/dist/init.js:0
[50390244ms] [ERROR] Failed to load resource: net::ERR_NAME_NOT_RESOLVED @ https://zhuanlan.zhihu.com/api//v4/search/preset_words:0
[50390245ms] [ERROR] getRemotePresetWords Failed to fetch @ https://unpkg.zhimg.com/@cfe/sentry-script@1.3.1/dist/init.js:0
[50390246ms] TypeError: Cannot read properties of null (reading 'words')
    at https://static.zhihu.com/heifetz/column.app.a44c7d68cb8f3344fef7.js:1:1443049
[50390246ms] TypeError: Cannot read properties of null (reading 'words')
    at https://static.zhihu.com/heifetz/column.app.a44c7d68cb8f3344fef7.js:1:1443049
[50390246ms] TypeError: Cannot read properties of null (reading 'words')
    at https://static.zhihu.com/heifetz/column.app.a44c7d68cb8f3344fef7.js:1:1443049
[50390246ms] TypeError: Cannot read properties of null (reading 'words')
    at https://static.zhihu.com/heifetz/column.app.a44c7d68cb8f3344fef7.js:1:1443049
[50420247ms] [ERROR] Failed to load resource: net::ERR_NAME_NOT_RESOLVED @ https://zhuanlan.zhihu.com/api//v4/search/preset_words:0
[50420247ms] [ERROR] getRemotePresetWords Failed to fetch @ https://unpkg.zhimg.com/@cfe/sentry-script@1.3.1/dist/init.js:0
[50420250ms] TypeError: Cannot read properties of null (reading 'words')
    at https://static.zhihu.com/heifetz/column.app.a44c7d68cb8f3344fef7.js:1:1443049
[50420248ms] [ERROR] Failed to load resource: net::ERR_NAME_NOT_RESOLVED @ https://zhuanlan.zhihu.com/api//v4/search/preset_words:0
[50420248ms] [ERROR] getRemotePresetWords Failed to fetch @ https://unpkg.zhimg.com/@cfe/sentry-script@1.3.1/dist/init.js:0
[50420248ms] [ERROR] Failed to load resource: net::ERR_NAME_NOT_RESOLVED @ https://zhuanlan.zhihu.com/api//v4/search/preset_words:0
[50420248ms] [ERROR] getRemotePresetWords Failed to fetch @ https://unpkg.zhimg.com/@cfe/sentry-script@1.3.1/dist/init.js:0
[50420248ms] [ERROR] Failed to load resource: net::ERR_NAME_NOT_RESOLVED @ https://zhuanlan.zhihu.com/api//v4/search/preset_words:0
[50420249ms] [ERROR] getRemotePresetWords Failed to fetch @ https://unpkg.zhimg.com/@cfe/sentry-script@1.3.1/dist/init.js:0
[50420251ms] TypeError: Cannot read properties of null (reading 'words')
    at https://static.zhihu.com/heifetz/column.app.a44c7d68cb8f3344fef7.js:1:1443049
[50420251ms] TypeError: Cannot read properties of null (reading 'words')
    at https://static.zhihu.com/heifetz/column.app.a44c7d68cb8f3344fef7.js:1:1443049
[50420251ms] TypeError: Cannot read properties of null (reading 'words')
    at https://static.zhihu.com/heifetz/column.app.a44c7d68cb8f3344fef7.js:1:1443049
[50450252ms] [ERROR] Failed to load resource: net::ERR_NAME_NOT_RESOLVED @ https://zhuanlan.zhihu.com/api//v4/search/preset_words:0
[50450252ms] [ERROR] getRemotePresetWords Failed to fetch @ https://unpkg.zhimg.com/@cfe/sentry-script@1.3.1/dist/init.js:0
[50450253ms] [ERROR] Failed to load resource: net::ERR_NAME_NOT_RESOLVED @ https://zhuanlan.zhihu.com/api//v4/search/preset_words:0
[50450253ms] [ERROR] getRemotePresetWords Failed to fetch @ https://unpkg.zhimg.com/@cfe/sentry-script@1.3.1/dist/init.js:0
[50450253ms] [ERROR] Failed to load resource: net::ERR_NAME_NOT_RESOLVED @ https://zhuanlan.zhihu.com/api//v4/search/preset_words:0
[50450253ms] [ERROR] getRemotePresetWords Failed to fetch @ https://unpkg.zhimg.com/@cfe/sentry-script@1.3.1/dist/init.js:0
[50450255ms] TypeError: Cannot read properties of null (reading 'words')
    at https://static.zhihu.com/heifetz/column.app.a44c7d68cb8f3344fef7.js:1:1443049
[50450255ms] TypeError: Cannot read properties of null (reading 'words')
    at https://static.zhihu.com/heifetz/column.app.a44c7d68cb8f3344fef7.js:1:1443049
[50450255ms] TypeError: Cannot read properties of null (reading 'words')
    at https://static.zhihu.com/heifetz/column.app.a44c7d68cb8f3344fef7.js:1:1443049
[50480256ms] [ERROR] Failed to load resource: net::ERR_NAME_NOT_RESOLVED @ https://zhuanlan.zhihu.com/api//v4/search/preset_words:0
[50480256ms] [ERROR] getRemotePresetWords Failed to fetch @ https://unpkg.zhimg.com/@cfe/sentry-script@1.3.1/dist/init.js:0
[50480257ms] [ERROR] Failed to load resource: net::ERR_NAME_NOT_RESOLVED @ https://zhuanlan.zhihu.com/api//v4/search/preset_words:0
[50480257ms] [ERROR] getRemotePresetWords Failed to fetch @ https://unpkg.zhimg.com/@cfe/sentry-script@1.3.1/dist/init.js:0
[50480257ms] [ERROR] Failed to load resource: net::ERR_NAME_NOT_RESOLVED @ https://zhuanlan.zhihu.com/api//v4/search/preset_words:0
[50480257ms] [ERROR] getRemotePresetWords Failed to fetch @ https://unpkg.zhimg.com/@cfe/sentry-script@1.3.1/dist/init.js:0
[50480259ms] TypeError: Cannot read properties of null (reading 'words')
    at https://static.zhihu.com/heifetz/column.app.a44c7d68cb8f3344fef7.js:1:1443049
[50480259ms] TypeError: Cannot read properties of null (reading 'words')
    at https://static.zhihu.com/heifetz/column.app.a44c7d68cb8f3344fef7.js:1:1443049
[50480258ms] [ERROR] Failed to load resource: net::ERR_NAME_NOT_RESOLVED @ https://zhuanlan.zhihu.com/api//v4/search/preset_words:0
[50480258ms] [ERROR] getRemotePresetWords Failed to fetch @ https://unpkg.zhimg.com/@cfe/sentry-script@1.3.1/dist/init.js:0
[50480259ms] TypeError: Cannot read properties of null (reading 'words')
    at https://static.zhihu.com/heifetz/column.app.a44c7d68cb8f3344fef7.js:1:1443049
[50480259ms] TypeError: Cannot read properties of null (reading 'words')
    at https://static.zhihu.com/heifetz/column.app.a44c7d68cb8f3344fef7.js:1:1443049
[50510262ms] [ERROR] Failed to load resource: net::ERR_NAME_NOT_RESOLVED @ https://zhuanlan.zhihu.com/api//v4/search/preset_words:0
[50510263ms] [ERROR] getRemotePresetWords Failed to fetch @ https://unpkg.zhimg.com/@cfe/sentry-script@1.3.1/dist/init.js:0
[50510263ms] [ERROR] Failed to load resource: net::ERR_NAME_NOT_RESOLVED @ https://zhuanlan.zhihu.com/api//v4/search/preset_words:0
[50510263ms] [ERROR] getRemotePresetWords Failed to fetch @ https://unpkg.zhimg.com/@cfe/sentry-script@1.3.1/dist/init.js:0
[50510263ms] [ERROR] Failed to load resource: net::ERR_NAME_NOT_RESOLVED @ https://zhuanlan.zhihu.com/api//v4/search/preset_words:0
[50510264ms] [ERROR] getRemotePresetWords Failed to fetch @ https://unpkg.zhimg.com/@cfe/sentry-script@1.3.1/dist/init.js:0
[50510264ms] [ERROR] Failed to load resource: net::ERR_NAME_NOT_RESOLVED @ https://zhuanlan.zhihu.com/api//v4/search/preset_words:0
[50510264ms] [ERROR] getRemotePresetWords Failed to fetch @ https://unpkg.zhimg.com/@cfe/sentry-script@1.3.1/dist/init.js:0
[50510267ms] TypeError: Cannot read properties of null (reading 'words')
    at https://static.zhihu.com/heifetz/column.app.a44c7d68cb8f3344fef7.js:1:1443049
[50510267ms] TypeError: Cannot read properties of null (reading 'words')
    at https://static.zhihu.com/heifetz/column.app.a44c7d68cb8f3344fef7.js:1:1443049
[50510267ms] TypeError: Cannot read properties of null (reading 'words')
    at https://static.zhihu.com/heifetz/column.app.a44c7d68cb8f3344fef7.js:1:1443049
[50510267ms] TypeError: Cannot read properties of null (reading 'words')
    at https://static.zhihu.com/heifetz/column.app.a44c7d68cb8f3344fef7.js:1:1443049
[50540267ms] [ERROR] Failed to load resource: net::ERR_NAME_NOT_RESOLVED @ https://zhuanlan.zhihu.com/api//v4/search/preset_words:0
[50540267ms] [ERROR] getRemotePresetWords Failed to fetch @ https://unpkg.zhimg.com/@cfe/sentry-script@1.3.1/dist/init.js:0
[50540270ms] TypeError: Cannot read properties of null (reading 'words')
    at https://static.zhihu.com/heifetz/column.app.a44c7d68cb8f3344fef7.js:1:1443049
[50540268ms] [ERROR] Failed to load resource: net::ERR_NAME_NOT_RESOLVED @ https://zhuanlan.zhihu.com/api//v4/search/preset_words:0
[50540268ms] [ERROR] getRemotePresetWords Failed to fetch @ https://unpkg.zhimg.com/@cfe/sentry-script@1.3.1/dist/init.js:0
[50540269ms] [ERROR] Failed to load resource: net::ERR_NAME_NOT_RESOLVED @ https://zhuanlan.zhihu.com/api//v4/search/preset_words:0
[50540269ms] [ERROR] getRemotePresetWords Failed to fetch @ https://unpkg.zhimg.com/@cfe/sentry-script@1.3.1/dist/init.js:0
[50540269ms] [ERROR] Failed to load resource: net::ERR_NAME_NOT_RESOLVED @ https://zhuanlan.zhihu.com/api//v4/search/preset_words:0
[50540269ms] [ERROR] getRemotePresetWords Failed to fetch @ https://unpkg.zhimg.com/@cfe/sentry-script@1.3.1/dist/init.js:0
[50540270ms] TypeError: Cannot read properties of null (reading 'words')
    at https://static.zhihu.com/heifetz/column.app.a44c7d68cb8f3344fef7.js:1:1443049
[50540270ms] TypeError: Cannot read properties of null (reading 'words')
    at https://static.zhihu.com/heifetz/column.app.a44c7d68cb8f3344fef7.js:1:1443049
[50540270ms] TypeError: Cannot read properties of null (reading 'words')
    at https://static.zhihu.com/heifetz/column.app.a44c7d68cb8f3344fef7.js:1:1443049
[50570273ms] [ERROR] Failed to load resource: net::ERR_NAME_NOT_RESOLVED @ https://zhuanlan.zhihu.com/api//v4/search/preset_words:0
[50570273ms] [ERROR] getRemotePresetWords Failed to fetch @ https://unpkg.zhimg.com/@cfe/sentry-script@1.3.1/dist/init.js:0
[50570273ms] [ERROR] Failed to load resource: net::ERR_NAME_NOT_RESOLVED @ https://zhuanlan.zhihu.com/api//v4/search/preset_words:0
[50570273ms] [ERROR] getRemotePresetWords Failed to fetch @ https://unpkg.zhimg.com/@cfe/sentry-script@1.3.1/dist/init.js:0
[50570274ms] [ERROR] Failed to load resource: net::ERR_NAME_NOT_RESOLVED @ https://zhuanlan.zhihu.com/api//v4/search/preset_words:0
[50570274ms] [ERROR] getRemotePresetWords Failed to fetch @ https://unpkg.zhimg.com/@cfe/sentry-script@1.3.1/dist/init.js:0
[50570275ms] TypeError: Cannot read properties of null (reading 'words')
    at https://static.zhihu.com/heifetz/column.app.a44c7d68cb8f3344fef7.js:1:1443049
[50570275ms] TypeError: Cannot read properties of null (reading 'words')
    at https://static.zhihu.com/heifetz/column.app.a44c7d68cb8f3344fef7.js:1:1443049
[50570275ms] TypeError: Cannot read properties of null (reading 'words')
    at https://static.zhihu.com/heifetz/column.app.a44c7d68cb8f3344fef7.js:1:1443049
[50600276ms] [ERROR] Failed to load resource: net::ERR_NAME_NOT_RESOLVED @ https://zhuanlan.zhihu.com/api//v4/search/preset_words:0
[50600276ms] [ERROR] getRemotePresetWords Failed to fetch @ https://unpkg.zhimg.com/@cfe/sentry-script@1.3.1/dist/init.js:0
[50600277ms] [ERROR] Failed to load resource: net::ERR_NAME_NOT_RESOLVED @ https://zhuanlan.zhihu.com/api//v4/search/preset_words:0
[50600277ms] [ERROR] getRemotePresetWords Failed to fetch @ https://unpkg.zhimg.com/@cfe/sentry-script@1.3.1/dist/init.js:0
[50600277ms] [ERROR] Failed to load resource: net::ERR_NAME_NOT_RESOLVED @ https://zhuanlan.zhihu.com/api//v4/search/preset_words:0
[50600277ms] [ERROR] getRemotePresetWords Failed to fetch @ https://unpkg.zhimg.com/@cfe/sentry-script@1.3.1/dist/init.js:0
[50600279ms] TypeError: Cannot read properties of null (reading 'words')
    at https://static.zhihu.com/heifetz/column.app.a44c7d68cb8f3344fef7.js:1:1443049
[50600279ms] TypeError: Cannot read properties of null (reading 'words')
    at https://static.zhihu.com/heifetz/column.app.a44c7d68cb8f3344fef7.js:1:1443049
[50600278ms] [ERROR] Failed to load resource: net::ERR_NAME_NOT_RESOLVED @ https://zhuanlan.zhihu.com/api//v4/search/preset_words:0
[50600278ms] [ERROR] getRemotePresetWords Failed to fetch @ https://unpkg.zhimg.com/@cfe/sentry-script@1.3.1/dist/init.js:0
[50600279ms] TypeError: Cannot read properties of null (reading 'words')
    at https://static.zhihu.com/heifetz/column.app.a44c7d68cb8f3344fef7.js:1:1443049
[50600279ms] TypeError: Cannot read properties of null (reading 'words')
    at https://static.zhihu.com/heifetz/column.app.a44c7d68cb8f3344fef7.js:1:1443049
[50630281ms] [ERROR] Failed to load resource: net::ERR_NAME_NOT_RESOLVED @ https://zhuanlan.zhihu.com/api//v4/search/preset_words:0
[50630282ms] [ERROR] getRemotePresetWords Failed to fetch @ https://unpkg.zhimg.com/@cfe/sentry-script@1.3.1/dist/init.js:0
[50630282ms] [ERROR] Failed to load resource: net::ERR_NAME_NOT_RESOLVED @ https://zhuanlan.zhihu.com/api//v4/search/preset_words:0
[50630282ms] [ERROR] getRemotePresetWords Failed to fetch @ https://unpkg.zhimg.com/@cfe/sentry-script@1.3.1/dist/init.js:0
[50630282ms] [ERROR] Failed to load resource: net::ERR_NAME_NOT_RESOLVED @ https://zhuanlan.zhihu.com/api//v4/search/preset_words:0
[50630282ms] [ERROR] getRemotePresetWords Failed to fetch @ https://unpkg.zhimg.com/@cfe/sentry-script@1.3.1/dist/init.js:0
[50630284ms] TypeError: Cannot read properties of null (reading 'words')
    at https://static.zhihu.com/heifetz/column.app.a44c7d68cb8f3344fef7.js:1:1443049
[50630283ms] [ERROR] Failed to load resource: net::ERR_NAME_NOT_RESOLVED @ https://zhuanlan.zhihu.com/api//v4/search/preset_words:0
[50630283ms] [ERROR] getRemotePresetWords Failed to fetch @ https://unpkg.zhimg.com/@cfe/sentry-script@1.3.1/dist/init.js:0
[50630284ms] TypeError: Cannot read properties of null (reading 'words')
    at https://static.zhihu.com/heifetz/column.app.a44c7d68cb8f3344fef7.js:1:1443049
[50630284ms] TypeError: Cannot read properties of null (reading 'words')
    at https://static.zhihu.com/heifetz/column.app.a44c7d68cb8f3344fef7.js:1:1443049
[50630284ms] TypeError: Cannot read properties of null (reading 'words')
    at https://static.zhihu.com/heifetz/column.app.a44c7d68cb8f3344fef7.js:1:1443049
[50660286ms] [ERROR] Failed to load resource: net::ERR_NAME_NOT_RESOLVED @ https://zhuanlan.zhihu.com/api//v4/search/preset_words:0
[50660286ms] [ERROR] getRemotePresetWords Failed to fetch @ https://unpkg.zhimg.com/@cfe/sentry-script@1.3.1/dist/init.js:0
[50660289ms] TypeError: Cannot read properties of null (reading 'words')
    at https://static.zhihu.com/heifetz/column.app.a44c7d68cb8f3344fef7.js:1:1443049
[50660287ms] [ERROR] Failed to load resource: net::ERR_NAME_NOT_RESOLVED @ https://zhuanlan.zhihu.com/api//v4/search/preset_words:0
[50660287ms] [ERROR] getRemotePresetWords Failed to fetch @ https://unpkg.zhimg.com/@cfe/sentry-script@1.3.1/dist/init.js:0
[50660287ms] [ERROR] Failed to load resource: net::ERR_NAME_NOT_RESOLVED @ https://zhuanlan.zhihu.com/api//v4/search/preset_words:0
[50660288ms] [ERROR] getRemotePresetWords Failed to fetch @ https://unpkg.zhimg.com/@cfe/sentry-script@1.3.1/dist/init.js:0
[50660288ms] [ERROR] Failed to load resource: net::ERR_NAME_NOT_RESOLVED @ https://zhuanlan.zhihu.com/api//v4/search/preset_words:0
[50660288ms] [ERROR] getRemotePresetWords Failed to fetch @ https://unpkg.zhimg.com/@cfe/sentry-script@1.3.1/dist/init.js:0
[50660290ms] TypeError: Cannot read properties of null (reading 'words')
    at https://static.zhihu.com/heifetz/column.app.a44c7d68cb8f3344fef7.js:1:1443049
[50660290ms] TypeError: Cannot read properties of null (reading 'words')
    at https://static.zhihu.com/heifetz/column.app.a44c7d68cb8f3344fef7.js:1:1443049
[50660290ms] TypeError: Cannot read properties of null (reading 'words')
    at https://static.zhihu.com/heifetz/column.app.a44c7d68cb8f3344fef7.js:1:1443049
[50690292ms] [ERROR] Failed to load resource: net::ERR_NAME_NOT_RESOLVED @ https://zhuanlan.zhihu.com/api//v4/search/preset_words:0
[50690292ms] [ERROR] getRemotePresetWords Failed to fetch @ https://unpkg.zhimg.com/@cfe/sentry-script@1.3.1/dist/init.js:0
[50690292ms] [ERROR] Failed to load resource: net::ERR_NAME_NOT_RESOLVED @ https://zhuanlan.zhihu.com/api//v4/search/preset_words:0
[50690292ms] [ERROR] getRemotePresetWords Failed to fetch @ https://unpkg.zhimg.com/@cfe/sentry-script@1.3.1/dist/init.js:0
[50690293ms] [ERROR] Failed to load resource: net::ERR_NAME_NOT_RESOLVED @ https://zhuanlan.zhihu.com/api//v4/search/preset_words:0
[50690293ms] [ERROR] getRemotePresetWords Failed to fetch @ https://unpkg.zhimg.com/@cfe/sentry-script@1.3.1/dist/init.js:0
[50690294ms] TypeError: Cannot read properties of null (reading 'words')
    at https://static.zhihu.com/heifetz/column.app.a44c7d68cb8f3344fef7.js:1:1443049
[50690294ms] TypeError: Cannot read properties of null (reading 'words')
    at https://static.zhihu.com/heifetz/column.app.a44c7d68cb8f3344fef7.js:1:1443049
[50690294ms] TypeError: Cannot read properties of null (reading 'words')
    at https://static.zhihu.com/heifetz/column.app.a44c7d68cb8f3344fef7.js:1:1443049
[50720296ms] [ERROR] Failed to load resource: net::ERR_NAME_NOT_RESOLVED @ https://zhuanlan.zhihu.com/api//v4/search/preset_words:0
[50720296ms] [ERROR] getRemotePresetWords Failed to fetch @ https://unpkg.zhimg.com/@cfe/sentry-script@1.3.1/dist/init.js:0
[50720297ms] [ERROR] Failed to load resource: net::ERR_NAME_NOT_RESOLVED @ https://zhuanlan.zhihu.com/api//v4/search/preset_words:0
[50720297ms] [ERROR] getRemotePresetWords Failed to fetch @ https://unpkg.zhimg.com/@cfe/sentry-script@1.3.1/dist/init.js:0
[50720297ms] [ERROR] Failed to load resource: net::ERR_NAME_NOT_RESOLVED @ https://zhuanlan.zhihu.com/api//v4/search/preset_words:0
[50720297ms] [ERROR] getRemotePresetWords Failed to fetch @ https://unpkg.zhimg.com/@cfe/sentry-script@1.3.1/dist/init.js:0
[50720299ms] TypeError: Cannot read properties of null (reading 'words')
    at https://static.zhihu.com/heifetz/column.app.a44c7d68cb8f3344fef7.js:1:1443049
[50720299ms] TypeError: Cannot read properties of null (reading 'words')
    at https://static.zhihu.com/heifetz/column.app.a44c7d68cb8f3344fef7.js:1:1443049
[50720298ms] [ERROR] Failed to load resource: net::ERR_NAME_NOT_RESOLVED @ https://zhuanlan.zhihu.com/api//v4/search/preset_words:0
[50720298ms] [ERROR] getRemotePresetWords Failed to fetch @ https://unpkg.zhimg.com/@cfe/sentry-script@1.3.1/dist/init.js:0
[50720299ms] TypeError: Cannot read properties of null (reading 'words')
    at https://static.zhihu.com/heifetz/column.app.a44c7d68cb8f3344fef7.js:1:1443049
[50720299ms] TypeError: Cannot read properties of null (reading 'words')
    at https://static.zhihu.com/heifetz/column.app.a44c7d68cb8f3344fef7.js:1:1443049
[50750302ms] [ERROR] Failed to load resource: net::ERR_NAME_NOT_RESOLVED @ https://zhuanlan.zhihu.com/api//v4/search/preset_words:0
[50750302ms] [ERROR] getRemotePresetWords Failed to fetch @ https://unpkg.zhimg.com/@cfe/sentry-script@1.3.1/dist/init.js:0
[50750302ms] [ERROR] Failed to load resource: net::ERR_NAME_NOT_RESOLVED @ https://zhuanlan.zhihu.com/api//v4/search/preset_words:0
[50750302ms] [ERROR] getRemotePresetWords Failed to fetch @ https://unpkg.zhimg.com/@cfe/sentry-script@1.3.1/dist/init.js:0
[50750303ms] [ERROR] Failed to load resource: net::ERR_NAME_NOT_RESOLVED @ https://zhuanlan.zhihu.com/api//v4/search/preset_words:0
[50750303ms] [ERROR] getRemotePresetWords Failed to fetch @ https://unpkg.zhimg.com/@cfe/sentry-script@1.3.1/dist/init.js:0
[50750303ms] [ERROR] Failed to load resource: net::ERR_NAME_NOT_RESOLVED @ https://zhuanlan.zhihu.com/api//v4/search/preset_words:0
[50750303ms] [ERROR] getRemotePresetWords Failed to fetch @ https://unpkg.zhimg.com/@cfe/sentry-script@1.3.1/dist/init.js:0
[50750305ms] TypeError: Cannot read properties of null (reading 'words')
    at https://static.zhihu.com/heifetz/column.app.a44c7d68cb8f3344fef7.js:1:1443049
[50750305ms] TypeError: Cannot read properties of null (reading 'words')
    at https://static.zhihu.com/heifetz/column.app.a44c7d68cb8f3344fef7.js:1:1443049
[50750305ms] TypeError: Cannot read properties of null (reading 'words')
    at https://static.zhihu.com/heifetz/column.app.a44c7d68cb8f3344fef7.js:1:1443049
[50750305ms] TypeError: Cannot read properties of null (reading 'words')
    at https://static.zhihu.com/heifetz/column.app.a44c7d68cb8f3344fef7.js:1:1443049
[50780306ms] [ERROR] Failed to load resource: net::ERR_NAME_NOT_RESOLVED @ https://zhuanlan.zhihu.com/api//v4/search/preset_words:0
[50780306ms] [ERROR] getRemotePresetWords Failed to fetch @ https://unpkg.zhimg.com/@cfe/sentry-script@1.3.1/dist/init.js:0
[50780310ms] TypeError: Cannot read properties of null (reading 'words')
    at https://static.zhihu.com/heifetz/column.app.a44c7d68cb8f3344fef7.js:1:1443049
[50780307ms] [ERROR] Failed to load resource: net::ERR_NAME_NOT_RESOLVED @ https://zhuanlan.zhihu.com/api//v4/search/preset_words:0
[50780307ms] [ERROR] getRemotePresetWords Failed to fetch @ https://unpkg.zhimg.com/@cfe/sentry-script@1.3.1/dist/init.js:0
[50780308ms] [ERROR] Failed to load resource: net::ERR_NAME_NOT_RESOLVED @ https://zhuanlan.zhihu.com/api//v4/search/preset_words:0
[50780308ms] [ERROR] getRemotePresetWords Failed to fetch @ https://unpkg.zhimg.com/@cfe/sentry-script@1.3.1/dist/init.js:0
[50780308ms] [ERROR] Failed to load resource: net::ERR_NAME_NOT_RESOLVED @ https://zhuanlan.zhihu.com/api//v4/search/preset_words:0
[50780308ms] [ERROR] getRemotePresetWords Failed to fetch @ https://unpkg.zhimg.com/@cfe/sentry-script@1.3.1/dist/init.js:0
[50780310ms] TypeError: Cannot read properties of null (reading 'words')
    at https://static.zhihu.com/heifetz/column.app.a44c7d68cb8f3344fef7.js:1:1443049
[50780310ms] TypeError: Cannot read properties of null (reading 'words')
    at https://static.zhihu.com/heifetz/column.app.a44c7d68cb8f3344fef7.js:1:1443049
[50780310ms] TypeError: Cannot read properties of null (reading 'words')
    at https://static.zhihu.com/heifetz/column.app.a44c7d68cb8f3344fef7.js:1:1443049
[50810312ms] [ERROR] Failed to load resource: net::ERR_NAME_NOT_RESOLVED @ https://zhuanlan.zhihu.com/api//v4/search/preset_words:0
[50810312ms] [ERROR] getRemotePresetWords Failed to fetch @ https://unpkg.zhimg.com/@cfe/sentry-script@1.3.1/dist/init.js:0
[50810313ms] [ERROR] Failed to load resource: net::ERR_NAME_NOT_RESOLVED @ https://zhuanlan.zhihu.com/api//v4/search/preset_words:0
[50810313ms] [ERROR] getRemotePresetWords Failed to fetch @ https://unpkg.zhimg.com/@cfe/sentry-script@1.3.1/dist/init.js:0
[50810313ms] [ERROR] Failed to load resource: net::ERR_NAME_NOT_RESOLVED @ https://zhuanlan.zhihu.com/api//v4/search/preset_words:0
[50810313ms] [ERROR] getRemotePresetWords Failed to fetch @ https://unpkg.zhimg.com/@cfe/sentry-script@1.3.1/dist/init.js:0
[50810314ms] TypeError: Cannot read properties of null (reading 'words')
    at https://static.zhihu.com/heifetz/column.app.a44c7d68cb8f3344fef7.js:1:1443049
[50810314ms] TypeError: Cannot read properties of null (reading 'words')
    at https://static.zhihu.com/heifetz/column.app.a44c7d68cb8f3344fef7.js:1:1443049
[50810314ms] TypeError: Cannot read properties of null (reading 'words')
    at https://static.zhihu.com/heifetz/column.app.a44c7d68cb8f3344fef7.js:1:1443049
[50840317ms] [ERROR] Failed to load resource: net::ERR_NAME_NOT_RESOLVED @ https://zhuanlan.zhihu.com/api//v4/search/preset_words:0
[50840317ms] [ERROR] getRemotePresetWords Failed to fetch @ https://unpkg.zhimg.com/@cfe/sentry-script@1.3.1/dist/init.js:0
[50840318ms] [ERROR] Failed to load resource: net::ERR_NAME_NOT_RESOLVED @ https://zhuanlan.zhihu.com/api//v4/search/preset_words:0
[50840318ms] [ERROR] getRemotePresetWords Failed to fetch @ https://unpkg.zhimg.com/@cfe/sentry-script@1.3.1/dist/init.js:0
[50840320ms] TypeError: Cannot read properties of null (reading 'words')
    at https://static.zhihu.com/heifetz/column.app.a44c7d68cb8f3344fef7.js:1:1443049
[50840318ms] [ERROR] Failed to load resource: net::ERR_NAME_NOT_RESOLVED @ https://zhuanlan.zhihu.com/api//v4/search/preset_words:0
[50840319ms] [ERROR] getRemotePresetWords Failed to fetch @ https://unpkg.zhimg.com/@cfe/sentry-script@1.3.1/dist/init.js:0
[50840319ms] [ERROR] Failed to load resource: net::ERR_NAME_NOT_RESOLVED @ https://zhuanlan.zhihu.com/api//v4/search/preset_words:0
[50840319ms] [ERROR] getRemotePresetWords Failed to fetch @ https://unpkg.zhimg.com/@cfe/sentry-script@1.3.1/dist/init.js:0
[50840320ms] TypeError: Cannot read properties of null (reading 'words')
    at https://static.zhihu.com/heifetz/column.app.a44c7d68cb8f3344fef7.js:1:1443049
[50840320ms] TypeError: Cannot read properties of null (reading 'words')
    at https://static.zhihu.com/heifetz/column.app.a44c7d68cb8f3344fef7.js:1:1443049
[50840320ms] TypeError: Cannot read properties of null (reading 'words')
    at https://static.zhihu.com/heifetz/column.app.a44c7d68cb8f3344fef7.js:1:1443049
[50870323ms] [ERROR] Failed to load resource: net::ERR_NAME_NOT_RESOLVED @ https://zhuanlan.zhihu.com/api//v4/search/preset_words:0
[50870324ms] [ERROR] getRemotePresetWords Failed to fetch @ https://unpkg.zhimg.com/@cfe/sentry-script@1.3.1/dist/init.js:0
[50870324ms] [ERROR] Failed to load resource: net::ERR_NAME_NOT_RESOLVED @ https://zhuanlan.zhihu.com/api//v4/search/preset_words:0
[50870324ms] [ERROR] getRemotePresetWords Failed to fetch @ https://unpkg.zhimg.com/@cfe/sentry-script@1.3.1/dist/init.js:0
[50870324ms] [ERROR] Failed to load resource: net::ERR_NAME_NOT_RESOLVED @ https://zhuanlan.zhihu.com/api//v4/search/preset_words:0
[50870324ms] [ERROR] getRemotePresetWords Failed to fetch @ https://unpkg.zhimg.com/@cfe/sentry-script@1.3.1/dist/init.js:0
[50870324ms] [ERROR] Failed to load resource: net::ERR_NAME_NOT_RESOLVED @ https://zhuanlan.zhihu.com/api//v4/search/preset_words:0
[50870325ms] [ERROR] getRemotePresetWords Failed to fetch @ https://unpkg.zhimg.com/@cfe/sentry-script@1.3.1/dist/init.js:0
[50870325ms] TypeError: Cannot read properties of null (reading 'words')
    at https://static.zhihu.com/heifetz/column.app.a44c7d68cb8f3344fef7.js:1:1443049
[50870325ms] TypeError: Cannot read properties of null (reading 'words')
    at https://static.zhihu.com/heifetz/column.app.a44c7d68cb8f3344fef7.js:1:1443049
[50870326ms] TypeError: Cannot read properties of null (reading 'words')
    at https://static.zhihu.com/heifetz/column.app.a44c7d68cb8f3344fef7.js:1:1443049
[50870326ms] TypeError: Cannot read properties of null (reading 'words')
    at https://static.zhihu.com/heifetz/column.app.a44c7d68cb8f3344fef7.js:1:1443049
[50900328ms] [ERROR] Failed to load resource: net::ERR_NAME_NOT_RESOLVED @ https://zhuanlan.zhihu.com/api//v4/search/preset_words:0
[50900328ms] [ERROR] getRemotePresetWords Failed to fetch @ https://unpkg.zhimg.com/@cfe/sentry-script@1.3.1/dist/init.js:0
[50900331ms] TypeError: Cannot read properties of null (reading 'words')
    at https://static.zhihu.com/heifetz/column.app.a44c7d68cb8f3344fef7.js:1:1443049
[50900329ms] [ERROR] Failed to load resource: net::ERR_NAME_NOT_RESOLVED @ https://zhuanlan.zhihu.com/api//v4/search/preset_words:0
[50900329ms] [ERROR] getRemotePresetWords Failed to fetch @ https://unpkg.zhimg.com/@cfe/sentry-script@1.3.1/dist/init.js:0
[50900329ms] [ERROR] Failed to load resource: net::ERR_NAME_NOT_RESOLVED @ https://zhuanlan.zhihu.com/api//v4/search/preset_words:0
[50900329ms] [ERROR] getRemotePresetWords Failed to fetch @ https://unpkg.zhimg.com/@cfe/sentry-script@1.3.1/dist/init.js:0
[50900330ms] [ERROR] Failed to load resource: net::ERR_NAME_NOT_RESOLVED @ https://zhuanlan.zhihu.com/api//v4/search/preset_words:0
[50900330ms] [ERROR] getRemotePresetWords Failed to fetch @ https://unpkg.zhimg.com/@cfe/sentry-script@1.3.1/dist/init.js:0
[50900333ms] TypeError: Cannot read properties of null (reading 'words')
    at https://static.zhihu.com/heifetz/column.app.a44c7d68cb8f3344fef7.js:1:1443049
[50900333ms] TypeError: Cannot read properties of null (reading 'words')
    at https://static.zhihu.com/heifetz/column.app.a44c7d68cb8f3344fef7.js:1:1443049
[50900333ms] TypeError: Cannot read properties of null (reading 'words')
    at https://static.zhihu.com/heifetz/column.app.a44c7d68cb8f3344fef7.js:1:1443049
[50930334ms] [ERROR] Failed to load resource: net::ERR_NAME_NOT_RESOLVED @ https://zhuanlan.zhihu.com/api//v4/search/preset_words:0
[50930334ms] [ERROR] getRemotePresetWords Failed to fetch @ https://unpkg.zhimg.com/@cfe/sentry-script@1.3.1/dist/init.js:0
[50930335ms] [ERROR] Failed to load resource: net::ERR_NAME_NOT_RESOLVED @ https://zhuanlan.zhihu.com/api//v4/search/preset_words:0
[50930335ms] [ERROR] getRemotePresetWords Failed to fetch @ https://unpkg.zhimg.com/@cfe/sentry-script@1.3.1/dist/init.js:0
[50930335ms] [ERROR] Failed to load resource: net::ERR_NAME_NOT_RESOLVED @ https://zhuanlan.zhihu.com/api//v4/search/preset_words:0
[50930335ms] [ERROR] getRemotePresetWords Failed to fetch @ https://unpkg.zhimg.com/@cfe/sentry-script@1.3.1/dist/init.js:0
[50930337ms] TypeError: Cannot read properties of null (reading 'words')
    at https://static.zhihu.com/heifetz/column.app.a44c7d68cb8f3344fef7.js:1:1443049
[50930337ms] TypeError: Cannot read properties of null (reading 'words')
    at https://static.zhihu.com/heifetz/column.app.a44c7d68cb8f3344fef7.js:1:1443049
[50930337ms] TypeError: Cannot read properties of null (reading 'words')
    at https://static.zhihu.com/heifetz/column.app.a44c7d68cb8f3344fef7.js:1:1443049
[50960338ms] [ERROR] Failed to load resource: net::ERR_NAME_NOT_RESOLVED @ https://zhuanlan.zhihu.com/api//v4/search/preset_words:0
[50960339ms] [ERROR] getRemotePresetWords Failed to fetch @ https://unpkg.zhimg.com/@cfe/sentry-script@1.3.1/dist/init.js:0
[50960339ms] [ERROR] Failed to load resource: net::ERR_NAME_NOT_RESOLVED @ https://zhuanlan.zhihu.com/api//v4/search/preset_words:0
[50960339ms] [ERROR] getRemotePresetWords Failed to fetch @ https://unpkg.zhimg.com/@cfe/sentry-script@1.3.1/dist/init.js:0
[50960339ms] [ERROR] Failed to load resource: net::ERR_NAME_NOT_RESOLVED @ https://zhuanlan.zhihu.com/api//v4/search/preset_words:0
[50960339ms] [ERROR] getRemotePresetWords Failed to fetch @ https://unpkg.zhimg.com/@cfe/sentry-script@1.3.1/dist/init.js:0
[50960342ms] TypeError: Cannot read properties of null (reading 'words')
    at https://static.zhihu.com/heifetz/column.app.a44c7d68cb8f3344fef7.js:1:1443049
[50960340ms] [ERROR] Failed to load resource: net::ERR_NAME_NOT_RESOLVED @ https://zhuanlan.zhihu.com/api//v4/search/preset_words:0
[50960340ms] [ERROR] getRemotePresetWords Failed to fetch @ https://unpkg.zhimg.com/@cfe/sentry-script@1.3.1/dist/init.js:0
[50960342ms] TypeError: Cannot read properties of null (reading 'words')
    at https://static.zhihu.com/heifetz/column.app.a44c7d68cb8f3344fef7.js:1:1443049
[50960342ms] TypeError: Cannot read properties of null (reading 'words')
    at https://static.zhihu.com/heifetz/column.app.a44c7d68cb8f3344fef7.js:1:1443049
[50960342ms] TypeError: Cannot read properties of null (reading 'words')
    at https://static.zhihu.com/heifetz/column.app.a44c7d68cb8f3344fef7.js:1:1443049
[50990345ms] [ERROR] Failed to load resource: net::ERR_NAME_NOT_RESOLVED @ https://zhuanlan.zhihu.com/api//v4/search/preset_words:0
[50990345ms] [ERROR] getRemotePresetWords Failed to fetch @ https://unpkg.zhimg.com/@cfe/sentry-script@1.3.1/dist/init.js:0
[50990346ms] [ERROR] Failed to load resource: net::ERR_NAME_NOT_RESOLVED @ https://zhuanlan.zhihu.com/api//v4/search/preset_words:0
[50990346ms] [ERROR] getRemotePresetWords Failed to fetch @ https://unpkg.zhimg.com/@cfe/sentry-script@1.3.1/dist/init.js:0
[50990346ms] [ERROR] Failed to load resource: net::ERR_NAME_NOT_RESOLVED @ https://zhuanlan.zhihu.com/api//v4/search/preset_words:0
[50990346ms] [ERROR] getRemotePresetWords Failed to fetch @ https://unpkg.zhimg.com/@cfe/sentry-script@1.3.1/dist/init.js:0
[50990346ms] [ERROR] Failed to load resource: net::ERR_NAME_NOT_RESOLVED @ https://zhuanlan.zhihu.com/api//v4/search/preset_words:0
[50990346ms] [ERROR] getRemotePresetWords Failed to fetch @ https://unpkg.zhimg.com/@cfe/sentry-script@1.3.1/dist/init.js:0
[50990347ms] TypeError: Cannot read properties of null (reading 'words')
    at https://static.zhihu.com/heifetz/column.app.a44c7d68cb8f3344fef7.js:1:1443049
[50990347ms] TypeError: Cannot read properties of null (reading 'words')
    at https://static.zhihu.com/heifetz/column.app.a44c7d68cb8f3344fef7.js:1:1443049
[50990347ms] TypeError: Cannot read properties of null (reading 'words')
    at https://static.zhihu.com/heifetz/column.app.a44c7d68cb8f3344fef7.js:1:1443049
[50990347ms] TypeError: Cannot read properties of null (reading 'words')
    at https://static.zhihu.com/heifetz/column.app.a44c7d68cb8f3344fef7.js:1:1443049
[51020349ms] [ERROR] Failed to load resource: net::ERR_NAME_NOT_RESOLVED @ https://zhuanlan.zhihu.com/api//v4/search/preset_words:0
[51020349ms] [ERROR] getRemotePresetWords Failed to fetch @ https://unpkg.zhimg.com/@cfe/sentry-script@1.3.1/dist/init.js:0
[51020353ms] TypeError: Cannot read properties of null (reading 'words')
    at https://static.zhihu.com/heifetz/column.app.a44c7d68cb8f3344fef7.js:1:1443049
[51020350ms] [ERROR] Failed to load resource: net::ERR_NAME_NOT_RESOLVED @ https://zhuanlan.zhihu.com/api//v4/search/preset_words:0
[51020350ms] [ERROR] getRemotePresetWords Failed to fetch @ https://unpkg.zhimg.com/@cfe/sentry-script@1.3.1/dist/init.js:0
[51020351ms] [ERROR] Failed to load resource: net::ERR_NAME_NOT_RESOLVED @ https://zhuanlan.zhihu.com/api//v4/search/preset_words:0
[51020351ms] [ERROR] getRemotePresetWords Failed to fetch @ https://unpkg.zhimg.com/@cfe/sentry-script@1.3.1/dist/init.js:0
[51020351ms] [ERROR] Failed to load resource: net::ERR_NAME_NOT_RESOLVED @ https://zhuanlan.zhihu.com/api//v4/search/preset_words:0
[51020351ms] [ERROR] getRemotePresetWords Failed to fetch @ https://unpkg.zhimg.com/@cfe/sentry-script@1.3.1/dist/init.js:0
[51020353ms] TypeError: Cannot read properties of null (reading 'words')
    at https://static.zhihu.com/heifetz/column.app.a44c7d68cb8f3344fef7.js:1:1443049
[51020353ms] TypeError: Cannot read properties of null (reading 'words')
    at https://static.zhihu.com/heifetz/column.app.a44c7d68cb8f3344fef7.js:1:1443049
[51020353ms] TypeError: Cannot read properties of null (reading 'words')
    at https://static.zhihu.com/heifetz/column.app.a44c7d68cb8f3344fef7.js:1:1443049
[51050355ms] [ERROR] Failed to load resource: net::ERR_NAME_NOT_RESOLVED @ https://zhuanlan.zhihu.com/api//v4/search/preset_words:0
[51050355ms] [ERROR] getRemotePresetWords Failed to fetch @ https://unpkg.zhimg.com/@cfe/sentry-script@1.3.1/dist/init.js:0
[51050356ms] [ERROR] Failed to load resource: net::ERR_NAME_NOT_RESOLVED @ https://zhuanlan.zhihu.com/api//v4/search/preset_words:0
[51050356ms] [ERROR] getRemotePresetWords Failed to fetch @ https://unpkg.zhimg.com/@cfe/sentry-script@1.3.1/dist/init.js:0
[51050356ms] [ERROR] Failed to load resource: net::ERR_NAME_NOT_RESOLVED @ https://zhuanlan.zhihu.com/api//v4/search/preset_words:0
[51050356ms] [ERROR] getRemotePresetWords Failed to fetch @ https://unpkg.zhimg.com/@cfe/sentry-script@1.3.1/dist/init.js:0
[51050357ms] TypeError: Cannot read properties of null (reading 'words')
    at https://static.zhihu.com/heifetz/column.app.a44c7d68cb8f3344fef7.js:1:1443049
[51050357ms] TypeError: Cannot read properties of null (reading 'words')
    at https://static.zhihu.com/heifetz/column.app.a44c7d68cb8f3344fef7.js:1:1443049
[51050357ms] TypeError: Cannot read properties of null (reading 'words')
    at https://static.zhihu.com/heifetz/column.app.a44c7d68cb8f3344fef7.js:1:1443049
[51080359ms] [ERROR] Failed to load resource: net::ERR_NAME_NOT_RESOLVED @ https://zhuanlan.zhihu.com/api//v4/search/preset_words:0
[51080360ms] [ERROR] getRemotePresetWords Failed to fetch @ https://unpkg.zhimg.com/@cfe/sentry-script@1.3.1/dist/init.js:0
[51080360ms] [ERROR] Failed to load resource: net::ERR_NAME_NOT_RESOLVED @ https://zhuanlan.zhihu.com/api//v4/search/preset_words:0
[51080360ms] [ERROR] getRemotePresetWords Failed to fetch @ https://unpkg.zhimg.com/@cfe/sentry-script@1.3.1/dist/init.js:0
[51080360ms] [ERROR] Failed to load resource: net::ERR_NAME_NOT_RESOLVED @ https://zhuanlan.zhihu.com/api//v4/search/preset_words:0
[51080360ms] [ERROR] getRemotePresetWords Failed to fetch @ https://unpkg.zhimg.com/@cfe/sentry-script@1.3.1/dist/init.js:0
[51080362ms] TypeError: Cannot read properties of null (reading 'words')
    at https://static.zhihu.com/heifetz/column.app.a44c7d68cb8f3344fef7.js:1:1443049
[51080361ms] [ERROR] Failed to load resource: net::ERR_NAME_NOT_RESOLVED @ https://zhuanlan.zhihu.com/api//v4/search/preset_words:0
[51080361ms] [ERROR] getRemotePresetWords Failed to fetch @ https://unpkg.zhimg.com/@cfe/sentry-script@1.3.1/dist/init.js:0
[51080362ms] TypeError: Cannot read properties of null (reading 'words')
    at https://static.zhihu.com/heifetz/column.app.a44c7d68cb8f3344fef7.js:1:1443049
[51080362ms] TypeError: Cannot read properties of null (reading 'words')
    at https://static.zhihu.com/heifetz/column.app.a44c7d68cb8f3344fef7.js:1:1443049
[51080362ms] TypeError: Cannot read properties of null (reading 'words')
    at https://static.zhihu.com/heifetz/column.app.a44c7d68cb8f3344fef7.js:1:1443049
[51110365ms] [ERROR] Failed to load resource: net::ERR_NAME_NOT_RESOLVED @ https://zhuanlan.zhihu.com/api//v4/search/preset_words:0
[51110365ms] [ERROR] getRemotePresetWords Failed to fetch @ https://unpkg.zhimg.com/@cfe/sentry-script@1.3.1/dist/init.js:0
[51110366ms] [ERROR] Failed to load resource: net::ERR_NAME_NOT_RESOLVED @ https://zhuanlan.zhihu.com/api//v4/search/preset_words:0
[51110366ms] [ERROR] getRemotePresetWords Failed to fetch @ https://unpkg.zhimg.com/@cfe/sentry-script@1.3.1/dist/init.js:0
[51110366ms] [ERROR] Failed to load resource: net::ERR_NAME_NOT_RESOLVED @ https://zhuanlan.zhihu.com/api//v4/search/preset_words:0
[51110366ms] [ERROR] getRemotePresetWords Failed to fetch @ https://unpkg.zhimg.com/@cfe/sentry-script@1.3.1/dist/init.js:0
[51110366ms] [ERROR] Failed to load resource: net::ERR_NAME_NOT_RESOLVED @ https://zhuanlan.zhihu.com/api//v4/search/preset_words:0
[51110366ms] [ERROR] getRemotePresetWords Failed to fetch @ https://unpkg.zhimg.com/@cfe/sentry-script@1.3.1/dist/init.js:0
[51110368ms] TypeError: Cannot read properties of null (reading 'words')
    at https://static.zhihu.com/heifetz/column.app.a44c7d68cb8f3344fef7.js:1:1443049
[51110368ms] TypeError: Cannot read properties of null (reading 'words')
    at https://static.zhihu.com/heifetz/column.app.a44c7d68cb8f3344fef7.js:1:1443049
[51110368ms] TypeError: Cannot read properties of null (reading 'words')
    at https://static.zhihu.com/heifetz/column.app.a44c7d68cb8f3344fef7.js:1:1443049
[51110368ms] TypeError: Cannot read properties of null (reading 'words')
    at https://static.zhihu.com/heifetz/column.app.a44c7d68cb8f3344fef7.js:1:1443049
[51140369ms] [ERROR] Failed to load resource: net::ERR_NAME_NOT_RESOLVED @ https://zhuanlan.zhihu.com/api//v4/search/preset_words:0
[51140369ms] [ERROR] getRemotePresetWords Failed to fetch @ https://unpkg.zhimg.com/@cfe/sentry-script@1.3.1/dist/init.js:0
[51140372ms] TypeError: Cannot read properties of null (reading 'words')
    at https://static.zhihu.com/heifetz/column.app.a44c7d68cb8f3344fef7.js:1:1443049
[51140370ms] [ERROR] Failed to load resource: net::ERR_NAME_NOT_RESOLVED @ https://zhuanlan.zhihu.com/api//v4/search/preset_words:0
[51140370ms] [ERROR] getRemotePresetWords Failed to fetch @ https://unpkg.zhimg.com/@cfe/sentry-script@1.3.1/dist/init.js:0
[51140370ms] [ERROR] Failed to load resource: net::ERR_NAME_NOT_RESOLVED @ https://zhuanlan.zhihu.com/api//v4/search/preset_words:0
[51140370ms] [ERROR] getRemotePresetWords Failed to fetch @ https://unpkg.zhimg.com/@cfe/sentry-script@1.3.1/dist/init.js:0
[51140370ms] [ERROR] Failed to load resource: net::ERR_NAME_NOT_RESOLVED @ https://zhuanlan.zhihu.com/api//v4/search/preset_words:0
[51140370ms] [ERROR] getRemotePresetWords Failed to fetch @ https://unpkg.zhimg.com/@cfe/sentry-script@1.3.1/dist/init.js:0
[51140372ms] TypeError: Cannot read properties of null (reading 'words')
    at https://static.zhihu.com/heifetz/column.app.a44c7d68cb8f3344fef7.js:1:1443049
[51140372ms] TypeError: Cannot read properties of null (reading 'words')
    at https://static.zhihu.com/heifetz/column.app.a44c7d68cb8f3344fef7.js:1:1443049
[51140372ms] TypeError: Cannot read properties of null (reading 'words')
    at https://static.zhihu.com/heifetz/column.app.a44c7d68cb8f3344fef7.js:1:1443049
[51170375ms] [ERROR] Failed to load resource: net::ERR_NAME_NOT_RESOLVED @ https://zhuanlan.zhihu.com/api//v4/search/preset_words:0
[51170375ms] [ERROR] getRemotePresetWords Failed to fetch @ https://unpkg.zhimg.com/@cfe/sentry-script@1.3.1/dist/init.js:0
[51170376ms] [ERROR] Failed to load resource: net::ERR_NAME_NOT_RESOLVED @ https://zhuanlan.zhihu.com/api//v4/search/preset_words:0
[51170376ms] [ERROR] getRemotePresetWords Failed to fetch @ https://unpkg.zhimg.com/@cfe/sentry-script@1.3.1/dist/init.js:0
[51170376ms] [ERROR] Failed to load resource: net::ERR_NAME_NOT_RESOLVED @ https://zhuanlan.zhihu.com/api//v4/search/preset_words:0
[51170376ms] [ERROR] getRemotePresetWords Failed to fetch @ https://unpkg.zhimg.com/@cfe/sentry-script@1.3.1/dist/init.js:0
[51170378ms] TypeError: Cannot read properties of null (reading 'words')
    at https://static.zhihu.com/heifetz/column.app.a44c7d68cb8f3344fef7.js:1:1443049
[51170378ms] TypeError: Cannot read properties of null (reading 'words')
    at https://static.zhihu.com/heifetz/column.app.a44c7d68cb8f3344fef7.js:1:1443049
[51170378ms] TypeError: Cannot read properties of null (reading 'words')
    at https://static.zhihu.com/heifetz/column.app.a44c7d68cb8f3344fef7.js:1:1443049
[51200380ms] [ERROR] Failed to load resource: net::ERR_NAME_NOT_RESOLVED @ https://zhuanlan.zhihu.com/api//v4/search/preset_words:0
[51200380ms] [ERROR] getRemotePresetWords Failed to fetch @ https://unpkg.zhimg.com/@cfe/sentry-script@1.3.1/dist/init.js:0
[51200380ms] [ERROR] Failed to load resource: net::ERR_NAME_NOT_RESOLVED @ https://zhuanlan.zhihu.com/api//v4/search/preset_words:0
[51200381ms] [ERROR] getRemotePresetWords Failed to fetch @ https://unpkg.zhimg.com/@cfe/sentry-script@1.3.1/dist/init.js:0
[51200383ms] TypeError: Cannot read properties of null (reading 'words')
    at https://static.zhihu.com/heifetz/column.app.a44c7d68cb8f3344fef7.js:1:1443049
[51200381ms] [ERROR] Failed to load resource: net::ERR_NAME_NOT_RESOLVED @ https://zhuanlan.zhihu.com/api//v4/search/preset_words:0
[51200381ms] [ERROR] getRemotePresetWords Failed to fetch @ https://unpkg.zhimg.com/@cfe/sentry-script@1.3.1/dist/init.js:0
[51200383ms] TypeError: Cannot read properties of null (reading 'words')
    at https://static.zhihu.com/heifetz/column.app.a44c7d68cb8f3344fef7.js:1:1443049
[51200383ms] TypeError: Cannot read properties of null (reading 'words')
    at https://static.zhihu.com/heifetz/column.app.a44c7d68cb8f3344fef7.js:1:1443049
[51200382ms] [ERROR] Failed to load resource: net::ERR_NAME_NOT_RESOLVED @ https://zhuanlan.zhihu.com/api//v4/search/preset_words:0
[51200382ms] [ERROR] getRemotePresetWords Failed to fetch @ https://unpkg.zhimg.com/@cfe/sentry-script@1.3.1/dist/init.js:0
[51200384ms] TypeError: Cannot read properties of null (reading 'words')
    at https://static.zhihu.com/heifetz/column.app.a44c7d68cb8f3344fef7.js:1:1443049
[51230387ms] [ERROR] Failed to load resource: net::ERR_NAME_NOT_RESOLVED @ https://zhuanlan.zhihu.com/api//v4/search/preset_words:0
[51230387ms] [ERROR] getRemotePresetWords Failed to fetch @ https://unpkg.zhimg.com/@cfe/sentry-script@1.3.1/dist/init.js:0
[51230388ms] [ERROR] Failed to load resource: net::ERR_NAME_NOT_RESOLVED @ https://zhuanlan.zhihu.com/api//v4/search/preset_words:0
[51230388ms] [ERROR] getRemotePresetWords Failed to fetch @ https://unpkg.zhimg.com/@cfe/sentry-script@1.3.1/dist/init.js:0
[51230388ms] [ERROR] Failed to load resource: net::ERR_NAME_NOT_RESOLVED @ https://zhuanlan.zhihu.com/api//v4/search/preset_words:0
[51230388ms] [ERROR] getRemotePresetWords Failed to fetch @ https://unpkg.zhimg.com/@cfe/sentry-script@1.3.1/dist/init.js:0
[51230389ms] TypeError: Cannot read properties of null (reading 'words')
    at https://static.zhihu.com/heifetz/column.app.a44c7d68cb8f3344fef7.js:1:1443049
[51230389ms] [ERROR] Failed to load resource: net::ERR_NAME_NOT_RESOLVED @ https://zhuanlan.zhihu.com/api//v4/search/preset_words:0
[51230389ms] [ERROR] getRemotePresetWords Failed to fetch @ https://unpkg.zhimg.com/@cfe/sentry-script@1.3.1/dist/init.js:0
[51230390ms] TypeError: Cannot read properties of null (reading 'words')
    at https://static.zhihu.com/heifetz/column.app.a44c7d68cb8f3344fef7.js:1:1443049
[51230390ms] TypeError: Cannot read properties of null (reading 'words')
    at https://static.zhihu.com/heifetz/column.app.a44c7d68cb8f3344fef7.js:1:1443049
[51230390ms] TypeError: Cannot read properties of null (reading 'words')
    at https://static.zhihu.com/heifetz/column.app.a44c7d68cb8f3344fef7.js:1:1443049
[51260391ms] [ERROR] Failed to load resource: net::ERR_NAME_NOT_RESOLVED @ https://zhuanlan.zhihu.com/api//v4/search/preset_words:0
[51260391ms] [ERROR] getRemotePresetWords Failed to fetch @ https://unpkg.zhimg.com/@cfe/sentry-script@1.3.1/dist/init.js:0
[51260392ms] [ERROR] Failed to load resource: net::ERR_NAME_NOT_RESOLVED @ https://zhuanlan.zhihu.com/api//v4/search/preset_words:0
[51260392ms] [ERROR] getRemotePresetWords Failed to fetch @ https://unpkg.zhimg.com/@cfe/sentry-script@1.3.1/dist/init.js:0
[51260395ms] TypeError: Cannot read properties of null (reading 'words')
    at https://static.zhihu.com/heifetz/column.app.a44c7d68cb8f3344fef7.js:1:1443049
[51260393ms] [ERROR] Failed to load resource: net::ERR_NAME_NOT_RESOLVED @ https://zhuanlan.zhihu.com/api//v4/search/preset_words:0
[51260393ms] [ERROR] getRemotePresetWords Failed to fetch @ https://unpkg.zhimg.com/@cfe/sentry-script@1.3.1/dist/init.js:0
[51260395ms] TypeError: Cannot read properties of null (reading 'words')
    at https://static.zhihu.com/heifetz/column.app.a44c7d68cb8f3344fef7.js:1:1443049
[51260393ms] [ERROR] Failed to load resource: net::ERR_NAME_NOT_RESOLVED @ https://zhuanlan.zhihu.com/api//v4/search/preset_words:0
[51260393ms] [ERROR] getRemotePresetWords Failed to fetch @ https://unpkg.zhimg.com/@cfe/sentry-script@1.3.1/dist/init.js:0
[51260395ms] TypeError: Cannot read properties of null (reading 'words')
    at https://static.zhihu.com/heifetz/column.app.a44c7d68cb8f3344fef7.js:1:1443049
[51260395ms] TypeError: Cannot read properties of null (reading 'words')
    at https://static.zhihu.com/heifetz/column.app.a44c7d68cb8f3344fef7.js:1:1443049
[51290397ms] [ERROR] Failed to load resource: net::ERR_NAME_NOT_RESOLVED @ https://zhuanlan.zhihu.com/api//v4/search/preset_words:0
[51290397ms] [ERROR] getRemotePresetWords Failed to fetch @ https://unpkg.zhimg.com/@cfe/sentry-script@1.3.1/dist/init.js:0
[51290398ms] [ERROR] Failed to load resource: net::ERR_NAME_NOT_RESOLVED @ https://zhuanlan.zhihu.com/api//v4/search/preset_words:0
[51290398ms] [ERROR] getRemotePresetWords Failed to fetch @ https://unpkg.zhimg.com/@cfe/sentry-script@1.3.1/dist/init.js:0
[51290398ms] [ERROR] Failed to load resource: net::ERR_NAME_NOT_RESOLVED @ https://zhuanlan.zhihu.com/api//v4/search/preset_words:0
[51290398ms] [ERROR] getRemotePresetWords Failed to fetch @ https://unpkg.zhimg.com/@cfe/sentry-script@1.3.1/dist/init.js:0
[51290400ms] TypeError: Cannot read properties of null (reading 'words')
    at https://static.zhihu.com/heifetz/column.app.a44c7d68cb8f3344fef7.js:1:1443049
[51290400ms] TypeError: Cannot read properties of null (reading 'words')
    at https://static.zhihu.com/heifetz/column.app.a44c7d68cb8f3344fef7.js:1:1443049
[51290400ms] TypeError: Cannot read properties of null (reading 'words')
    at https://static.zhihu.com/heifetz/column.app.a44c7d68cb8f3344fef7.js:1:1443049
[51320401ms] [ERROR] Failed to load resource: net::ERR_NAME_NOT_RESOLVED @ https://zhuanlan.zhihu.com/api//v4/search/preset_words:0
[51320402ms] [ERROR] getRemotePresetWords Failed to fetch @ https://unpkg.zhimg.com/@cfe/sentry-script@1.3.1/dist/init.js:0
[51320402ms] [ERROR] Failed to load resource: net::ERR_NAME_NOT_RESOLVED @ https://zhuanlan.zhihu.com/api//v4/search/preset_words:0
[51320402ms] [ERROR] getRemotePresetWords Failed to fetch @ https://unpkg.zhimg.com/@cfe/sentry-script@1.3.1/dist/init.js:0
[51320402ms] [ERROR] Failed to load resource: net::ERR_NAME_NOT_RESOLVED @ https://zhuanlan.zhihu.com/api//v4/search/preset_words:0
[51320402ms] [ERROR] getRemotePresetWords Failed to fetch @ https://unpkg.zhimg.com/@cfe/sentry-script@1.3.1/dist/init.js:0
[51320405ms] TypeError: Cannot read properties of null (reading 'words')
    at https://static.zhihu.com/heifetz/column.app.a44c7d68cb8f3344fef7.js:1:1443049
[51320403ms] [ERROR] Failed to load resource: net::ERR_NAME_NOT_RESOLVED @ https://zhuanlan.zhihu.com/api//v4/search/preset_words:0
[51320403ms] [ERROR] getRemotePresetWords Failed to fetch @ https://unpkg.zhimg.com/@cfe/sentry-script@1.3.1/dist/init.js:0
[51320405ms] TypeError: Cannot read properties of null (reading 'words')
    at https://static.zhihu.com/heifetz/column.app.a44c7d68cb8f3344fef7.js:1:1443049
[51320405ms] TypeError: Cannot read properties of null (reading 'words')
    at https://static.zhihu.com/heifetz/column.app.a44c7d68cb8f3344fef7.js:1:1443049
[51320405ms] TypeError: Cannot read properties of null (reading 'words')
    at https://static.zhihu.com/heifetz/column.app.a44c7d68cb8f3344fef7.js:1:1443049
[51350407ms] [ERROR] Failed to load resource: net::ERR_NAME_NOT_RESOLVED @ https://zhuanlan.zhihu.com/api//v4/search/preset_words:0
[51350407ms] [ERROR] getRemotePresetWords Failed to fetch @ https://unpkg.zhimg.com/@cfe/sentry-script@1.3.1/dist/init.js:0
[51350408ms] [ERROR] Failed to load resource: net::ERR_NAME_NOT_RESOLVED @ https://zhuanlan.zhihu.com/api//v4/search/preset_words:0
[51350408ms] [ERROR] getRemotePresetWords Failed to fetch @ https://unpkg.zhimg.com/@cfe/sentry-script@1.3.1/dist/init.js:0
[51350408ms] [ERROR] Failed to load resource: net::ERR_NAME_NOT_RESOLVED @ https://zhuanlan.zhihu.com/api//v4/search/preset_words:0
[51350408ms] [ERROR] getRemotePresetWords Failed to fetch @ https://unpkg.zhimg.com/@cfe/sentry-script@1.3.1/dist/init.js:0
[51350408ms] [ERROR] Failed to load resource: net::ERR_NAME_NOT_RESOLVED @ https://zhuanlan.zhihu.com/api//v4/search/preset_words:0
[51350408ms] [ERROR] getRemotePresetWords Failed to fetch @ https://unpkg.zhimg.com/@cfe/sentry-script@1.3.1/dist/init.js:0
[51350410ms] TypeError: Cannot read properties of null (reading 'words')
    at https://static.zhihu.com/heifetz/column.app.a44c7d68cb8f3344fef7.js:1:1443049
[51350410ms] TypeError: Cannot read properties of null (reading 'words')
    at https://static.zhihu.com/heifetz/column.app.a44c7d68cb8f3344fef7.js:1:1443049
[51350410ms] TypeError: Cannot read properties of null (reading 'words')
    at https://static.zhihu.com/heifetz/column.app.a44c7d68cb8f3344fef7.js:1:1443049
[51350410ms] TypeError: Cannot read properties of null (reading 'words')
    at https://static.zhihu.com/heifetz/column.app.a44c7d68cb8f3344fef7.js:1:1443049
[51380411ms] [ERROR] Failed to load resource: net::ERR_NAME_NOT_RESOLVED @ https://zhuanlan.zhihu.com/api//v4/search/preset_words:0
[51380412ms] [ERROR] getRemotePresetWords Failed to fetch @ https://unpkg.zhimg.com/@cfe/sentry-script@1.3.1/dist/init.js:0
[51380415ms] TypeError: Cannot read properties of null (reading 'words')
    at https://static.zhihu.com/heifetz/column.app.a44c7d68cb8f3344fef7.js:1:1443049
[51380413ms] [ERROR] Failed to load resource: net::ERR_NAME_NOT_RESOLVED @ https://zhuanlan.zhihu.com/api//v4/search/preset_words:0
[51380413ms] [ERROR] getRemotePresetWords Failed to fetch @ https://unpkg.zhimg.com/@cfe/sentry-script@1.3.1/dist/init.js:0
[51380415ms] TypeError: Cannot read properties of null (reading 'words')
    at https://static.zhihu.com/heifetz/column.app.a44c7d68cb8f3344fef7.js:1:1443049
[51380413ms] [ERROR] Failed to load resource: net::ERR_NAME_NOT_RESOLVED @ https://zhuanlan.zhihu.com/api//v4/search/preset_words:0
[51380414ms] [ERROR] getRemotePresetWords Failed to fetch @ https://unpkg.zhimg.com/@cfe/sentry-script@1.3.1/dist/init.js:0
[51380414ms] [ERROR] Failed to load resource: net::ERR_NAME_NOT_RESOLVED @ https://zhuanlan.zhihu.com/api//v4/search/preset_words:0
[51380414ms] [ERROR] getRemotePresetWords Failed to fetch @ https://unpkg.zhimg.com/@cfe/sentry-script@1.3.1/dist/init.js:0
[51380415ms] TypeError: Cannot read properties of null (reading 'words')
    at https://static.zhihu.com/heifetz/column.app.a44c7d68cb8f3344fef7.js:1:1443049
[51380415ms] TypeError: Cannot read properties of null (reading 'words')
    at https://static.zhihu.com/heifetz/column.app.a44c7d68cb8f3344fef7.js:1:1443049
[51410418ms] [ERROR] Failed to load resource: net::ERR_NAME_NOT_RESOLVED @ https://zhuanlan.zhihu.com/api//v4/search/preset_words:0
[51410418ms] [ERROR] getRemotePresetWords Failed to fetch @ https://unpkg.zhimg.com/@cfe/sentry-script@1.3.1/dist/init.js:0
[51410418ms] [ERROR] Failed to load resource: net::ERR_NAME_NOT_RESOLVED @ https://zhuanlan.zhihu.com/api//v4/search/preset_words:0
[51410419ms] [ERROR] getRemotePresetWords Failed to fetch @ https://unpkg.zhimg.com/@cfe/sentry-script@1.3.1/dist/init.js:0
[51410419ms] [ERROR] Failed to load resource: net::ERR_NAME_NOT_RESOLVED @ https://zhuanlan.zhihu.com/api//v4/search/preset_words:0
[51410419ms] [ERROR] getRemotePresetWords Failed to fetch @ https://unpkg.zhimg.com/@cfe/sentry-script@1.3.1/dist/init.js:0
[51410420ms] TypeError: Cannot read properties of null (reading 'words')
    at https://static.zhihu.com/heifetz/column.app.a44c7d68cb8f3344fef7.js:1:1443049
[51410420ms] TypeError: Cannot read properties of null (reading 'words')
    at https://static.zhihu.com/heifetz/column.app.a44c7d68cb8f3344fef7.js:1:1443049
[51410420ms] TypeError: Cannot read properties of null (reading 'words')
    at https://static.zhihu.com/heifetz/column.app.a44c7d68cb8f3344fef7.js:1:1443049
[51440422ms] [ERROR] Failed to load resource: net::ERR_NAME_NOT_RESOLVED @ https://zhuanlan.zhihu.com/api//v4/search/preset_words:0
[51440422ms] [ERROR] getRemotePresetWords Failed to fetch @ https://unpkg.zhimg.com/@cfe/sentry-script@1.3.1/dist/init.js:0
[51440423ms] [ERROR] Failed to load resource: net::ERR_NAME_NOT_RESOLVED @ https://zhuanlan.zhihu.com/api//v4/search/preset_words:0
[51440423ms] [ERROR] getRemotePresetWords Failed to fetch @ https://unpkg.zhimg.com/@cfe/sentry-script@1.3.1/dist/init.js:0
[51440425ms] TypeError: Cannot read properties of null (reading 'words')
    at https://static.zhihu.com/heifetz/column.app.a44c7d68cb8f3344fef7.js:1:1443049
[51440423ms] [ERROR] Failed to load resource: net::ERR_NAME_NOT_RESOLVED @ https://zhuanlan.zhihu.com/api//v4/search/preset_words:0
[51440424ms] [ERROR] getRemotePresetWords Failed to fetch @ https://unpkg.zhimg.com/@cfe/sentry-script@1.3.1/dist/init.js:0
[51440425ms] TypeError: Cannot read properties of null (reading 'words')
    at https://static.zhihu.com/heifetz/column.app.a44c7d68cb8f3344fef7.js:1:1443049
[51440424ms] [ERROR] Failed to load resource: net::ERR_NAME_NOT_RESOLVED @ https://zhuanlan.zhihu.com/api//v4/search/preset_words:0
[51440424ms] [ERROR] getRemotePresetWords Failed to fetch @ https://unpkg.zhimg.com/@cfe/sentry-script@1.3.1/dist/init.js:0
[51440425ms] TypeError: Cannot read properties of null (reading 'words')
    at https://static.zhihu.com/heifetz/column.app.a44c7d68cb8f3344fef7.js:1:1443049
[51440425ms] TypeError: Cannot read properties of null (reading 'words')
    at https://static.zhihu.com/heifetz/column.app.a44c7d68cb8f3344fef7.js:1:1443049
[51470428ms] [ERROR] Failed to load resource: net::ERR_NAME_NOT_RESOLVED @ https://zhuanlan.zhihu.com/api//v4/search/preset_words:0
[51470428ms] [ERROR] getRemotePresetWords Failed to fetch @ https://unpkg.zhimg.com/@cfe/sentry-script@1.3.1/dist/init.js:0
[51470429ms] [ERROR] Failed to load resource: net::ERR_NAME_NOT_RESOLVED @ https://zhuanlan.zhihu.com/api//v4/search/preset_words:0
[51470429ms] [ERROR] getRemotePresetWords Failed to fetch @ https://unpkg.zhimg.com/@cfe/sentry-script@1.3.1/dist/init.js:0
[51470429ms] [ERROR] Failed to load resource: net::ERR_NAME_NOT_RESOLVED @ https://zhuanlan.zhihu.com/api//v4/search/preset_words:0
[51470429ms] [ERROR] getRemotePresetWords Failed to fetch @ https://unpkg.zhimg.com/@cfe/sentry-script@1.3.1/dist/init.js:0
[51470429ms] [ERROR] Failed to load resource: net::ERR_NAME_NOT_RESOLVED @ https://zhuanlan.zhihu.com/api//v4/search/preset_words:0
[51470429ms] [ERROR] getRemotePresetWords Failed to fetch @ https://unpkg.zhimg.com/@cfe/sentry-script@1.3.1/dist/init.js:0
[51470431ms] TypeError: Cannot read properties of null (reading 'words')
    at https://static.zhihu.com/heifetz/column.app.a44c7d68cb8f3344fef7.js:1:1443049
[51470431ms] TypeError: Cannot read properties of null (reading 'words')
    at https://static.zhihu.com/heifetz/column.app.a44c7d68cb8f3344fef7.js:1:1443049
[51470431ms] TypeError: Cannot read properties of null (reading 'words')
    at https://static.zhihu.com/heifetz/column.app.a44c7d68cb8f3344fef7.js:1:1443049
[51470431ms] TypeError: Cannot read properties of null (reading 'words')
    at https://static.zhihu.com/heifetz/column.app.a44c7d68cb8f3344fef7.js:1:1443049
[51500433ms] [ERROR] Failed to load resource: net::ERR_NAME_NOT_RESOLVED @ https://zhuanlan.zhihu.com/api//v4/search/preset_words:0
[51500433ms] [ERROR] getRemotePresetWords Failed to fetch @ https://unpkg.zhimg.com/@cfe/sentry-script@1.3.1/dist/init.js:0
[51500436ms] TypeError: Cannot read properties of null (reading 'words')
    at https://static.zhihu.com/heifetz/column.app.a44c7d68cb8f3344fef7.js:1:1443049
[51500434ms] [ERROR] Failed to load resource: net::ERR_NAME_NOT_RESOLVED @ https://zhuanlan.zhihu.com/api//v4/search/preset_words:0
[51500434ms] [ERROR] getRemotePresetWords Failed to fetch @ https://unpkg.zhimg.com/@cfe/sentry-script@1.3.1/dist/init.js:0
[51500435ms] [ERROR] Failed to load resource: net::ERR_NAME_NOT_RESOLVED @ https://zhuanlan.zhihu.com/api//v4/search/preset_words:0
[51500435ms] [ERROR] getRemotePresetWords Failed to fetch @ https://unpkg.zhimg.com/@cfe/sentry-script@1.3.1/dist/init.js:0
[51500435ms] [ERROR] Failed to load resource: net::ERR_NAME_NOT_RESOLVED @ https://zhuanlan.zhihu.com/api//v4/search/preset_words:0
[51500435ms] [ERROR] getRemotePresetWords Failed to fetch @ https://unpkg.zhimg.com/@cfe/sentry-script@1.3.1/dist/init.js:0
[51500436ms] TypeError: Cannot read properties of null (reading 'words')
    at https://static.zhihu.com/heifetz/column.app.a44c7d68cb8f3344fef7.js:1:1443049
[51500437ms] TypeError: Cannot read properties of null (reading 'words')
    at https://static.zhihu.com/heifetz/column.app.a44c7d68cb8f3344fef7.js:1:1443049
[51500437ms] TypeError: Cannot read properties of null (reading 'words')
    at https://static.zhihu.com/heifetz/column.app.a44c7d68cb8f3344fef7.js:1:1443049
[51530437ms] [ERROR] Failed to load resource: net::ERR_NAME_NOT_RESOLVED @ https://zhuanlan.zhihu.com/api//v4/search/preset_words:0
[51530438ms] [ERROR] getRemotePresetWords Failed to fetch @ https://unpkg.zhimg.com/@cfe/sentry-script@1.3.1/dist/init.js:0
[51530438ms] [ERROR] Failed to load resource: net::ERR_NAME_NOT_RESOLVED @ https://zhuanlan.zhihu.com/api//v4/search/preset_words:0
[51530438ms] [ERROR] getRemotePresetWords Failed to fetch @ https://unpkg.zhimg.com/@cfe/sentry-script@1.3.1/dist/init.js:0
[51530438ms] [ERROR] Failed to load resource: net::ERR_NAME_NOT_RESOLVED @ https://zhuanlan.zhihu.com/api//v4/search/preset_words:0
[51530438ms] [ERROR] getRemotePresetWords Failed to fetch @ https://unpkg.zhimg.com/@cfe/sentry-script@1.3.1/dist/init.js:0
[51530439ms] TypeError: Cannot read properties of null (reading 'words')
    at https://static.zhihu.com/heifetz/column.app.a44c7d68cb8f3344fef7.js:1:1443049
[51530439ms] TypeError: Cannot read properties of null (reading 'words')
    at https://static.zhihu.com/heifetz/column.app.a44c7d68cb8f3344fef7.js:1:1443049
[51530439ms] TypeError: Cannot read properties of null (reading 'words')
    at https://static.zhihu.com/heifetz/column.app.a44c7d68cb8f3344fef7.js:1:1443049
[51560441ms] [ERROR] Failed to load resource: net::ERR_NAME_NOT_RESOLVED @ https://zhuanlan.zhihu.com/api//v4/search/preset_words:0
[51560441ms] [ERROR] getRemotePresetWords Failed to fetch @ https://unpkg.zhimg.com/@cfe/sentry-script@1.3.1/dist/init.js:0
[51560441ms] [ERROR] Failed to load resource: net::ERR_NAME_NOT_RESOLVED @ https://zhuanlan.zhihu.com/api//v4/search/preset_words:0
[51560441ms] [ERROR] getRemotePresetWords Failed to fetch @ https://unpkg.zhimg.com/@cfe/sentry-script@1.3.1/dist/init.js:0
[51560442ms] [ERROR] Failed to load resource: net::ERR_NAME_NOT_RESOLVED @ https://zhuanlan.zhihu.com/api//v4/search/preset_words:0
[51560442ms] [ERROR] getRemotePresetWords Failed to fetch @ https://unpkg.zhimg.com/@cfe/sentry-script@1.3.1/dist/init.js:0
[51560444ms] TypeError: Cannot read properties of null (reading 'words')
    at https://static.zhihu.com/heifetz/column.app.a44c7d68cb8f3344fef7.js:1:1443049
[51560442ms] [ERROR] Failed to load resource: net::ERR_NAME_NOT_RESOLVED @ https://zhuanlan.zhihu.com/api//v4/search/preset_words:0
[51560442ms] [ERROR] getRemotePresetWords Failed to fetch @ https://unpkg.zhimg.com/@cfe/sentry-script@1.3.1/dist/init.js:0
[51560444ms] TypeError: Cannot read properties of null (reading 'words')
    at https://static.zhihu.com/heifetz/column.app.a44c7d68cb8f3344fef7.js:1:1443049
[51560444ms] TypeError: Cannot read properties of null (reading 'words')
    at https://static.zhihu.com/heifetz/column.app.a44c7d68cb8f3344fef7.js:1:1443049
[51560445ms] TypeError: Cannot read properties of null (reading 'words')
    at https://static.zhihu.com/heifetz/column.app.a44c7d68cb8f3344fef7.js:1:1443049
[51590445ms] [ERROR] Failed to load resource: net::ERR_NAME_NOT_RESOLVED @ https://zhuanlan.zhihu.com/api//v4/search/preset_words:0
[51590446ms] [ERROR] getRemotePresetWords Failed to fetch @ https://unpkg.zhimg.com/@cfe/sentry-script@1.3.1/dist/init.js:0
[51590446ms] [ERROR] Failed to load resource: net::ERR_NAME_NOT_RESOLVED @ https://zhuanlan.zhihu.com/api//v4/search/preset_words:0
[51590446ms] [ERROR] getRemotePresetWords Failed to fetch @ https://unpkg.zhimg.com/@cfe/sentry-script@1.3.1/dist/init.js:0
[51590446ms] [ERROR] Failed to load resource: net::ERR_NAME_NOT_RESOLVED @ https://zhuanlan.zhihu.com/api//v4/search/preset_words:0
[51590446ms] [ERROR] getRemotePresetWords Failed to fetch @ https://unpkg.zhimg.com/@cfe/sentry-script@1.3.1/dist/init.js:0
[51590447ms] [ERROR] Failed to load resource: net::ERR_NAME_NOT_RESOLVED @ https://zhuanlan.zhihu.com/api//v4/search/preset_words:0
[51590447ms] [ERROR] getRemotePresetWords Failed to fetch @ https://unpkg.zhimg.com/@cfe/sentry-script@1.3.1/dist/init.js:0
[51590448ms] TypeError: Cannot read properties of null (reading 'words')
    at https://static.zhihu.com/heifetz/column.app.a44c7d68cb8f3344fef7.js:1:1443049
[51590448ms] TypeError: Cannot read properties of null (reading 'words')
    at https://static.zhihu.com/heifetz/column.app.a44c7d68cb8f3344fef7.js:1:1443049
[51590448ms] TypeError: Cannot read properties of null (reading 'words')
    at https://static.zhihu.com/heifetz/column.app.a44c7d68cb8f3344fef7.js:1:1443049
[51590448ms] TypeError: Cannot read properties of null (reading 'words')
    at https://static.zhihu.com/heifetz/column.app.a44c7d68cb8f3344fef7.js:1:1443049
[51620450ms] [ERROR] Failed to load resource: net::ERR_NAME_NOT_RESOLVED @ https://zhuanlan.zhihu.com/api//v4/search/preset_words:0
[51620450ms] [ERROR] getRemotePresetWords Failed to fetch @ https://unpkg.zhimg.com/@cfe/sentry-script@1.3.1/dist/init.js:0
[51620453ms] TypeError: Cannot read properties of null (reading 'words')
    at https://static.zhihu.com/heifetz/column.app.a44c7d68cb8f3344fef7.js:1:1443049
[51620451ms] [ERROR] Failed to load resource: net::ERR_NAME_NOT_RESOLVED @ https://zhuanlan.zhihu.com/api//v4/search/preset_words:0
[51620451ms] [ERROR] getRemotePresetWords Failed to fetch @ https://unpkg.zhimg.com/@cfe/sentry-script@1.3.1/dist/init.js:0
[51620452ms] [ERROR] Failed to load resource: net::ERR_NAME_NOT_RESOLVED @ https://zhuanlan.zhihu.com/api//v4/search/preset_words:0
[51620452ms] [ERROR] getRemotePresetWords Failed to fetch @ https://unpkg.zhimg.com/@cfe/sentry-script@1.3.1/dist/init.js:0
[51620452ms] [ERROR] Failed to load resource: net::ERR_NAME_NOT_RESOLVED @ https://zhuanlan.zhihu.com/api//v4/search/preset_words:0
[51620452ms] [ERROR] getRemotePresetWords Failed to fetch @ https://unpkg.zhimg.com/@cfe/sentry-script@1.3.1/dist/init.js:0
[51620453ms] TypeError: Cannot read properties of null (reading 'words')
    at https://static.zhihu.com/heifetz/column.app.a44c7d68cb8f3344fef7.js:1:1443049
[51620453ms] TypeError: Cannot read properties of null (reading 'words')
    at https://static.zhihu.com/heifetz/column.app.a44c7d68cb8f3344fef7.js:1:1443049
[51620453ms] TypeError: Cannot read properties of null (reading 'words')
    at https://static.zhihu.com/heifetz/column.app.a44c7d68cb8f3344fef7.js:1:1443049
[51650456ms] [ERROR] Failed to load resource: net::ERR_NAME_NOT_RESOLVED @ https://zhuanlan.zhihu.com/api//v4/search/preset_words:0
[51650456ms] [ERROR] getRemotePresetWords Failed to fetch @ https://unpkg.zhimg.com/@cfe/sentry-script@1.3.1/dist/init.js:0
[51650457ms] [ERROR] Failed to load resource: net::ERR_NAME_NOT_RESOLVED @ https://zhuanlan.zhihu.com/api//v4/search/preset_words:0
[51650457ms] [ERROR] getRemotePresetWords Failed to fetch @ https://unpkg.zhimg.com/@cfe/sentry-script@1.3.1/dist/init.js:0
[51650459ms] TypeError: Cannot read properties of null (reading 'words')
    at https://static.zhihu.com/heifetz/column.app.a44c7d68cb8f3344fef7.js:1:1443049
[51650458ms] [ERROR] Failed to load resource: net::ERR_NAME_NOT_RESOLVED @ https://zhuanlan.zhihu.com/api//v4/search/preset_words:0
[51650458ms] [ERROR] getRemotePresetWords Failed to fetch @ https://unpkg.zhimg.com/@cfe/sentry-script@1.3.1/dist/init.js:0
[51650459ms] TypeError: Cannot read properties of null (reading 'words')
    at https://static.zhihu.com/heifetz/column.app.a44c7d68cb8f3344fef7.js:1:1443049
[51650459ms] TypeError: Cannot read properties of null (reading 'words')
    at https://static.zhihu.com/heifetz/column.app.a44c7d68cb8f3344fef7.js:1:1443049
[51680462ms] [ERROR] Failed to load resource: net::ERR_NAME_NOT_RESOLVED @ https://zhuanlan.zhihu.com/api//v4/search/preset_words:0
[51680462ms] [ERROR] getRemotePresetWords Failed to fetch @ https://unpkg.zhimg.com/@cfe/sentry-script@1.3.1/dist/init.js:0
[51680462ms] [ERROR] Failed to load resource: net::ERR_NAME_NOT_RESOLVED @ https://zhuanlan.zhihu.com/api//v4/search/preset_words:0
[51680462ms] [ERROR] getRemotePresetWords Failed to fetch @ https://unpkg.zhimg.com/@cfe/sentry-script@1.3.1/dist/init.js:0
[51680463ms] [ERROR] Failed to load resource: net::ERR_NAME_NOT_RESOLVED @ https://zhuanlan.zhihu.com/api//v4/search/preset_words:0
[51680463ms] [ERROR] getRemotePresetWords Failed to fetch @ https://unpkg.zhimg.com/@cfe/sentry-script@1.3.1/dist/init.js:0
[51680464ms] TypeError: Cannot read properties of null (reading 'words')
    at https://static.zhihu.com/heifetz/column.app.a44c7d68cb8f3344fef7.js:1:1443049
[51680463ms] [ERROR] Failed to load resource: net::ERR_NAME_NOT_RESOLVED @ https://zhuanlan.zhihu.com/api//v4/search/preset_words:0
[51680463ms] [ERROR] getRemotePresetWords Failed to fetch @ https://unpkg.zhimg.com/@cfe/sentry-script@1.3.1/dist/init.js:0
[51680464ms] TypeError: Cannot read properties of null (reading 'words')
    at https://static.zhihu.com/heifetz/column.app.a44c7d68cb8f3344fef7.js:1:1443049
[51680464ms] TypeError: Cannot read properties of null (reading 'words')
    at https://static.zhihu.com/heifetz/column.app.a44c7d68cb8f3344fef7.js:1:1443049
[51680464ms] TypeError: Cannot read properties of null (reading 'words')
    at https://static.zhihu.com/heifetz/column.app.a44c7d68cb8f3344fef7.js:1:1443049
[51710467ms] [ERROR] Failed to load resource: net::ERR_NAME_NOT_RESOLVED @ https://zhuanlan.zhihu.com/api//v4/search/preset_words:0
[51710468ms] [ERROR] getRemotePresetWords Failed to fetch @ https://unpkg.zhimg.com/@cfe/sentry-script@1.3.1/dist/init.js:0
[51710468ms] [ERROR] Failed to load resource: net::ERR_NAME_NOT_RESOLVED @ https://zhuanlan.zhihu.com/api//v4/search/preset_words:0
[51710468ms] [ERROR] getRemotePresetWords Failed to fetch @ https://unpkg.zhimg.com/@cfe/sentry-script@1.3.1/dist/init.js:0
[51710468ms] [ERROR] Failed to load resource: net::ERR_NAME_NOT_RESOLVED @ https://zhuanlan.zhihu.com/api//v4/search/preset_words:0
[51710468ms] [ERROR] getRemotePresetWords Failed to fetch @ https://unpkg.zhimg.com/@cfe/sentry-script@1.3.1/dist/init.js:0
[51710469ms] [ERROR] Failed to load resource: net::ERR_NAME_NOT_RESOLVED @ https://zhuanlan.zhihu.com/api//v4/search/preset_words:0
[51710469ms] [ERROR] getRemotePresetWords Failed to fetch @ https://unpkg.zhimg.com/@cfe/sentry-script@1.3.1/dist/init.js:0
[51710471ms] TypeError: Cannot read properties of null (reading 'words')
    at https://static.zhihu.com/heifetz/column.app.a44c7d68cb8f3344fef7.js:1:1443049
[51710471ms] TypeError: Cannot read properties of null (reading 'words')
    at https://static.zhihu.com/heifetz/column.app.a44c7d68cb8f3344fef7.js:1:1443049
[51710471ms] TypeError: Cannot read properties of null (reading 'words')
    at https://static.zhihu.com/heifetz/column.app.a44c7d68cb8f3344fef7.js:1:1443049
[51710471ms] TypeError: Cannot read properties of null (reading 'words')
    at https://static.zhihu.com/heifetz/column.app.a44c7d68cb8f3344fef7.js:1:1443049
[51740470ms] [ERROR] Failed to load resource: net::ERR_NAME_NOT_RESOLVED @ https://zhuanlan.zhihu.com/api//v4/search/preset_words:0
[51740471ms] [ERROR] getRemotePresetWords Failed to fetch @ https://unpkg.zhimg.com/@cfe/sentry-script@1.3.1/dist/init.js:0
[51740471ms] [ERROR] Failed to load resource: net::ERR_NAME_NOT_RESOLVED @ https://zhuanlan.zhihu.com/api//v4/search/preset_words:0
[51740471ms] [ERROR] getRemotePresetWords Failed to fetch @ https://unpkg.zhimg.com/@cfe/sentry-script@1.3.1/dist/init.js:0
[51740473ms] TypeError: Cannot read properties of null (reading 'words')
    at https://static.zhihu.com/heifetz/column.app.a44c7d68cb8f3344fef7.js:1:1443049
[51740472ms] [ERROR] Failed to load resource: net::ERR_NAME_NOT_RESOLVED @ https://zhuanlan.zhihu.com/api//v4/search/preset_words:0
[51740472ms] [ERROR] getRemotePresetWords Failed to fetch @ https://unpkg.zhimg.com/@cfe/sentry-script@1.3.1/dist/init.js:0
[51740473ms] TypeError: Cannot read properties of null (reading 'words')
    at https://static.zhihu.com/heifetz/column.app.a44c7d68cb8f3344fef7.js:1:1443049
[51740472ms] [ERROR] Failed to load resource: net::ERR_NAME_NOT_RESOLVED @ https://zhuanlan.zhihu.com/api//v4/search/preset_words:0
[51740472ms] [ERROR] getRemotePresetWords Failed to fetch @ https://unpkg.zhimg.com/@cfe/sentry-script@1.3.1/dist/init.js:0
[51740473ms] TypeError: Cannot read properties of null (reading 'words')
    at https://static.zhihu.com/heifetz/column.app.a44c7d68cb8f3344fef7.js:1:1443049
[51740473ms] TypeError: Cannot read properties of null (reading 'words')
    at https://static.zhihu.com/heifetz/column.app.a44c7d68cb8f3344fef7.js:1:1443049
[51770476ms] [ERROR] Failed to load resource: net::ERR_NAME_NOT_RESOLVED @ https://zhuanlan.zhihu.com/api//v4/search/preset_words:0
[51770477ms] [ERROR] getRemotePresetWords Failed to fetch @ https://unpkg.zhimg.com/@cfe/sentry-script@1.3.1/dist/init.js:0
[51770477ms] [ERROR] Failed to load resource: net::ERR_NAME_NOT_RESOLVED @ https://zhuanlan.zhihu.com/api//v4/search/preset_words:0
[51770477ms] [ERROR] getRemotePresetWords Failed to fetch @ https://unpkg.zhimg.com/@cfe/sentry-script@1.3.1/dist/init.js:0
[51770477ms] [ERROR] Failed to load resource: net::ERR_NAME_NOT_RESOLVED @ https://zhuanlan.zhihu.com/api//v4/search/preset_words:0
[51770477ms] [ERROR] getRemotePresetWords Failed to fetch @ https://unpkg.zhimg.com/@cfe/sentry-script@1.3.1/dist/init.js:0
[51770478ms] TypeError: Cannot read properties of null (reading 'words')
    at https://static.zhihu.com/heifetz/column.app.a44c7d68cb8f3344fef7.js:1:1443049
[51770478ms] TypeError: Cannot read properties of null (reading 'words')
    at https://static.zhihu.com/heifetz/column.app.a44c7d68cb8f3344fef7.js:1:1443049
[51770478ms] TypeError: Cannot read properties of null (reading 'words')
    at https://static.zhihu.com/heifetz/column.app.a44c7d68cb8f3344fef7.js:1:1443049
[51800481ms] [ERROR] Failed to load resource: net::ERR_NAME_NOT_RESOLVED @ https://zhuanlan.zhihu.com/api//v4/search/preset_words:0
[51800481ms] [ERROR] getRemotePresetWords Failed to fetch @ https://unpkg.zhimg.com/@cfe/sentry-script@1.3.1/dist/init.js:0
[51800482ms] [ERROR] Failed to load resource: net::ERR_NAME_NOT_RESOLVED @ https://zhuanlan.zhihu.com/api//v4/search/preset_words:0
[51800482ms] [ERROR] getRemotePresetWords Failed to fetch @ https://unpkg.zhimg.com/@cfe/sentry-script@1.3.1/dist/init.js:0
[51800482ms] [ERROR] Failed to load resource: net::ERR_NAME_NOT_RESOLVED @ https://zhuanlan.zhihu.com/api//v4/search/preset_words:0
[51800482ms] [ERROR] getRemotePresetWords Failed to fetch @ https://unpkg.zhimg.com/@cfe/sentry-script@1.3.1/dist/init.js:0
[51800484ms] TypeError: Cannot read properties of null (reading 'words')
    at https://static.zhihu.com/heifetz/column.app.a44c7d68cb8f3344fef7.js:1:1443049
[51800484ms] TypeError: Cannot read properties of null (reading 'words')
    at https://static.zhihu.com/heifetz/column.app.a44c7d68cb8f3344fef7.js:1:1443049
[51800483ms] [ERROR] Failed to load resource: net::ERR_NAME_NOT_RESOLVED @ https://zhuanlan.zhihu.com/api//v4/search/preset_words:0
[51800483ms] [ERROR] getRemotePresetWords Failed to fetch @ https://unpkg.zhimg.com/@cfe/sentry-script@1.3.1/dist/init.js:0
[51800484ms] TypeError: Cannot read properties of null (reading 'words')
    at https://static.zhihu.com/heifetz/column.app.a44c7d68cb8f3344fef7.js:1:1443049
[51800484ms] TypeError: Cannot read properties of null (reading 'words')
    at https://static.zhihu.com/heifetz/column.app.a44c7d68cb8f3344fef7.js:1:1443049
[51830487ms] [ERROR] Failed to load resource: net::ERR_NAME_NOT_RESOLVED @ https://zhuanlan.zhihu.com/api//v4/search/preset_words:0
[51830487ms] [ERROR] getRemotePresetWords Failed to fetch @ https://unpkg.zhimg.com/@cfe/sentry-script@1.3.1/dist/init.js:0
[51830488ms] [ERROR] Failed to load resource: net::ERR_NAME_NOT_RESOLVED @ https://zhuanlan.zhihu.com/api//v4/search/preset_words:0
[51830488ms] [ERROR] getRemotePresetWords Failed to fetch @ https://unpkg.zhimg.com/@cfe/sentry-script@1.3.1/dist/init.js:0
[51830490ms] TypeError: Cannot read properties of null (reading 'words')
    at https://static.zhihu.com/heifetz/column.app.a44c7d68cb8f3344fef7.js:1:1443049
[51830489ms] [ERROR] Failed to load resource: net::ERR_NAME_NOT_RESOLVED @ https://zhuanlan.zhihu.com/api//v4/search/preset_words:0
[51830489ms] [ERROR] getRemotePresetWords Failed to fetch @ https://unpkg.zhimg.com/@cfe/sentry-script@1.3.1/dist/init.js:0
[51830489ms] [ERROR] Failed to load resource: net::ERR_NAME_NOT_RESOLVED @ https://zhuanlan.zhihu.com/api//v4/search/preset_words:0
[51830489ms] [ERROR] getRemotePresetWords Failed to fetch @ https://unpkg.zhimg.com/@cfe/sentry-script@1.3.1/dist/init.js:0
[51830490ms] TypeError: Cannot read properties of null (reading 'words')
    at https://static.zhihu.com/heifetz/column.app.a44c7d68cb8f3344fef7.js:1:1443049
[51830490ms] TypeError: Cannot read properties of null (reading 'words')
    at https://static.zhihu.com/heifetz/column.app.a44c7d68cb8f3344fef7.js:1:1443049
[51830490ms] TypeError: Cannot read properties of null (reading 'words')
    at https://static.zhihu.com/heifetz/column.app.a44c7d68cb8f3344fef7.js:1:1443049
[51860492ms] [ERROR] Failed to load resource: net::ERR_NAME_NOT_RESOLVED @ https://zhuanlan.zhihu.com/api//v4/search/preset_words:0
[51860492ms] [ERROR] getRemotePresetWords Failed to fetch @ https://unpkg.zhimg.com/@cfe/sentry-script@1.3.1/dist/init.js:0
[51860496ms] TypeError: Cannot read properties of null (reading 'words')
    at https://static.zhihu.com/heifetz/column.app.a44c7d68cb8f3344fef7.js:1:1443049
[51860493ms] [ERROR] Failed to load resource: net::ERR_NAME_NOT_RESOLVED @ https://zhuanlan.zhihu.com/api//v4/search/preset_words:0
[51860493ms] [ERROR] getRemotePresetWords Failed to fetch @ https://unpkg.zhimg.com/@cfe/sentry-script@1.3.1/dist/init.js:0
[51860493ms] [ERROR] Failed to load resource: net::ERR_NAME_NOT_RESOLVED @ https://zhuanlan.zhihu.com/api//v4/search/preset_words:0
[51860493ms] [ERROR] getRemotePresetWords Failed to fetch @ https://unpkg.zhimg.com/@cfe/sentry-script@1.3.1/dist/init.js:0
[51860496ms] TypeError: Cannot read properties of null (reading 'words')
    at https://static.zhihu.com/heifetz/column.app.a44c7d68cb8f3344fef7.js:1:1443049
[51860494ms] [ERROR] Failed to load resource: net::ERR_NAME_NOT_RESOLVED @ https://zhuanlan.zhihu.com/api//v4/search/preset_words:0
[51860494ms] [ERROR] getRemotePresetWords Failed to fetch @ https://unpkg.zhimg.com/@cfe/sentry-script@1.3.1/dist/init.js:0
[51860496ms] TypeError: Cannot read properties of null (reading 'words')
    at https://static.zhihu.com/heifetz/column.app.a44c7d68cb8f3344fef7.js:1:1443049
[51860496ms] TypeError: Cannot read properties of null (reading 'words')
    at https://static.zhihu.com/heifetz/column.app.a44c7d68cb8f3344fef7.js:1:1443049
[51890499ms] [ERROR] Failed to load resource: net::ERR_NAME_NOT_RESOLVED @ https://zhuanlan.zhihu.com/api//v4/search/preset_words:0
[51890499ms] [ERROR] getRemotePresetWords Failed to fetch @ https://unpkg.zhimg.com/@cfe/sentry-script@1.3.1/dist/init.js:0
[51890500ms] [ERROR] Failed to load resource: net::ERR_NAME_NOT_RESOLVED @ https://zhuanlan.zhihu.com/api//v4/search/preset_words:0
[51890500ms] [ERROR] getRemotePresetWords Failed to fetch @ https://unpkg.zhimg.com/@cfe/sentry-script@1.3.1/dist/init.js:0
[51890500ms] [ERROR] Failed to load resource: net::ERR_NAME_NOT_RESOLVED @ https://zhuanlan.zhihu.com/api//v4/search/preset_words:0
[51890500ms] [ERROR] getRemotePresetWords Failed to fetch @ https://unpkg.zhimg.com/@cfe/sentry-script@1.3.1/dist/init.js:0
[51890502ms] TypeError: Cannot read properties of null (reading 'words')
    at https://static.zhihu.com/heifetz/column.app.a44c7d68cb8f3344fef7.js:1:1443049
[51890502ms] TypeError: Cannot read properties of null (reading 'words')
    at https://static.zhihu.com/heifetz/column.app.a44c7d68cb8f3344fef7.js:1:1443049
[51890502ms] TypeError: Cannot read properties of null (reading 'words')
    at https://static.zhihu.com/heifetz/column.app.a44c7d68cb8f3344fef7.js:1:1443049
[51920504ms] [ERROR] Failed to load resource: net::ERR_NAME_NOT_RESOLVED @ https://zhuanlan.zhihu.com/api//v4/search/preset_words:0
[51920504ms] [ERROR] getRemotePresetWords Failed to fetch @ https://unpkg.zhimg.com/@cfe/sentry-script@1.3.1/dist/init.js:0
[51920504ms] [ERROR] Failed to load resource: net::ERR_NAME_NOT_RESOLVED @ https://zhuanlan.zhihu.com/api//v4/search/preset_words:0
[51920505ms] [ERROR] getRemotePresetWords Failed to fetch @ https://unpkg.zhimg.com/@cfe/sentry-script@1.3.1/dist/init.js:0
[51920509ms] TypeError: Cannot read properties of null (reading 'words')
    at https://static.zhihu.com/heifetz/column.app.a44c7d68cb8f3344fef7.js:1:1443049
[51920505ms] [ERROR] Failed to load resource: net::ERR_NAME_NOT_RESOLVED @ https://zhuanlan.zhihu.com/api//v4/search/preset_words:0
[51920506ms] [ERROR] getRemotePresetWords Failed to fetch @ https://unpkg.zhimg.com/@cfe/sentry-script@1.3.1/dist/init.js:0
[51920509ms] TypeError: Cannot read properties of null (reading 'words')
    at https://static.zhihu.com/heifetz/column.app.a44c7d68cb8f3344fef7.js:1:1443049
[51920506ms] [ERROR] Failed to load resource: net::ERR_NAME_NOT_RESOLVED @ https://zhuanlan.zhihu.com/api//v4/search/preset_words:0
[51920506ms] [ERROR] getRemotePresetWords Failed to fetch @ https://unpkg.zhimg.com/@cfe/sentry-script@1.3.1/dist/init.js:0
[51920509ms] TypeError: Cannot read properties of null (reading 'words')
    at https://static.zhihu.com/heifetz/column.app.a44c7d68cb8f3344fef7.js:1:1443049
[51920509ms] TypeError: Cannot read properties of null (reading 'words')
    at https://static.zhihu.com/heifetz/column.app.a44c7d68cb8f3344fef7.js:1:1443049
[51950510ms] [ERROR] Failed to load resource: net::ERR_NAME_NOT_RESOLVED @ https://zhuanlan.zhihu.com/api//v4/search/preset_words:0
[51950510ms] [ERROR] getRemotePresetWords Failed to fetch @ https://unpkg.zhimg.com/@cfe/sentry-script@1.3.1/dist/init.js:0
[51950511ms] [ERROR] Failed to load resource: net::ERR_NAME_NOT_RESOLVED @ https://zhuanlan.zhihu.com/api//v4/search/preset_words:0
[51950511ms] [ERROR] getRemotePresetWords Failed to fetch @ https://unpkg.zhimg.com/@cfe/sentry-script@1.3.1/dist/init.js:0
[51950511ms] [ERROR] Failed to load resource: net::ERR_NAME_NOT_RESOLVED @ https://zhuanlan.zhihu.com/api//v4/search/preset_words:0
[51950511ms] [ERROR] getRemotePresetWords Failed to fetch @ https://unpkg.zhimg.com/@cfe/sentry-script@1.3.1/dist/init.js:0
[51950512ms] [ERROR] Failed to load resource: net::ERR_NAME_NOT_RESOLVED @ https://zhuanlan.zhihu.com/api//v4/search/preset_words:0
[51950512ms] [ERROR] getRemotePresetWords Failed to fetch @ https://unpkg.zhimg.com/@cfe/sentry-script@1.3.1/dist/init.js:0
[51950515ms] TypeError: Cannot read properties of null (reading 'words')
    at https://static.zhihu.com/heifetz/column.app.a44c7d68cb8f3344fef7.js:1:1443049
[51950516ms] TypeError: Cannot read properties of null (reading 'words')
    at https://static.zhihu.com/heifetz/column.app.a44c7d68cb8f3344fef7.js:1:1443049
[51950516ms] TypeError: Cannot read properties of null (reading 'words')
    at https://static.zhihu.com/heifetz/column.app.a44c7d68cb8f3344fef7.js:1:1443049
[51950516ms] TypeError: Cannot read properties of null (reading 'words')
    at https://static.zhihu.com/heifetz/column.app.a44c7d68cb8f3344fef7.js:1:1443049
[51980514ms] [ERROR] Failed to load resource: net::ERR_NAME_NOT_RESOLVED @ https://zhuanlan.zhihu.com/api//v4/search/preset_words:0
[51980514ms] [ERROR] getRemotePresetWords Failed to fetch @ https://unpkg.zhimg.com/@cfe/sentry-script@1.3.1/dist/init.js:0
[51980520ms] TypeError: Cannot read properties of null (reading 'words')
    at https://static.zhihu.com/heifetz/column.app.a44c7d68cb8f3344fef7.js:1:1443049
[51980516ms] [ERROR] Failed to load resource: net::ERR_NAME_NOT_RESOLVED @ https://zhuanlan.zhihu.com/api//v4/search/preset_words:0
[51980516ms] [ERROR] getRemotePresetWords Failed to fetch @ https://unpkg.zhimg.com/@cfe/sentry-script@1.3.1/dist/init.js:0
[51980521ms] TypeError: Cannot read properties of null (reading 'words')
    at https://static.zhihu.com/heifetz/column.app.a44c7d68cb8f3344fef7.js:1:1443049
[51980517ms] [ERROR] Failed to load resource: net::ERR_NAME_NOT_RESOLVED @ https://zhuanlan.zhihu.com/api//v4/search/preset_words:0
[51980517ms] [ERROR] getRemotePresetWords Failed to fetch @ https://unpkg.zhimg.com/@cfe/sentry-script@1.3.1/dist/init.js:0
[51980521ms] TypeError: Cannot read properties of null (reading 'words')
    at https://static.zhihu.com/heifetz/column.app.a44c7d68cb8f3344fef7.js:1:1443049
[51980518ms] [ERROR] Failed to load resource: net::ERR_NAME_NOT_RESOLVED @ https://zhuanlan.zhihu.com/api//v4/search/preset_words:0
[51980518ms] [ERROR] getRemotePresetWords Failed to fetch @ https://unpkg.zhimg.com/@cfe/sentry-script@1.3.1/dist/init.js:0
[51980522ms] TypeError: Cannot read properties of null (reading 'words')
    at https://static.zhihu.com/heifetz/column.app.a44c7d68cb8f3344fef7.js:1:1443049
[52010522ms] [ERROR] Failed to load resource: net::ERR_NAME_NOT_RESOLVED @ https://zhuanlan.zhihu.com/api//v4/search/preset_words:0
[52010522ms] [ERROR] getRemotePresetWords Failed to fetch @ https://unpkg.zhimg.com/@cfe/sentry-script@1.3.1/dist/init.js:0
[52010523ms] [ERROR] Failed to load resource: net::ERR_NAME_NOT_RESOLVED @ https://zhuanlan.zhihu.com/api//v4/search/preset_words:0
[52010523ms] [ERROR] getRemotePresetWords Failed to fetch @ https://unpkg.zhimg.com/@cfe/sentry-script@1.3.1/dist/init.js:0
[52010523ms] [ERROR] Failed to load resource: net::ERR_NAME_NOT_RESOLVED @ https://zhuanlan.zhihu.com/api//v4/search/preset_words:0
[52010523ms] [ERROR] getRemotePresetWords Failed to fetch @ https://unpkg.zhimg.com/@cfe/sentry-script@1.3.1/dist/init.js:0
[52010526ms] TypeError: Cannot read properties of null (reading 'words')
    at https://static.zhihu.com/heifetz/column.app.a44c7d68cb8f3344fef7.js:1:1443049
[52010526ms] TypeError: Cannot read properties of null (reading 'words')
    at https://static.zhihu.com/heifetz/column.app.a44c7d68cb8f3344fef7.js:1:1443049
[52010526ms] TypeError: Cannot read properties of null (reading 'words')
    at https://static.zhihu.com/heifetz/column.app.a44c7d68cb8f3344fef7.js:1:1443049
[52040527ms] [ERROR] Failed to load resource: net::ERR_NAME_NOT_RESOLVED @ https://zhuanlan.zhihu.com/api//v4/search/preset_words:0
[52040527ms] [ERROR] getRemotePresetWords Failed to fetch @ https://unpkg.zhimg.com/@cfe/sentry-script@1.3.1/dist/init.js:0
[52040528ms] [ERROR] Failed to load resource: net::ERR_NAME_NOT_RESOLVED @ https://zhuanlan.zhihu.com/api//v4/search/preset_words:0
[52040528ms] [ERROR] getRemotePresetWords Failed to fetch @ https://unpkg.zhimg.com/@cfe/sentry-script@1.3.1/dist/init.js:0
[52040528ms] [ERROR] Failed to load resource: net::ERR_NAME_NOT_RESOLVED @ https://zhuanlan.zhihu.com/api//v4/search/preset_words:0
[52040528ms] [ERROR] getRemotePresetWords Failed to fetch @ https://unpkg.zhimg.com/@cfe/sentry-script@1.3.1/dist/init.js:0
[52040532ms] TypeError: Cannot read properties of null (reading 'words')
    at https://static.zhihu.com/heifetz/column.app.a44c7d68cb8f3344fef7.js:1:1443049
[52040533ms] TypeError: Cannot read properties of null (reading 'words')
    at https://static.zhihu.com/heifetz/column.app.a44c7d68cb8f3344fef7.js:1:1443049
[52040530ms] [ERROR] Failed to load resource: net::ERR_NAME_NOT_RESOLVED @ https://zhuanlan.zhihu.com/api//v4/search/preset_words:0
[52040530ms] [ERROR] getRemotePresetWords Failed to fetch @ https://unpkg.zhimg.com/@cfe/sentry-script@1.3.1/dist/init.js:0
[52040533ms] TypeError: Cannot read properties of null (reading 'words')
    at https://static.zhihu.com/heifetz/column.app.a44c7d68cb8f3344fef7.js:1:1443049
[52040533ms] TypeError: Cannot read properties of null (reading 'words')
    at https://static.zhihu.com/heifetz/column.app.a44c7d68cb8f3344fef7.js:1:1443049
[52070534ms] [ERROR] Failed to load resource: net::ERR_NAME_NOT_RESOLVED @ https://zhuanlan.zhihu.com/api//v4/search/preset_words:0
[52070535ms] [ERROR] getRemotePresetWords Failed to fetch @ https://unpkg.zhimg.com/@cfe/sentry-script@1.3.1/dist/init.js:0
[52070535ms] [ERROR] Failed to load resource: net::ERR_NAME_NOT_RESOLVED @ https://zhuanlan.zhihu.com/api//v4/search/preset_words:0
[52070535ms] [ERROR] getRemotePresetWords Failed to fetch @ https://unpkg.zhimg.com/@cfe/sentry-script@1.3.1/dist/init.js:0
[52070536ms] [ERROR] Failed to load resource: net::ERR_NAME_NOT_RESOLVED @ https://zhuanlan.zhihu.com/api//v4/search/preset_words:0
[52070536ms] [ERROR] getRemotePresetWords Failed to fetch @ https://unpkg.zhimg.com/@cfe/sentry-script@1.3.1/dist/init.js:0
[52070536ms] [ERROR] Failed to load resource: net::ERR_NAME_NOT_RESOLVED @ https://zhuanlan.zhihu.com/api//v4/search/preset_words:0
[52070536ms] [ERROR] getRemotePresetWords Failed to fetch @ https://unpkg.zhimg.com/@cfe/sentry-script@1.3.1/dist/init.js:0
[52070540ms] TypeError: Cannot read properties of null (reading 'words')
    at https://static.zhihu.com/heifetz/column.app.a44c7d68cb8f3344fef7.js:1:1443049
[52070540ms] TypeError: Cannot read properties of null (reading 'words')
    at https://static.zhihu.com/heifetz/column.app.a44c7d68cb8f3344fef7.js:1:1443049
[52070540ms] TypeError: Cannot read properties of null (reading 'words')
    at https://static.zhihu.com/heifetz/column.app.a44c7d68cb8f3344fef7.js:1:1443049
[52070540ms] TypeError: Cannot read properties of null (reading 'words')
    at https://static.zhihu.com/heifetz/column.app.a44c7d68cb8f3344fef7.js:1:1443049
[52100540ms] [ERROR] Failed to load resource: net::ERR_NAME_NOT_RESOLVED @ https://zhuanlan.zhihu.com/api//v4/search/preset_words:0
[52100540ms] [ERROR] getRemotePresetWords Failed to fetch @ https://unpkg.zhimg.com/@cfe/sentry-script@1.3.1/dist/init.js:0
[52100544ms] TypeError: Cannot read properties of null (reading 'words')
    at https://static.zhihu.com/heifetz/column.app.a44c7d68cb8f3344fef7.js:1:1443049
[52100541ms] [ERROR] Failed to load resource: net::ERR_NAME_NOT_RESOLVED @ https://zhuanlan.zhihu.com/api//v4/search/preset_words:0
[52100541ms] [ERROR] getRemotePresetWords Failed to fetch @ https://unpkg.zhimg.com/@cfe/sentry-script@1.3.1/dist/init.js:0
[52100542ms] [ERROR] Failed to load resource: net::ERR_NAME_NOT_RESOLVED @ https://zhuanlan.zhihu.com/api//v4/search/preset_words:0
[52100542ms] [ERROR] getRemotePresetWords Failed to fetch @ https://unpkg.zhimg.com/@cfe/sentry-script@1.3.1/dist/init.js:0
[52100545ms] TypeError: Cannot read properties of null (reading 'words')
    at https://static.zhihu.com/heifetz/column.app.a44c7d68cb8f3344fef7.js:1:1443049
[52100542ms] [ERROR] Failed to load resource: net::ERR_NAME_NOT_RESOLVED @ https://zhuanlan.zhihu.com/api//v4/search/preset_words:0
[52100542ms] [ERROR] getRemotePresetWords Failed to fetch @ https://unpkg.zhimg.com/@cfe/sentry-script@1.3.1/dist/init.js:0
[52100545ms] TypeError: Cannot read properties of null (reading 'words')
    at https://static.zhihu.com/heifetz/column.app.a44c7d68cb8f3344fef7.js:1:1443049
[52100545ms] TypeError: Cannot read properties of null (reading 'words')
    at https://static.zhihu.com/heifetz/column.app.a44c7d68cb8f3344fef7.js:1:1443049
[52130547ms] [ERROR] Failed to load resource: net::ERR_NAME_NOT_RESOLVED @ https://zhuanlan.zhihu.com/api//v4/search/preset_words:0
[52130547ms] [ERROR] getRemotePresetWords Failed to fetch @ https://unpkg.zhimg.com/@cfe/sentry-script@1.3.1/dist/init.js:0
[52130548ms] [ERROR] Failed to load resource: net::ERR_NAME_NOT_RESOLVED @ https://zhuanlan.zhihu.com/api//v4/search/preset_words:0
[52130548ms] [ERROR] getRemotePresetWords Failed to fetch @ https://unpkg.zhimg.com/@cfe/sentry-script@1.3.1/dist/init.js:0
[52130548ms] [ERROR] Failed to load resource: net::ERR_NAME_NOT_RESOLVED @ https://zhuanlan.zhihu.com/api//v4/search/preset_words:0
[52130548ms] [ERROR] getRemotePresetWords Failed to fetch @ https://unpkg.zhimg.com/@cfe/sentry-script@1.3.1/dist/init.js:0
[52130550ms] TypeError: Cannot read properties of null (reading 'words')
    at https://static.zhihu.com/heifetz/column.app.a44c7d68cb8f3344fef7.js:1:1443049
[52130550ms] TypeError: Cannot read properties of null (reading 'words')
    at https://static.zhihu.com/heifetz/column.app.a44c7d68cb8f3344fef7.js:1:1443049
[52130550ms] TypeError: Cannot read properties of null (reading 'words')
    at https://static.zhihu.com/heifetz/column.app.a44c7d68cb8f3344fef7.js:1:1443049
[52160551ms] [ERROR] Failed to load resource: net::ERR_NAME_NOT_RESOLVED @ https://zhuanlan.zhihu.com/api//v4/search/preset_words:0
[52160552ms] [ERROR] getRemotePresetWords Failed to fetch @ https://unpkg.zhimg.com/@cfe/sentry-script@1.3.1/dist/init.js:0
[52160552ms] [ERROR] Failed to load resource: net::ERR_NAME_NOT_RESOLVED @ https://zhuanlan.zhihu.com/api//v4/search/preset_words:0
[52160552ms] [ERROR] getRemotePresetWords Failed to fetch @ https://unpkg.zhimg.com/@cfe/sentry-script@1.3.1/dist/init.js:0
[52160552ms] [ERROR] Failed to load resource: net::ERR_NAME_NOT_RESOLVED @ https://zhuanlan.zhihu.com/api//v4/search/preset_words:0
[52160553ms] [ERROR] getRemotePresetWords Failed to fetch @ https://unpkg.zhimg.com/@cfe/sentry-script@1.3.1/dist/init.js:0
[52160557ms] TypeError: Cannot read properties of null (reading 'words')
    at https://static.zhihu.com/heifetz/column.app.a44c7d68cb8f3344fef7.js:1:1443049
[52160557ms] TypeError: Cannot read properties of null (reading 'words')
    at https://static.zhihu.com/heifetz/column.app.a44c7d68cb8f3344fef7.js:1:1443049
[52160554ms] [ERROR] Failed to load resource: net::ERR_NAME_NOT_RESOLVED @ https://zhuanlan.zhihu.com/api//v4/search/preset_words:0
[52160554ms] [ERROR] getRemotePresetWords Failed to fetch @ https://unpkg.zhimg.com/@cfe/sentry-script@1.3.1/dist/init.js:0
[52160557ms] TypeError: Cannot read properties of null (reading 'words')
    at https://static.zhihu.com/heifetz/column.app.a44c7d68cb8f3344fef7.js:1:1443049
[52160558ms] TypeError: Cannot read properties of null (reading 'words')
    at https://static.zhihu.com/heifetz/column.app.a44c7d68cb8f3344fef7.js:1:1443049
[52190558ms] [ERROR] Failed to load resource: net::ERR_NAME_NOT_RESOLVED @ https://zhuanlan.zhihu.com/api//v4/search/preset_words:0
[52190558ms] [ERROR] getRemotePresetWords Failed to fetch @ https://unpkg.zhimg.com/@cfe/sentry-script@1.3.1/dist/init.js:0
[52190559ms] [ERROR] Failed to load resource: net::ERR_NAME_NOT_RESOLVED @ https://zhuanlan.zhihu.com/api//v4/search/preset_words:0
[52190559ms] [ERROR] getRemotePresetWords Failed to fetch @ https://unpkg.zhimg.com/@cfe/sentry-script@1.3.1/dist/init.js:0
[52190559ms] [ERROR] Failed to load resource: net::ERR_NAME_NOT_RESOLVED @ https://zhuanlan.zhihu.com/api//v4/search/preset_words:0
[52190559ms] [ERROR] getRemotePresetWords Failed to fetch @ https://unpkg.zhimg.com/@cfe/sentry-script@1.3.1/dist/init.js:0
[52190563ms] TypeError: Cannot read properties of null (reading 'words')
    at https://static.zhihu.com/heifetz/column.app.a44c7d68cb8f3344fef7.js:1:1443049
[52190560ms] [ERROR] Failed to load resource: net::ERR_NAME_NOT_RESOLVED @ https://zhuanlan.zhihu.com/api//v4/search/preset_words:0
[52190560ms] [ERROR] getRemotePresetWords Failed to fetch @ https://unpkg.zhimg.com/@cfe/sentry-script@1.3.1/dist/init.js:0
[52190563ms] TypeError: Cannot read properties of null (reading 'words')
    at https://static.zhihu.com/heifetz/column.app.a44c7d68cb8f3344fef7.js:1:1443049
[52190563ms] TypeError: Cannot read properties of null (reading 'words')
    at https://static.zhihu.com/heifetz/column.app.a44c7d68cb8f3344fef7.js:1:1443049
[52190563ms] TypeError: Cannot read properties of null (reading 'words')
    at https://static.zhihu.com/heifetz/column.app.a44c7d68cb8f3344fef7.js:1:1443049
[52220563ms] [ERROR] Failed to load resource: net::ERR_NAME_NOT_RESOLVED @ https://zhuanlan.zhihu.com/api//v4/search/preset_words:0
[52220563ms] [ERROR] getRemotePresetWords Failed to fetch @ https://unpkg.zhimg.com/@cfe/sentry-script@1.3.1/dist/init.js:0
[52220569ms] TypeError: Cannot read properties of null (reading 'words')
    at https://static.zhihu.com/heifetz/column.app.a44c7d68cb8f3344fef7.js:1:1443049
[52220565ms] [ERROR] Failed to load resource: net::ERR_NAME_NOT_RESOLVED @ https://zhuanlan.zhihu.com/api//v4/search/preset_words:0
[52220565ms] [ERROR] getRemotePresetWords Failed to fetch @ https://unpkg.zhimg.com/@cfe/sentry-script@1.3.1/dist/init.js:0
[52220569ms] TypeError: Cannot read properties of null (reading 'words')
    at https://static.zhihu.com/heifetz/column.app.a44c7d68cb8f3344fef7.js:1:1443049
[52220566ms] [ERROR] Failed to load resource: net::ERR_NAME_NOT_RESOLVED @ https://zhuanlan.zhihu.com/api//v4/search/preset_words:0
[52220566ms] [ERROR] getRemotePresetWords Failed to fetch @ https://unpkg.zhimg.com/@cfe/sentry-script@1.3.1/dist/init.js:0
[52220566ms] [ERROR] Failed to load resource: net::ERR_NAME_NOT_RESOLVED @ https://zhuanlan.zhihu.com/api//v4/search/preset_words:0
[52220566ms] [ERROR] getRemotePresetWords Failed to fetch @ https://unpkg.zhimg.com/@cfe/sentry-script@1.3.1/dist/init.js:0
[52220569ms] TypeError: Cannot read properties of null (reading 'words')
    at https://static.zhihu.com/heifetz/column.app.a44c7d68cb8f3344fef7.js:1:1443049
[52220569ms] TypeError: Cannot read properties of null (reading 'words')
    at https://static.zhihu.com/heifetz/column.app.a44c7d68cb8f3344fef7.js:1:1443049
[52250570ms] [ERROR] Failed to load resource: net::ERR_NAME_NOT_RESOLVED @ https://zhuanlan.zhihu.com/api//v4/search/preset_words:0
[52250570ms] [ERROR] getRemotePresetWords Failed to fetch @ https://unpkg.zhimg.com/@cfe/sentry-script@1.3.1/dist/init.js:0
[52250570ms] [ERROR] Failed to load resource: net::ERR_NAME_NOT_RESOLVED @ https://zhuanlan.zhihu.com/api//v4/search/preset_words:0
[52250570ms] [ERROR] getRemotePresetWords Failed to fetch @ https://unpkg.zhimg.com/@cfe/sentry-script@1.3.1/dist/init.js:0
[52250571ms] [ERROR] Failed to load resource: net::ERR_NAME_NOT_RESOLVED @ https://zhuanlan.zhihu.com/api//v4/search/preset_words:0
[52250571ms] [ERROR] getRemotePresetWords Failed to fetch @ https://unpkg.zhimg.com/@cfe/sentry-script@1.3.1/dist/init.js:0
[52250573ms] TypeError: Cannot read properties of null (reading 'words')
    at https://static.zhihu.com/heifetz/column.app.a44c7d68cb8f3344fef7.js:1:1443049
[52250573ms] TypeError: Cannot read properties of null (reading 'words')
    at https://static.zhihu.com/heifetz/column.app.a44c7d68cb8f3344fef7.js:1:1443049
[52250573ms] TypeError: Cannot read properties of null (reading 'words')
    at https://static.zhihu.com/heifetz/column.app.a44c7d68cb8f3344fef7.js:1:1443049
[52280575ms] [ERROR] Failed to load resource: net::ERR_NAME_NOT_RESOLVED @ https://zhuanlan.zhihu.com/api//v4/search/preset_words:0
[52280575ms] [ERROR] getRemotePresetWords Failed to fetch @ https://unpkg.zhimg.com/@cfe/sentry-script@1.3.1/dist/init.js:0
[52280575ms] [ERROR] Failed to load resource: net::ERR_NAME_NOT_RESOLVED @ https://zhuanlan.zhihu.com/api//v4/search/preset_words:0
[52280575ms] [ERROR] getRemotePresetWords Failed to fetch @ https://unpkg.zhimg.com/@cfe/sentry-script@1.3.1/dist/init.js:0
[52280576ms] [ERROR] Failed to load resource: net::ERR_NAME_NOT_RESOLVED @ https://zhuanlan.zhihu.com/api//v4/search/preset_words:0
[52280576ms] [ERROR] getRemotePresetWords Failed to fetch @ https://unpkg.zhimg.com/@cfe/sentry-script@1.3.1/dist/init.js:0
[52280579ms] TypeError: Cannot read properties of null (reading 'words')
    at https://static.zhihu.com/heifetz/column.app.a44c7d68cb8f3344fef7.js:1:1443049
[52280579ms] TypeError: Cannot read properties of null (reading 'words')
    at https://static.zhihu.com/heifetz/column.app.a44c7d68cb8f3344fef7.js:1:1443049
[52280579ms] TypeError: Cannot read properties of null (reading 'words')
    at https://static.zhihu.com/heifetz/column.app.a44c7d68cb8f3344fef7.js:1:1443049
[52280577ms] [ERROR] Failed to load resource: net::ERR_NAME_NOT_RESOLVED @ https://zhuanlan.zhihu.com/api//v4/search/preset_words:0
[52280577ms] [ERROR] getRemotePresetWords Failed to fetch @ https://unpkg.zhimg.com/@cfe/sentry-script@1.3.1/dist/init.js:0
[52280579ms] TypeError: Cannot read properties of null (reading 'words')
    at https://static.zhihu.com/heifetz/column.app.a44c7d68cb8f3344fef7.js:1:1443049
[52310581ms] [ERROR] Failed to load resource: net::ERR_NAME_NOT_RESOLVED @ https://zhuanlan.zhihu.com/api//v4/search/preset_words:0
[52310581ms] [ERROR] getRemotePresetWords Failed to fetch @ https://unpkg.zhimg.com/@cfe/sentry-script@1.3.1/dist/init.js:0
[52310582ms] [ERROR] Failed to load resource: net::ERR_NAME_NOT_RESOLVED @ https://zhuanlan.zhihu.com/api//v4/search/preset_words:0
[52310582ms] [ERROR] getRemotePresetWords Failed to fetch @ https://unpkg.zhimg.com/@cfe/sentry-script@1.3.1/dist/init.js:0
[52310582ms] [ERROR] Failed to load resource: net::ERR_NAME_NOT_RESOLVED @ https://zhuanlan.zhihu.com/api//v4/search/preset_words:0
[52310582ms] [ERROR] getRemotePresetWords Failed to fetch @ https://unpkg.zhimg.com/@cfe/sentry-script@1.3.1/dist/init.js:0
[52310582ms] [ERROR] Failed to load resource: net::ERR_NAME_NOT_RESOLVED @ https://zhuanlan.zhihu.com/api//v4/search/preset_words:0
[52310582ms] [ERROR] getRemotePresetWords Failed to fetch @ https://unpkg.zhimg.com/@cfe/sentry-script@1.3.1/dist/init.js:0
[52310585ms] TypeError: Cannot read properties of null (reading 'words')
    at https://static.zhihu.com/heifetz/column.app.a44c7d68cb8f3344fef7.js:1:1443049
[52310585ms] TypeError: Cannot read properties of null (reading 'words')
    at https://static.zhihu.com/heifetz/column.app.a44c7d68cb8f3344fef7.js:1:1443049
[52310585ms] TypeError: Cannot read properties of null (reading 'words')
    at https://static.zhihu.com/heifetz/column.app.a44c7d68cb8f3344fef7.js:1:1443049
[52310585ms] TypeError: Cannot read properties of null (reading 'words')
    at https://static.zhihu.com/heifetz/column.app.a44c7d68cb8f3344fef7.js:1:1443049
[52340585ms] [ERROR] Failed to load resource: net::ERR_NAME_NOT_RESOLVED @ https://zhuanlan.zhihu.com/api//v4/search/preset_words:0
[52340585ms] [ERROR] getRemotePresetWords Failed to fetch @ https://unpkg.zhimg.com/@cfe/sentry-script@1.3.1/dist/init.js:0
[52340589ms] TypeError: Cannot read properties of null (reading 'words')
    at https://static.zhihu.com/heifetz/column.app.a44c7d68cb8f3344fef7.js:1:1443049
[52340587ms] [ERROR] Failed to load resource: net::ERR_NAME_NOT_RESOLVED @ https://zhuanlan.zhihu.com/api//v4/search/preset_words:0
[52340587ms] [ERROR] getRemotePresetWords Failed to fetch @ https://unpkg.zhimg.com/@cfe/sentry-script@1.3.1/dist/init.js:0
[52340587ms] [ERROR] Failed to load resource: net::ERR_NAME_NOT_RESOLVED @ https://zhuanlan.zhihu.com/api//v4/search/preset_words:0
[52340587ms] [ERROR] getRemotePresetWords Failed to fetch @ https://unpkg.zhimg.com/@cfe/sentry-script@1.3.1/dist/init.js:0
[52340589ms] TypeError: Cannot read properties of null (reading 'words')
    at https://static.zhihu.com/heifetz/column.app.a44c7d68cb8f3344fef7.js:1:1443049
[52340587ms] [ERROR] Failed to load resource: net::ERR_NAME_NOT_RESOLVED @ https://zhuanlan.zhihu.com/api//v4/search/preset_words:0
[52340587ms] [ERROR] getRemotePresetWords Failed to fetch @ https://unpkg.zhimg.com/@cfe/sentry-script@1.3.1/dist/init.js:0
[52340589ms] TypeError: Cannot read properties of null (reading 'words')
    at https://static.zhihu.com/heifetz/column.app.a44c7d68cb8f3344fef7.js:1:1443049
[52340589ms] TypeError: Cannot read properties of null (reading 'words')
    at https://static.zhihu.com/heifetz/column.app.a44c7d68cb8f3344fef7.js:1:1443049
[52370590ms] [ERROR] Failed to load resource: net::ERR_NAME_NOT_RESOLVED @ https://zhuanlan.zhihu.com/api//v4/search/preset_words:0
[52370590ms] [ERROR] getRemotePresetWords Failed to fetch @ https://unpkg.zhimg.com/@cfe/sentry-script@1.3.1/dist/init.js:0
[52370591ms] [ERROR] Failed to load resource: net::ERR_NAME_NOT_RESOLVED @ https://zhuanlan.zhihu.com/api//v4/search/preset_words:0
[52370591ms] [ERROR] getRemotePresetWords Failed to fetch @ https://unpkg.zhimg.com/@cfe/sentry-script@1.3.1/dist/init.js:0
[52370591ms] [ERROR] Failed to load resource: net::ERR_NAME_NOT_RESOLVED @ https://zhuanlan.zhihu.com/api//v4/search/preset_words:0
[52370591ms] [ERROR] getRemotePresetWords Failed to fetch @ https://unpkg.zhimg.com/@cfe/sentry-script@1.3.1/dist/init.js:0
[52370592ms] TypeError: Cannot read properties of null (reading 'words')
    at https://static.zhihu.com/heifetz/column.app.a44c7d68cb8f3344fef7.js:1:1443049
[52370592ms] TypeError: Cannot read properties of null (reading 'words')
    at https://static.zhihu.com/heifetz/column.app.a44c7d68cb8f3344fef7.js:1:1443049
[52370592ms] TypeError: Cannot read properties of null (reading 'words')
    at https://static.zhihu.com/heifetz/column.app.a44c7d68cb8f3344fef7.js:1:1443049
[52400592ms] [ERROR] Failed to load resource: net::ERR_NAME_NOT_RESOLVED @ https://zhuanlan.zhihu.com/api//v4/search/preset_words:0
[52400592ms] [ERROR] getRemotePresetWords Failed to fetch @ https://unpkg.zhimg.com/@cfe/sentry-script@1.3.1/dist/init.js:0
[52400593ms] [ERROR] Failed to load resource: net::ERR_NAME_NOT_RESOLVED @ https://zhuanlan.zhihu.com/api//v4/search/preset_words:0
[52400593ms] [ERROR] getRemotePresetWords Failed to fetch @ https://unpkg.zhimg.com/@cfe/sentry-script@1.3.1/dist/init.js:0
[52400593ms] [ERROR] Failed to load resource: net::ERR_NAME_NOT_RESOLVED @ https://zhuanlan.zhihu.com/api//v4/search/preset_words:0
[52400593ms] [ERROR] getRemotePresetWords Failed to fetch @ https://unpkg.zhimg.com/@cfe/sentry-script@1.3.1/dist/init.js:0
[52400596ms] TypeError: Cannot read properties of null (reading 'words')
    at https://static.zhihu.com/heifetz/column.app.a44c7d68cb8f3344fef7.js:1:1443049
[52400594ms] [ERROR] Failed to load resource: net::ERR_NAME_NOT_RESOLVED @ https://zhuanlan.zhihu.com/api//v4/search/preset_words:0
[52400594ms] [ERROR] getRemotePresetWords Failed to fetch @ https://unpkg.zhimg.com/@cfe/sentry-script@1.3.1/dist/init.js:0
[52400596ms] TypeError: Cannot read properties of null (reading 'words')
    at https://static.zhihu.com/heifetz/column.app.a44c7d68cb8f3344fef7.js:1:1443049
[52400596ms] TypeError: Cannot read properties of null (reading 'words')
    at https://static.zhihu.com/heifetz/column.app.a44c7d68cb8f3344fef7.js:1:1443049
[52400596ms] TypeError: Cannot read properties of null (reading 'words')
    at https://static.zhihu.com/heifetz/column.app.a44c7d68cb8f3344fef7.js:1:1443049
[52430598ms] [ERROR] Failed to load resource: net::ERR_NAME_NOT_RESOLVED @ https://zhuanlan.zhihu.com/api//v4/search/preset_words:0
[52430598ms] [ERROR] getRemotePresetWords Failed to fetch @ https://unpkg.zhimg.com/@cfe/sentry-script@1.3.1/dist/init.js:0
[52430598ms] [ERROR] Failed to load resource: net::ERR_NAME_NOT_RESOLVED @ https://zhuanlan.zhihu.com/api//v4/search/preset_words:0
[52430598ms] [ERROR] getRemotePresetWords Failed to fetch @ https://unpkg.zhimg.com/@cfe/sentry-script@1.3.1/dist/init.js:0
[52430599ms] [ERROR] Failed to load resource: net::ERR_NAME_NOT_RESOLVED @ https://zhuanlan.zhihu.com/api//v4/search/preset_words:0
[52430599ms] [ERROR] getRemotePresetWords Failed to fetch @ https://unpkg.zhimg.com/@cfe/sentry-script@1.3.1/dist/init.js:0
[52430599ms] [ERROR] Failed to load resource: net::ERR_NAME_NOT_RESOLVED @ https://zhuanlan.zhihu.com/api//v4/search/preset_words:0
[52430599ms] [ERROR] getRemotePresetWords Failed to fetch @ https://unpkg.zhimg.com/@cfe/sentry-script@1.3.1/dist/init.js:0
[52430600ms] TypeError: Cannot read properties of null (reading 'words')
    at https://static.zhihu.com/heifetz/column.app.a44c7d68cb8f3344fef7.js:1:1443049
[52430600ms] TypeError: Cannot read properties of null (reading 'words')
    at https://static.zhihu.com/heifetz/column.app.a44c7d68cb8f3344fef7.js:1:1443049
[52430600ms] TypeError: Cannot read properties of null (reading 'words')
    at https://static.zhihu.com/heifetz/column.app.a44c7d68cb8f3344fef7.js:1:1443049
[52430600ms] TypeError: Cannot read properties of null (reading 'words')
    at https://static.zhihu.com/heifetz/column.app.a44c7d68cb8f3344fef7.js:1:1443049
[52460603ms] [ERROR] Failed to load resource: net::ERR_NAME_NOT_RESOLVED @ https://zhuanlan.zhihu.com/api//v4/search/preset_words:0
[52460603ms] [ERROR] getRemotePresetWords Failed to fetch @ https://unpkg.zhimg.com/@cfe/sentry-script@1.3.1/dist/init.js:0
[52460606ms] TypeError: Cannot read properties of null (reading 'words')
    at https://static.zhihu.com/heifetz/column.app.a44c7d68cb8f3344fef7.js:1:1443049
[52460604ms] [ERROR] Failed to load resource: net::ERR_NAME_NOT_RESOLVED @ https://zhuanlan.zhihu.com/api//v4/search/preset_words:0
[52460604ms] [ERROR] getRemotePresetWords Failed to fetch @ https://unpkg.zhimg.com/@cfe/sentry-script@1.3.1/dist/init.js:0
[52460604ms] [ERROR] Failed to load resource: net::ERR_NAME_NOT_RESOLVED @ https://zhuanlan.zhihu.com/api//v4/search/preset_words:0
[52460604ms] [ERROR] getRemotePresetWords Failed to fetch @ https://unpkg.zhimg.com/@cfe/sentry-script@1.3.1/dist/init.js:0
[52460604ms] [ERROR] Failed to load resource: net::ERR_NAME_NOT_RESOLVED @ https://zhuanlan.zhihu.com/api//v4/search/preset_words:0
[52460604ms] [ERROR] getRemotePresetWords Failed to fetch @ https://unpkg.zhimg.com/@cfe/sentry-script@1.3.1/dist/init.js:0
[52460607ms] TypeError: Cannot read properties of null (reading 'words')
    at https://static.zhihu.com/heifetz/column.app.a44c7d68cb8f3344fef7.js:1:1443049
[52460607ms] TypeError: Cannot read properties of null (reading 'words')
    at https://static.zhihu.com/heifetz/column.app.a44c7d68cb8f3344fef7.js:1:1443049
[52460607ms] TypeError: Cannot read properties of null (reading 'words')
    at https://static.zhihu.com/heifetz/column.app.a44c7d68cb8f3344fef7.js:1:1443049
[52490608ms] [ERROR] Failed to load resource: net::ERR_NAME_NOT_RESOLVED @ https://zhuanlan.zhihu.com/api//v4/search/preset_words:0
[52490608ms] [ERROR] getRemotePresetWords Failed to fetch @ https://unpkg.zhimg.com/@cfe/sentry-script@1.3.1/dist/init.js:0
[52490609ms] [ERROR] Failed to load resource: net::ERR_NAME_NOT_RESOLVED @ https://zhuanlan.zhihu.com/api//v4/search/preset_words:0
[52490609ms] [ERROR] getRemotePresetWords Failed to fetch @ https://unpkg.zhimg.com/@cfe/sentry-script@1.3.1/dist/init.js:0
[52490609ms] [ERROR] Failed to load resource: net::ERR_NAME_NOT_RESOLVED @ https://zhuanlan.zhihu.com/api//v4/search/preset_words:0
[52490609ms] [ERROR] getRemotePresetWords Failed to fetch @ https://unpkg.zhimg.com/@cfe/sentry-script@1.3.1/dist/init.js:0
[52490610ms] TypeError: Cannot read properties of null (reading 'words')
    at https://static.zhihu.com/heifetz/column.app.a44c7d68cb8f3344fef7.js:1:1443049
[52490610ms] TypeError: Cannot read properties of null (reading 'words')
    at https://static.zhihu.com/heifetz/column.app.a44c7d68cb8f3344fef7.js:1:1443049
[52490611ms] TypeError: Cannot read properties of null (reading 'words')
    at https://static.zhihu.com/heifetz/column.app.a44c7d68cb8f3344fef7.js:1:1443049
[52520612ms] [ERROR] Failed to load resource: net::ERR_NAME_NOT_RESOLVED @ https://zhuanlan.zhihu.com/api//v4/search/preset_words:0
[52520612ms] [ERROR] getRemotePresetWords Failed to fetch @ https://unpkg.zhimg.com/@cfe/sentry-script@1.3.1/dist/init.js:0
[52520612ms] [ERROR] Failed to load resource: net::ERR_NAME_NOT_RESOLVED @ https://zhuanlan.zhihu.com/api//v4/search/preset_words:0
[52520612ms] [ERROR] getRemotePresetWords Failed to fetch @ https://unpkg.zhimg.com/@cfe/sentry-script@1.3.1/dist/init.js:0
[52520615ms] TypeError: Cannot read properties of null (reading 'words')
    at https://static.zhihu.com/heifetz/column.app.a44c7d68cb8f3344fef7.js:1:1443049
[52520613ms] [ERROR] Failed to load resource: net::ERR_NAME_NOT_RESOLVED @ https://zhuanlan.zhihu.com/api//v4/search/preset_words:0
[52520613ms] [ERROR] getRemotePresetWords Failed to fetch @ https://unpkg.zhimg.com/@cfe/sentry-script@1.3.1/dist/init.js:0
[52520616ms] TypeError: Cannot read properties of null (reading 'words')
    at https://static.zhihu.com/heifetz/column.app.a44c7d68cb8f3344fef7.js:1:1443049
[52520614ms] [ERROR] Failed to load resource: net::ERR_NAME_NOT_RESOLVED @ https://zhuanlan.zhihu.com/api//v4/search/preset_words:0
[52520614ms] [ERROR] getRemotePresetWords Failed to fetch @ https://unpkg.zhimg.com/@cfe/sentry-script@1.3.1/dist/init.js:0
[52520616ms] TypeError: Cannot read properties of null (reading 'words')
    at https://static.zhihu.com/heifetz/column.app.a44c7d68cb8f3344fef7.js:1:1443049
[52520616ms] TypeError: Cannot read properties of null (reading 'words')
    at https://static.zhihu.com/heifetz/column.app.a44c7d68cb8f3344fef7.js:1:1443049
[52550618ms] [ERROR] Failed to load resource: net::ERR_NAME_NOT_RESOLVED @ https://zhuanlan.zhihu.com/api//v4/search/preset_words:0
[52550618ms] [ERROR] getRemotePresetWords Failed to fetch @ https://unpkg.zhimg.com/@cfe/sentry-script@1.3.1/dist/init.js:0
[52550618ms] [ERROR] Failed to load resource: net::ERR_NAME_NOT_RESOLVED @ https://zhuanlan.zhihu.com/api//v4/search/preset_words:0
[52550618ms] [ERROR] getRemotePresetWords Failed to fetch @ https://unpkg.zhimg.com/@cfe/sentry-script@1.3.1/dist/init.js:0
[52550619ms] [ERROR] Failed to load resource: net::ERR_NAME_NOT_RESOLVED @ https://zhuanlan.zhihu.com/api//v4/search/preset_words:0
[52550619ms] [ERROR] getRemotePresetWords Failed to fetch @ https://unpkg.zhimg.com/@cfe/sentry-script@1.3.1/dist/init.js:0
[52550620ms] TypeError: Cannot read properties of null (reading 'words')
    at https://static.zhihu.com/heifetz/column.app.a44c7d68cb8f3344fef7.js:1:1443049
[52550619ms] [ERROR] Failed to load resource: net::ERR_NAME_NOT_RESOLVED @ https://zhuanlan.zhihu.com/api//v4/search/preset_words:0
[52550619ms] [ERROR] getRemotePresetWords Failed to fetch @ https://unpkg.zhimg.com/@cfe/sentry-script@1.3.1/dist/init.js:0
[52550620ms] TypeError: Cannot read properties of null (reading 'words')
    at https://static.zhihu.com/heifetz/column.app.a44c7d68cb8f3344fef7.js:1:1443049
[52550620ms] TypeError: Cannot read properties of null (reading 'words')
    at https://static.zhihu.com/heifetz/column.app.a44c7d68cb8f3344fef7.js:1:1443049
[52550620ms] TypeError: Cannot read properties of null (reading 'words')
    at https://static.zhihu.com/heifetz/column.app.a44c7d68cb8f3344fef7.js:1:1443049
[52580623ms] [ERROR] Failed to load resource: net::ERR_NAME_NOT_RESOLVED @ https://zhuanlan.zhihu.com/api//v4/search/preset_words:0
[52580623ms] [ERROR] getRemotePresetWords Failed to fetch @ https://unpkg.zhimg.com/@cfe/sentry-script@1.3.1/dist/init.js:0
[52580625ms] TypeError: Cannot read properties of null (reading 'words')
    at https://static.zhihu.com/heifetz/column.app.a44c7d68cb8f3344fef7.js:1:1443049
[52580624ms] [ERROR] Failed to load resource: net::ERR_NAME_NOT_RESOLVED @ https://zhuanlan.zhihu.com/api//v4/search/preset_words:0
[52580624ms] [ERROR] getRemotePresetWords Failed to fetch @ https://unpkg.zhimg.com/@cfe/sentry-script@1.3.1/dist/init.js:0
[52580624ms] [ERROR] Failed to load resource: net::ERR_NAME_NOT_RESOLVED @ https://zhuanlan.zhihu.com/api//v4/search/preset_words:0
[52580624ms] [ERROR] getRemotePresetWords Failed to fetch @ https://unpkg.zhimg.com/@cfe/sentry-script@1.3.1/dist/init.js:0
[52580624ms] [ERROR] Failed to load resource: net::ERR_NAME_NOT_RESOLVED @ https://zhuanlan.zhihu.com/api//v4/search/preset_words:0
[52580624ms] [ERROR] getRemotePresetWords Failed to fetch @ https://unpkg.zhimg.com/@cfe/sentry-script@1.3.1/dist/init.js:0
[52580626ms] TypeError: Cannot read properties of null (reading 'words')
    at https://static.zhihu.com/heifetz/column.app.a44c7d68cb8f3344fef7.js:1:1443049
[52580626ms] TypeError: Cannot read properties of null (reading 'words')
    at https://static.zhihu.com/heifetz/column.app.a44c7d68cb8f3344fef7.js:1:1443049
[52580626ms] TypeError: Cannot read properties of null (reading 'words')
    at https://static.zhihu.com/heifetz/column.app.a44c7d68cb8f3344fef7.js:1:1443049
[52610628ms] [ERROR] Failed to load resource: net::ERR_NAME_NOT_RESOLVED @ https://zhuanlan.zhihu.com/api//v4/search/preset_words:0
[52610628ms] [ERROR] getRemotePresetWords Failed to fetch @ https://unpkg.zhimg.com/@cfe/sentry-script@1.3.1/dist/init.js:0
[52610629ms] [ERROR] Failed to load resource: net::ERR_NAME_NOT_RESOLVED @ https://zhuanlan.zhihu.com/api//v4/search/preset_words:0
[52610629ms] [ERROR] getRemotePresetWords Failed to fetch @ https://unpkg.zhimg.com/@cfe/sentry-script@1.3.1/dist/init.js:0
[52610629ms] [ERROR] Failed to load resource: net::ERR_NAME_NOT_RESOLVED @ https://zhuanlan.zhihu.com/api//v4/search/preset_words:0
[52610629ms] [ERROR] getRemotePresetWords Failed to fetch @ https://unpkg.zhimg.com/@cfe/sentry-script@1.3.1/dist/init.js:0
[52610630ms] TypeError: Cannot read properties of null (reading 'words')
    at https://static.zhihu.com/heifetz/column.app.a44c7d68cb8f3344fef7.js:1:1443049
[52610630ms] TypeError: Cannot read properties of null (reading 'words')
    at https://static.zhihu.com/heifetz/column.app.a44c7d68cb8f3344fef7.js:1:1443049
[52610630ms] TypeError: Cannot read properties of null (reading 'words')
    at https://static.zhihu.com/heifetz/column.app.a44c7d68cb8f3344fef7.js:1:1443049
[53538877ms] [ERROR] Failed to load resource: net::ERR_NETWORK_CHANGED @ https://zhuanlan.zhihu.com/api//v4/search/preset_words:0
[53538877ms] [ERROR] getRemotePresetWords Failed to fetch @ https://unpkg.zhimg.com/@cfe/sentry-script@1.3.1/dist/init.js:0
[53538880ms] TypeError: Cannot read properties of null (reading 'words')
    at https://static.zhihu.com/heifetz/column.app.a44c7d68cb8f3344fef7.js:1:1443049
[53538878ms] [ERROR] Failed to load resource: net::ERR_NETWORK_CHANGED @ https://zhuanlan.zhihu.com/api//v4/search/preset_words:0
[53538878ms] [ERROR] getRemotePresetWords Failed to fetch @ https://unpkg.zhimg.com/@cfe/sentry-script@1.3.1/dist/init.js:0
[53538878ms] [ERROR] Failed to load resource: net::ERR_NETWORK_CHANGED @ https://zhuanlan.zhihu.com/api//v4/search/preset_words:0
[53538878ms] [ERROR] getRemotePresetWords Failed to fetch @ https://unpkg.zhimg.com/@cfe/sentry-script@1.3.1/dist/init.js:0
[53538878ms] [ERROR] Failed to load resource: net::ERR_NETWORK_CHANGED @ https://zhuanlan.zhihu.com/api//v4/search/preset_words:0
[53538878ms] [ERROR] getRemotePresetWords Failed to fetch @ https://unpkg.zhimg.com/@cfe/sentry-script@1.3.1/dist/init.js:0
[53538880ms] TypeError: Cannot read properties of null (reading 'words')
    at https://static.zhihu.com/heifetz/column.app.a44c7d68cb8f3344fef7.js:1:1443049
[53538880ms] TypeError: Cannot read properties of null (reading 'words')
    at https://static.zhihu.com/heifetz/column.app.a44c7d68cb8f3344fef7.js:1:1443049
[53538880ms] TypeError: Cannot read properties of null (reading 'words')
    at https://static.zhihu.com/heifetz/column.app.a44c7d68cb8f3344fef7.js:1:1443049
[53543480ms] [ERROR] Failed to load resource: net::ERR_NETWORK_CHANGED @ https://zhuanlan.zhihu.com/api//v4/search/preset_words:0
[53543481ms] [ERROR] getRemotePresetWords Failed to fetch @ https://unpkg.zhimg.com/@cfe/sentry-script@1.3.1/dist/init.js:0
[53543484ms] TypeError: Cannot read properties of null (reading 'words')
    at https://static.zhihu.com/heifetz/column.app.a44c7d68cb8f3344fef7.js:1:1443049
[64085968ms] [ERROR] Failed to load resource: net::ERR_NAME_NOT_RESOLVED @ https://zhuanlan.zhihu.com/api//v4/search/preset_words:0
[64085968ms] [ERROR] getRemotePresetWords Failed to fetch @ https://unpkg.zhimg.com/@cfe/sentry-script@1.3.1/dist/init.js:0
[64085971ms] TypeError: Cannot read properties of null (reading 'words')
    at https://static.zhihu.com/heifetz/column.app.a44c7d68cb8f3344fef7.js:1:1443049
[64092566ms] [ERROR] Failed to load resource: net::ERR_NAME_NOT_RESOLVED @ https://zhuanlan.zhihu.com/api//v4/search/preset_words:0
[64092566ms] [ERROR] getRemotePresetWords Failed to fetch @ https://unpkg.zhimg.com/@cfe/sentry-script@1.3.1/dist/init.js:0
[64092567ms] TypeError: Cannot read properties of null (reading 'words')
    at https://static.zhihu.com/heifetz/column.app.a44c7d68cb8f3344fef7.js:1:1443049
[64100564ms] [ERROR] Failed to load resource: net::ERR_NAME_NOT_RESOLVED @ https://zhuanlan.zhihu.com/api//v4/search/preset_words:0
[64100564ms] [ERROR] getRemotePresetWords Failed to fetch @ https://unpkg.zhimg.com/@cfe/sentry-script@1.3.1/dist/init.js:0
[64100565ms] TypeError: Cannot read properties of null (reading 'words')
    at https://static.zhihu.com/heifetz/column.app.a44c7d68cb8f3344fef7.js:1:1443049
[64108565ms] [ERROR] Failed to load resource: net::ERR_NAME_NOT_RESOLVED @ https://zhuanlan.zhihu.com/api//v4/search/preset_words:0
[64108565ms] [ERROR] getRemotePresetWords Failed to fetch @ https://unpkg.zhimg.com/@cfe/sentry-script@1.3.1/dist/init.js:0
[64108566ms] TypeError: Cannot read properties of null (reading 'words')
    at https://static.zhihu.com/heifetz/column.app.a44c7d68cb8f3344fef7.js:1:1443049
[64116567ms] [ERROR] Failed to load resource: net::ERR_NAME_NOT_RESOLVED @ https://zhuanlan.zhihu.com/api//v4/search/preset_words:0
[64116567ms] [ERROR] getRemotePresetWords Failed to fetch @ https://unpkg.zhimg.com/@cfe/sentry-script@1.3.1/dist/init.js:0
[64116567ms] TypeError: Cannot read properties of null (reading 'words')
    at https://static.zhihu.com/heifetz/column.app.a44c7d68cb8f3344fef7.js:1:1443049
[64124564ms] [ERROR] Failed to load resource: net::ERR_NAME_NOT_RESOLVED @ https://zhuanlan.zhihu.com/api//v4/search/preset_words:0
[64124564ms] [ERROR] getRemotePresetWords Failed to fetch @ https://unpkg.zhimg.com/@cfe/sentry-script@1.3.1/dist/init.js:0
[64124566ms] TypeError: Cannot read properties of null (reading 'words')
    at https://static.zhihu.com/heifetz/column.app.a44c7d68cb8f3344fef7.js:1:1443049
[64132565ms] [ERROR] Failed to load resource: net::ERR_NAME_NOT_RESOLVED @ https://zhuanlan.zhihu.com/api//v4/search/preset_words:0
[64132565ms] [ERROR] getRemotePresetWords Failed to fetch @ https://unpkg.zhimg.com/@cfe/sentry-script@1.3.1/dist/init.js:0
[64132566ms] TypeError: Cannot read properties of null (reading 'words')
    at https://static.zhihu.com/heifetz/column.app.a44c7d68cb8f3344fef7.js:1:1443049
[64140562ms] [ERROR] Failed to load resource: net::ERR_NAME_NOT_RESOLVED @ https://zhuanlan.zhihu.com/api//v4/search/preset_words:0
[64140563ms] [ERROR] getRemotePresetWords Failed to fetch @ https://unpkg.zhimg.com/@cfe/sentry-script@1.3.1/dist/init.js:0
[64140563ms] TypeError: Cannot read properties of null (reading 'words')
    at https://static.zhihu.com/heifetz/column.app.a44c7d68cb8f3344fef7.js:1:1443049
[64148565ms] [ERROR] Failed to load resource: net::ERR_NAME_NOT_RESOLVED @ https://zhuanlan.zhihu.com/api//v4/search/preset_words:0
[64148565ms] [ERROR] getRemotePresetWords Failed to fetch @ https://unpkg.zhimg.com/@cfe/sentry-script@1.3.1/dist/init.js:0
[64148566ms] TypeError: Cannot read properties of null (reading 'words')
    at https://static.zhihu.com/heifetz/column.app.a44c7d68cb8f3344fef7.js:1:1443049
[64156566ms] [ERROR] Failed to load resource: net::ERR_NAME_NOT_RESOLVED @ https://zhuanlan.zhihu.com/api//v4/search/preset_words:0
[64156566ms] [ERROR] getRemotePresetWords Failed to fetch @ https://unpkg.zhimg.com/@cfe/sentry-script@1.3.1/dist/init.js:0
[64156566ms] TypeError: Cannot read properties of null (reading 'words')
    at https://static.zhihu.com/heifetz/column.app.a44c7d68cb8f3344fef7.js:1:1443049
[68793891ms] [ERROR] Failed to load resource: net::ERR_NETWORK_CHANGED @ https://zhuanlan.zhihu.com/api//v4/search/preset_words:0
[68793891ms] [ERROR] getRemotePresetWords Failed to fetch @ https://unpkg.zhimg.com/@cfe/sentry-script@1.3.1/dist/init.js:0
[68793894ms] TypeError: Cannot read properties of null (reading 'words')
    at https://static.zhihu.com/heifetz/column.app.a44c7d68cb8f3344fef7.js:1:1443049
[78505863ms] [ERROR] Failed to load resource: net::ERR_NETWORK_CHANGED @ https://zhuanlan.zhihu.com/api//v4/search/preset_words:0
[78505863ms] [ERROR] getRemotePresetWords Failed to fetch @ https://unpkg.zhimg.com/@cfe/sentry-script@1.3.1/dist/init.js:0
[78505871ms] TypeError: Cannot read properties of null (reading 'words')
    at https://static.zhihu.com/heifetz/column.app.a44c7d68cb8f3344fef7.js:1:1443049
