path	original	line	comment
ACTIONFAIL.APPRAISE.NOTNOW	此刻不宜叨扰。	7	暂无注释
ACTIONFAIL.REPAIR.WRONGPIECE	何处出了纰漏。	11	化石骨架拼接错误
ACTIONFAIL.BUILD.MOUNTED	无处可放了。	15	建造失败（骑乘状态）
ACTIONFAIL.BUILD.HASPET	吾已有一只。	16	建造失败（已经有一个宠物了）
ACTIONFAIL.BUILD.TICOON	吾目别无他物。	17	暂无注释
ACTIONFAIL.SHAVE.AWAKEBEEFALO	待其入眠再来。	21	给醒着的牛刮毛
ACTIONFAIL.SHAVE.GENERIC	其怒矣。	22	刮牛毛失败
ACTIONFAIL.SHAVE.NOBITS	已无从下手。	23	给没毛的牛刮毛
ACTIONFAIL.SHAVE.SOMEONEELSESBEEFALO	当安抚其心。	25	暂无注释
ACTIONFAIL.STORE.GENERIC	已满。	29	存放东西失败
ACTIONFAIL.STORE.NOTALLOWED	此物不入彼处。	30	存放东西--不被允许
ACTIONFAIL.STORE.INUSE	且待片刻。	31	别人正在用箱子
ACTIONFAIL.STORE.NOTMASTERCHEF	吾力不逮。	32	暂无注释
ACTIONFAIL.CONSTRUCT.INUSE	或可稍候。	36	建筑正在使用
ACTIONFAIL.CONSTRUCT.NOTALLOWED	此乃何故？	37	建筑不允许使用
ACTIONFAIL.CONSTRUCT.EMPTY	当再寻些灵物来。	38	建筑空了
ACTIONFAIL.CONSTRUCT.MISMATCH	问题何在？	39	升级套件错误（目前用不到）
ACTIONFAIL.CONSTRUCT.NOTREADY	稍后再来探看。	40	暂无注释
ACTIONFAIL.RUMMAGE.GENERIC	不可为之。	44	打开箱子失败
ACTIONFAIL.RUMMAGE.INUSE	可容吾一观？	45	打开箱子 正在使用
ACTIONFAIL.RUMMAGE.NOTMASTERCHEF	吾无需为此。	46	暂无注释
ACTIONFAIL.UNLOCK.WRONGKEY	吾力不逮。	50	暂无注释
ACTIONFAIL.USEKLAUSSACKKEY.WRONGKEY	非也。	54	使用克劳斯钥匙
ACTIONFAIL.USEKLAUSSACKKEY.KLAUS	吾正繁忙。	55	克劳斯
ACTIONFAIL.ACTIVATE.LOCKED_GATE	门扉已锁。	59	远古钥匙
ACTIONFAIL.ACTIVATE.HOSTBUSY	彼正忙碌。	60	暂无注释
ACTIONFAIL.ACTIVATE.CARNIVAL_HOST_HERE	其便在近处。	61	暂无注释
ACTIONFAIL.ACTIVATE.NOCARNIVAL	皆已飞去。	62	暂无注释
ACTIONFAIL.ACTIVATE.EMPTY_CATCOONDEN	本以为内有诸多灵物。	63	暂无注释
ACTIONFAIL.ACTIVATE.KITCOON_HIDEANDSEEK_NOT_ENOUGH_HIDERS	应无此易。	64	暂无注释
ACTIONFAIL.ACTIVATE.KITCOON_HIDEANDSEEK_NOT_ENOUGH_HIDING_SPOTS	周遭无多藏身之处。	65	暂无注释
ACTIONFAIL.ACTIVATE.KITCOON_HIDEANDSEEK_ONE_GAME_PER_DAY	今日至此为止。	66	暂无注释
ACTIONFAIL.ACTIVATE.MANNEQUIN_EQUIPSWAPFAILED	其应穿不上。	67	暂无注释
ACTIONFAIL.ACTIVATE.PILLOWFIGHT_NO_HANDPILLOW	吾需一战。	68	暂无注释
ACTIONFAIL.OPEN_CRAFTING.PROFESSIONALCHEF	当精进吾之庖厨之术。	72	暂无注释
ACTIONFAIL.OPEN_CRAFTING.SHADOWMAGIC	此不可行。	73	暂无注释
ACTIONFAIL.COOK.GENERIC	此刻不能。	77	做饭失败
ACTIONFAIL.COOK.INUSE	需稍待片刻。	78	做饭失败-别人在用锅
ACTIONFAIL.COOK.TOOFAR	过远。	79	做饭失败-太远
ACTIONFAIL.START_CARRAT_RACE.NO_RACERS	吾有所遗漏。	83	暂无注释
ACTIONFAIL.DISMANTLE.COOKING	正烹煮，不可动。	87	暂无注释
ACTIONFAIL.DISMANTLE.INUSE	当轮到吾了。	88	暂无注释
ACTIONFAIL.DISMANTLE.NOTEMPTY	需先移出其中之物。	89	暂无注释
ACTIONFAIL.FISH_OCEAN.TOODEEP	非深海钓竿，不宜深海垂钓。	93	暂无注释
ACTIONFAIL.OCEAN_FISHING_POND.WRONGGEAR	此竿不宜池塘垂钓。	97	暂无注释
ACTIONFAIL.GIVE.GENERIC	且收下。	117	给予失败
ACTIONFAIL.GIVE.DEAD	吾先留着。	118	给予 -目标死亡
ACTIONFAIL.GIVE.SLEEPING	莫扰其清梦。	119	给予--目标睡觉
ACTIONFAIL.GIVE.BUSY	再试一次。	120	给予--目标正忙
ACTIONFAIL.GIVE.ABIGAILHEART	吾或无力助之。	121	给阿比盖尔 救赎之心
ACTIONFAIL.GIVE.GHOSTHEART	或可另寻他法。	122	给鬼魂 救赎之心
ACTIONFAIL.GIVE.NOTGEM	吾不通此道。	123	给的不是宝石
ACTIONFAIL.GIVE.WRONGGEM	此宝石于此无效。	124	给错了宝石
ACTIONFAIL.GIVE.NOTSTAFF	其形不类。	125	给月石祭坛的物品不是法杖
ACTIONFAIL.GIVE.MUSHROOMFARM_NEEDSSHROOM	一株蘑菇或更有用。	126	蘑菇农场需要蘑菇
ACTIONFAIL.GIVE.MUSHROOMFARM_NEEDSLOG	一段活木或更有用。	127	蘑菇农场需要活木
ACTIONFAIL.GIVE.MUSHROOMFARM_NOMOONALLOWED	此菇似不能种。	128	暂无注释
ACTIONFAIL.GIVE.SLOTFULL	需再放一物。	129	已经放了材料后，再给雕像桌子再给一个材料
ACTIONFAIL.GIVE.FOODFULL	此处已有一餐。	130	没调用
ACTIONFAIL.GIVE.NOTDISH	其必不食之。	131	没调用
ACTIONFAIL.GIVE.DUPLICATE	吾已尽知。	132	给雕像桌子已经学习过的图纸
ACTIONFAIL.GIVE.NOTSCULPTABLE	不可化其为像。	133	给陶艺圆盘的东西不对
ACTIONFAIL.GIVE.NOTATRIUMKEY	其形不类。	134	中庭钥匙不对
ACTIONFAIL.GIVE.CANTSHADOWREVIVE	其不复活。	135	中庭仍在CD
ACTIONFAIL.GIVE.WRONGSHADOWFORM	组装有误。	136	没调用
ACTIONFAIL.GIVE.NOMOON	需见月华。	137	洞穴里建造月石科技
ACTIONFAIL.GIVE.PIGKINGGAME_MESSY	需先清理。	138	猪王旁边有建筑，不能开始抢元宝
ACTIONFAIL.GIVE.PIGKINGGAME_DANGER	此刻凶险。	139	危险，不能开始抢元宝
ACTIONFAIL.GIVE.PIGKINGGAME_TOOLATE	为时已晚。	140	不是白天，不能开始抢元宝
ACTIONFAIL.GIVE.CARNIVALGAME_INVALID_ITEM	需购代币。	141	暂无注释
ACTIONFAIL.GIVE.CARNIVALGAME_ALREADY_PLAYING	已有戏在进行。	142	暂无注释
ACTIONFAIL.GIVE.SPIDERNOHAT	吾囊不能并纳	143	暂无注释
ACTIONFAIL.GIVE.TERRARIUM_REFUSE	试以他物……	144	暂无注释
ACTIONFAIL.GIVE.TERRARIUM_COOLDOWN	木未重生，不宜相与。	145	暂无注释
ACTIONFAIL.GIVE.NOTAMONKEY	吾或知其意。	146	暂无注释
ACTIONFAIL.GIVE.QUEENBUSY	后正繁忙。	147	暂无注释
ACTIONFAIL.GIVETOPLAYER.FULL	汝囊已满。	151	给玩家一个东西 -但是背包满了
ACTIONFAIL.GIVETOPLAYER.DEAD	吾先留着。	152	给死亡的玩家一个东西
ACTIONFAIL.GIVETOPLAYER.SLEEPING	日上三竿，且醒矣。	153	给睡觉的玩家一个东西
ACTIONFAIL.GIVETOPLAYER.BUSY	有物与汝。	154	给忙碌的玩家一个东西
ACTIONFAIL.GIVEALLTOPLAYER.FULL	汝囊已满。	158	给人一组东西 但是背包满了
ACTIONFAIL.GIVEALLTOPLAYER.DEAD	吾先留着。	159	给于死去的玩家一组物品
ACTIONFAIL.GIVEALLTOPLAYER.SLEEPING	日上三竿，且醒矣。	160	给于正在睡觉的玩家一组物品
ACTIONFAIL.GIVEALLTOPLAYER.BUSY	有物与汝。	161	给于正在忙碌的玩家一组物品
ACTIONFAIL.WRITE.GENERIC	其状甚好。	165	鞋子失败
ACTIONFAIL.WRITE.INUSE	容吾一观。	166	写字 正在使用中
ACTIONFAIL.DRAW.NOIMAGE	吾不喜绘。	170	画图缺乏图像
ACTIONFAIL.CHANGEIN.GENERIC	此刻不欲更衣。	174	换装失败
ACTIONFAIL.CHANGEIN.BURNING	此刻凶险。	175	换装失败-着火了
ACTIONFAIL.CHANGEIN.INUSE	容吾也来妆扮。	176	衣橱有人占用
ACTIONFAIL.CHANGEIN.NOTENOUGHHAIR	皮毛不足以为饰。	177	暂无注释
ACTIONFAIL.CHANGEIN.NOOCCUPANT	需栓些东西。	178	暂无注释
ACTIONFAIL.ATTUNE.NOHEALTH	或当先疗己伤。	182	制造肉雕像血量不足
ACTIONFAIL.MOUNT.TARGETINCOMBAT	吾当远之。	186	骑乘，牛正在战斗
ACTIONFAIL.MOUNT.INUSE	已有人先登。	187	骑乘（牛被占据）
ACTIONFAIL.MOUNT.SLEEPING	莫再眠。	188	暂无注释
ACTIONFAIL.SADDLE.TARGETINCOMBAT	吾当远之。	192	给战斗状态的牛上鞍
ACTIONFAIL.TEACH.KNOWN	吾已知晓。	196	学习已经知道的蓝图
ACTIONFAIL.TEACH.CANTLEARN	吾不明此图。	197	学习无法学习的蓝图
ACTIONFAIL.TEACH.WRONGWORLD	此图于此无益。	198	学习另外一个世界的地图
ACTIONFAIL.TEACH.MESSAGEBOTTLEMANAGER_NOT_FOUND	光暗，不见一物。	199	Likely trying to read messagebottle treasure map in caves  --暂无注释
ACTIONFAIL.TEACH.STASH_MAP_NOT_FOUND	彼辈定是忘绘了。	200	Likely trying to read stash map  in world without stash                    --暂无注释
ACTIONFAIL.WRAPBUNDLE.EMPTY	收拾行囊的好物。	204	打包纸是空的
ACTIONFAIL.PICKUP.RESTRICTION	不可用。	208	熔炉模式下捡起错误的武器
ACTIONFAIL.PICKUP.INUSE	当等轮到吾。	209	捡起已经打开的容器
ACTIONFAIL.PICKUP.NOTMINE_YOTC[0]	吾之萝卜鼠何在。	213	暂无注释
ACTIONFAIL.PICKUP.NOTMINE_YOTC[1]	顽劣之辈。	214	暂无注释
ACTIONFAIL.PICKUP.FULL_OF_CURSES	吾不碰。	217	暂无注释
ACTIONFAIL.SLAUGHTER.TOOFAR	其已遁。	221	屠杀？？ 因为太远而失败
ACTIONFAIL.REPLATE.MISMATCH	其需另碟。	225	暴食-换盘子换错了 比如用碗换碟子
ACTIONFAIL.REPLATE.SAMEDISH	只需一碟。	226	暴食-换盘子已经换了
ACTIONFAIL.SAIL.REPAIR	其不需修理。	230	暂无注释
ACTIONFAIL.ROW_FAIL.BAD_TIMING0	过急。	234	暂无注释
ACTIONFAIL.ROW_FAIL.BAD_TIMING1	时机不当。	235	暂无注释
ACTIONFAIL.ROW_FAIL.BAD_TIMING2	莫再犯。	236	暂无注释
ACTIONFAIL.LOWER_SAIL_FAIL[0]	啊呀。	240	暂无注释
ACTIONFAIL.LOWER_SAIL_FAIL[1]	实难慢下。	241	暂无注释
ACTIONFAIL.LOWER_SAIL_FAIL[2]	此竟亦败。	242	暂无注释
ACTIONFAIL.BATHBOMB.GLASSED	不可，表面已化琉璃。	246	暂无注释
ACTIONFAIL.BATHBOMB.ALREADY_BOMBED	莫浪费浴球。	247	暂无注释
ACTIONFAIL.GIVE_TACKLESKETCH.DUPLICATE	非也，非也。	251	暂无注释
ACTIONFAIL.COMPARE_WEIGHABLE.FISH_TOO_SMALL	其过小。	255	暂无注释
ACTIONFAIL.COMPARE_WEIGHABLE.OVERSIZEDVEGGIES_TOO_SMALL	犹未足重。	256	暂无注释
ACTIONFAIL.PLANTREGISTRY_RESEARCH_FAIL.GENERIC	无所可学。	274	暂无注释
ACTIONFAIL.PLANTREGISTRY_RESEARCH_FAIL.FERTILIZER	吾不欲知过细。	275	暂无注释
ACTIONFAIL.FILL_OCEAN.UNSUITABLE_FOR_PLANTS	似不喜咸水。	279	暂无注释
ACTIONFAIL.POUR_WATER.OUT_OF_WATER	糟矣，无水。	283	暂无注释
ACTIONFAIL.POUR_WATER_GROUNDTILE.OUT_OF_WATER	吾之浇壶已干。	287	暂无注释
ACTIONFAIL.USEITEMON.BEEF_BELL_INVALID_TARGET	吾必不可为。	291	暂无注释
ACTIONFAIL.USEITEMON.BEEF_BELL_ALREADY_USED	此牛已属他人。	292	暂无注释
ACTIONFAIL.USEITEMON.BEEF_BELL_HAS_BEEF_ALREADY	吾无需全群。	293	暂无注释
ACTIONFAIL.HITCHUP.NEEDBEEF	有铃可近坐骑。	297	暂无注释
ACTIONFAIL.HITCHUP.NEEDBEEF_CLOSER	吾之坐骑过远。	298	暂无注释
ACTIONFAIL.HITCHUP.BEEF_HITCHED	吾之坐骑已拴。	299	暂无注释
ACTIONFAIL.HITCHUP.INMOOD	吾之坐骑似过好动。	300	暂无注释
ACTIONFAIL.MARK.ALREADY_MARKED	吾已选定。	304	暂无注释
ACTIONFAIL.MARK.NOT_PARTICIPANT	吾无选手。	305	暂无注释
ACTIONFAIL.YOTB_STARTCONTEST.DOESNTWORK	此地非吾用武之地。	309	暂无注释
ACTIONFAIL.YOTB_STARTCONTEST.ALREADYACTIVE	其或忙于他赛。	310	暂无注释
ACTIONFAIL.YOTB_UNLOCKSKIN.ALREADYKNOWN	此吾已会。	314	暂无注释
ACTIONFAIL.CARNIVALGAME_FEED.TOO_LATE	吾需速。	318	暂无注释
ACTIONFAIL.HERD_FOLLOWERS.WEBBERONLY	虽其不听吾，但或听他人。	322	暂无注释
ACTIONFAIL.HARVEST.DOER_ISNT_MODULE_OWNER	其似无兴趣。	371	暂无注释
ANNOUNCE_CANNOT_BUILD.NO_INGREDIENTS	吾似缺重要之物。	384	暂无注释
ANNOUNCE_CANNOT_BUILD.NO_TECH	吾似不能驭之。	385	暂无注释
ANNOUNCE_CANNOT_BUILD.NO_STATION	此刻不能制。	386	暂无注释
ACTIONFAIL_GENERIC	吾不能为。	388	动作失败
ANNOUNCE_BOAT_LEAK	水愈多。	389	暂无注释
ANNOUNCE_BOAT_SINK	吾虽不溺。	390	暂无注释
ANNOUNCE_DIG_DISEASE_WARNING	其已愈。	391	removed  --挖起生病的植物
ANNOUNCE_PICK_DISEASE_WARNING	嗯，本是此味乎？	392	removed  --（植物生病）
ANNOUNCE_ADVENTUREFAIL	吾必再试。	393	没调用（废案）
ANNOUNCE_MOUNT_LOWHEALTH	此牛受伤。	394	牛血量过低
ANNOUNCE_BEES	蜂。	413	戴养蜂帽被蜜蜂蛰
ANNOUNCE_BOOMERANG	啊。当力接之。	414	回旋镖
ANNOUNCE_CHARLIE	速出，吾不惧汝。	415	查理即将攻击
ANNOUNCE_CHARLIE_ATTACK	想击吾，无此易。	416	被查理攻击
ANNOUNCE_COLD	甚寒。	418	过冷
ANNOUNCE_HOT	何处可凉？	419	过热
ANNOUNCE_CRAFTING_FAIL	缺些东西。	420	没调用
ANNOUNCE_DEERCLOPS	妖兽暴动。	421	boss来袭
ANNOUNCE_CAVEIN	土地何故？	422	要地震了？？？
ANNOUNCE_ANTLION_SINKHOLE[0]	地在动。	425	蚁狮地震
ANNOUNCE_ANTLION_SINKHOLE[1]	地动。	426	蚁狮地震
ANNOUNCE_ANTLION_SINKHOLE[2]	或当去降服此獠。	427	蚁狮地震
ANNOUNCE_ANTLION_TRIBUTE[0]	与汝，与汝。	431	向蚁狮致敬
ANNOUNCE_ANTLION_TRIBUTE[1]	食之，食之。	432	给蚁狮上供
ANNOUNCE_ANTLION_TRIBUTE[2]	食之，食之..	433	给蚁狮上供
ANNOUNCE_SACREDCHEST_YES	甚善。	435	远古宝箱物品正确给出蓝图
ANNOUNCE_SACREDCHEST_NO	其不喜。	436	远古宝箱
ANNOUNCE_DUSK	天染橙红。	437	进入黄昏
ANNOUNCE_EAT.GENERIC	美甚。	442	吃东西
ANNOUNCE_EAT.PAINFUL	味不佳。	443	吃怪物肉
ANNOUNCE_EAT.SPOILED	难食。	444	吃腐烂食物
ANNOUNCE_EAT.STALE	吾欲食新。	445	吃黄色食物
ANNOUNCE_EAT.INVALID	此不吾宜。	446	拒吃
ANNOUNCE_EAT.YUCKY	吾不欲食此。	447	吃红色食物
ANNOUNCE_ENCUMBERED[0]	气喘吁吁...	462	搬运雕像、可疑的大理石
ANNOUNCE_ENCUMBERED[1]	过费力...	463	搬运雕像、可疑的大理石
ANNOUNCE_ENCUMBERED[2]	此对吾不为难....	464	搬运雕像、可疑的大理石
ANNOUNCE_ENCUMBERED[3]	吾扛起...整个天...	465	搬运雕像、可疑的大理石
ANNOUNCE_ENCUMBERED[4]	此对吾或过重。	466	搬运雕像、可疑的大理石
ANNOUNCE_ENCUMBERED[5]	日复日，年复年。	467	搬运雕像、可疑的大理石
ANNOUNCE_ENCUMBERED[6]	哼...。	468	搬运雕像、可疑的大理石
ANNOUNCE_ENCUMBERED[7]	气喘...吁吁...	469	搬运雕像、可疑的大理石
ANNOUNCE_ENCUMBERED[8]	法力无穷。	470	搬运雕像、可疑的大理石
ANNOUNCE_ATRIUM_DESTABILIZING[0]	吾当去。	474	中庭击杀boss后即将刷新
ANNOUNCE_ATRIUM_DESTABILIZING[1]	彼乃何物？ 	475	中庭震动
ANNOUNCE_ATRIUM_DESTABILIZING[2]	此地不安。	476	中庭击杀boss后即将刷新
ANNOUNCE_RUINS_RESET	彼怪又回。	478	地下重置
ANNOUNCE_SNARED	尖锐之骨。	479	远古嘤嘤怪的骨笼
ANNOUNCE_SNARED_IVY	反击。	480	暂无注释
ANNOUNCE_REPELLED	其有护。	481	嘤嘤怪保护状态
ANNOUNCE_ENTER_DARK	伸手不见指。	482	进入黑暗
ANNOUNCE_ENTER_LIGHT	吾又可见物。	483	进入光源
ANNOUNCE_FREEDOM	吾自由。吾终自由。	484	没调用（废案）
ANNOUNCE_HIGHRESEARCH	吾本聪慧	485	没调用（废案）
ANNOUNCE_HOUNDS	闻否？	486	猎犬将至
ANNOUNCE_WORMS	感否？	487	蠕虫袭击
ANNOUNCE_HUNGRY	吾饥。	488	饥饿
ANNOUNCE_HUNT_BEAST_NEARBY	吾感近处有大家伙。	489	即将找到野兽
ANNOUNCE_HUNT_LOST_TRAIL	迹至此而绝。	490	猎物（大象脚印丢失）
ANNOUNCE_HUNT_LOST_TRAIL_SPRING	此湿土不存足迹。	491	大猎物丢失踪迹
ANNOUNCE_HUNT_START_FORK	此迹似有险。	492	暂无注释
ANNOUNCE_HUNT_SUCCESSFUL_FORK	吾不畏彼辈。	493	暂无注释
ANNOUNCE_HUNT_WRONG_FORK	有物觊觎吾。	494	暂无注释
ANNOUNCE_HUNT_AVOID_FORK	此迹似安些。	495	暂无注释
ANNOUNCE_INV_FULL	已满。	496	身上的物品满了
ANNOUNCE_KNOCKEDOUT	怪，吾何昏沉。	497	被催眠
ANNOUNCE_LOWRESEARCH	吾未从彼学得。	498	没调用（废案）
ANNOUNCE_MOSQUITOS	啊。去。	499	没调用
ANNOUNCE_NOWARDROBEONFIRE	此与吾无关。	500	橱柜着火
ANNOUNCE_NODANGERGIFT	有物在四围。	501	周围有危险的情况下打开礼物
ANNOUNCE_NOMOUNTEDGIFT	当先从其背下。	502	骑牛的时候打开礼物
ANNOUNCE_NODANGERSLEEP	吾感周遭或存某种险。	503	危险，不能睡觉
ANNOUNCE_NODAYSLEEP	光过亮。	504	白天睡帐篷
ANNOUNCE_NODAYSLEEP_CAVE	吾不倦。	505	洞穴里白天睡帐篷
ANNOUNCE_NOHUNGERSLEEP	甚欲食大餐。	506	饿了无法睡觉
ANNOUNCE_NOSLEEPONFIRE	吾之帐着火，奈何？	507	营帐着火无法睡觉
ANNOUNCE_NODANGERSIESTA	此刻过险。	509	危险，不能午睡
ANNOUNCE_NONIGHTSIESTA	夜当眠，而非午休。	510	夜晚睡凉棚
ANNOUNCE_NONIGHTSIESTA_CAVE	此非吾眠处。	511	在洞穴里夜晚睡凉棚
ANNOUNCE_NOHUNGERSIESTA	吾过饥，不能午休。	512	饱度不足无法午睡
ANNOUNCE_NO_TRAP	甚易。	513	没有陷阱？？？没调用
ANNOUNCE_PECKED	啊。止。	514	被小高鸟啄
ANNOUNCE_QUAKE	闻之不妙。	515	地震
ANNOUNCE_RESEARCH	犹当勤修。	516	没调用
ANNOUNCE_SHELTER	大树，谢汝为吾蔽风雨。	517	下雨天躲树下
ANNOUNCE_THORNS	啊。	518	玫瑰、仙人掌、荆棘扎手
ANNOUNCE_BURNT	呀。好烫。	519	烧完了
ANNOUNCE_TORCH_OUT	火灭。	520	火把用完了
ANNOUNCE_THURIBLE_OUT	其耗已尽。	521	香炉燃尽
ANNOUNCE_FAN_OUT	吾之小玩意儿坏。	522	小风车停了
ANNOUNCE_COMPASS_OUT	此罗盘不能。	523	指南针用完了
ANNOUNCE_TRAP_WENT_OFF	哎呀。	524	触发陷阱（例如冬季陷阱）
ANNOUNCE_UNIMPLEMENTED	啊。此应未备。	525	没调用
ANNOUNCE_WORMHOLE	容吾进内探查。	526	跳虫洞
ANNOUNCE_TOWNPORTALTELEPORT	吾不定。	527	豪华传送
ANNOUNCE_CANFIX	\n泥瓦之工吾亦能。	528	墙壁可以修理
ANNOUNCE_ACCOMPLISHMENT	吾感甚有成就。	529	没调用
ANNOUNCE_ACCOMPLISHMENT_DONE	若吾友此刻能见...	530	没调用
ANNOUNCE_INSUFFICIENTFERTILIZER	汝犹饥否？	531	土地肥力不足
ANNOUNCE_TOOL_SLIP	过滑。	532	工具滑出
ANNOUNCE_LIGHTNING_DAMAGE_AVOIDED	避过闪电。	533	规避闪电
ANNOUNCE_TOADESCAPING	蛤蟆精遁。	534	蟾蜍正在逃跑
ANNOUNCE_TOADESCAPED	癞蛤蟆遁。	535	蟾蜍逃走了
ANNOUNCE_DAMP	哦，水。	536	潮湿（1级）
ANNOUNCE_WET	吾不欲为水湿。	537	潮湿（2级）
ANNOUNCE_WETTER	漫漫水路。	538	潮湿（3级）
ANNOUNCE_SOAKED	吾湿透。	539	潮湿（4级）
ANNOUNCE_WASHED_ASHORE	弄湿。	540	暂无注释
ANNOUNCE_DESPAWN	吾可见光。	541	下线
ANNOUNCE_BECOMEGHOST	嗷嗷嗷嗷嗷。。	542	变成鬼魂
ANNOUNCE_GHOSTDRAIN	有欲害吾。	543	队友死亡掉san
ANNOUNCE_PETRIFED_TREES	吾闻树在尖叫？	544	石化树
ANNOUNCE_KLAUS_ENRAGE	此刻无法胜之。	545	克劳斯被激怒（杀死了鹿）
ANNOUNCE_KLAUS_UNCHAINED	其锁松开。	546	克劳斯-未上锁的  猜测是死亡准备变身？
ANNOUNCE_KLAUS_CALLFORHELP	其在求救。	547	克劳斯召唤小偷
ANNOUNCE_MOONALTAR_MINE.GLASS_MED	内有物。	550	暂无注释
ANNOUNCE_MOONALTAR_MINE.GLASS_LOW	将挖出。	551	暂无注释
ANNOUNCE_MOONALTAR_MINE.GLASS_REVEAL	汝自由。	552	暂无注释
ANNOUNCE_MOONALTAR_MINE.IDOL_MED	内有物。	553	暂无注释
ANNOUNCE_MOONALTAR_MINE.IDOL_LOW	将挖出。	554	暂无注释
ANNOUNCE_MOONALTAR_MINE.IDOL_REVEAL	汝自由。	555	暂无注释
ANNOUNCE_MOONALTAR_MINE.SEED_MED	内有物。	556	暂无注释
ANNOUNCE_MOONALTAR_MINE.SEED_LOW	将挖出。	557	暂无注释
ANNOUNCE_MOONALTAR_MINE.SEED_REVEAL	汝自由。	558	暂无注释
ANNOUNCE_SPOOKED	汝见否？	560	被吓到
ANNOUNCE_BRAVERY_POTION	彼树不似可畏。	561	勇气药剂
ANNOUNCE_MOONPOTION_FAILED	或未浸足时……	562	暂无注释
ANNOUNCE_EATING_NOT_FEASTING	吾当与他人分享。	563	暂无注释
ANNOUNCE_WINTERS_FEAST_BUFF	满满节庆之灵。	564	暂无注释
ANNOUNCE_IS_FEASTING	冬之盛筵乐。	565	暂无注释
ANNOUNCE_WINTERS_FEAST_BUFF_OVER	节过真速……	566	暂无注释
ANNOUNCE_REVIVING_CORPSE	容吾助汝。	567	没调用（熔炉）
ANNOUNCE_REVIVED_OTHER_CORPSE	焕然新。	568	没调用（熔炉）
ANNOUNCE_REVIVED_FROM_CORPSE	好甚。	569	没调用（熔炉）
ANNOUNCE_FLARE_SEEN	何人发信号？	570	暂无注释
ANNOUNCE_MEGA_FLARE_SEEN	彼闪光将惹麻烦。	571	暂无注释
ANNOUNCE_OCEAN_SILHOUETTE_INCOMING	不善。	572	暂无注释
ANNOUNCE_ROYALTY[0]	友。	630	向带着蜂王帽的队友鞠躬
ANNOUNCE_ROYALTY[1]	伴。	631	向带着蜂王帽的队友鞠躬
ANNOUNCE_ROYALTY[2]	吾友。	632	向带着蜂王帽的队友鞠躬
ANNOUNCE_ATTACH_BUFF_ELECTRICATTACK	吾身披电。	634	暂无注释
ANNOUNCE_ATTACH_BUFF_ATTACK	动手打。	635	暂无注释
ANNOUNCE_ATTACH_BUFF_PLAYERABSORPTION	吾感安多。	636	暂无注释
ANNOUNCE_ATTACH_BUFF_WORKEFFECTIVENESS	仙力提。	637	暂无注释
ANNOUNCE_ATTACH_BUFF_MOISTUREIMMUNITY	干过潦。	638	暂无注释
ANNOUNCE_ATTACH_BUFF_SLEEPRESISTANCE	顿感神清气爽。	639	暂无注释
ANNOUNCE_DETACH_BUFF_ELECTRICATTACK	无雷电之功。	640	暂无注释
ANNOUNCE_DETACH_BUFF_ATTACK	筋肉实感失。	641	暂无注释
ANNOUNCE_DETACH_BUFF_PLAYERABSORPTION	是还好。	642	暂无注释
ANNOUNCE_DETACH_BUFF_WORKEFFECTIVENESS	明日复明日...	643	暂无注释
ANNOUNCE_DETACH_BUFF_MOISTUREIMMUNITY	生命之源。	644	暂无注释
ANNOUNCE_DETACH_BUFF_SLEEPRESISTANCE	吾……（哈欠）再不倦……	645	暂无注释
ANNOUNCE_OCEANFISHING_LINESNAP	遁何吾不真食汝。	646	暂无注释
ANNOUNCE_OCEANFISHING_LINETOOLOOSE	收线或有效。	647	暂无注释
ANNOUNCE_OCEANFISHING_GOTAWAY	此鱼可成大事。	648	暂无注释
ANNOUNCE_OCEANFISHING_BADCAST	甩竿有待提……	649	暂无注释
ANNOUNCE_OCEANFISHING_IDLE_QUOTE[0]	鱼乎？	652	暂无注释
ANNOUNCE_OCEANFISHING_IDLE_QUOTE[1]	或当换鱼多处钓。	653	暂无注释
ANNOUNCE_OCEANFISHING_IDLE_QUOTE[2]	吾以为海中处处是鱼。	654	暂无注释
ANNOUNCE_OCEANFISHING_IDLE_QUOTE[3]	吾此刻明明可做更有趣之事……	655	暂无注释
ANNOUNCE_WEIGHT	重：{weight}	657	暂无注释
ANNOUNCE_WEIGHT_HEAVY	重: {weight}\n吾乃重量级钓者。	658	暂无注释
ANNOUNCE_WINCH_CLAW_MISS	似未对准。	659	暂无注释
ANNOUNCE_WINCH_CLAW_NO_ITEM	得。两手空空。	660	暂无注释
ANNOUNCE_WEAK_RAT	此胡萝卜鼠不在训态。	687	暂无注释
ANNOUNCE_CARRAT_START_RACE	实验——，赛始。	688	暂无注释
ANNOUNCE_CARRAT_ERROR_WRONG_WAY[0]	不，不。向错。	691	暂无注释
ANNOUNCE_CARRAT_ERROR_WRONG_WAY[1]	掉头，汝何眼神。	692	暂无注释
ANNOUNCE_CARRAT_ERROR_FELL_ASLEEP	敢给吾眠。起，吾要赢赛。	694	暂无注释
ANNOUNCE_CARRAT_ERROR_WALKING	莫用走，跑。	695	暂无注释
ANNOUNCE_CARRAT_ERROR_STUNNED	站起。冲，冲。	696	暂无注释
ANNOUNCE_POCKETWATCH_PORTAL	无人告吾缩地成寸之后会何……	725	暂无注释
ANNOUNCE_ARCHIVE_NEW_KNOWLEDGE	吾学得些。	730	暂无注释
ANNOUNCE_ARCHIVE_OLD_KNOWLEDGE	吾早已知。	731	暂无注释
ANNOUNCE_ARCHIVE_NO_POWER	需给其供点法力。	732	暂无注释
ANNOUNCE_PLANT_RESEARCHED[0]	吾长了见识。	735	暂无注释
ANNOUNCE_PLANT_RANDOMSEED	不知会长成何。	737	暂无注释
ANNOUNCE_FERTILIZER_RESEARCHED	吾从未想过此。	738	暂无注释
ANNOUNCE_FIRENETTLE_TOXIN[0]	烈日高照。	741	暂无注释
ANNOUNCE_FIRENETTLE_TOXIN[1]	炽热灼烧。	742	暂无注释
ANNOUNCE_FIRENETTLE_TOXIN_DONE	用脑子记下东西。	744	暂无注释
ANNOUNCE_TALK_TO_PLANTS[0]	生长吧。	747	暂无注释
ANNOUNCE_TALK_TO_PLANTS[1]	吾一直想要一株此。	748	暂无注释
ANNOUNCE_TALK_TO_PLANTS[2]	吾来给汝帮忙。	749	暂无注释
ANNOUNCE_TALK_TO_PLANTS[3]	汝真一株好植物。	750	暂无注释
ANNOUNCE_TALK_TO_PLANTS[4]	汝真一个好聆听者。	751	暂无注释
ANNOUNCE_KITCOON_HIDEANDSEEK_START	不管汝藏好否，吾都要始找。	753	暂无注释
ANNOUNCE_KITCOON_HIDEANDSEEK_JOIN	彼在玩捉迷藏。	754	暂无注释
ANNOUNCE_KITCOON_HIDANDSEEK_FOUND[0]	找到汝。	757	暂无注释
ANNOUNCE_KITCOON_HIDANDSEEK_FOUND[1]	汝在此。	758	暂无注释
ANNOUNCE_KITCOON_HIDANDSEEK_FOUND[2]	吾知汝会藏在那。	759	暂无注释
ANNOUNCE_KITCOON_HIDANDSEEK_FOUND[3]	能见汝。	760	暂无注释
ANNOUNCE_KITCOON_HIDANDSEEK_FOUND_ONE_MORE	故最后藏何？	762	暂无注释
ANNOUNCE_KITCOON_HIDANDSEEK_FOUND_LAST_ONE	吾找到最后。	763	暂无注释
ANNOUNCE_KITCOON_HIDANDSEEK_FOUND_LAST_ONE_TEAM	{name}找到最后。	764	暂无注释
ANNOUNCE_KITCOON_HIDANDSEEK_TIME_ALMOST_UP	彼小家伙们估不耐……	765	暂无注释
ANNOUNCE_KITCOON_HIDANDSEEK_LOSEGAME	看来彼不欲玩……	766	暂无注释
ANNOUNCE_KITCOON_HIDANDSEEK_TOOFAR	彼大约不藏如此远，对否？	767	暂无注释
ANNOUNCE_KITCOON_HIDANDSEEK_TOOFAR_RETURN	小猫们应就在近。	768	暂无注释
ANNOUNCE_KITCOON_FOUND_IN_THE_WILD	吾说刚见那边有何藏着。	769	暂无注释
ANNOUNCE_TICOON_START_TRACKING	其捕捉到气味。	770	暂无注释
ANNOUNCE_TICOON_NOTHING_TO_TRACK	看来其无找到。	771	暂无注释
ANNOUNCE_TICOON_WAITING_FOR_LEADER	吾应随其。	772	暂无注释
ANNOUNCE_TICOON_GET_LEADER_ATTENTION	他很欲吾随。	773	暂无注释
ANNOUNCE_TICOON_NEAR_KITCOON	其一定是发现何。	774	暂无注释
ANNOUNCE_TICOON_LOST_KITCOON	看来别人找到他要找。	775	暂无注释
ANNOUNCE_TICOON_ABANDONED	吾会自找彼小家伙。	776	暂无注释
ANNOUNCE_TICOON_DEAD	可怜……他原本欲带吾去哪？	777	暂无注释
ANNOUNCE_CALL_BEEF	汝给吾过来。	778	暂无注释
ANNOUNCE_CANTBUILDHERE_YOTB_POST	放此裁判是看不到吾之皮弗娄牛。	779	暂无注释
ANNOUNCE_YOTB_LEARN_NEW_PATTERN	吾脑有很多想法。	780	暂无注释
ANNOUNCE_EYEOFTERROR_ARRIVE	彼乃何？	781	暂无注释
ANNOUNCE_EYEOFTERROR_FLYBACK	终好。	782	暂无注释
ANNOUNCE_EYEOFTERROR_FLYAWAY	回，吾与汝没完。	783	暂无注释
ANNOUNCE_CANT_ESCAPE_CURSE	当然不那轻松。	784	暂无注释
ANNOUNCE_MONKEY_CURSE_1	始有一种猴感……	785	暂无注释
ANNOUNCE_MONKEY_CURSE_CHANGE	呀。吾发何还变？	786	暂无注释
ANNOUNCE_MONKEY_CURSE_CHANGEBACK	总从解脱。	787	暂无注释
ANNOUNCE_PIRATES_ARRIVE	彼号子声只意味一事...	788	暂无注释
ANNOUNCE_OFF_SCRIPT	吾感没见过此句。	790	暂无注释
ANNOUNCE_COZY_SLEEP	吾感神清气爽。	791	暂无注释
ANNOUNCE_TOOL_TOOWEAK	吾需一把更结实工具。	792	暂无注释
ANNOUNCE_LUNAR_RIFT_MAX	彼闪光。	793	暂无注释
ANNOUNCE_SHADOW_RIFT_MAX	有些阴险之辈将到来。	794	暂无注释
ANNOUNCE_SCRAPBOOK_FULL	此吾都有了。	795	暂无注释
ANNOUNCE_CHAIR_ON_FIRE	无事。	796	暂无注释
BATTLECRY.GENERIC	吾不退。	821	战斗
BATTLECRY.PIG	汝当沉眠至此。	822	战斗 猪人
BATTLECRY.PREY	汝休想越吾。	823	战斗 猎物？？大象？
BATTLECRY.SPIDER	受死，小蜘蛛。	824	战斗 蜘蛛
BATTLECRY.SPIDER_WARRIOR	见识吾厉害。	825	战斗 蜘蛛战士
BATTLECRY.DEER	汝等胆小鬼。	826	战斗 无眼鹿
COMBAT_QUIT.GENERIC	这下汝可逃不掉。	830	攻击目标被卡住，无法攻击
COMBAT_QUIT.PIG	不堪击。	831	退出战斗-猪人
COMBAT_QUIT.PREY	乌合之众。	832	退出战斗 猎物？？大象？
COMBAT_QUIT.SPIDER	吾暂放过汝。	833	退出战斗 蜘蛛
COMBAT_QUIT.SPIDER_WARRIOR	还想败吾。	834	退出战斗 蜘蛛战士
DESCRIBE.MULTIPLAYER_PORTAL	门另端通何？	838	物品名:"绚丽之门"
DESCRIBE.MULTIPLAYER_PORTAL_MOONROCK	新世界?	839	物品名:"天体传送门"
DESCRIBE.MOONROCKIDOL	需好好捯饬。	840	物品名:"月岩雕像" 制造描述:"重要人物。"
DESCRIBE.CONSTRUCTION_PLANS	何物。	841	物品名:未找到
DESCRIBE.ANTLION.GENERIC	吾身有它想要。	844	物品名:"蚁狮"->默认
DESCRIBE.ANTLION.VERYHAPPY	看来与吾关系好。	845	物品名:"蚁狮"
DESCRIBE.ANTLION.UNHAPPY	看起来很生气。	846	物品名:"蚁狮"
DESCRIBE.ANTLIONTRINKET	看起来很有创意。	848	物品名:"沙滩玩具"
DESCRIBE.SANDSPIKE	沙作刺。	849	物品名:"沙刺"
DESCRIBE.SANDBLOCK	真坚持不懈。	850	物品名:"沙堡"
DESCRIBE.GLASSSPIKE	看起来很危险。	851	物品名:"玻璃尖刺"
DESCRIBE.GLASSBLOCK	送与汝。	852	物品名:"玻璃城堡"
DESCRIBE.ABIGAIL_FLOWER.GENERIC	此花不似宜吾。	855	物品名:"阿比盖尔之花"->默认 制造描述:"一个神奇的纪念品。"
DESCRIBE.ABIGAIL_FLOWER.LEVEL1	汝欲一人待？	856	物品名:"阿比盖尔之花" 制造描述:"一个神奇的纪念品。"
DESCRIBE.ABIGAIL_FLOWER.LEVEL2	原是花仙子。	857	物品名:"阿比盖尔之花" 制造描述:"一个神奇的纪念品。"
DESCRIBE.ABIGAIL_FLOWER.LEVEL3	精神真足。	858	物品名:"阿比盖尔之花" 制造描述:"一个神奇的纪念品。"
DESCRIBE.ABIGAIL_FLOWER.LONG	见汝吾就难过。	859	物品名:"阿比盖尔之花"->还需要很久 制造描述:"一个神奇的纪念品。"
DESCRIBE.ABIGAIL_FLOWER.MEDIUM	此让吾毛骨悚然。	860	物品名:"阿比盖尔之花" 制造描述:"一个神奇的纪念品。"
DESCRIBE.ABIGAIL_FLOWER.SOON	彼花有情况。	861	物品名:"阿比盖尔之花" 制造描述:"一个神奇的纪念品。"
DESCRIBE.ABIGAIL_FLOWER.HAUNTED_POCKET	何情况	862	物品名:"阿比盖尔之花" 制造描述:"一个神奇的纪念品。"
DESCRIBE.ABIGAIL_FLOWER.HAUNTED_GROUND	吾倒要看此花内魂魄。	863	物品名:"阿比盖尔之花" 制造描述:"一个神奇的纪念品。"
DESCRIBE.BALLOONS_EMPTY	看起来没什么用。	865	物品名:"一堆气球" 制造描述:"要是有更简单的方法该多好。"
DESCRIBE.BALLOON	彼何漂浮？	866	物品名:"气球" 制造描述:"谁不喜欢气球呢？"
DESCRIBE.BALLOONPARTY	他何放进去？	867	物品名:"派对气球" 制造描述:"散播一点欢笑。"
DESCRIBE.BALLOONSPEED.DEFLATED	所有都一样。	870	物品名:"迅捷气球" 制造描述:"让你的脚步变得轻盈。"
DESCRIBE.BALLOONSPEED.GENERIC	身体变得轻盈。	871	物品名:"迅捷气球"->默认 制造描述:"让你的脚步变得轻盈。"
DESCRIBE.BALLOONVEST	能让吾安心划船。	873	物品名:"充气背心" 制造描述:"划船时带上这些艳丽的气球。"
DESCRIBE.BALLOONHAT	吾想与友分享。	874	物品名:"气球帽" 制造描述:"开启对话的出色工具。"
DESCRIBE.BERNIE_INACTIVE.BROKEN	此小熊有点脏。	877	物品名:"伯尼" 制造描述:"这个疯狂的世界总有你熟悉的人。"
DESCRIBE.BERNIE_INACTIVE.GENERIC	它全烧焦。	878	物品名:"伯尼"->默认 制造描述:"这个疯狂的世界总有你熟悉的人。"
DESCRIBE.BERNIE_ACTIVE	此小熊活过来。	880	物品名:"伯尼"
DESCRIBE.BERNIE_BIG	不要惹恼。	881	物品名:"伯尼。"
DESCRIBE.BOOKSTATION.GENERIC	无修仙密卷？	884	物品名:"书架"->默认 制造描述:"所有图书均须遵循杜威十进制分类法整理。"
DESCRIBE.BOOKSTATION.BURNT	看来是没用。	885	物品名:"书架"->烧焦的 制造描述:"所有图书均须遵循杜威十进制分类法整理。"
DESCRIBE.BOOK_BIRDS	一书。	887	物品名:"世界鸟类大全" 制造描述:"涵盖1000个物种：习性、栖息地及叫声。"
DESCRIBE.BOOK_TENTACLES	有人会被拖去读此书。	888	物品名:"触手的召唤" 制造描述:"让我们来了解一下地下的朋友们。"
DESCRIBE.BOOK_GARDENING	读半天没看出玄机。	889	物品名:"应用园艺学" 制造描述:"讲述培育和照料植物的相关知识。"
DESCRIBE.BOOK_SILVICULTURE	吾还坚持自道。	890	物品名:"应用造林学" 制造描述:"分支管理的指引。"
DESCRIBE.BOOK_HORTICULTURE	读半天没看出玄机。	891	物品名:"园艺学简编版" 制造描述:"讲述培育和照料植物的相关知识。"
DESCRIBE.BOOK_SLEEP	不太明白。	892	物品名:"睡前故事" 制造描述:"送你入梦的睡前故事。"
DESCRIBE.BOOK_BRIMSTONE	此书或带来灾害。	893	物品名:"末日将至。" 制造描述:"世界将在火焰和灾难中终结。"
DESCRIBE.BOOK_FISH	好多小鱼们都聚过来。	894	物品名:"垂钓者生存指南" 制造描述:"让捕鱼变得简单。"
DESCRIBE.BOOK_FIRE	并无心情。	895	物品名:"意念控火术详解" 制造描述:"使用这些简单的技巧来化解任何火爆的场面。"
DESCRIBE.BOOK_WEB	小小蜘蛛吾不怕。	896	物品名:"克服蛛形纲恐惧症" 制造描述:"要在对方的网络里行走过一里路才能算真正了解一个人。"
DESCRIBE.BOOK_TEMPERATURE	吾喜欢夏天。	897	物品名:"控温学" 制造描述:"通过这些简单的步骤完全控制你的个人气候。"
DESCRIBE.BOOK_LIGHT	此能量驱散了黑暗。	898	物品名:"永恒之光" 制造描述:"阅读后能启迪出智慧的光芒。"
DESCRIBE.BOOK_RAIN	下雨天会打湿。	899	物品名:"实用求雨仪式" 制造描述:"留着防备雨天，你来决定哪天是雨天。"
DESCRIBE.BOOK_MOON	此书蕴含了刺骨冰凉。	900	物品名:"月之魔典" 制造描述:"召唤月亮的力量。"
DESCRIBE.BOOK_BEES	哈哈，吾帮手来。	901	物品名:"养蜂笔记" 制造描述:"学习养蜂的基本知识。"
DESCRIBE.BOOK_HORTICULTURE_UPGRADED	吾瞧瞧何种种。	902	物品名:"园艺学扩展版" 制造描述:"专家分析如何进行高级农作物护理。"
DESCRIBE.BOOK_RESEARCH_STATION	好书，好书。	903	物品名:"万物百科" 制造描述:"万事万物从A到Z的完整指南。"
DESCRIBE.BOOK_LIGHT_UPGRADED	光芒万丈。	904	物品名:"永恒之光之复兴" 制造描述:"全本比之前的简本散发出更闪耀的光芒。"
DESCRIBE.FIREPEN	其主一定很强大。	905	物品名:"火焰笔" 制造描述:"小小的笔身中潜藏着暴躁的火焰。"
DESCRIBE.PLAYER.GENERIC	汝好，%s。	908	物品名:未找到
DESCRIBE.PLAYER.ATTACKER	%s 汝似善变...	909	物品名:未找到
DESCRIBE.PLAYER.MURDERER	有危意。	910	物品名:未找到
DESCRIBE.PLAYER.REVIVER	%s，此物不凡。	911	物品名:"告密的心" 制造描述:"鬼魂朋友复活了，好可怕。"
DESCRIBE.PLAYER.GHOST	%s 或需吾助。	912	物品名:"幽灵"
DESCRIBE.PLAYER.FIRESTARTER	焚之无趣，%s。	913	物品名:未找到
DESCRIBE.WILSON.GENERIC	汝自何来，何故现于荒野？	917	物品名:"威尔逊"->默认
DESCRIBE.WILSON.ATTACKER	甲胄有灵？	918	物品名:"威尔逊"
DESCRIBE.WILSON.MURDERER	吾友，%s。	919	物品名:"威尔逊"
DESCRIBE.WILSON.REVIVER	%s 汝迷于此世矣。	920	物品名:"告密的心" 制造描述:"鬼魂朋友复活了，好可怕。"
DESCRIBE.WILSON.GHOST	不当如此。	921	物品名:"幽灵"
DESCRIBE.WILSON.FIRESTARTER	科技与仙力相冲，%s。	922	物品名:"威尔逊"
DESCRIBE.WOLFGANG.GENERIC	体修有成，%s甚强。	926	物品名:"沃尔夫冈"->默认
DESCRIBE.WOLFGANG.ATTACKER	力为汝之名...	927	物品名:"沃尔夫冈"
DESCRIBE.WOLFGANG.MURDERER	沃尔夫冈，同战。	928	物品名:"沃尔夫冈"
DESCRIBE.WOLFGANG.REVIVER	%s 汝友需汝。	929	物品名:"告密的心" 制造描述:"鬼魂朋友复活了，好可怕。"
DESCRIBE.WOLFGANG.GHOST	其躯已散。	930	物品名:"幽灵"
DESCRIBE.WOLFGANG.FIRESTARTER	小力士，%s。	931	物品名:"沃尔夫冈"
DESCRIBE.WAXWELL.GENERIC	%s 汝之仙法令吾不安。	935	物品名:"麦斯威尔"->默认
DESCRIBE.WAXWELL.ATTACKER	汝影与此世同癫。	936	物品名:"麦斯威尔"
DESCRIBE.WAXWELL.MURDERER	汝之气息令吾生厌。	937	物品名:"麦斯威尔"
DESCRIBE.WAXWELL.REVIVER	或可从汝身探此世之秘。	938	物品名:"告密的心" 制造描述:"鬼魂朋友复活了，好可怕。"
DESCRIBE.WAXWELL.GHOST	%s 魂体何秘？	939	物品名:"幽灵"
DESCRIBE.WAXWELL.FIRESTARTER	%s 影中何藏？	940	物品名:"麦斯威尔"
DESCRIBE.WX78.GENERIC	钢铁之躯，%s。	944	物品名:"WX-78"->默认
DESCRIBE.WX78.ATTACKER	%s 铁躯甚酷。	945	物品名:"WX-78"
DESCRIBE.WX78.MURDERER	%s 或当为汝除锈。	946	物品名:"WX-78"
DESCRIBE.WX78.REVIVER	启复阵，重铸躯。	947	物品名:"告密的心" 制造描述:"鬼魂朋友复活了，好可怕。"
DESCRIBE.WX78.GHOST	可悯，虽汝无魂。	948	物品名:"幽灵"
DESCRIBE.WX78.FIRESTARTER	%s 以雷充能？	949	物品名:"WX-78"
DESCRIBE.WILLOW.GENERIC	奇哉，%s。	953	物品名:"薇洛"->默认
DESCRIBE.WILLOW.ATTACKER	%s 火之子。	954	物品名:"薇洛"
DESCRIBE.WILLOW.MURDERER	汝之熊偶甚可。	955	物品名:"薇洛"
DESCRIBE.WILLOW.REVIVER	%s 憩久矣，当醒。	956	物品名:"告密的心" 制造描述:"鬼魂朋友复活了，好可怕。"
DESCRIBE.WILLOW.GHOST	%s 吾带汝出暗渊。	957	物品名:"幽灵"
DESCRIBE.WILLOW.FIRESTARTER	再来乎？	958	物品名:"薇洛"
DESCRIBE.WENDY.GENERIC	汝好，%s。	962	物品名:"温蒂"->默认
DESCRIBE.WENDY.ATTACKER	%s 其魂似汝？	963	物品名:"温蒂"
DESCRIBE.WENDY.MURDERER	其护汝。	964	物品名:"温蒂"
DESCRIBE.WENDY.REVIVER	%s 可为友。	965	物品名:"告密的心" 制造描述:"鬼魂朋友复活了，好可怕。"
DESCRIBE.WENDY.GHOST	汝不孤。	966	物品名:"幽灵"
DESCRIBE.WENDY.FIRESTARTER	汝事吾知，%s。	967	物品名:"温蒂"
DESCRIBE.WOODIE.GENERIC	%s君，劳矣。	971	物品名:"伍迪"->默认
DESCRIBE.WOODIE.ATTACKER	%s 伐木当心木灵...	972	物品名:"伍迪"
DESCRIBE.WOODIE.MURDERER	来斧，伐。	973	物品名:"伍迪"
DESCRIBE.WOODIE.REVIVER	%s 救众友。	974	物品名:"告密的心" 制造描述:"鬼魂朋友复活了，好可怕。"
DESCRIBE.WOODIE.GHOST	%s 或当助之？	975	物品名:"幽灵"
DESCRIBE.WOODIE.BEAVER	%s 伐木不止。	976	物品名:"伍迪"
DESCRIBE.WOODIE.BEAVERGHOST	%s 吾不救，汝不能伐。	977	物品名:"伍迪"
DESCRIBE.WOODIE.MOOSE	此乃一鹿。	978	物品名:"伍迪"
DESCRIBE.WOODIE.MOOSEGHOST	定不适矣。	979	物品名:"伍迪"
DESCRIBE.WOODIE.GOOSE	观此物。	980	物品名:"伍迪"
DESCRIBE.WOODIE.GOOSEGHOST	后当慎。	981	物品名:"伍迪"
DESCRIBE.WOODIE.FIRESTARTER	%s 莫焚己。	982	物品名:"伍迪"
DESCRIBE.WICKERBOTTOM.GENERIC	汝好，%s。	986	物品名:"薇克巴顿"->默认
DESCRIBE.WICKERBOTTOM.ATTACKER	此世正纳汝。	987	物品名:"薇克巴顿"
DESCRIBE.WICKERBOTTOM.MURDERER	可问于汝乎。	988	物品名:"薇克巴顿"
DESCRIBE.WICKERBOTTOM.REVIVER	汝不当陨于此。	989	物品名:"告密的心" 制造描述:"鬼魂朋友复活了，好可怕。"
DESCRIBE.WICKERBOTTOM.GHOST	其前必博学？	990	物品名:"幽灵"
DESCRIBE.WICKERBOTTOM.FIRESTARTER	吾信汝有因点火。	991	物品名:"薇克巴顿"
DESCRIBE.WES.GENERIC	汝好，%s。	995	物品名:"韦斯"->默认
DESCRIBE.WES.ATTACKER	%s 何故不语...	996	物品名:"韦斯"
DESCRIBE.WES.MURDERER	吾可助汝否？	997	物品名:"韦斯"
DESCRIBE.WES.REVIVER	%s 莫惧，吾带汝归。	998	物品名:"告密的心" 制造描述:"鬼魂朋友复活了，好可怕。"
DESCRIBE.WES.GHOST	其似受咒。	999	物品名:"幽灵"
DESCRIBE.WES.FIRESTARTER	且待。	1000	物品名:"韦斯"
DESCRIBE.WEBBER.GENERIC	汝好，%s。	1004	物品名:"韦伯"->默认
DESCRIBE.WEBBER.ATTACKER	一化形蛛妖。	1005	物品名:"韦伯"
DESCRIBE.WEBBER.MURDERER	后同探。	1006	物品名:"韦伯"
DESCRIBE.WEBBER.REVIVER	%s 救汝不易，当好报。	1007	物品名:"告密的心" 制造描述:"鬼魂朋友复活了，好可怕。"
DESCRIBE.WEBBER.GHOST	%s 彼小物需之。	1008	物品名:"幽灵"
DESCRIBE.WEBBER.FIRESTARTER	此茸茸小物，吾甚喜。	1009	物品名:"韦伯"
DESCRIBE.WATHGRITHR.GENERIC	汝好，%s。	1013	物品名:"薇格弗德"->默认
DESCRIBE.WATHGRITHR.ATTACKER	汝之战技可钦。	1014	物品名:"薇格弗德"
DESCRIBE.WATHGRITHR.MURDERER	%s 汝吾之任未竟。	1015	物品名:"薇格弗德"
DESCRIBE.WATHGRITHR.REVIVER	勇之女武神，归。	1016	物品名:"告密的心" 制造描述:"鬼魂朋友复活了，好可怕。"
DESCRIBE.WATHGRITHR.GHOST	吾闻汝勇，%s。	1017	物品名:"幽灵"
DESCRIBE.WATHGRITHR.FIRESTARTER	%s 做甚好。	1018	物品名:"薇格弗德"
DESCRIBE.WINONA.GENERIC	汝好，%s。	1022	物品名:"薇诺娜"->默认
DESCRIBE.WINONA.ATTACKER	%s 似甚勤。	1023	物品名:"薇诺娜"
DESCRIBE.WINONA.MURDERER	止于此，%s。	1024	物品名:"薇诺娜"
DESCRIBE.WINONA.REVIVER	吾尚需汝，%s。	1025	物品名:"告密的心" 制造描述:"鬼魂朋友复活了，好可怕。"
DESCRIBE.WINONA.GHOST	复生当由吾。	1026	物品名:"幽灵"
DESCRIBE.WINONA.FIRESTARTER	有物燃。	1027	物品名:"薇诺娜"
DESCRIBE.WORTOX.GENERIC	汝好，%s。	1031	物品名:"沃拓克斯"->默认
DESCRIBE.WORTOX.ATTACKER	汝与彼辈同伙？	1032	物品名:"沃拓克斯"
DESCRIBE.WORTOX.MURDERER	小角妖。	1033	物品名:"沃拓克斯"
DESCRIBE.WORTOX.REVIVER	谢汝援，%s。	1034	物品名:"告密的心" 制造描述:"鬼魂朋友复活了，好可怕。"
DESCRIBE.WORTOX.GHOST	其无惧。	1035	物品名:"幽灵"
DESCRIBE.WORTOX.FIRESTARTER	%s 将成负累。	1036	物品名:"沃拓克斯"
DESCRIBE.WORMWOOD.GENERIC	汝好，%s。	1040	物品名:"沃姆伍德"->默认
DESCRIBE.WORMWOOD.ATTACKER	%s 今似多刺。	1041	物品名:"沃姆伍德"
DESCRIBE.WORMWOOD.MURDERER	备除，%s。	1042	物品名:"沃姆伍德"
DESCRIBE.WORMWOOD.REVIVER	吾令汝木逢春，%s。	1043	物品名:"告密的心" 制造描述:"鬼魂朋友复活了，好可怕。"
DESCRIBE.WORMWOOD.GHOST	木亦会死？	1044	物品名:"幽灵"
DESCRIBE.WORMWOOD.FIRESTARTER	吾以为汝厌火，%s。	1045	物品名:"沃姆伍德"
DESCRIBE.WARLY.GENERIC	汝好，%s。	1049	物品名:"沃利"->默认
DESCRIBE.WARLY.ATTACKER	汝身庖厨之气浓甚。	1050	物品名:"沃利"
DESCRIBE.WARLY.MURDERER	愿汝可出丰飧。	1051	物品名:"沃利"
DESCRIBE.WARLY.REVIVER	饭备。	1052	物品名:"告密的心" 制造描述:"鬼魂朋友复活了，好可怕。"
DESCRIBE.WARLY.GHOST	汝烹技莫失。	1053	物品名:"幽灵"
DESCRIBE.WARLY.FIRESTARTER	其将焚此地。	1054	物品名:"沃利"
DESCRIBE.WURT.GENERIC	汝好，%s。	1058	物品名:"沃特"->默认
DESCRIBE.WURT.ATTACKER	%s 今甚可。	1059	物品名:"沃特"
DESCRIBE.WURT.MURDERER	汝又闯祸。	1060	物品名:"沃特"
DESCRIBE.WURT.REVIVER	吾谢汝，%s。	1061	物品名:"告密的心" 制造描述:"鬼魂朋友复活了，好可怕。"
DESCRIBE.WURT.GHOST	%s 奇哉。	1062	物品名:"幽灵"
DESCRIBE.WURT.FIRESTARTER	吾非言莫玩火乎？	1063	物品名:"沃特"
DESCRIBE.WALTER.GENERIC	汝好，%s。	1067	物品名:"沃尔特"->默认
DESCRIBE.WALTER.ATTACKER	汝又闯祸？	1068	物品名:"沃尔特"
DESCRIBE.WALTER.MURDERER	汝事尽乎，%s？	1069	物品名:"沃尔特"
DESCRIBE.WALTER.REVIVER	%s 吾召汝归。	1070	物品名:"告密的心" 制造描述:"鬼魂朋友复活了，好可怕。"
DESCRIBE.WALTER.GHOST	莫惧，吾在。	1071	物品名:"幽灵"
DESCRIBE.WALTER.FIRESTARTER	彼不似营火，%s。	1072	物品名:"沃尔特"
DESCRIBE.WANDA.GENERIC	汝好，%s。	1076	物品名:"旺达"->默认
DESCRIBE.WANDA.ATTACKER	%s 汝之时计甚奇。	1077	物品名:"旺达"
DESCRIBE.WANDA.MURDERER	汝可操时？	1078	物品名:"旺达"
DESCRIBE.WANDA.REVIVER	速归，此世需汝。	1079	物品名:"告密的心" 制造描述:"鬼魂朋友复活了，好可怕。"
DESCRIBE.WANDA.GHOST	此非沮时。	1080	物品名:"幽灵"
DESCRIBE.WANDA.FIRESTARTER	让吾猜，与魂关？	1081	物品名:"旺达"
DESCRIBE.WONKEY.GENERIC	一被咒之猿。	1085	物品名:"芜猴"->默认
DESCRIBE.WONKEY.ATTACKER	猿君食蕉否。	1086	物品名:"芜猴"
DESCRIBE.WONKEY.MURDERER	吾亦欲有猿尾。	1087	物品名:"芜猴"
DESCRIBE.WONKEY.REVIVER	汝又怠，起作。	1088	物品名:"告密的心" 制造描述:"鬼魂朋友复活了，好可怕。"
DESCRIBE.WONKEY.GHOST	其魂似熟。	1089	物品名:"幽灵"
DESCRIBE.WONKEY.FIRESTARTER	汝竟为？	1090	物品名:"芜猴"
DESCRIBE.GLOMMER.GENERIC	顽皮小物。	1097	物品名:"格罗姆"->默认
DESCRIBE.GLOMMER.SLEEPING	友善小物。	1098	物品名:"格罗姆"->睡着了
DESCRIBE.GLOMMERFLOWER.GENERIC	花微亮。	1102	物品名:"格罗姆花"->默认
DESCRIBE.GLOMMERFLOWER.DEAD	花萎，微亮。	1103	物品名:"格罗姆花"->死了
DESCRIBE.GLOMMERWINGS	谁摘小可之翼。	1105	物品名:"格罗姆翅膀"
DESCRIBE.GLOMMERFUEL	恶臭。	1106	物品名:"格罗姆的黏液"
DESCRIBE.BELL	铃响。	1107	物品名:"远古铃铛" 制造描述:"这可不是普通的铃铛。"
DESCRIBE.STATUEGLOMMER.GENERIC	吾不确彼乃何。	1110	物品名:"格罗姆雕像"->默认
DESCRIBE.STATUEGLOMMER.EMPTY	谁碎，真顽。	1111	物品名:"格罗姆雕像"
DESCRIBE.LAVA_POND_ROCK	吾需之。	1113	物品名:"岩石"
DESCRIBE.WEBBERSKULL	可悯小物。	1114	物品名:"韦伯的头骨"
DESCRIBE.WORMLIGHT	似可食。	1115	物品名:"发光浆果"
DESCRIBE.WORMLIGHT_LESSER	略皱。	1116	物品名:"小发光浆果"
DESCRIBE.WORM.PLANT	吾感安。	1119	物品名:"洞穴蠕虫"
DESCRIBE.WORM.DIRT	似土堆。	1120	物品名:"洞穴蠕虫"
DESCRIBE.WORM.WORM	此乃一妖兽。	1121	物品名:"洞穴蠕虫"
DESCRIBE.WORMLIGHT_PLANT	吾感安。	1123	物品名:"神秘植物"
DESCRIBE.MOLE.HELD	无物可掘。	1126	物品名:"鼹鼠"->拿在手里
DESCRIBE.MOLE.UNDERGROUND	下有觅矿者。	1127	物品名:"鼹鼠"
DESCRIBE.MOLE.ABOVEGROUND	吾欲昏之...	1128	物品名:"鼹鼠"
DESCRIBE.MOLEHILL	美好舒适之穴。	1130	物品名:"鼹鼠丘"
DESCRIBE.MOLEHAT	散恶臭，体尚可。	1131	物品名:"鼹鼠帽" 制造描述:"为穿戴者提供夜视能力。"
DESCRIBE.EEL	可作佳肴。	1132	物品名:"鳗鱼"
DESCRIBE.EEL_COOKED	闻尚可。	1133	物品名:"熟鳗鱼"
DESCRIBE.UNAGI	愿此不令人化鱼。	1134	物品名:"鳗鱼料理"
DESCRIBE.EYETURRET	愿其不视吾。	1135	物品名:"眼睛炮塔"
DESCRIBE.EYETURRET_ITEM	其似眠。	1136	物品名:"眼睛炮塔" 制造描述:"要远离讨厌的东西，就得杀了它们。"
DESCRIBE.MINOTAURHORN	哇。	1137	物品名:"守护者之角"
DESCRIBE.MINOTAURCHEST	内或有大好，亦可怖。	1138	物品名:"大号华丽箱子"
DESCRIBE.THULECITE_PIECES	小块铥矿。	1139	物品名:"铥矿碎片"
DESCRIBE.POND_ALGAE	池边之藻。	1140	物品名:"水藻"
DESCRIBE.GREENSTAFF	此物终有用。	1141	物品名:"拆解魔杖" 制造描述:"干净而有效的摧毁。"
DESCRIBE.GIFT	彼赠吾乎？	1142	物品名:"礼物"
DESCRIBE.GIFTWRAP	小技。	1143	物品名:"礼物包装" 制造描述:"把东西打包起来，好看又可爱。"
DESCRIBE.POTTEDFERN	盆中蕨。	1144	物品名:"蕨类盆栽" 制造描述:"做个花盆，里面栽上蕨类植物。"
DESCRIBE.SUCCULENT_POTTED	盆中多肉。	1145	物品名:"多肉盆栽" 制造描述:"塞进陶盆的漂亮多肉植物。"
DESCRIBE.SUCCULENT_PLANT	彼有芦荟。	1146	物品名:"多肉植物"
DESCRIBE.SUCCULENT_PICKED	吾可食。	1147	物品名:"多肉植物"
DESCRIBE.SENTRYWARD	甚玄妙之物。	1148	物品名:"月眼守卫" 制造描述:"绘图者最有价值的武器。"
DESCRIBE.TOWNPORTAL.GENERIC	此法操控沙。	1151	物品名:"懒人传送塔"->默认 制造描述:"用沙子的力量聚集你的朋友们。"
DESCRIBE.TOWNPORTAL.ACTIVE	备。	1152	物品名:"懒人传送塔"->激活了 制造描述:"用沙子的力量聚集你的朋友们。"
DESCRIBE.TOWNPORTALTALISMAN.GENERIC	可带吾去何。	1156	物品名:"沙之石"->默认
DESCRIBE.TOWNPORTALTALISMAN.ACTIVE	玄法阵启。	1157	物品名:"沙之石"->激活了
DESCRIBE.WETPAPER	愿其速干。	1159	物品名:"纸张"
DESCRIBE.WETPOUCH	此包勉强可束。	1160	物品名:"起皱的包裹"
DESCRIBE.MOONROCK_PIECES	吾可碎之。	1161	物品名:"月亮石碎块"
DESCRIBE.MOONBASE.GENERIC	中有孔，似可投物。	1164	物品名:"月亮石"->默认
DESCRIBE.MOONBASE.BROKEN	尽毁。	1165	物品名:"月亮石"
DESCRIBE.MOONBASE.STAFFED	后？	1166	物品名:"月亮石"
DESCRIBE.MOONBASE.WRONGSTAFF	非也，非也。	1167	物品名:"月亮石"->插错法杖
DESCRIBE.MOONBASE.MOONSTAFF	玄妙之物。	1168	物品名:"月亮石"->已经插了法杖的（月杖）
DESCRIBE.MOONDIAL.GENERIC	可见月中蠢兔。	1172	物品名:"月晷"->默认 制造描述:"追踪月相。"
DESCRIBE.MOONDIAL.NIGHT_NEW	乃新月。	1173	物品名:"月晷"->新月 制造描述:"追踪月相。"
DESCRIBE.MOONDIAL.NIGHT_WAX	月渐圆。	1174	物品名:"月晷"->上弦月 制造描述:"追踪月相。"
DESCRIBE.MOONDIAL.NIGHT_FULL	乃满月。	1175	物品名:"月晷"->满月 制造描述:"追踪月相。"
DESCRIBE.MOONDIAL.NIGHT_WANE	月渐缺。	1176	物品名:"月晷"->下弦月 制造描述:"追踪月相。"
DESCRIBE.MOONDIAL.CAVE	下无月。	1177	物品名:"月晷"->洞穴 制造描述:"追踪月相。"
DESCRIBE.MOONDIAL.GLASSED	似有盯吾。	1179	物品名:"月晷" 制造描述:"追踪月相。"
DESCRIBE.THULECITE	此矿自何来？	1181	物品名:"铥矿" 制造描述:"将小碎片合成一大块。"
DESCRIBE.ARMORRUINS	其轻奇。	1182	物品名:"铥矿甲" 制造描述:"炫目并且能提供保护。"
DESCRIBE.ARMORSKELETON	铮铮白骨。	1183	物品名:"骨头盔甲"
DESCRIBE.SKELETONHAT	吾头昏。	1184	物品名:"骨头头盔"
DESCRIBE.RUINS_BAT	量重。	1185	物品名:"铥矿棒" 制造描述:"尖钉让一切变得更好。"
DESCRIBE.RUINSHAT	令吾更强？	1186	物品名:"铥矿皇冠" 制造描述:"附有远古力场。"
DESCRIBE.NIGHTMARE_TIMEPIECE.CALM	皆安。	1189	物品名:"铥矿徽章" 制造描述:"跟踪周围魔力水平的流动。"
DESCRIBE.NIGHTMARE_TIMEPIECE.WARN	感内有灵流。	1190	物品名:"铥矿徽章" 制造描述:"跟踪周围魔力水平的流动。"
DESCRIBE.NIGHTMARE_TIMEPIECE.WAXING	愈密。	1191	物品名:"铥矿徽章" 制造描述:"跟踪周围魔力水平的流动。"
DESCRIBE.NIGHTMARE_TIMEPIECE.STEADY	似稳。	1192	物品名:"铥矿徽章" 制造描述:"跟踪周围魔力水平的流动。"
DESCRIBE.NIGHTMARE_TIMEPIECE.WANING	灵渐弱。	1193	物品名:"铥矿徽章" 制造描述:"跟踪周围魔力水平的流动。"
DESCRIBE.NIGHTMARE_TIMEPIECE.DAWN	噩梦将终。	1194	物品名:"铥矿徽章" 制造描述:"跟踪周围魔力水平的流动。"
DESCRIBE.NIGHTMARE_TIMEPIECE.NOMAGIC	此无应。	1195	物品名:"铥矿徽章" 制造描述:"跟踪周围魔力水平的流动。"
DESCRIBE.BISHOP_NIGHTMARE	其崩。	1197	物品名:"损坏的发条主教"
DESCRIBE.ROOK_NIGHTMARE	可怖。	1198	物品名:"损坏的发条战车"
DESCRIBE.KNIGHT_NIGHTMARE	残躯。	1199	物品名:"损坏的发条骑士"
DESCRIBE.MINOTAUR	远古遗迹之护。	1200	物品名:"远古守护者"
DESCRIBE.SPIDER_DROPPER	莫上视。	1201	物品名:"穴居悬蛛"
DESCRIBE.NIGHTMARELIGHT	吾欲知此物何用。	1202	物品名:"梦魇灯座"
DESCRIBE.NIGHTSTICK	带电。	1203	物品名:"晨星锤" 制造描述:"用于夜间战斗的晨光。"
DESCRIBE.GREENGEM	翠，闪辉。	1204	物品名:"绿宝石"
DESCRIBE.MULTITOOL_AXE_PICKAXE	甚智。	1205	物品名:"多用斧镐" 制造描述:"加倍实用。"
DESCRIBE.ORANGESTAFF	此胜行。	1206	物品名:"懒人魔杖" 制造描述:"适合那些不喜欢走路的人。"
DESCRIBE.YELLOWAMULET	暖。	1207	物品名:"魔光护符" 制造描述:"从天堂汲取力量。"
DESCRIBE.GREENAMULET	吾亦需此。	1208	物品名:"建造护符" 制造描述:"用更少的材料合成物品。"
DESCRIBE.SLURPERPELT	死无异。	1209	物品名:"铥矿徽章"->啜食者皮 制造描述:"跟踪周围魔力水平的流动。"
DESCRIBE.SLURPER	其不可。	1210	物品名:"啜食者"
DESCRIBE.SLURPER_PELT	死无异。	1211	物品名:"啜食者皮"
DESCRIBE.ARMORSLURPER	紧带不饥。	1212	物品名:"饥饿腰带" 制造描述:"保持肚子不饿。"
DESCRIBE.ORANGEAMULET	助吾拾物。	1213	物品名:"懒人护符" 制造描述:"适合那些不喜欢捡东西的人。"
DESCRIBE.YELLOWSTAFF	一炽星。	1214	物品名:"唤星者魔杖" 制造描述:"召唤一个小星星。"
DESCRIBE.YELLOWGEM	此宝石黄。	1215	物品名:"黄宝石"
DESCRIBE.ORANGEGEM	一橙宝石。	1216	物品名:"橙宝石"
DESCRIBE.OPALSTAFF	如夜璨晨星。	1217	物品名:"唤月者魔杖"
DESCRIBE.OPALPRECIOUSGEM	此宝石甚奇。	1218	物品名:"彩虹宝石"
DESCRIBE.TELEBASE.VALID	其备。	1221	物品名:"传送焦点"->有效 制造描述:"装上宝石试试。"
DESCRIBE.TELEBASE.GEMS	需更多紫宝石。	1222	物品名:"传送焦点"->需要宝石 制造描述:"装上宝石试试。"
DESCRIBE.GEMSOCKET.VALID	似备。	1226	物品名:"宝石底座"->有效
DESCRIBE.GEMSOCKET.GEMS	需一宝石。	1227	物品名:"宝石底座"->需要宝石
DESCRIBE.STAFFLIGHT	彼似甚危。	1229	物品名:"矮星"
DESCRIBE.STAFFCOLDLIGHT	刺目。	1230	物品名:"极光"
DESCRIBE.ANCIENT_ALTAR	古秘之筑。	1231	物品名:"远古伪科学站"
DESCRIBE.ANCIENT_ALTAR_BROKEN	此似损。	1232	物品名:"损坏的远古伪仙力站"
DESCRIBE.ANCIENT_STATUE	其似动，与世不容。	1233	物品名:"远古雕像"
DESCRIBE.LICHEN	此植可生此境。	1234	物品名:"洞穴苔藓"
DESCRIBE.CUTLICHEN	存不久。	1235	物品名:"苔藓"
DESCRIBE.CAVE_BANANA	良食。	1236	物品名:"香蕉"
DESCRIBE.CAVE_BANANA_COOKED	可食。	1237	物品名:"熟香蕉"
DESCRIBE.CAVE_BANANA_TREE	此竟有蕉。	1238	物品名:"洞穴香蕉树"
DESCRIBE.ROCKY	其钳不凡。	1239	物品名:"石虾"
DESCRIBE.COMPASS.GENERIC	吾面何方？	1242	物品名:"指南针"->默认 制造描述:"指向北方。"
DESCRIBE.COMPASS.N	北。	1243	物品名:"指南针" 制造描述:"指向北方。"
DESCRIBE.COMPASS.S	南。	1244	物品名:"指南针" 制造描述:"指向北方。"
DESCRIBE.COMPASS.E	东。	1245	物品名:"指南针" 制造描述:"指向北方。"
DESCRIBE.COMPASS.W	西。	1246	物品名:"指南针" 制造描述:"指向北方。"
DESCRIBE.COMPASS.NE	东北。	1247	物品名:"指南针" 制造描述:"指向北方。"
DESCRIBE.COMPASS.SE	东南。	1248	物品名:"指南针" 制造描述:"指向北方。"
DESCRIBE.COMPASS.NW	西北。	1249	物品名:"指南针" 制造描述:"指向北方。"
DESCRIBE.COMPASS.SW	西南。	1250	物品名:"指南针" 制造描述:"指向北方。"
DESCRIBE.HOUNDSTOOTH	或可作兵。	1252	物品名:"犬牙"
DESCRIBE.ARMORSNURTLESHELL	吾可藏内。	1253	物品名:"蜗壳护甲"
DESCRIBE.BAT	恶。	1254	物品名:"洞穴蝙蝠"
DESCRIBE.BATBAT	其不锋。	1255	物品名:"蝙蝠棒" 制造描述:"所有科技都如此...耗费精神。"
DESCRIBE.BATWING	彼物死亦厌。	1256	物品名:"洞穴蝙蝠翅膀"
DESCRIBE.BATWING_COOKED	其不活。	1257	物品名:"熟蝙蝠翅膀"
DESCRIBE.BATCAVE	吾不欲醒之。	1258	物品名:"蝙蝠洞"
DESCRIBE.BEDROLL_FURRY	暖而适。	1259	物品名:"毛皮铺盖" 制造描述:"舒适地一觉睡到天亮。"
DESCRIBE.BUNNYMAN	兔。	1260	物品名:"兔人"
DESCRIBE.FLOWER_CAVE	是某种灵力使其发亮。	1261	物品名:"荧光花"
DESCRIBE.GUANO	秽物。	1262	物品名:"鸟粪"
DESCRIBE.LANTERN	发光之物。	1263	物品名:"提灯" 制造描述:"可加燃料、明亮、便携。"
DESCRIBE.LIGHTBULB	灵攒动。	1264	物品名:"荧光果"
DESCRIBE.MANRABBIT_TAIL	茸茸。	1265	物品名:"兔绒"
DESCRIBE.MUSHROOMHAT	令人如趣人。	1266	物品名:"蘑菇帽"
DESCRIBE.MUSHROOM_LIGHT2.ON	灵流。	1269	物品名:"菌伞灯"->开启 制造描述:"受到火山岩浆灯饰学问的激发。"
DESCRIBE.MUSHROOM_LIGHT2.OFF	似灵被抽。	1270	物品名:"菌伞灯"->关闭 制造描述:"受到火山岩浆灯饰学问的激发。"
DESCRIBE.MUSHROOM_LIGHT2.BURNT	吾未令其霉。	1271	物品名:"菌伞灯"->烧焦的 制造描述:"受到火山岩浆灯饰学问的激发。"
DESCRIBE.MUSHROOM_LIGHT.ON	灵点亮之。	1275	物品名:"蘑菇灯"->开启 制造描述:"任何蘑菇的完美添加物。"
DESCRIBE.MUSHROOM_LIGHT.OFF	其为满灵菇。	1276	物品名:"蘑菇灯"->关闭 制造描述:"任何蘑菇的完美添加物。"
DESCRIBE.MUSHROOM_LIGHT.BURNT	尽焦。	1277	物品名:"蘑菇灯"->烧焦的 制造描述:"任何蘑菇的完美添加物。"
DESCRIBE.SLEEPBOMB	一掷令吾困。	1279	物品名:"睡袋" 制造描述:"可以扔掉的袋子睡意沉沉。"
DESCRIBE.MUSHROOMBOMB	危物现。	1280	物品名:"炸弹蘑菇"
DESCRIBE.SHROOM_SKIN	一妖皮。	1281	物品名:"蘑菇皮"
DESCRIBE.TOADSTOOL_CAP.EMPTY	乃地一穴。	1284	物品名:"毒菌蟾蜍"
DESCRIBE.TOADSTOOL_CAP.INGROUND	有物出。	1285	物品名:"毒菌蟾蜍"->在地里面
DESCRIBE.TOADSTOOL_CAP.GENERIC	让吾斫之。	1286	物品名:"毒菌蟾蜍"->默认
DESCRIBE.TOADSTOOL.GENERIC	聚毒之源。	1290	物品名:"毒菌蟾蜍"->默认
DESCRIBE.TOADSTOOL.RAGE	其似怒。	1291	物品名:"毒菌蟾蜍"->愤怒
DESCRIBE.MUSHROOMSPROUT.GENERIC	有点意思。	1295	物品名:"孢子帽"->默认
DESCRIBE.MUSHROOMSPROUT.BURNT	不适。	1296	物品名:"孢子帽"->烧焦的
DESCRIBE.MUSHTREE_TALL.GENERIC	彼菇甚大。	1300	物品名:"蓝蘑菇树"->默认
DESCRIBE.MUSHTREE_TALL.BLOOM	远观不出，其臭。	1301	物品名:"蓝蘑菇树"->蘑菇树繁殖？？
DESCRIBE.MUSHTREE_MEDIUM.GENERIC	红植，火色。	1305	物品名:"红蘑菇树"->默认
DESCRIBE.MUSHTREE_MEDIUM.BLOOM	此令吾略厌。	1306	物品名:"红蘑菇树"->蘑菇树繁殖？？
DESCRIBE.MUSHTREE_SMALL.GENERIC	植之色。	1310	物品名:"绿蘑菇树"->默认
DESCRIBE.MUSHTREE_SMALL.BLOOM	繁出之植。	1311	物品名:"绿蘑菇树"->蘑菇树繁殖？？
DESCRIBE.MUSHTREE_TALL_WEBBED	需打扫。	1313	物品名:"蛛网蓝蘑菇树"
DESCRIBE.SPORE_TALL.GENERIC	其飘荡。	1316	物品名:"蓝色孢子"->默认
DESCRIBE.SPORE_TALL.HELD	吾需感灵流。	1317	物品名:"蓝色孢子"->拿在手里
DESCRIBE.SPORE_MEDIUM.GENERIC	在世有牵。	1321	物品名:"红色孢子"->默认
DESCRIBE.SPORE_MEDIUM.HELD	吾需感灵流。	1322	物品名:"红色孢子"->拿在手里
DESCRIBE.SPORE_SMALL.GENERIC	植之色。	1326	物品名:"绿色孢子"->默认
DESCRIBE.SPORE_SMALL.HELD	吾需感灵流。	1327	物品名:"绿色孢子"->拿在手里
DESCRIBE.RABBITHOUSE.GENERIC	彼非真萝卜。	1331	物品名:"兔屋"->默认 制造描述:"可容纳一只巨大的兔子及其所有物品。"
DESCRIBE.RABBITHOUSE.BURNT	彼非真烤萝卜。	1332	物品名:"兔屋"->烧焦的 制造描述:"可容纳一只巨大的兔子及其所有物品。"
DESCRIBE.SLURTLE	其有移家。	1334	物品名:"蛞蝓龟"
DESCRIBE.SLURTLE_SHELLPIECES	壳碎。	1335	物品名:"外壳碎片"
DESCRIBE.SLURTLEHAT	吾可藏内。	1336	物品名:"背壳头盔"
DESCRIBE.SLURTLEHOLE	有物居此？	1337	物品名:"蛞蝓龟窝"
DESCRIBE.SLURTLESLIME	不欲触。	1338	物品名:"蛞蝓龟黏液"
DESCRIBE.SNURTLE	遁。	1339	物品名:"蜗牛龟"
DESCRIBE.SPIDER_HIDER	其似岩。	1340	物品名:"洞穴蜘蛛"
DESCRIBE.SPIDER_SPITTER	吾厌之。	1341	物品名:"喷射蜘蛛"
DESCRIBE.SPIDERHOLE	其外布网。	1342	物品名:"蛛网岩"
DESCRIBE.SPIDERHOLE_ROCK	其外布网。	1343	物品名:"兔屋" 制造描述:"可容纳一只巨大的兔子及其所有物品。"
DESCRIBE.STALAGMITE	吾观其如石。	1344	物品名:"石笋"
DESCRIBE.STALAGMITE_TALL	可感灵在内...	1345	物品名:"石笋"
DESCRIBE.TURF_CARPETFLOOR	柔毯。	1346	物品名:"地毯地板" 制造描述:"超级柔软。闻着就像皮弗娄牛。"
DESCRIBE.TURF_CHECKERFLOOR	其不华。	1347	物品名:"棋盘地板" 制造描述:"精心制作成棋盘状的大理石地砖。"
DESCRIBE.TURF_DIRT	一地皮。	1348	物品名:"泥土地皮"
DESCRIBE.TURF_FOREST	一地皮。	1349	物品名:"森林地皮" 制造描述:"一块森林地皮。"
DESCRIBE.TURF_GRASS	一地皮。	1350	物品名:"长草地皮" 制造描述:"一片草地。"
DESCRIBE.TURF_MARSH	一地皮。	1351	物品名:"沼泽地皮" 制造描述:"沼泽在哪，家就在哪。"
DESCRIBE.TURF_METEOR	一月面。	1352	物品名:"月球环形山地皮" 制造描述:"月球表面的月坑。"
DESCRIBE.TURF_PEBBLEBEACH	一滩。	1353	物品名:"岩石海滩地皮" 制造描述:"一块鹅卵石海滩地皮。"
DESCRIBE.TURF_ROAD	草铺之石。	1354	物品名:"卵石路" 制造描述:"修建你自己的道路，通往任何地方。"
DESCRIBE.TURF_ROCKY	一地皮。	1355	物品名:"岩石地皮" 制造描述:"一块石头地皮。"
DESCRIBE.TURF_SAVANNA	一地皮。	1356	物品名:"热带草原地皮" 制造描述:"一块热带草原地皮。"
DESCRIBE.TURF_WOODFLOOR	此乃木地。	1357	物品名:"木地板" 制造描述:"优质复合地板。"
DESCRIBE.TURF_CAVE	又一地皮。	1358	物品名:"鸟粪地皮" 制造描述:"洞穴地面冰冷的岩石。"
DESCRIBE.TURF_FUNGUS	又一地皮。	1359	物品名:"真菌地皮" 制造描述:"一块长满了真菌的洞穴地皮。"
DESCRIBE.TURF_FUNGUS_MOON	又一地皮。	1360	物品名:"变异真菌地皮" 制造描述:"一块长满了变异真菌的洞穴地皮。"
DESCRIBE.TURF_ARCHIVE	又一地皮。	1361	物品名:"远古石刻" 制造描述:"解封档案馆中的远古石器。"
DESCRIBE.TURF_SINKHOLE	又一地皮。	1362	物品名:"黏滑地皮" 制造描述:"一块潮湿、沾满泥巴的草地地皮。"
DESCRIBE.TURF_UNDERROCK	又一地皮。	1363	物品名:"洞穴岩石地皮" 制造描述:"一块乱石嶙峋的洞穴地皮。"
DESCRIBE.TURF_MUD	又一地皮。	1364	物品名:"泥泞地皮" 制造描述:"一块泥地地皮。"
DESCRIBE.TURF_DECIDUOUS	又一地皮。	1365	物品名:"落叶林地皮" 制造描述:"一块落叶林地皮。"
DESCRIBE.TURF_SANDY	又一地皮。	1366	物品名:"兔屋" 制造描述:"可容纳一只巨大的兔子及其所有物品。"
DESCRIBE.TURF_BADLANDS	又一地皮。	1367	物品名:"兔屋" 制造描述:"可容纳一只巨大的兔子及其所有物品。"
DESCRIBE.TURF_DESERTDIRT	一地皮。	1368	物品名:"沙漠地皮" 制造描述:"一片干燥的沙子。"
DESCRIBE.TURF_FUNGUS_GREEN	一地皮。	1369	物品名:"真菌地皮" 制造描述:"一块爬满绿菌的洞穴地皮。"
DESCRIBE.TURF_FUNGUS_RED	一地皮。	1370	物品名:"真菌地皮" 制造描述:"一块爬满红菌的洞穴地皮。"
DESCRIBE.TURF_DRAGONFLY	汝欲证其防火乎？	1371	物品名:"龙鳞地板" 制造描述:"消除火灾蔓延速度。"
DESCRIBE.TURF_SHELLBEACH	一滩。	1372	物品名:"贝壳海滩地皮" 制造描述:"一块贝壳海岸。"
DESCRIBE.TURF_RUINSBRICK	又一地皮。	1373	物品名:"远古地面" 制造描述:"远古石制地面，装饰的魔法技艺早已失传。"
DESCRIBE.TURF_RUINSBRICK_GLOW	又一地皮。	1374	物品名:"仿远古地面" 制造描述:"远古石制地面的复刻。"
DESCRIBE.TURF_RUINSTILES	又一地皮。	1375	物品名:"远古瓷砖" 制造描述:"瓷砖地面，装饰的魔法技艺早已失传。"
DESCRIBE.TURF_RUINSTILES_GLOW	又一地皮。	1376	物品名:"仿远古瓷砖" 制造描述:"远古瓷砖地面的复刻。"
DESCRIBE.TURF_RUINSTRIM	又一地皮。	1377	物品名:"远古砖雕" 制造描述:"砖石地面，装饰的魔法技艺早已失传。"
DESCRIBE.TURF_RUINSTRIM_GLOW	又一地皮。	1378	物品名:"仿远古砖雕" 制造描述:"远古砖石地面的复刻。"
DESCRIBE.TURF_MONKEY_GROUND	一沙地。	1379	物品名:"月亮码头海滩地皮" 制造描述:"一片沙地，散发着淡淡的香蕉香。"
DESCRIBE.TURF_CARPETFLOOR2	其奇柔。	1380	物品名:"茂盛地毯" 制造描述:"超级超级软。"
DESCRIBE.TURF_MOSAIC_GREY	又一地皮。	1381	物品名:"灰色马赛克地板" 制造描述:"优雅的碎石。灰色。"
DESCRIBE.TURF_MOSAIC_RED	又一地皮。	1382	物品名:"红色马赛克地板" 制造描述:"优雅的碎石。红色。"
DESCRIBE.TURF_MOSAIC_BLUE	又一地皮。	1383	物品名:"蓝色马赛克地板" 制造描述:"优雅的碎石。蓝色。"
DESCRIBE.TURF_BEARD_RUG	又一地皮。	1384	物品名:"胡须地毯" 制造描述:"有些人就是喜欢行为艺术。"
DESCRIBE.POWCAKE	似不美。	1385	物品名:"芝士蛋糕"
DESCRIBE.CAVE_ENTRANCE	吾欲掘此。	1386	物品名:"被堵住的洞穴"
DESCRIBE.CAVE_ENTRANCE_RUINS	通地府。	1387	物品名:"被堵住的陷洞"->单机 洞二入口
DESCRIBE.CAVE_ENTRANCE_OPEN.GENERIC	上生何事。	1390	物品名:"洞穴"->默认
DESCRIBE.CAVE_ENTRANCE_OPEN.OPEN	下定有奇物。	1391	物品名:"洞穴"->打开
DESCRIBE.CAVE_ENTRANCE_OPEN.FULL	速让吾入。	1392	物品名:"洞穴"->满了
DESCRIBE.CAVE_EXIT.GENERIC	此梯可上。	1396	物品名:"楼梯"->默认
DESCRIBE.CAVE_EXIT.OPEN	吾暂不欲探。	1397	物品名:"楼梯"->打开
DESCRIBE.CAVE_EXIT.FULL	速让吾上。	1398	物品名:"楼梯"->满了
DESCRIBE.MAXWELLPHONOGRAPH	声自彼来。	1400	single player  -- 物品名:"麦斯威尔的留声机"->单机 麦斯威尔留声机
DESCRIBE.BOOMERANG	可归之法。	1401	物品名:"回旋镖" 制造描述:"来自澳洲土著。"
DESCRIBE.PIGGUARD	猪人君。	1402	物品名:"猪人守卫"
DESCRIBE.ABIGAIL.LEVEL1[0]	噢，其有小巧蝶结。	1407	物品名:未找到 制造描述:未找到
DESCRIBE.ABIGAIL.LEVEL1[1]	噢，其有小巧蝶结。	1408	物品名:未找到 制造描述:未找到
DESCRIBE.ABIGAIL.LEVEL2[0]	噢，其有小巧蝶结。	1412	物品名:未找到 制造描述:未找到
DESCRIBE.ABIGAIL.LEVEL2[1]	噢，其有小巧蝶结。	1413	物品名:未找到 制造描述:未找到
DESCRIBE.ABIGAIL.LEVEL3[0]	噢，其有小巧蝶结。	1417	物品名:未找到 制造描述:未找到
DESCRIBE.ABIGAIL.LEVEL3[1]	噢，其有小巧蝶结。	1418	物品名:未找到 制造描述:未找到
DESCRIBE.ADVENTURE_PORTAL	吾不明此效。	1421	物品名:"麦斯威尔之门"->单机 麦斯威尔之门
DESCRIBE.AMULET	戴之甚安。	1422	物品名:"重生护符" 制造描述:"逃离死神的魔爪。"
DESCRIBE.ANIMAL_TRACK	食留之迹。吾指...一兽。	1423	物品名:"动物足迹"
DESCRIBE.ARMORGRASS	勉强可用。	1424	物品名:"草甲" 制造描述:"提供少许防护。"
DESCRIBE.ARMORMARBLE	彼甚沉。	1425	物品名:"大理石甲" 制造描述:"它很重，但能够保护你。"
DESCRIBE.ARMORWOOD	彼甚合。	1426	物品名:"木甲" 制造描述:"为你抵御部分伤害。"
DESCRIBE.ARMOR_SANITY	着吾虽安，心不实。	1427	物品名:"暗夜甲" 制造描述:"保护你的躯体，但无法保护你的心智。"
DESCRIBE.ASH.GENERIC	火尽之遗。	1430	物品名:"灰烬"->默认
DESCRIBE.ASH.REMAINS_GLOMMERFLOWER	被火噬。	1431	物品名:"灰烬"->单机专用
DESCRIBE.ASH.REMAINS_EYE_BONE	被火噬。	1432	物品名:"灰烬"->单机专用
DESCRIBE.ASH.REMAINS_THINGIE	吾甚厌火。	1433	物品名:"灰烬"->单机专用
DESCRIBE.AXE	可恃斧。	1435	物品名:"斧头" 制造描述:"砍倒树木。"
DESCRIBE.BABYBEEFALO.GENERIC	尚可。	1438	物品名:"小皮弗娄牛"->默认
DESCRIBE.BABYBEEFALO.SLEEPING	好梦。	1439	物品名:"小皮弗娄牛"->睡着了
DESCRIBE.BUNDLE	吾之宝皆在内。	1441	物品名:"捆绑物资"
DESCRIBE.BUNDLEWRAP	包物可携多。	1442	物品名:"捆绑包装" 制造描述:"打包东西的必要工具。"
DESCRIBE.BACKPACK	可纳多物。	1443	物品名:"背包" 制造描述:"携带更多物品。"
DESCRIBE.BACONEGGS	似美食。	1444	物品名:"培根煎蛋"
DESCRIBE.BANDAGE	蜜可愈创。	1445	物品名:"蜂蜜药膏" 制造描述:"愈合小伤口。"
DESCRIBE.BASALT	斫不碎。	1446	removed  -- 物品名:"玄武岩"
DESCRIBE.BEARDHAIR	毛发。	1447	物品名:"胡须"
DESCRIBE.BEARGER	大毛家伙，欲同玩乎。	1448	物品名:"熊獾"
DESCRIBE.BEARGERVEST	甚合吾。	1449	物品名:"熊皮背心" 制造描述:"像熊一样的背心。"
DESCRIBE.ICEPACK	皮可保温。	1450	物品名:"保鲜背包" 制造描述:"保持新鲜感。"
DESCRIBE.BEARGER_FUR	一厚皮。	1451	物品名:"熊皮" 制造描述:"毛皮再生。"
DESCRIBE.BEDROLL_STRAW	似适。	1452	物品名:"草席卷" 制造描述:"一觉睡到天亮。"
DESCRIBE.BEEQUEEN	令彼蜂刺远吾。	1453	物品名:"蜂王"
DESCRIBE.BEEQUEENHIVE.GENERIC	甚黏，难行。	1456	物品名:"蜂蜜地块"->默认
DESCRIBE.BEEQUEENHIVE.GROWING	彼物前在此？	1457	物品名:"蜂蜜地块"->正在生长
DESCRIBE.BEEQUEENHIVEGROWN	一巨妖沉寂。	1459	物品名:"巨大蜂窝"
DESCRIBE.BEEGUARD	其护。	1460	物品名:"嗡嗡蜜蜂"
DESCRIBE.HIVEHAT	让吾试戴。	1461	物品名:"蜂王冠"
DESCRIBE.MINISIGN.GENERIC	吾可绘更胜。	1464	物品名:"小木牌"->默认
DESCRIBE.MINISIGN.UNDRAWN	吾等当于上绘物。	1465	物品名:"小木牌"->没有画画
DESCRIBE.MINISIGN_ITEM	如是无多用。应置下。	1467	物品名:"小木牌" 制造描述:"用羽毛笔在这些上面画画。"
DESCRIBE.BEE.GENERIC	嗡嗡。	1470	物品名:"蜜蜂"->默认
DESCRIBE.BEE.HELD	当心。	1471	物品名:"蜜蜂"->拿在手里
DESCRIBE.BEEBOX.READY	其内满蜜。	1475	物品名:"蜂箱"->准备好的 满的 制造描述:"贮存你自己的蜜蜂。"
DESCRIBE.BEEBOX.FULLHONEY	其内满蜜。	1476	物品名:"蜂箱"->蜂蜜满了 制造描述:"贮存你自己的蜜蜂。"
DESCRIBE.BEEBOX.GENERIC	蜂。	1477	物品名:"蜂箱"->默认 制造描述:"贮存你自己的蜜蜂。"
DESCRIBE.BEEBOX.NOHONEY	其空。	1478	物品名:"蜂箱"->没有蜂蜜 制造描述:"贮存你自己的蜜蜂。"
DESCRIBE.BEEBOX.SOMEHONEY	需待。	1479	物品名:"蜂箱"->有一些蜂蜜 制造描述:"贮存你自己的蜜蜂。"
DESCRIBE.BEEBOX.BURNT	何被焚？	1480	物品名:"蜂箱"->烧焦的 制造描述:"贮存你自己的蜜蜂。"
DESCRIBE.MUSHROOM_FARM.STUFFED	此多菇。	1484	物品名:"蘑菇农场"->塞，满了？？ 制造描述:"种蘑菇。"
DESCRIBE.MUSHROOM_FARM.LOTS	菇满。	1485	物品名:"蘑菇农场"->很多 制造描述:"种蘑菇。"
DESCRIBE.MUSHROOM_FARM.SOME	现当续长。	1486	物品名:"蘑菇农场"->有一些 制造描述:"种蘑菇。"
DESCRIBE.MUSHROOM_FARM.EMPTY	吾欲种菇。	1487	物品名:"蘑菇农场" 制造描述:"种蘑菇。"
DESCRIBE.MUSHROOM_FARM.ROTTEN	塞活木可续用。	1488	物品名:"蘑菇农场"->腐烂的--需要活木 制造描述:"种蘑菇。"
DESCRIBE.MUSHROOM_FARM.BURNT	谁焚吾菇。	1489	物品名:"蘑菇农场"->烧焦的 制造描述:"种蘑菇。"
DESCRIBE.MUSHROOM_FARM.SNOWCOVERED	冬不生菇。	1490	物品名:"蘑菇农场"->被雪覆盖 制造描述:"种蘑菇。"
DESCRIBE.BEEFALO.FOLLOWER	小牛随吾。	1494	物品名:"皮弗娄牛"->追随者
DESCRIBE.BEEFALO.GENERIC	是皮弗娄牛。	1495	物品名:"皮弗娄牛"->默认
DESCRIBE.BEEFALO.NAKED	其伤。	1496	物品名:"皮弗娄牛"->牛毛被刮干净了
DESCRIBE.BEEFALO.SLEEPING	此辈睡甚死。	1497	物品名:"皮弗娄牛"->睡着了
DESCRIBE.BEEFALO.DOMESTICATED	此无彼难闻。	1498	物品名:"皮弗娄牛"->驯化牛
DESCRIBE.BEEFALO.ORNERY	其甚怒。	1499	物品名:"皮弗娄牛"->战斗牛
DESCRIBE.BEEFALO.RIDER	此辈似好骑。	1500	物品名:"皮弗娄牛"->骑行牛
DESCRIBE.BEEFALO.PUDGY	嗯，其或食多。	1501	物品名:"皮弗娄牛"->胖牛
DESCRIBE.BEEFALO.MYPARTER	可牛，在此食草。	1502	物品名:"皮弗娄牛"
DESCRIBE.BEEFALOHAT	尚暖。	1504	物品名:"牛角帽" 制造描述:"成为牛群中的一员。连气味也变得一样。"
DESCRIBE.BEEFALOWOOL	似糙毛。	1505	物品名:"牛毛"
DESCRIBE.BEEHAT	防吾被叮。	1506	物品名:"养蜂帽" 制造描述:"防止被愤怒的蜜蜂蜇伤。"
DESCRIBE.BEESWAX	蜂蜡可防腐。	1507	物品名:"蜂蜡" 制造描述:"一种有用的防腐蜂蜡。"
DESCRIBE.BEEHIVE	蜂忙不停。	1508	物品名:"蜂窝"
DESCRIBE.BEEMINE	动则嗡嗡。	1509	物品名:"蜜蜂地雷" 制造描述:"变成武器的蜜蜂。会出什么问题？"
DESCRIBE.BEEMINE_MAXWELL	装地雷之狂妖。	1510	removed  -- 物品名:"麦斯威尔的蚊子陷阱"->单机 麦斯威尔的蚊子陷阱
DESCRIBE.BERRIES	常食。	1511	物品名:"浆果"
DESCRIBE.BERRIES_COOKED	不烧吾亦食。	1512	物品名:"烤浆果"
DESCRIBE.BERRIES_JUICY	味常。	1513	物品名:"多汁浆果"
DESCRIBE.BERRIES_JUICY_COOKED	当腐前食。	1514	物品名:"烤多汁浆果"
DESCRIBE.BERRYBUSH.BARREN	需肥。	1517	物品名:"浆果丛"
DESCRIBE.BERRYBUSH.WITHERED	此热不生长。	1518	物品名:"浆果丛"->枯萎了
DESCRIBE.BERRYBUSH.GENERIC	此应可食。	1519	物品名:"浆果丛"->默认
DESCRIBE.BERRYBUSH.PICKED	或再长？	1520	物品名:"浆果丛"->被采完了
DESCRIBE.BERRYBUSH.DISEASED	病甚重。	1521	removed  -- 物品名:"浆果丛"->生病了
DESCRIBE.BERRYBUSH.DISEASING	有处不妥。	1522	removed  -- 物品名:"浆果丛"->正在生病？？
DESCRIBE.BERRYBUSH.BURNING	速灭。	1523	物品名:"浆果丛"->正在燃烧
DESCRIBE.BERRYBUSH_JUICY.BARREN	无果。	1527	物品名:"多汁浆果丛"
DESCRIBE.BERRYBUSH_JUICY.WITHERED	萎。	1528	物品名:"多汁浆果丛"->枯萎了
DESCRIBE.BERRYBUSH_JUICY.GENERIC	吾来摘果。	1529	物品名:"多汁浆果丛"->默认
DESCRIBE.BERRYBUSH_JUICY.PICKED	努力长。	1530	物品名:"多汁浆果丛"->被采完了
DESCRIBE.BERRYBUSH_JUICY.DISEASED	其不适。	1531	removed  -- 物品名:"多汁浆果丛"->生病了
DESCRIBE.BERRYBUSH_JUICY.DISEASING	呃...有处不妥。	1532	removed  -- 物品名:"多汁浆果丛"->正在生病？？
DESCRIBE.BERRYBUSH_JUICY.BURNING	速灭。	1533	物品名:"多汁浆果丛"->正在燃烧
DESCRIBE.BIGFOOT	彼甚大脚。	1535	removed  -- 物品名:"大脚怪"->单机 大脚怪
DESCRIBE.BIRDCAGE.GENERIC	现需一鸟。	1538	物品名:"鸟笼"->默认 制造描述:"为你的鸟类朋友提供一个幸福的家。"
DESCRIBE.BIRDCAGE.OCCUPIED	内有一鸟。	1539	物品名:"鸟笼"->被占领 制造描述:"为你的鸟类朋友提供一个幸福的家。"
DESCRIBE.BIRDCAGE.SLEEPING	其眠。	1540	物品名:"鸟笼"->睡着了 制造描述:"为你的鸟类朋友提供一个幸福的家。"
DESCRIBE.BIRDCAGE.HUNGRY	其略饥。	1541	物品名:"鸟笼"->有点饿了 制造描述:"为你的鸟类朋友提供一个幸福的家。"
DESCRIBE.BIRDCAGE.STARVING	久未食乎？	1542	物品名:"鸟笼"->挨饿 制造描述:"为你的鸟类朋友提供一个幸福的家。"
DESCRIBE.BIRDCAGE.DEAD	或仅憩？	1543	物品名:"鸟笼"->死了 制造描述:"为你的鸟类朋友提供一个幸福的家。"
DESCRIBE.BIRDCAGE.SKELETON	魂已散。	1544	物品名:"骷髅"
DESCRIBE.BIRDTRAP	网来。	1546	物品名:"捕鸟陷阱" 制造描述:"捕捉会飞的动物。"
DESCRIBE.CAVE_BANANA_BURNT	被焚。	1547	物品名:"鸟笼"->烧焦的洞穴香蕉树 制造描述:"为你的鸟类朋友提供一个幸福的家。"
DESCRIBE.BIRD_EGG	一鸟卵。	1548	物品名:"鸟蛋"
DESCRIBE.BIRD_EGG_COOKED	可食。	1549	物品名:"熟鸟蛋"
DESCRIBE.BISHOP	退。	1550	物品名:"发条主教"
DESCRIBE.BLOWDART_FIRE	此物略危。	1551	物品名:"火焰吹箭" 制造描述:"向你的敌人喷火。"
DESCRIBE.BLOWDART_SLEEP	可令人昏。	1552	物品名:"催眠吹箭" 制造描述:"催眠你的敌人。"
DESCRIBE.BLOWDART_PIPE	可好练。	1553	物品名:"吹箭" 制造描述:"向你的敌人喷射利齿。"
DESCRIBE.BLOWDART_YELLOW	又一控雷法。	1554	物品名:"雷电吹箭" 制造描述:"朝你的敌人放闪电。"
DESCRIBE.BLUEAMULET	温适。	1555	物品名:"寒冰护符" 制造描述:"多么冰冷酷炫的护符。"
DESCRIBE.BLUEGEM	其散寒灵。	1556	物品名:"蓝宝石"
DESCRIBE.BLUEPRINT.COMMON	玄界之根源。	1559	物品名:"蓝图"
DESCRIBE.BLUEPRINT.RARE	容吾一观。	1560	物品名:"蓝图"->罕见的
DESCRIBE.SKETCH	一尊法相图谱。当觅灵地以铸之。	1562	物品名:"{item}草图"
DESCRIBE.COOKINGRECIPECARD.GENERIC	些许膳食方。	1565	物品名:"{item}食谱卡"->默认
DESCRIBE.BLUE_CAP	其气诡谲，触之黏腻。	1567	物品名:"采摘的蓝蘑菇"
DESCRIBE.BLUE_CAP_COOKED	此番异于前...	1568	物品名:"熟蓝蘑菇"
DESCRIBE.BLUE_MUSHROOM.GENERIC	乃蕈也。	1571	物品名:"蓝蘑菇"->默认
DESCRIBE.BLUE_MUSHROOM.INGROUND	其正蛰伏。	1572	物品名:"蓝蘑菇"->在地里面
DESCRIBE.BLUE_MUSHROOM.PICKED	不知可还复生？	1573	物品名:"蓝蘑菇"->被采完了
DESCRIBE.BOARDS	灵木板。	1575	物品名:"木板" 制造描述:"更平直的木头。"
DESCRIBE.BONESHARD	碎骨一片。	1576	物品名:"骨头碎片"
DESCRIBE.BONESTEW	饱腹之羹。	1577	物品名:"炖肉汤"
DESCRIBE.BUGNET	捕虫之器。	1578	物品名:"捕虫网" 制造描述:"抓虫子用的。"
DESCRIBE.BUSHHAT	观之有棘刺之感。	1579	物品名:"灌木丛帽" 制造描述:"很好的伪装。"
DESCRIBE.BUTTER	一味精粹之调和。	1580	物品名:"黄油"
DESCRIBE.BUTTERFLY.GENERIC	彩翼翩跹而去。	1583	物品名:"蝴蝶"->默认
DESCRIBE.BUTTERFLY.HELD	终为吾所获。	1584	物品名:"蝴蝶"->拿在手里
DESCRIBE.BUTTERFLYMUFFIN	信手而成。	1586	物品名:"蝴蝶松饼"
DESCRIBE.BUTTERFLYWINGS	不过毛虫之翼。	1587	物品名:"蝴蝶翅膀"
DESCRIBE.BUZZARD	汝形甚异，可愿为吾演天外之舞？	1588	物品名:"秃鹫"
DESCRIBE.SHADOWDIGGER	善。今非其孤身矣。	1589	物品名:"蝴蝶"
DESCRIBE.SHADOWDANCER	有些景象，见之则欲速忘...	1590	物品名:"暗影舞者"
DESCRIBE.CACTUS.GENERIC	虽有棘刺，其味甚甘。	1593	物品名:"仙人掌"->默认
DESCRIBE.CACTUS.PICKED	已枯槁，棘犹在。	1594	物品名:"仙人掌"->被采完了
DESCRIBE.CACTUS_MEAT_COOKED	出自漠野之炙果。	1596	物品名:"熟仙人掌肉"
DESCRIBE.CACTUS_MEAT	需剔其刺。	1597	物品名:"仙人掌肉"
DESCRIBE.CACTUS_FLOWER	所绽之花，尚堪入目。	1598	物品名:"仙人掌花"
DESCRIBE.COLDFIRE.EMBERS	当添薪，否则将熄。	1601	物品名:"吸热营火"->即将熄灭 制造描述:"这火是越烤越冷的冰火。"
DESCRIBE.COLDFIRE.GENERIC	定可驱散幽暗。	1602	物品名:"吸热营火"->默认 制造描述:"这火是越烤越冷的冰火。"
DESCRIBE.COLDFIRE.HIGH	烈焰将失控。	1603	物品名:"吸热营火"->高 制造描述:"这火是越烤越冷的冰火。"
DESCRIBE.COLDFIRE.LOW	焰势渐微。	1604	物品名:"吸热营火"->低？ 制造描述:"这火是越烤越冷的冰火。"
DESCRIBE.COLDFIRE.NORMAL	甚为舒泰。	1605	物品名:"吸热营火"->普通 制造描述:"这火是越烤越冷的冰火。"
DESCRIBE.COLDFIRE.OUT	火熄矣。	1606	物品名:"吸热营火"->出去？外面？ 制造描述:"这火是越烤越冷的冰火。"
DESCRIBE.CAMPFIRE.EMBERS	当添薪，否则将熄。	1610	物品名:"营火"->即将熄灭 制造描述:"燃烧时发出光亮。"
DESCRIBE.CAMPFIRE.GENERIC	定可驱散幽暗。	1611	物品名:"营火"->默认 制造描述:"燃烧时发出光亮。"
DESCRIBE.CAMPFIRE.HIGH	烈焰将失控。	1612	物品名:"营火"->高 制造描述:"燃烧时发出光亮。"
DESCRIBE.CAMPFIRE.LOW	焰势渐微。	1613	物品名:"营火"->低？ 制造描述:"燃烧时发出光亮。"
DESCRIBE.CAMPFIRE.NORMAL	甚为舒泰。	1614	物品名:"营火"->普通 制造描述:"燃烧时发出光亮。"
DESCRIBE.CAMPFIRE.OUT	火熄矣。	1615	物品名:"营火"->出去？外面？ 制造描述:"燃烧时发出光亮。"
DESCRIBE.CANE	行若御风，几欲飞升。	1617	物品名:"步行手杖" 制造描述:"泰然自若地快步走。"
DESCRIBE.CATCOON	顽皮小灵。	1618	物品名:"浣猫"
DESCRIBE.CATCOONDEN.GENERIC	树桩之巢穴。	1621	物品名:"空心树桩"->默认
DESCRIBE.CATCOONDEN.EMPTY	其主已殁。	1622	物品名:"空心树桩"
DESCRIBE.CATCOONHAT	尚算温煦。	1624	物品名:"猫帽" 制造描述:"适合那些重视温暖甚于朋友的人。"
DESCRIBE.COONTAIL	吾感其犹在摆动。	1625	物品名:"猫尾"
DESCRIBE.CARROT	可与玉兔为友。	1626	物品名:"胡萝卜"
DESCRIBE.CARROT_COOKED	已软糯。	1627	物品名:"烤胡萝卜"
DESCRIBE.CARROT_PLANTED	寻常之食。	1628	物品名:"胡萝卜"
DESCRIBE.CARROT_SEEDS	此乃一粒灵种。	1629	物品名:"椭圆形种子"
DESCRIBE.CARTOGRAPHYDESK.GENERIC	今可示人游历之迹。	1632	物品名:"制图桌"->默认 制造描述:"准确地告诉别人你去过哪里。"
DESCRIBE.CARTOGRAPHYDESK.BURNING	彼事已了。	1633	物品名:"制图桌"->正在燃烧 制造描述:"准确地告诉别人你去过哪里。"
DESCRIBE.CARTOGRAPHYDESK.BURNT	今唯余烬耳。	1634	物品名:"制图桌"->烧焦的 制造描述:"准确地告诉别人你去过哪里。"
DESCRIBE.WATERMELON_SEEDS	此乃一粒灵种。	1636	物品名:"方形种子"
DESCRIBE.CAVE_FERN	草木之属。	1637	物品名:"蕨类植物"
DESCRIBE.CHARCOAL	有焦木之气。	1638	物品名:"木炭"
DESCRIBE.CHESSPIECE_PAWN	吾心有戚戚焉。	1639	物品名:"卒子雕塑"
DESCRIBE.CHESSPIECE_ROOK.GENERIC	其重逾于外观。	1642	物品名:"战车雕塑"->默认
DESCRIBE.CHESSPIECE_ROOK.STRUGGLE	彼自行动。	1643	物品名:"战车雕塑"->三基佬棋子晃动
DESCRIBE.CHESSPIECE_KNIGHT.GENERIC	乃玉马也。	1647	物品名:"骑士雕塑"->默认
DESCRIBE.CHESSPIECE_KNIGHT.STRUGGLE	彼自行动。	1648	物品名:"骑士雕塑"->三基佬棋子晃动
DESCRIBE.CHESSPIECE_BISHOP.GENERIC	一尊法相。	1652	物品名:"主教雕塑"->默认
DESCRIBE.CHESSPIECE_BISHOP.STRUGGLE	彼自行动。	1653	物品名:"主教雕塑"->三基佬棋子晃动
DESCRIBE.CHESSPIECE_MUSE	此相玄奇，未曾得见。	1655	物品名:"女王雕塑"
DESCRIBE.CHESSPIECE_FORMAL	玄机深藏，非吾所能尽解。	1656	物品名:"国王雕塑"
DESCRIBE.CHESSPIECE_HORNUCOPIA	望之竟生口腹之欲。	1657	物品名:"丰饶角雕塑"
DESCRIBE.CHESSPIECE_PIPE	其意幽渺，难以参详。	1658	物品名:"泡泡烟斗雕塑"
DESCRIBE.CHESSPIECE_DEERCLOPS	其目灼灼，似随人转。	1659	物品名:"独眼巨鹿雕塑"
DESCRIBE.CHESSPIECE_BEARGER	近观方知其伟岸。	1660	物品名:"熊獾雕塑"
DESCRIBE.CHESSPIECE_MOOSEGOOSE[0]	鬼斧神工，妙至毫巅。	1663	物品名:"麋鹿鹅雕塑" 制造描述:未找到
DESCRIBE.CHESSPIECE_DRAGONFLY	见此旧物，勾连前尘。	1665	物品名:"龙蝇雕塑"
DESCRIBE.CHESSPIECE_MINOTAUR	今汝为金石，亦受困乎？	1666	物品名:"远古守护者雕塑"
DESCRIBE.CHESSPIECE_BUTTERFLY	蝶梦栩栩，观之可喜。	1667	物品名:"月蛾雕塑"
DESCRIBE.CHESSPIECE_ANCHOR	其重千钧，果不虚言。	1668	物品名:"锚雕塑"
DESCRIBE.CHESSPIECE_MOON	何人竟将广寒拘于此？	1669	物品名:"“月亮” 雕塑"
DESCRIBE.CHESSPIECE_CARRAT	胜者已定，尘埃落定。	1670	物品名:"胡萝卜鼠雕塑"
DESCRIBE.CHESSPIECE_MALBATROSS	此乃何类妖禽？	1671	物品名:"邪天翁雕塑"
DESCRIBE.CHESSPIECE_CRABKING	巍巍乎若小山。	1672	物品名:"帝王蟹雕塑"
DESCRIBE.CHESSPIECE_TOADSTOOL	是蟾栖于木，抑或木化为蟾？	1673	物品名:"毒菌蟾蜍雕塑"
DESCRIBE.CHESSPIECE_STALKER	戾气缠身，非是善类。	1674	物品名:"远古织影者雕塑"
DESCRIBE.CHESSPIECE_KLAUS	吾亦可召此物否？	1675	物品名:"克劳斯雕塑"
DESCRIBE.CHESSPIECE_BEEQUEEN	蜂王之像。	1676	物品名:"蜂王雕塑"
DESCRIBE.CHESSPIECE_ANTLION	是狮是蚁，形貌诡奇。	1677	物品名:"蚁狮雕塑"
DESCRIBE.CHESSPIECE_BEEFALO	此像形制，颇为殊异。	1678	物品名:"皮弗娄牛雕塑"
DESCRIBE.CHESSPIECE_KITCOON	此类小物，寻之甚易。	1679	物品名:"小浣猫雕塑"
DESCRIBE.CHESSPIECE_CATCOON	形神俱合。	1680	物品名:"浣猫雕塑"
DESCRIBE.CHESSPIECE_MANRABBIT	恐石棱刮损其细皮。	1681	物品名:"兔人雕塑"
DESCRIBE.CHESSPIECE_GUARDIANPHASE3	此乃凯旋之象征。	1682	物品名:"天体英雄雕塑"
DESCRIBE.CHESSPIECE_EYEOFTERROR	其目森然，凝睇生寒。	1683	物品名:"恐怖之眼雕塑"
DESCRIBE.CHESSPIECE_TWINSOFTERROR	心神不宁，如染微恙。	1684	物品名:"双子魔眼雕塑"
DESCRIBE.CHESSPIECE_DAYWALKER	一尊气机诡谲之像。	1685	物品名:"噩梦猪人雕像"
DESCRIBE.CHESSPIECE_DEERCLOPS_MUTATED	此像观之，目有刺痛之感。	1686	物品名:"晶体独眼巨鹿雕塑"
DESCRIBE.CHESSPIECE_WARG_MUTATED	充作吾之坐骑，倒也相宜。	1687	物品名:"附身座狼雕塑"
DESCRIBE.CHESSPIECE_BEARGER_MUTATED	怒气勃发，形于颜色。	1688	物品名:"装甲熊獾雕塑"
DESCRIBE.CHESSJUNK1	一堆断烂机括。	1689	物品名:"损坏的发条装置"
DESCRIBE.CHESSJUNK2	又一堆断烂机括。	1690	物品名:"损坏的发条装置"
DESCRIBE.CHESSJUNK3	断烂机括何其多也。	1691	物品名:"损坏的发条装置"
DESCRIBE.CHESTER	此子当为吾之灵宠。	1692	物品名:"切斯特"
DESCRIBE.CHESTER_EYEBONE.GENERIC	彼目灼灼，正窥吾身。	1695	物品名:"眼骨"->默认
DESCRIBE.CHESTER_EYEBONE.WAITING	其目已瞑，陷入沉眠。	1696	物品名:"眼骨"->需要等待
DESCRIBE.COOKEDMANDRAKE	可叹，一灵物竟作盘飧。	1698	物品名:"熟曼德拉草"
DESCRIBE.COOKEDMEAT	火候已足。	1699	物品名:"熟肉"
DESCRIBE.COOKEDMONSTERMEAT	较之生啖，仅略胜一筹。	1700	物品名:"熟怪物肉"
DESCRIBE.COOKEDSMALLMEAT	可一口而尽。	1701	物品名:"熟小肉"
DESCRIBE.COOKPOT.COOKING_LONG	尚需静候些时。	1704	物品名:"烹饪锅"->饭还需要很久 制造描述:"制作更好的食物。"
DESCRIBE.COOKPOT.COOKING_SHORT	行将功成。	1705	物品名:"烹饪锅"->饭快做好了 制造描述:"制作更好的食物。"
DESCRIBE.COOKPOT.DONE	嗯。可堪一尝。	1706	物品名:"烹饪锅"->完成了 制造描述:"制作更好的食物。"
DESCRIBE.COOKPOT.EMPTY	观之竟生饥馑之感。	1707	物品名:"烹饪锅" 制造描述:"制作更好的食物。"
DESCRIBE.COOKPOT.BURNT	釜破炊绝。	1708	物品名:"烹饪锅"->烧焦的 制造描述:"制作更好的食物。"
DESCRIBE.CORN	一味甘饴之食。	1710	物品名:"玉米"
DESCRIBE.CORN_COOKED	别有一番风味。	1711	物品名:"爆米花"
DESCRIBE.CORN_SEEDS	此乃一粒灵种。	1712	物品名:"簇状种子"
DESCRIBE.CANARY.GENERIC	羽色鲜丽，灵雀可人。	1715	物品名:"金丝雀"->默认
DESCRIBE.CANARY.HELD	此雀当贮于金笼，方显贵重。	1716	物品名:"金丝雀"->拿在手里
DESCRIBE.CANARY_POISONED	其状萎顿，显是中了毒瘴。	1718	物品名:"金丝雀（中毒）"
DESCRIBE.CRITTERLAB	内中可有玄机？	1719	物品名:"岩石巢穴"
DESCRIBE.CRITTER_GLOMLING	灵慧小物，颇具趣致。	1720	物品名:"小格罗姆"
DESCRIBE.CRITTER_DRAGONLING	貌丑而性憨，可称丑萌。	1721	物品名:"小龙蝇"
DESCRIBE.CRITTER_LAMB	身覆黏液之灵物。	1722	物品名:"小钢羊"
DESCRIBE.CRITTER_PUPPY	此子或可司守户护院之职。	1723	物品名:"小座狼"
DESCRIBE.CRITTER_KITTEN	吾颇钟爱此小灵物。	1724	物品名:"浣猫崽"
DESCRIBE.CRITTER_PERDLING	观之亦是佳肴。	1725	物品名:"小火鸡"
DESCRIBE.CRITTER_LUNARMOTHLING	堪为暗夜秉烛。	1726	物品名:"小蛾子"
DESCRIBE.CROW.GENERIC	此禽啼鸣，主不祥之兆。	1729	物品名:"乌鸦"->默认
DESCRIBE.CROW.HELD	拘于此地，其心不悦。	1730	物品名:"乌鸦"->拿在手里
DESCRIBE.CUTGRASS	可为别物之材。	1732	物品名:"采下的草"
DESCRIBE.CUTREEDS	可作消遣之用。	1733	物品名:"采下的芦苇"
DESCRIBE.CUTSTONE	顽石琢磨，乃成玉砖。	1734	物品名:"石砖" 制造描述:"切成正方形的石头。"
DESCRIBE.DEADLYFEAST	索命之宴。	1735	unimplemented  -- 物品名:"致命盛宴"->致命盛宴 单机
DESCRIBE.DEER.GENERIC	其目…是否在窥吾？	1738	物品名:"无眼鹿"->默认
DESCRIBE.DEER.ANTLER	呦呦鹿鸣，其角峥嵘，甚为可观。	1739	物品名:"无眼鹿"
DESCRIBE.DEER_ANTLER	鹿角自落，合乎常理否？	1741	物品名:"鹿角"
DESCRIBE.DEER_GEMMED	其气有异，非比寻常。	1742	物品名:"无眼鹿"
DESCRIBE.DEERCLOPS	巍巍乎若山岳。	1743	物品名:"独眼巨鹿"
DESCRIBE.DEERCLOPS_EYEBALL	观之令人作呕。	1744	物品名:"独眼巨鹿眼球"
DESCRIBE.EYEBRELLAHAT	自此不惧雨露沾衣。	1745	物品名:"眼球伞" 制造描述:"面向天空的眼球让你保持干燥。"
DESCRIBE.DEPLETED_GRASS.GENERIC	一丛碧草。	1748	物品名:"草"->默认
DESCRIBE.GOGGLESHAT	此物式样，颇为新奇。	1750	物品名:"时髦的护目镜" 制造描述:"你可以瞪大眼睛看装饰性护目镜。"
DESCRIBE.DESERTHAT	可护吾目，不染尘沙。	1751	物品名:"沙漠护目镜" 制造描述:"从你的眼睛里把沙子揉出来。"
DESCRIBE.ANTLIONHAT	此乃破土而出之玄妙造物。	1752	物品名:"刮地皮头盔" 制造描述:"旧地不去，新地不来。"
DESCRIBE.DEVTOOL	其气略奇。	1753	物品名:"开发工具"
DESCRIBE.DEVTOOL_NODEV	吾可挥动之。	1754	物品名:"草"
DESCRIBE.DIRTPILE	此乃一堆尘土…抑或他物？	1755	物品名:"可疑的土堆"
DESCRIBE.DIVININGROD.COLD	吾心不动，外物不侵。	1758	singleplayer  -- 物品名:"冻伤"->冷了
DESCRIBE.DIVININGROD.GENERIC	此杖可通灵引路。	1759	singleplayer  -- 物品名:"探测杖"->默认 制造描述:"肯定有方法可以离开这里..."
DESCRIBE.DIVININGROD.HOT	几近癫狂。	1760	singleplayer  -- 物品名:"中暑"->热了
DESCRIBE.DIVININGROD.WARM	此径可通。	1761	singleplayer  -- 物品名:"探测杖"->温暖 制造描述:"肯定有方法可以离开这里..."
DESCRIBE.DIVININGROD.WARMER	咫尺之遥，行将抵达。	1762	singleplayer  -- 物品名:"探测杖" 制造描述:"肯定有方法可以离开这里..."
DESCRIBE.DIVININGRODBASE.GENERIC	吾欲知其用。	1766	singleplayer  -- 物品名:"探测杖底座"->默认
DESCRIBE.DIVININGRODBASE.READY	观其形，需一大钥。	1767	singleplayer  -- 物品名:"探测杖底座"->准备好的 满的
DESCRIBE.DIVININGRODBASE.UNLOCKED	机括已成，静候驱策。	1768	singleplayer  -- 物品名:"探测杖底座"->解锁了
DESCRIBE.DIVININGRODSTART	那杖似有大用。	1770	singleplayer  -- 物品名:"探测杖底座"->单机探测杖底座
DESCRIBE.DRAGONFLY	此物狰然，已非凡类虫豸。	1771	物品名:"龙蝇"
DESCRIBE.ARMORDRAGONFLY	炽炎之甲。	1772	物品名:"鳞甲" 制造描述:"脾气火爆的盔甲。"
DESCRIBE.DRAGON_SCALES	触之犹温。	1773	物品名:"鳞片"
DESCRIBE.DRAGONFLYCHEST	不畏焚毁矣。	1774	物品名:"龙鳞宝箱" 制造描述:"一种结实且防火的容器。"
DESCRIBE.DRAGONFLYFURNACE.HAMMERED	观之不妥。	1777	物品名:"龙鳞火炉"->被锤了 制造描述:"给自己建造一个苍蝇暖炉。"
DESCRIBE.DRAGONFLYFURNACE.GENERIC	已化炎狱。	1778	no gems  -- 物品名:"龙鳞火炉"->默认 制造描述:"给自己建造一个苍蝇暖炉。"
DESCRIBE.DRAGONFLYFURNACE.NORMAL	其是否在向吾眨眼？	1779	one gem  -- 物品名:"龙鳞火炉"->普通 制造描述:"给自己建造一个苍蝇暖炉。"
DESCRIBE.DRAGONFLYFURNACE.HIGH	炎气逼人。	1780	two gems  -- 物品名:"龙鳞火炉"->高 制造描述:"给自己建造一个苍蝇暖炉。"
DESCRIBE.HUTCH	好一奇异生灵。	1782	物品名:"哈奇"
DESCRIBE.HUTCH_FISHBOWL.GENERIC	吾久欲得此一物。	1785	物品名:"星空"->默认
DESCRIBE.HUTCH_FISHBOWL.WAITING	其已殁乎？	1786	物品名:"星空"->需要等待
DESCRIBE.LAVASPIT.HOT	炙热难当。	1790	物品名:"中暑"->热了
DESCRIBE.LAVASPIT.COOL	大妖之涎。	1791	物品名:"龙蝇唾液"
DESCRIBE.LAVA_POND	滚烫灼人。	1793	物品名:"岩浆池"
DESCRIBE.LAVAE	过于炙热，无从下手。	1794	物品名:"岩浆虫"
DESCRIBE.LAVAE_COCOON	已归平静。	1795	物品名:"冷冻虫卵"
DESCRIBE.LAVAE_PET.STARVING	可怜小物，腹中定然饥馑。	1798	物品名:"超级可爱岩浆虫"->挨饿
DESCRIBE.LAVAE_PET.HUNGRY	吾闻其腹鸣如鼓。	1799	物品名:"超级可爱岩浆虫"->有点饿了
DESCRIBE.LAVAE_PET.CONTENT	其似甚悦。	1800	物品名:"超级可爱岩浆虫"->内容？？？、
DESCRIBE.LAVAE_PET.GENERIC	有趣生灵。	1801	物品名:"超级可爱岩浆虫"->默认
DESCRIBE.LAVAE_EGG.GENERIC	内中传来微弱暖意。	1805	物品名:"岩浆虫卵"->默认
DESCRIBE.LAVAE_EGG_CRACKED.COLD	吾感此卵温不足。	1809	物品名:"冻伤"->冷了
DESCRIBE.LAVAE_EGG_CRACKED.COMFY	未料竟见一悦然之卵。	1810	物品名:"岩浆虫卵"->舒服的
DESCRIBE.LAVAE_TOOTH	一枚利齿。	1812	物品名:"岩浆虫尖牙"
DESCRIBE.DRAGONFRUIT	好一奇果。	1813	物品名:"火龙果"
DESCRIBE.DRAGONFRUIT_COOKED	此果仍显奇异。	1814	物品名:"熟火龙果"
DESCRIBE.DRAGONFRUIT_SEEDS	此乃一粒灵种。	1815	物品名:"球茎状种子"
DESCRIBE.DRAGONPIE	彼果甚为耐饥。	1816	物品名:"火龙果派"
DESCRIBE.DRUMSTICK	已备大快朵颐。	1817	物品名:"鸟腿"
DESCRIBE.DRUMSTICK_COOKED	炙后更宜大啖。	1818	物品名:"炸鸟腿"
DESCRIBE.DUG_BERRYBUSH	今可携之往任何处。	1819	物品名:"浆果丛"
DESCRIBE.DUG_BERRYBUSH_JUICY	此木可移于家畔。	1820	物品名:"多汁浆果丛"
DESCRIBE.DUG_GRASS	今可随处植之。	1821	物品名:"草丛"
DESCRIBE.DUG_MARSH_BUSH	此需栽种。	1822	物品名:"尖刺灌木"
DESCRIBE.DUG_SAPLING	此需栽种。	1823	物品名:"树苗"
DESCRIBE.DURIAN	气味怪诞。	1824	物品名:"榴莲"
DESCRIBE.DURIAN_COOKED	今其气愈秽。	1825	物品名:"超臭榴莲"
DESCRIBE.DURIAN_SEEDS	此乃一粒灵种。	1826	物品名:"脆籽荚"
DESCRIBE.EARMUFFSHAT	毛茸之属。	1827	物品名:"兔耳罩" 制造描述:"毛茸茸的保暖物品。"
DESCRIBE.EGGPLANT	其形不类卵。	1828	物品名:"茄子"
DESCRIBE.EGGPLANT_COOKED	今其愈不类卵矣。	1829	物品名:"烤茄子"
DESCRIBE.EGGPLANT_SEEDS	此乃一粒灵种。	1830	物品名:"漩涡种子"
DESCRIBE.ENDTABLE.BURNT	焦枯之花器。	1833	物品名:"茶几"->烧焦的 制造描述:"一张装饰桌。"
DESCRIBE.ENDTABLE.GENERIC	瓶中之花。	1834	物品名:"茶几"->默认 制造描述:"一张装饰桌。"
DESCRIBE.ENDTABLE.EMPTY	吾当置物于内。	1835	物品名:"茶几" 制造描述:"一张装饰桌。"
DESCRIBE.ENDTABLE.WILTED	观之已不鲜。	1836	物品名:"茶几"->枯萎的 制造描述:"一张装饰桌。"
DESCRIBE.ENDTABLE.FRESHLIGHT	有微光相照，甚好。	1837	物品名:"茶几"->茶几-新的发光的 制造描述:"一张装饰桌。"
DESCRIBE.ENDTABLE.OLDLIGHT	吾未忘取之乎？	1838	will be wilted soon, light radius will be very small at this point  -- 物品名:"茶几"->茶几-旧的发光的 制造描述:"一张装饰桌。"
DESCRIBE.DECIDUOUSTREE.BURNING	实是暴殄良材。	1842	物品名:"桦栗树"->正在燃烧
DESCRIBE.DECIDUOUSTREE.BURNT	吾感本可阻此事。	1843	物品名:"桦栗树"->烧焦的
DESCRIBE.DECIDUOUSTREE.CHOPPED	接招罢。	1844	物品名:"桦栗树"->被砍了
DESCRIBE.DECIDUOUSTREE.POISON	看来已激怒于它。	1845	物品名:"桦栗树"->毒化的
DESCRIBE.DECIDUOUSTREE.GENERIC	枝叶繁茂。	1846	物品名:"桦栗树"->默认
DESCRIBE.ACORN	内中定有乾坤。	1848	物品名:"桦栗果"
DESCRIBE.ACORN_SAPLING	其将速长为巨木。	1849	物品名:"桦栗树树苗"
DESCRIBE.ACORN_COOKED	炙之甚善。	1850	物品名:"烤桦栗果"
DESCRIBE.BIRCHNUTDRAKE	有些癫狂之小木精。	1851	物品名:"桦栗果精"
DESCRIBE.EVERGREEN.BURNING	实是暴殄良材。	1854	物品名:"常青树"->正在燃烧
DESCRIBE.EVERGREEN.BURNT	吾感本可阻此事。	1855	物品名:"常青树"->烧焦的
DESCRIBE.EVERGREEN.CHOPPED	接招罢。	1856	物品名:"常青树"->被砍了
DESCRIBE.EVERGREEN.GENERIC	松针覆体。	1857	物品名:"常青树"->默认
DESCRIBE.EVERGREEN_SPARSE.BURNING	实是暴殄良材。	1861	物品名:"粗壮常青树"->正在燃烧
DESCRIBE.EVERGREEN_SPARSE.BURNT	吾感本可阻此事。	1862	物品名:"粗壮常青树"->烧焦的
DESCRIBE.EVERGREEN_SPARSE.CHOPPED	接招罢。	1863	物品名:"粗壮常青树"->被砍了
DESCRIBE.EVERGREEN_SPARSE.GENERIC	此悲木无果。	1864	物品名:"粗壮常青树"->默认
DESCRIBE.TWIGGYTREE.BURNING	实是暴殄良材。	1868	物品名:"多枝树"->正在燃烧
DESCRIBE.TWIGGYTREE.BURNT	吾感本可阻此事。	1869	物品名:"多枝树"->烧焦的
DESCRIBE.TWIGGYTREE.CHOPPED	接招罢。	1870	物品名:"多枝树"->被砍了
DESCRIBE.TWIGGYTREE.GENERIC	枝杈丛生。	1871	物品名:"多枝树"->默认
DESCRIBE.TWIGGYTREE.DISEASED	其状甚糟，尤甚于常。	1872	unimplemented  -- 物品名:"多枝树"->生病了
DESCRIBE.TWIGGY_NUT_SAPLING	其生无需多物。	1874	物品名:"多枝树苗"
DESCRIBE.TWIGGY_OLD	彼木观之孱弱。	1875	物品名:"多枝树"
DESCRIBE.TWIGGY_NUT	一寻常多枝木之实。	1876	物品名:"多枝树种"->多枝树果
DESCRIBE.EYEPLANT	吾感有物在窥。	1877	物品名:"眼球草"
DESCRIBE.INSPECTSELF	吾肢体可全乎？	1878	物品名:"多枝树"->检查自己
DESCRIBE.FARMPLOT.GENERIC	吾当试种些庄稼。	1881	物品名:未找到
DESCRIBE.FARMPLOT.GROWING	生长罢。	1882	物品名:未找到
DESCRIBE.FARMPLOT.NEEDSFERTILIZER	当需施肥。	1883	物品名:未找到
DESCRIBE.FARMPLOT.BURNT	灰烬之中，难生嘉禾。	1884	物品名:未找到
DESCRIBE.FEATHERHAT	化而为禽。	1886	物品名:"羽毛帽" 制造描述:"头上的装饰。"
DESCRIBE.FEATHER_CROW	玄鸟之翎。	1887	物品名:"黑色羽毛"
DESCRIBE.FEATHER_ROBIN	朱雀之羽。	1888	物品名:"红色羽毛"
DESCRIBE.FEATHER_ROBIN_WINTER	雪雀之翎。	1889	物品名:"蓝色羽毛"
DESCRIBE.FEATHER_CANARY	金丝雀之羽。	1890	物品名:"黄色羽毛"
DESCRIBE.FEATHERPENCIL	有翎羽，书字亦易。	1891	物品名:"羽毛笔" 制造描述:"是的，羽毛是必须的。"
DESCRIBE.COOKBOOK	吾可学之。	1892	物品名:"烹饪指南" 制造描述:"查看你收集的食谱。"
DESCRIBE.FEM_PUPPET	身陷囹圄。	1893	single player  -- 物品名:未找到
DESCRIBE.FIREFLIES.GENERIC	容吾捕之。	1896	物品名:"萤火虫"->默认
DESCRIBE.FIREFLIES.HELD	彼使吾囊生辉。	1897	物品名:"萤火虫"->拿在手里
DESCRIBE.FIREHOUND	赤焰之猎犬。	1899	物品名:"红色猎犬"
DESCRIBE.FIREPIT.EMBERS	在火熄前吾当添薪。	1902	物品名:"火坑"->即将熄灭 制造描述:"一种更安全、更高效的营火。"
DESCRIBE.FIREPIT.GENERIC	定可驱散幽暗。	1903	物品名:"火坑"->默认 制造描述:"一种更安全、更高效的营火。"
DESCRIBE.FIREPIT.HIGH	幸而火有樊篱。	1904	物品名:"火坑"->高 制造描述:"一种更安全、更高效的营火。"
DESCRIBE.FIREPIT.LOW	焰势渐微。	1905	物品名:"火坑"->低？ 制造描述:"一种更安全、更高效的营火。"
DESCRIBE.FIREPIT.NORMAL	甚为舒泰。	1906	物品名:"火坑"->普通 制造描述:"一种更安全、更高效的营火。"
DESCRIBE.FIREPIT.OUT	吾可使其复燃。	1907	物品名:"火坑"->出去？外面？ 制造描述:"一种更安全、更高效的营火。"
DESCRIBE.COLDFIREPIT.EMBERS	在火熄前吾当添薪。	1911	物品名:"吸热火坑"->即将熄灭 制造描述:"燃烧效率更高，但仍然越烤越冷。"
DESCRIBE.COLDFIREPIT.GENERIC	定可驱散幽暗。	1912	物品名:"吸热火坑"->默认 制造描述:"燃烧效率更高，但仍然越烤越冷。"
DESCRIBE.COLDFIREPIT.HIGH	幸而火有樊篱。	1913	物品名:"吸热火坑"->高 制造描述:"燃烧效率更高，但仍然越烤越冷。"
DESCRIBE.COLDFIREPIT.LOW	焰势渐微。	1914	物品名:"吸热火坑"->低？ 制造描述:"燃烧效率更高，但仍然越烤越冷。"
DESCRIBE.COLDFIREPIT.NORMAL	甚为舒泰。	1915	物品名:"吸热火坑"->普通 制造描述:"燃烧效率更高，但仍然越烤越冷。"
DESCRIBE.COLDFIREPIT.OUT	至少吾可使其复燃。	1916	物品名:"吸热火坑"->出去？外面？ 制造描述:"燃烧效率更高，但仍然越烤越冷。"
DESCRIBE.FIRESTAFF	吾不欲焚此一界。	1918	物品名:"火魔杖" 制造描述:"利用火焰的力量。"
DESCRIBE.FIRESUPPRESSOR.ON	已启灭火之能。	1921	物品名:"雪球发射器"->开启 制造描述:"拯救植物，扑灭火焰，可添加燃料。"
DESCRIBE.FIRESUPPRESSOR.OFF	万籁俱寂。	1922	物品名:"雪球发射器"->关闭 制造描述:"拯救植物，扑灭火焰，可添加燃料。"
DESCRIBE.FIRESUPPRESSOR.LOWFUEL	薪材将罄。	1923	物品名:"雪球发射器"->燃料不足 制造描述:"拯救植物，扑灭火焰，可添加燃料。"
DESCRIBE.FISH	吾素不食鱼。	1925	物品名:"鱼"
DESCRIBE.FISHINGROD	钩、线、竿。	1926	物品名:"淡水钓竿" 制造描述:"去钓鱼。为了鱼。"
DESCRIBE.FISHSTICKS	此可果腹。	1927	物品名:"炸鱼排"
DESCRIBE.FISHTACOS	尚可。	1928	物品名:"鱼肉玉米卷"
DESCRIBE.FISH_COOKED	炙得恰到好处。	1929	物品名:"熟鱼"
DESCRIBE.FLINT	极锐之石。	1930	物品名:"燧石"
DESCRIBE.FLOWER.GENERIC	观之尚美。	1933	物品名:"花"->默认
DESCRIBE.FLOWER.ROSE	堪为吾衬。	1934	物品名:"花"->玫瑰
DESCRIBE.FLOWER_WITHERED	吾感其未足沐日光。	1936	物品名:"枯萎的花"
DESCRIBE.FLOWERHAT	气韵清芬，尚可入口。	1937	物品名:"花环" 制造描述:"放松神经的东西。"
DESCRIBE.FLOWER_EVIL	来者不善。	1938	物品名:"邪恶花"
DESCRIBE.FOLIAGE	些许草木。	1939	物品名:"蕨叶"
DESCRIBE.FOOTBALLHAT	吾可一试。	1940	物品名:"橄榄球头盔" 制造描述:"保护你的脑壳。"
DESCRIBE.FOSSIL_PIECE	异骨。当使彼等复归一处。	1941	物品名:"化石碎片"
DESCRIBE.FOSSIL_STALKER.GENERIC	尚有碎片未寻得。	1944	物品名:"奇异的骨架"->默认
DESCRIBE.FOSSIL_STALKER.FUNNY	此处有误。	1945	物品名:"奇异的骨架"->趣味？？
DESCRIBE.FOSSIL_STALKER.COMPLETE	其尚存生机乎？	1946	物品名:"奇异的骨架"->准备好了
DESCRIBE.STALKER	骸骨与何物相融。	1948	物品名:"复活的骨架"
DESCRIBE.STALKER_ATRIUM	何以必须如此巨硕？	1949	物品名:"远古织影者"
DESCRIBE.STALKER_MINION	爬行之小骷髅。	1950	物品名:"编织暗影"
DESCRIBE.THURIBLE	观之不能助吾照暗。	1951	物品名:"暗影香炉"
DESCRIBE.ATRIUM_OVERGROWTH	此等吾皆不识。	1952	物品名:"远古方尖碑"
DESCRIBE.FROG.DEAD	生机已绝，魂归幽泉。	1955	物品名:"青蛙"->死了
DESCRIBE.FROG.GENERIC	观之不善。	1956	物品名:"青蛙"->默认
DESCRIBE.FROG.SLEEPING	此乃一盗。	1957	物品名:"青蛙"->睡着了
DESCRIBE.FROGGLEBUNWICH	观之可口。	1959	物品名:"蛙腿三明治"
DESCRIBE.FROGLEGS	吾尝闻其为佳肴。	1960	物品名:"蛙腿"
DESCRIBE.FROGLEGS_COOKED	其味尚可。	1961	物品名:"熟蛙腿"
DESCRIBE.FRUITMEDLEY	果香扑鼻。	1962	物品名:"水果圣代"
DESCRIBE.FURTUFT	黑白毛皮。	1963	物品名:"毛丛"
DESCRIBE.GEARS	出自巧手。	1964	物品名:"齿轮"
DESCRIBE.GHOST	游魂一缕。	1965	物品名:"幽灵"
DESCRIBE.GOLDENAXE	颇为花哨之斧。	1966	物品名:"黄金斧头" 制造描述:"砍树也要有格调。"
DESCRIBE.GOLDENPICKAXE	乃金铸乎？	1967	物品名:"黄金鹤嘴锄" 制造描述:"像大Boss一样砸碎岩石。"
DESCRIBE.GOLDENPITCHFORK	一柄尚堪用之叉。	1968	物品名:"黄金干草叉" 制造描述:"重新布置整个世界。"
DESCRIBE.GOLDENSHOVEL	吾已急不可待。	1969	物品名:"黄金铲子" 制造描述:"挖掘作用相同，但使用寿命更长。"
DESCRIBE.GOLDNUGGET	熠熠生辉。	1970	物品名:"金块"
DESCRIBE.GRASS.BARREN	需肥。	1973	物品名:"草"
DESCRIBE.GRASS.WITHERED	天候过炽，其不复生。	1974	物品名:"草"->枯萎了
DESCRIBE.GRASS.BURNING	焚速甚疾。	1975	物品名:"草"->正在燃烧
DESCRIBE.GRASS.GENERIC	乃一丛碧草。	1976	物品名:"草"->默认
DESCRIBE.GRASS.PICKED	方其最盛时为人所采。	1977	物品名:"草"->被采完了
DESCRIBE.GRASS.DISEASED	其状甚不适。	1978	unimplemented  -- 物品名:"草"->生病了
DESCRIBE.GRASS.DISEASING	有些地方不妥。	1979	unimplemented  -- 物品名:"草"->正在生病？？
DESCRIBE.GRASSGEKKO.GENERIC	望其勿将此间搅乱。	1983	物品名:"草壁虎"->默认
DESCRIBE.GRASSGEKKO.DISEASED	其状确甚不适。	1984	unimplemented  -- 物品名:"草壁虎"->生病了
DESCRIBE.GREEN_CAP	其貌如常。	1986	物品名:"采摘的绿蘑菇"
DESCRIBE.GREEN_CAP_COOKED	已异于前...	1987	物品名:"熟绿蘑菇"
DESCRIBE.GREEN_MUSHROOM.GENERIC	乃蕈也。	1990	物品名:"绿蘑菇"->默认
DESCRIBE.GREEN_MUSHROOM.INGROUND	在蛰伏。	1991	物品名:"绿蘑菇"->在地里面
DESCRIBE.GREEN_MUSHROOM.PICKED	不知可还复生？	1992	物品名:"绿蘑菇"->被采完了
DESCRIBE.GUNPOWDER	有何用处。	1994	物品名:"火药" 制造描述:"一把火药。"
DESCRIBE.HAMBAT	此物何用。	1995	物品名:"火腿棒" 制造描述:"舍不得火腿套不着狼。"
DESCRIBE.HAMMER	以锤击物。	1996	物品名:"锤子" 制造描述:"敲碎各种东西。"
DESCRIBE.HEALINGSALVE	可生效力。	1997	物品名:"治疗药膏" 制造描述:"对割伤和擦伤进行消毒杀菌。"
DESCRIBE.HEATROCK.FROZEN	其寒甚于冰。	2000	物品名:"暖石"->冰冻 制造描述:"储存热能供旅行途中使用。"
DESCRIBE.HEATROCK.COLD	一块冰寒之石。	2001	物品名:"冻伤"->冷了
DESCRIBE.HEATROCK.GENERIC	吾可控其温。	2002	物品名:"暖石"->默认 制造描述:"储存热能供旅行途中使用。"
DESCRIBE.HEATROCK.WARM	虽为顽石，却尚温煦。	2003	物品名:"暖石"->温暖 制造描述:"储存热能供旅行途中使用。"
DESCRIBE.HEATROCK.HOT	过于炙热。	2004	物品名:"中暑"->热了
DESCRIBE.HOME	吾将善顾汝，小暖石。	2006	物品名:"暖石"->没调用 制造描述:"储存热能供旅行途中使用。"
DESCRIBE.HOMESIGN.GENERIC	上书“汝在此处”。	2009	物品名:"木牌"->默认 制造描述:"在世界中留下你的标记。"
DESCRIBE.HOMESIGN.UNWRITTEN	此牌今为空白。	2010	物品名:"木牌"->没有写字 制造描述:"在世界中留下你的标记。"
DESCRIBE.HOMESIGN.BURNT	切莫玩火。	2011	物品名:"木牌"->烧焦的 制造描述:"在世界中留下你的标记。"
DESCRIBE.ARROWSIGN_POST.GENERIC	上书“彼方”。	2015	物品名:"指路木牌"->默认 制造描述:"对这个世界指指点点。或许只是打下手势。"
DESCRIBE.ARROWSIGN_POST.UNWRITTEN	此牌今为空白。	2016	物品名:"指路木牌"->没有写字 制造描述:"对这个世界指指点点。或许只是打下手势。"
DESCRIBE.ARROWSIGN_POST.BURNT	“勿要玩火。”	2017	物品名:"指路木牌"->烧焦的 制造描述:"对这个世界指指点点。或许只是打下手势。"
DESCRIBE.ARROWSIGN_PANEL.GENERIC	上书“彼方”。	2021	物品名:"指路木牌"->默认
DESCRIBE.ARROWSIGN_PANEL.UNWRITTEN	此牌今为空白。	2022	物品名:"指路木牌"->没有写字
DESCRIBE.ARROWSIGN_PANEL.BURNT	“勿要玩火。”	2023	物品名:"指路木牌"->烧焦的
DESCRIBE.HONEY	观之可口。	2025	物品名:"蜂蜜"
DESCRIBE.HONEYCOMB	曾有蜂居此。	2026	物品名:"蜜脾"
DESCRIBE.HONEYHAM	香甜可口。	2027	物品名:"蜜汁火腿"
DESCRIBE.HONEYNUGGETS	其味似尚可。	2028	物品名:"蜜汁卤肉"
DESCRIBE.HORN	此间有人豢牛。	2029	物品名:"牛角"
DESCRIBE.HOUND	汝何物也，不过一犬耳。	2030	物品名:"猎犬"
DESCRIBE.HOUNDCORPSE.GENERIC	再近，休怪吾无情。	2033	物品名:"猎犬"->默认
DESCRIBE.HOUNDCORPSE.BURNING	吾厌犬。	2034	物品名:"猎犬"->正在燃烧
DESCRIBE.HOUNDCORPSE.REVIVING	近吾，必不轻饶。	2035	物品名:"猎犬"
DESCRIBE.HOUNDBONE	怖人之物。	2037	物品名:"犬骨"
DESCRIBE.HOUNDMOUND	勿扰彼等。	2038	物品名:"猎犬丘"
DESCRIBE.ICEBOX	吾已掌冰寒之力。	2039	物品名:"冰箱" 制造描述:"延缓食物变质。"
DESCRIBE.ICEHAT	持守清冷。	2040	物品名:"冰帽" 制造描述:"用仙力技术合成的冰帽。"
DESCRIBE.ICEHOUND	每季皆有乎？	2041	物品名:"蓝色猎犬"
DESCRIBE.INSANITYROCK.ACTIVE	吾感眩晕。	2044	物品名:"方尖碑"->激活了
DESCRIBE.INSANITYROCK.INACTIVE	此碑…	2045	物品名:"方尖碑"->没有激活
DESCRIBE.JAMMYPRESERVES	或当制一罐。	2047	物品名:"果酱"
DESCRIBE.KABOBS	如此食肉更便。	2048	物品名:"肉串"
DESCRIBE.KILLERBEE.GENERIC	此小物啮人甚痛。	2051	物品名:"杀人蜂"->默认
DESCRIBE.KILLERBEE.HELD	此物似甚危。	2052	物品名:"杀人蜂"->拿在手里
DESCRIBE.KNIGHT	看。	2054	物品名:"发条骑士"
DESCRIBE.KOALEFANT_SUMMER	好一巨物。	2055	物品名:"考拉象"
DESCRIBE.KOALEFANT_WINTER	其观之甚暖。	2056	物品名:"考拉象"
DESCRIBE.KOALEFANT_CARCASS	其已殁。	2057	物品名:"考拉象尸体"
DESCRIBE.KRAMPUS	速去，离吾之物远些。	2058	物品名:"坎普斯"
DESCRIBE.KRAMPUS_SACK	后日之险，皆赖于此。	2059	物品名:"坎普斯背包"
DESCRIBE.LEIF	其躯甚伟。	2060	物品名:"树精守卫"
DESCRIBE.LEIF_SPARSE	其躯甚伟。	2061	物品名:"树精守卫"
DESCRIBE.LIGHTER	吾不欲过近。	2062	物品名:"薇洛的打火机" 制造描述:"火焰在雨中彻夜燃烧。"
DESCRIBE.LIGHTNING_ROD.CHARGED	真神异，汝何以引雷？	2065	物品名:"避雷针" 制造描述:"防雷劈。"
DESCRIBE.LIGHTNING_ROD.GENERIC	引天雷来。	2066	物品名:"避雷针"->默认 制造描述:"防雷劈。"
DESCRIBE.LIGHTNINGGOAT.GENERIC	咩。	2070	物品名:"伏特羊"->默认
DESCRIBE.LIGHTNINGGOAT.CHARGED	吾不以其喜遭雷殛。	2071	物品名:"伏特羊"
DESCRIBE.LIGHTNINGGOATHORN	其身之电流真神异。	2073	物品名:"伏特羊角"
DESCRIBE.GOATMILK	琼浆玉液，隐有雷灵低鸣。	2074	物品名:"带电的羊奶"
DESCRIBE.LITTLE_WALRUS	待其长成，便不如此可爱矣。	2075	物品名:"小海象"
DESCRIBE.LIVINGLOG	其观之略有焦躁。	2076	物品名:"活木头" 制造描述:"投身制作，置身其中。"
DESCRIBE.LOG.BURNING	炙木。	2079	物品名:"木头"->正在燃烧
DESCRIBE.LOG.GENERIC	既巨且重之木。	2080	物品名:"木头"->默认
DESCRIBE.LUCY	此斧较吾前所用者更美。	2082	物品名:"露西斧"
DESCRIBE.LUREPLANT	观之略危。	2083	物品名:"食人花"
DESCRIBE.LUREPLANTBULB	今吾可自辟肉场矣。	2084	物品名:"食人花种子"
DESCRIBE.MALE_PUPPET	其身陷囹圄。	2085	single player  -- 物品名:"木头"
DESCRIBE.MANDRAKE_ACTIVE	截断之。	2086	物品名:"曼德拉草"
DESCRIBE.MANDRAKE_PLANTED	吾尝闻奇异传言。	2087	物品名:"曼德拉草"
DESCRIBE.MANDRAKE	曼德拉草根，形若人参。	2088	物品名:"曼德拉草"
DESCRIBE.MANDRAKESOUP	唔，其永不复醒矣。	2089	物品名:"曼德拉草汤"
DESCRIBE.MANDRAKE_COOKED	其观之已不若前奇。	2090	物品名:"木头"
DESCRIBE.MAPSCROLL	一张空白舆图。观之无用。	2091	物品名:"地图卷轴" 制造描述:"向别人展示你看到什么。"
DESCRIBE.MARBLE	坚硬。	2092	物品名:"大理石"
DESCRIBE.MARBLEBEAN	一粒神异之种。	2093	物品名:"大理石豌豆" 制造描述:"种植一片大理石森林。"
DESCRIBE.MARBLEBEAN_SAPLING	观之似有镌刻。	2094	物品名:"大理石芽"
DESCRIBE.MARBLESHRUB	似有几分道理。	2095	物品名:"大理石灌木"
DESCRIBE.MARBLEPILLAR	吾思可用之。	2096	物品名:"大理石柱"
DESCRIBE.MARBLETREE	吾思斧不可伐此。	2097	物品名:"大理石树"
DESCRIBE.MARSH_BUSH.BURNT	少一丛需忧之荆棘。	2100	物品名:"尖刺灌木"->烧焦的
DESCRIBE.MARSH_BUSH.BURNING	焚速甚疾。	2101	物品名:"尖刺灌木"->正在燃烧
DESCRIBE.MARSH_BUSH.GENERIC	其观之多刺。	2102	物品名:"尖刺灌木"->默认
DESCRIBE.MARSH_BUSH.PICKED	哎哟。	2103	物品名:"尖刺灌木"->被采完了
DESCRIBE.BURNT_MARSH_BUSH	焚之已尽。	2105	物品名:"尖刺灌木"
DESCRIBE.MARSH_PLANT	此乃一草木。	2106	物品名:"植物"
DESCRIBE.MARSH_TREE.BURNING	火。	2109	物品名:"针刺树"->正在燃烧
DESCRIBE.MARSH_TREE.BURNT	今其为一焦木矣。	2110	物品名:"针刺树"->烧焦的
DESCRIBE.MARSH_TREE.CHOPPED	今刺已少。	2111	物品名:"针刺树"->被砍了
DESCRIBE.MARSH_TREE.GENERIC	彼等棘刺观之甚利。	2112	物品名:"针刺树"->默认
DESCRIBE.MAXWELL	吾不在意。	2114	single player  -- 物品名:"麦斯威尔"->单机 麦斯威尔
DESCRIBE.MAXWELLHEAD	吾可见诡异之物。	2115	removed  -- 物品名:"麦斯威尔的头"->单机 麦斯威尔的头
DESCRIBE.MAXWELLLIGHT	吾思其何以明。	2116	single player  -- 物品名:"麦斯威尔灯"->单机 麦斯威尔的灯
DESCRIBE.MAXWELLLOCK	观之若一钥孔。	2117	single player  -- 物品名:"梦魇锁"->单机 麦斯威尔的噩梦锁
DESCRIBE.MAXWELLTHRONE	彼座观之不适。	2118	single player  -- 物品名:"梦魇王座"->单机 麦斯威尔的噩梦王座
DESCRIBE.MEAT	虽有腥气，尚可下咽。	2119	物品名:"肉"
DESCRIBE.MEATBALLS	不过一大块肉耳。	2120	物品名:"肉丸"
DESCRIBE.MEATRACK.DONE	肉脯可食矣。	2123	物品名:"晾肉架"->完成了 制造描述:"晾肉的架子。"
DESCRIBE.MEATRACK.DRYING	风干需时。	2124	物品名:"晾肉架"->正在风干 制造描述:"晾肉的架子。"
DESCRIBE.MEATRACK.DRYINGINRAIN	雨天风干肉需时更久。	2125	物品名:"晾肉架"->雨天风干 制造描述:"晾肉的架子。"
DESCRIBE.MEATRACK.GENERIC	吾当风干些肉。	2126	物品名:"晾肉架"->默认 制造描述:"晾肉的架子。"
DESCRIBE.MEATRACK.BURNT	晾肉架已焚。	2127	物品名:"晾肉架"->烧焦的 制造描述:"晾肉的架子。"
DESCRIBE.MEATRACK.DONE_NOTMEAT	数小枝便可晾肉	2128	物品名:"晾肉架" 制造描述:"晾肉的架子。"
DESCRIBE.MEATRACK.DRYING_NOTMEAT	风干之肉更美。	2129	物品名:"晾肉架" 制造描述:"晾肉的架子。"
DESCRIBE.MEATRACK.DRYINGINRAIN_NOTMEAT	晾肉时最好无雨。	2130	物品名:"晾肉架" 制造描述:"晾肉的架子。"
DESCRIBE.MEAT_DRIED	此肉已够干。	2132	物品名:"肉干"
DESCRIBE.MERM	鱼腥之气。	2133	物品名:"鱼人"
DESCRIBE.MERMHEAD.GENERIC	整日皆可闻。	2136	物品名:"鱼人头"->默认
DESCRIBE.MERMHEAD.BURNT	焚后之鱼腥，观之不美。	2137	物品名:"鱼人头"->烧焦的
DESCRIBE.MERMHOUSE.GENERIC	谁人居此？	2141	物品名:"漏雨的小屋"->默认
DESCRIBE.MERMHOUSE.BURNT	今无居所矣。	2142	物品名:"漏雨的小屋"->烧焦的
DESCRIBE.MINERHAT	万物皆可见矣。	2144	物品名:"矿工帽" 制造描述:"用你脑袋上的灯照亮夜晚。"
DESCRIBE.MONKEY	灵物虽小，颇具慧黠。	2145	物品名:"穴居猴"
DESCRIBE.MONKEYBARREL	彼物方才动乎？	2146	物品名:"穴居猴桶"
DESCRIBE.MONSTERLASAGNA	此乃对吾之亵渎。	2147	物品名:"怪物千层饼"
DESCRIBE.FLOWERSALAD	一碗青碧。	2148	物品名:"花沙拉"
DESCRIBE.ICECREAM	吾可尝此。	2149	物品名:"冰淇淋"
DESCRIBE.WATERMELONICLE	冰镇寒瓜。	2150	物品名:"西瓜冰棍"
DESCRIBE.TRAILMIX	康健天然之小点。	2151	物品名:"什锦干果"
DESCRIBE.HOTCHILI	辛辣如火。	2152	物品名:"辣椒炖肉"
DESCRIBE.GUACAMOLE	观之可悦之肴。	2153	物品名:"鳄梨酱"
DESCRIBE.MONSTERMEAT	呃，吾不当食彼。	2154	物品名:"怪物肉"
DESCRIBE.MONSTERMEAT_DRIED	气味古怪之肉脯。	2155	物品名:"怪物肉干"
DESCRIBE.MOOSE	吾不明彼为何物。	2156	物品名:"漏雨的小屋"
DESCRIBE.MOOSE_NESTING_GROUND	何物在内。	2157	物品名:"漏雨的小屋"
DESCRIBE.MOOSEEGG	屋漏偏逢连夜雨。	2158	物品名:"漏雨的小屋"
DESCRIBE.MOSSLING	毛茸之小鸭。	2159	物品名:"麋鹿鹅幼崽"
DESCRIBE.FEATHERFAN	降温之用。	2160	物品名:"羽毛扇" 制造描述:"超柔软、超大的扇子。"
DESCRIBE.MINIFAN	风自后来。	2161	物品名:"旋转的风扇" 制造描述:"你得跑起来，才能带来风。"
DESCRIBE.GOOSE_FEATHER	毛茸之属。	2162	物品名:"麋鹿鹅羽毛"
DESCRIBE.STAFF_TORNADO	感之略有危殆。	2163	物品名:"天气风向标" 制造描述:"把你的敌人吹走。"
DESCRIBE.MOSQUITO.GENERIC	可厌之小虫。	2166	物品名:"蚊子"->默认
DESCRIBE.MOSQUITO.HELD	此乃吾之血乎？	2167	物品名:"蚊子"->拿在手里
DESCRIBE.MOSQUITOSACK	此或为他人之血...	2169	物品名:"蚊子血囊"
DESCRIBE.MOUND.DUG	或许，此乃其应得。	2172	物品名:"坟墓"->被挖了
DESCRIBE.MOUND.GENERIC	吾敢赌其下定有诸般好物。	2173	物品名:"坟墓"->默认
DESCRIBE.NIGHTLIGHT	气机幽晦，似有不祥。	2175	物品名:"暗夜灯" 制造描述:"用你的噩梦点亮夜晚。"
DESCRIBE.NIGHTMAREFUEL	此物氤氲异质，非属常伦。	2176	物品名:"噩梦燃料" 制造描述:"傻子和疯子使用的邪恶残渣。"
DESCRIBE.NIGHTSWORD	似有些许锋芒。	2177	物品名:"暗夜剑" 制造描述:"造成噩梦般的伤害。"
DESCRIBE.NITRE	吾思当多备些。	2178	物品名:"硝石"
DESCRIBE.ONEMANBAND	吾当加一牛铃。	2179	物品名:"独奏乐器" 制造描述:"疯子音乐家也有粉丝。"
DESCRIBE.OASISLAKE.GENERIC	此乃蜃景乎？	2182	物品名:"湖泊"->默认
DESCRIBE.OASISLAKE.EMPTY	干涸若枯骨。	2183	物品名:"湖泊"
DESCRIBE.PANDORASCHEST	内中或有佳物，或有不祥。	2185	物品名:"华丽箱子"
DESCRIBE.PANFLUTE	速助吾安抚彼等妖物。	2186	物品名:"排箫" 制造描述:"抚慰凶猛野兽的音乐。"
DESCRIBE.PAPYRUS	些许纸。	2187	物品名:"莎草纸" 制造描述:"用于书写。"
DESCRIBE.WAXPAPER	些许蜡纸。	2188	物品名:"蜡纸" 制造描述:"用于打包东西。"
DESCRIBE.PENGUIN	其何以不飞？	2189	物品名:"企鸥"
DESCRIBE.PERD	彼乃吾物。离吾之浆果远些。	2190	物品名:"火鸡"
DESCRIBE.PEROGIES	此等物其味颇佳。	2191	物品名:"波兰水饺"
DESCRIBE.PETALS	由是方知谁为主宰。	2192	物品名:"花瓣"
DESCRIBE.PETALS_EVIL	吾不欲持此。	2193	物品名:"深色花瓣"
DESCRIBE.PHLEGM	略有恶心。	2194	物品名:"脓鼻涕"
DESCRIBE.PICKAXE	似有可用。	2195	物品名:"鹤嘴锄" 制造描述:"凿碎岩石。"
DESCRIBE.PIGGYBACK	其虽善，然恐不适于吾。	2196	物品名:"猪皮包" 制造描述:"能装许多东西，但会减慢你的速度。"
DESCRIBE.PIGHEAD.GENERIC	哦不，此观之甚怖。	2199	物品名:"猪头"->默认
DESCRIBE.PIGHEAD.BURNT	其似已烤熟。	2200	物品名:"猪头"->烧焦的
DESCRIBE.PIGHOUSE.FULL	豕人，在家否。	2204	物品名:"猪屋"->满了 制造描述:"可以住一只猪。"
DESCRIBE.PIGHOUSE.GENERIC	吾亦可自有家乎。	2205	物品名:"猪屋"->默认 制造描述:"可以住一只猪。"
DESCRIBE.PIGHOUSE.LIGHTSOUT	出。吾知汝在家。	2206	物品名:"猪屋"->关灯了 制造描述:"可以住一只猪。"
DESCRIBE.PIGHOUSE.BURNT	究系何人所为。	2207	物品名:"猪屋"->烧焦的 制造描述:"可以住一只猪。"
DESCRIBE.PIGKING	吾思其当起身稍动。	2209	物品名:"猪王"
DESCRIBE.PIGMAN.DEAD	当告其家人。	2212	物品名:"猪人"->死了
DESCRIBE.PIGMAN.FOLLOWER	汝乃吾从者之一。	2213	物品名:"猪人"->追随者
DESCRIBE.PIGMAN.GENERIC	彼等略有愚钝。	2214	物品名:"猪人"->默认
DESCRIBE.PIGMAN.GUARD	观之甚肃。	2215	物品名:"猪人"->警戒
DESCRIBE.PIGMAN.WEREPIG	豕人似已失智。	2216	物品名:"猪人"->疯猪
DESCRIBE.PIGSKIN	上犹带尾。	2218	物品名:"猪皮"
DESCRIBE.PIGTENT	闻之有豕气。	2219	物品名:"猪人"
DESCRIBE.PIGTORCH	观之甚惬。	2220	物品名:"猪火炬"
DESCRIBE.PINECONE	吾可闻内有小木，奋力欲出。	2221	物品名:"松果"
DESCRIBE.PINECONE_SAPLING	其将速长为巨木。	2222	物品名:"常青树苗"
DESCRIBE.LUMPY_SAPLING	此木何以生成？	2223	物品名:"有疙瘩的树苗"
DESCRIBE.PITCHFORK	吾将以此掘诸多宝物。	2224	物品名:"干草叉" 制造描述:"铲地用具。"
DESCRIBE.PLANTMEAT	观之不美。	2225	物品名:"叶肉"
DESCRIBE.PLANTMEAT_COOKED	至少其今已热。	2226	物品名:"熟叶肉"
DESCRIBE.PLANT_NORMAL.GENERIC	枝叶繁茂。	2229	物品名:"农作物"->默认
DESCRIBE.PLANT_NORMAL.GROWING	唉，生长甚缓。	2230	物品名:"农作物"->正在生长
DESCRIBE.PLANT_NORMAL.READY	嗯。可采矣。	2231	物品名:"农作物"->准备好的 满的
DESCRIBE.PLANT_NORMAL.WITHERED	其为热所殁。	2232	物品名:"农作物"->枯萎了
DESCRIBE.POMEGRANATE	当甚甘美。	2234	物品名:"石榴"
DESCRIBE.POMEGRANATE_COOKED	观之甚善。	2235	物品名:"切片熟石榴"
DESCRIBE.POMEGRANATE_SEEDS	此乃一粒灵种。	2236	物品名:"风刮来的种子"
DESCRIBE.POND	容吾一观。	2237	物品名:"池塘"
DESCRIBE.POOP	吾实不愿为此活计。	2238	物品名:"粪肥"
DESCRIBE.FERTILIZER	一桶秽物。	2239	物品名:"便便桶" 制造描述:"少拉点在手上，多拉点在庄稼上。"
DESCRIBE.PUMPKIN	其较吾首犹巨。	2240	物品名:"南瓜"
DESCRIBE.PUMPKINCOOKIE	精美之南瓜饼。	2241	物品名:"南瓜饼干"
DESCRIBE.PUMPKIN_COOKED	其何以未成馅饼？	2242	物品名:"烤南瓜"
DESCRIBE.PUMPKIN_LANTERN	真可怖。	2243	物品名:"南瓜灯" 制造描述:"长着鬼脸的照明用具。"
DESCRIBE.PUMPKIN_SEEDS	此乃一粒灵种。	2244	物品名:"尖种子"
DESCRIBE.PURPLEAMULET	其在向吾言语。	2245	物品名:"梦魇护符" 制造描述:"引起精神错乱。"
DESCRIBE.PURPLEGEM	其蕴三界之秘。	2246	物品名:"紫宝石" 制造描述:"结合你们的颜色。"
DESCRIBE.RABBIT.GENERIC	其在觅胡萝卜。	2249	物品名:"兔子"->默认
DESCRIBE.RABBIT.HELD	汝喜吾乎？	2250	物品名:"兔子"->拿在手里
DESCRIBE.RABBITHOLE.GENERIC	内有数兔。	2254	物品名:"兔洞"->默认
DESCRIBE.RABBITHOLE.SPRING	狡兔三窟。	2255	物品名:"兔洞"->春天 or 潮湿
DESCRIBE.RAINOMETER.GENERIC	其可测有无雨。	2259	物品名:"雨量计"->默认 制造描述:"观测降雨机率。"
DESCRIBE.RAINOMETER.BURNT	量具已化青烟。	2260	物品名:"雨量计"->烧焦的 制造描述:"观测降雨机率。"
DESCRIBE.RAINCOAT	着之则不惧风雨。	2262	物品名:"雨衣" 制造描述:"让你保持干燥的防水外套。"
DESCRIBE.RAINHAT	吾实不欲湿漉。	2263	物品名:"雨帽" 制造描述:"手感柔软，防雨必备。"
DESCRIBE.RATATOUILLE	吾可一试。	2264	物品名:"蔬菜杂烩"
DESCRIBE.RAZOR	微有用处。	2265	物品名:"剃刀" 制造描述:"剃掉你脏脏的山羊胡子。"
DESCRIBE.REDGEM	其光赤红。	2266	物品名:"红宝石"
DESCRIBE.RED_CAP	其气略异。	2267	物品名:"采摘的红蘑菇"
DESCRIBE.RED_CAP_COOKED	今已异于生蕈矣...	2268	物品名:"熟红蘑菇"
DESCRIBE.RED_MUSHROOM.GENERIC	蕈也。	2271	物品名:"红蘑菇"->默认
DESCRIBE.RED_MUSHROOM.INGROUND	其正蛰伏。	2272	物品名:"红蘑菇"->在地里面
DESCRIBE.RED_MUSHROOM.PICKED	不知可还复生？	2273	物品名:"红蘑菇"->被采完了
DESCRIBE.REEDS.BURNING	焚速甚疾。	2277	物品名:"芦苇"->正在燃烧
DESCRIBE.REEDS.GENERIC	一丛芦荻。	2278	物品名:"芦苇"->默认
DESCRIBE.REEDS.PICKED	可用之苇皆已采尽。	2279	物品名:"芦苇"->被采完了
DESCRIBE.RELIC	远古遗物？	2281	物品名:"遗物"
DESCRIBE.RUINS_RUBBLE	此可修复。	2282	物品名:"损毁的废墟"
DESCRIBE.RUBBLE	不过碎石而已。	2283	物品名:"碎石"
DESCRIBE.RESEARCHLAB.GENERIC	吾可制些物事。	2286	物品名:"科学机器"->默认 制造描述:"解锁新的合成配方。"
DESCRIBE.RESEARCHLAB.BURNT	今已无用矣。	2287	物品名:"科学机器"->烧焦的 制造描述:"解锁新的合成配方。"
DESCRIBE.RESEARCHLAB2.GENERIC	吾可自此习得诸多妙法。	2291	物品名:"炼金引擎"->默认 制造描述:"解锁更多合成配方。"
DESCRIBE.RESEARCHLAB2.BURNT	旧者不去，新者不来。	2292	物品名:"炼金引擎"->烧焦的 制造描述:"解锁更多合成配方。"
DESCRIBE.RESEARCHLAB3.GENERIC	吾所行何事？	2296	物品名:"暗影操控器"->默认 制造描述:"法力无边"
DESCRIBE.RESEARCHLAB3.BURNT	无论其本为何，今已焚毁。	2297	物品名:"暗影操控器"->烧焦的 制造描述:"崩坏的仙法"
DESCRIBE.RESEARCHLAB4.GENERIC	何人竟起此名？	2301	物品名:"灵子分解器"->默认 制造描述:"增强高礼帽的魔力。"
DESCRIBE.RESEARCHLAB4.BURNT	焚为焦炭...	2302	物品名:"灵子分解器"->烧焦的 制造描述:"增强高礼帽的魔力。"
DESCRIBE.RESURRECTIONSTATUE.GENERIC	当真有用否。	2306	物品名:"肉块雕像"->默认 制造描述:"以肉的力量让你重生。"
DESCRIBE.RESURRECTIONSTATUE.BURNT	再无用矣。	2307	物品名:"肉块雕像"->烧焦的 制造描述:"以肉的力量让你重生。"
DESCRIBE.RESURRECTIONSTONE	内蕴返魂仙力。	2309	物品名:"试金石"
DESCRIBE.ROBIN.GENERIC	此乃冬尽之兆乎？	2312	物品名:"红雀"->默认
DESCRIBE.ROBIN.HELD	其喜吾囊。	2313	物品名:"红雀"->拿在手里
DESCRIBE.ROBIN_WINTER.GENERIC	寒荒之灵。	2317	物品名:"雪雀"->默认
DESCRIBE.ROBIN_WINTER.HELD	柔顺。	2318	物品名:"雪雀"->拿在手里
DESCRIBE.ROBOT_PUPPET	身陷囹圄。	2320	single player  -- 物品名:"雪雀"
DESCRIBE.ROCK_LIGHT.GENERIC	石皮裹覆之熔岩坑。	2323	removed  -- 物品名:"熔岩坑"->默认
DESCRIBE.ROCK_LIGHT.OUT	观之甚脆。	2324	removed  -- 物品名:"熔岩坑"->出去？外面？
DESCRIBE.ROCK_LIGHT.LOW	彼熔岩正覆以石皮。	2325	removed  -- 物品名:"熔岩坑"->低？
DESCRIBE.ROCK_LIGHT.NORMAL	甚舒泰。	2326	removed  -- 物品名:"熔岩坑"->普通
DESCRIBE.CAVEIN_BOULDER.GENERIC	可举此石。	2330	物品名:"岩石"->默认
DESCRIBE.CAVEIN_BOULDER.RAISED	过远，不可及。	2331	物品名:"岩石"->提高了？
DESCRIBE.ROCK	吾囊难纳此物。	2333	物品名:"岩石"
DESCRIBE.PETRIFIED_TREE	观之似受惊僵立。	2334	物品名:"岩石"
DESCRIBE.ROCK_PETRIFIED_TREE	观之略有可怖。	2335	物品名:"石化树"
DESCRIBE.ROCK_PETRIFIED_TREE_OLD	观之略有可怖。	2336	物品名:"岩石"
DESCRIBE.ROCK_ICE.GENERIC	沁凉。	2339	物品名:"迷你冰川"->默认
DESCRIBE.ROCK_ICE.MELTED	于其再冻之前，无所可用。	2340	物品名:"迷你冰川"->融化了
DESCRIBE.ROCK_ICE_MELTED	于其再冻之前，无所可用。	2342	物品名:"融化的迷你冰川"
DESCRIBE.ICE	沁凉。	2343	物品名:"冰"
DESCRIBE.ROCKS	可用此制些物事。	2344	物品名:"石头"
DESCRIBE.ROOK	钢铁犀兕。	2345	物品名:"发条战车"
DESCRIBE.ROPE	一短索。	2346	物品名:"绳子" 制造描述:"紧密编成的草绳，非常有用。"
DESCRIBE.ROTTENEGG	秽气弥漫。	2347	物品名:"腐烂鸟蛋"
DESCRIBE.ROYAL_JELLY	良物。	2348	物品名:"蜂王浆"
DESCRIBE.JELLYBEAN	观之尚可。	2349	物品名:"彩虹糖豆"
DESCRIBE.SADDLE_BASIC	有此可骑乘诸物。	2350	物品名:"鞍具" 制造描述:"你坐在动物身上。仅仅是理论上。"
DESCRIBE.SADDLE_RACE	此鞍观之甚佳。	2351	物品名:"闪亮鞍具" 制造描述:"抵消掉完成目标所花费的时间。或许。"
DESCRIBE.SADDLE_WAR	持之更趁手。	2352	物品名:"战争鞍具" 制造描述:"战场首领的王位。"
DESCRIBE.SADDLEHORN	此可卸鞍。	2353	物品名:"鞍角" 制造描述:"把鞍具撬开。"
DESCRIBE.SALTLICK	需舔舐几时方可尽？	2354	物品名:"舔盐块" 制造描述:"好好喂养你家的牲畜。"
DESCRIBE.BRUSH	吾思可与之结友。	2355	物品名:"刷子" 制造描述:"减缓皮弗娄牛毛发的生长速度。"
DESCRIBE.SANITYROCK.ACTIVE	彼石观之甚狂。	2358	物品名:"方尖碑"->激活了
DESCRIBE.SANITYROCK.INACTIVE	其余部何在？	2359	物品名:"方尖碑"->没有激活
DESCRIBE.SAPLING.BURNING	焚速甚疾。	2363	物品名:"树苗"->正在燃烧
DESCRIBE.SAPLING.WITHERED	若予之降温，或可复生。	2364	物品名:"树苗"->枯萎了
DESCRIBE.SAPLING.GENERIC	茁壮成长。	2365	物品名:"树苗"->默认
DESCRIBE.SAPLING.PICKED	已光秃矣。	2366	物品名:"树苗"->被采完了
DESCRIBE.SAPLING.DISEASED	其状甚不适。	2367	removed  -- 物品名:"树苗"->生病了
DESCRIBE.SAPLING.DISEASING	呃...有些地方不妥。	2368	removed  -- 物品名:"树苗"->正在生病？？
DESCRIBE.SCARECROW.GENERIC	草人可逐鸦矣。	2372	物品名:"友善的稻草人"->默认 制造描述:"模仿最新的秋季时尚。"
DESCRIBE.SCARECROW.BURNING	草人可食鸦乎？	2373	物品名:"友善的稻草人"->正在燃烧 制造描述:"模仿最新的秋季时尚。"
DESCRIBE.SCARECROW.BURNT	草人焚为焦炭。	2374	物品名:"友善的稻草人"->烧焦的 制造描述:"模仿最新的秋季时尚。"
DESCRIBE.SCULPTINGTABLE.EMPTY	吾可用此制石像。	2378	物品名:"陶轮" 制造描述:"大理石在你手里将像黏土一样。"
DESCRIBE.SCULPTINGTABLE.BLOCK	备以雕琢。	2379	物品名:"陶轮"->锁住了 制造描述:"大理石在你手里将像黏土一样。"
DESCRIBE.SCULPTINGTABLE.SCULPTURE	乃一杰作。	2380	物品名:"陶轮"->雕像做好了 制造描述:"大理石在你手里将像黏土一样。"
DESCRIBE.SCULPTINGTABLE.BURNT	尽为焦炭。	2381	物品名:"陶轮"->烧焦的 制造描述:"大理石在你手里将像黏土一样。"
DESCRIBE.SCULPTURE_KNIGHTHEAD	其余部何在？	2383	物品名:"可疑的大理石"
DESCRIBE.SCULPTURE_KNIGHTBODY.COVERED	一尊古怪之像。	2386	物品名:"大理石雕像"->被盖住了-三基佬雕像可以敲大理石的时候
DESCRIBE.SCULPTURE_KNIGHTBODY.UNCOVERED	何人损毁之。	2387	物品名:"大理石雕像"->没有被盖住-三基佬雕像被开采后
DESCRIBE.SCULPTURE_KNIGHTBODY.FINISHED	终复归一体。	2388	物品名:"大理石雕像"->三基佬雕像修好了
DESCRIBE.SCULPTURE_KNIGHTBODY.READY	内有物动。	2389	物品名:"大理石雕像"->准备好的 满的
DESCRIBE.SCULPTURE_BISHOPHEAD	乃一首级乎？	2391	物品名:"可疑的大理石"
DESCRIBE.SCULPTURE_BISHOPBODY.COVERED	感之甚新。	2394	物品名:"大理石雕像"->被盖住了-三基佬雕像可以敲大理石的时候
DESCRIBE.SCULPTURE_BISHOPBODY.UNCOVERED	有一大碎片未寻得。	2395	物品名:"大理石雕像"->没有被盖住-三基佬雕像被开采后
DESCRIBE.SCULPTURE_BISHOPBODY.FINISHED	然则如何？	2396	物品名:"大理石雕像"->三基佬雕像修好了
DESCRIBE.SCULPTURE_BISHOPBODY.READY	内有物动。	2397	物品名:"大理石雕像"->准备好的 满的
DESCRIBE.SCULPTURE_ROOKNOSE	此自何来？	2399	物品名:"可疑的大理石"
DESCRIBE.SCULPTURE_ROOKBODY.COVERED	一尊大理石像。	2402	物品名:"大理石雕像"->被盖住了-三基佬雕像可以敲大理石的时候
DESCRIBE.SCULPTURE_ROOKBODY.UNCOVERED	此有用否。	2403	物品名:"大理石雕像"->没有被盖住-三基佬雕像被开采后
DESCRIBE.SCULPTURE_ROOKBODY.FINISHED	尽皆补全。	2404	物品名:"大理石雕像"->三基佬雕像修好了
DESCRIBE.SCULPTURE_ROOKBODY.READY	内有物动。	2405	物品名:"大理石雕像"->准备好的 满的
DESCRIBE.GARGOYLE_HOUND	吾不喜其目。	2407	物品名:"可疑的月岩"
DESCRIBE.GARGOYLE_WEREPIG	其观之栩栩如生。	2408	物品名:"可疑的月岩"
DESCRIBE.SEEDS	每粒灵种皆有用处。	2409	物品名:"种子"
DESCRIBE.SEEDS_COOKED	炙种亦可勉强裹腹。	2410	物品名:"烤种子"
DESCRIBE.SEWING_KIT	缝补衣物，尚需巧手。	2411	物品名:"针线包" 制造描述:"缝补受损的衣物。"
DESCRIBE.SEWING_TAPE	修补尚可。	2412	物品名:"可靠的胶布" 制造描述:"缝补受损的衣物。"
DESCRIBE.SHOVEL	地下潜藏诸多物事。	2413	物品名:"铲子" 制造描述:"挖掘各种各样的东西。"
DESCRIBE.SILK	吾可用之制华服。	2414	物品名:"蜘蛛丝"
DESCRIBE.SKELETON	观之已有时日。	2415	物品名:"骷髅"
DESCRIBE.SCORCHED_SKELETON	真可怖。	2416	物品名:"易碎骷髅"
DESCRIBE.SKULLCHEST	其观之甚邪。	2417	removed  -- 物品名:"骷髅箱"
DESCRIBE.SMALLBIRD.GENERIC	好一微禽。	2420	物品名:"小鸟"->默认
DESCRIBE.SMALLBIRD.HUNGRY	其观之饥馑。	2421	物品名:"小鸟"->有点饿了
DESCRIBE.SMALLBIRD.STARVING	其必甚饥。	2422	物品名:"小鸟"->挨饿
DESCRIBE.SMALLBIRD.SLEEPING	竟不偷睁一目。	2423	物品名:"小鸟"->睡着了
DESCRIBE.SMALLMEAT	一小块肉。	2425	物品名:"小肉"
DESCRIBE.SMALLMEAT_DRIED	一小块肉脯。	2426	物品名:"小风干肉"
DESCRIBE.SPAT	实不忍睹。	2427	物品名:"钢羊"
DESCRIBE.SPEAR	过轻。	2428	物品名:"长矛" 制造描述:"使用尖的那一端。"
DESCRIBE.SPEAR_WATHGRITHR	不甚趁手。	2429	物品名:"战斗长矛" 制造描述:"黄金使它更锋利。"
DESCRIBE.WATHGRITHRHAT	彼冠甚奇。	2430	物品名:"战斗头盔" 制造描述:"独角兽是你的保护神。"
DESCRIBE.SPIDER.DEAD	秽物。	2433	物品名:"蜘蛛"->死了
DESCRIBE.SPIDER.GENERIC	吾厌蜘蛛。	2434	物品名:"蜘蛛"->默认
DESCRIBE.SPIDER.SLEEPING	是非之地，不宜久留。	2435	物品名:"蜘蛛"->睡着了
DESCRIBE.SPIDERDEN	真黏腻。	2437	物品名:"蜘蛛巢"
DESCRIBE.SPIDEREGGSACK	愿此不孵化。。	2438	物品名:"蜘蛛卵" 制造描述:"跟你的朋友寻求点帮助。"
DESCRIBE.SPIDERGLAND	乃蜘蛛之体一部。	2439	物品名:"蜘蛛腺"
DESCRIBE.SPIDERHAT	愿已尽去蜘蛛黏液。	2440	物品名:"蜘蛛帽" 制造描述:"蜘蛛们会喊你\"妈妈\"。"
DESCRIBE.SPIDERQUEEN	莫来惹吾。	2441	物品名:"蜘蛛女王"
DESCRIBE.SPIDER_WARRIOR.DEAD	终得摆脱。	2444	物品名:"蜘蛛战士"->死了
DESCRIBE.SPIDER_WARRIOR.GENERIC	小小蜘蛛，吾岂惧之。	2445	物品名:"蜘蛛战士"->默认
DESCRIBE.SPIDER_WARRIOR.SLEEPING	吾当保持距离。	2446	物品名:"蜘蛛战士"->睡着了
DESCRIBE.SPOILED_FOOD	乃生毛腐败之食。	2448	物品名:"腐烂物"
DESCRIBE.STAGEHAND.AWAKE	总之莫伸汝手。	2451	物品名:"舞台之手"->醒了
DESCRIBE.STAGEHAND.HIDING	此处略异。	2452	物品名:"舞台之手"->藏起来了
DESCRIBE.STATUE_MARBLE.GENERIC	雕像。	2456	物品名:"大理石雕像"->默认
DESCRIBE.STATUE_MARBLE.TYPE1	莫失心志。	2457	物品名:"大理石雕像"->类型1
DESCRIBE.STATUE_MARBLE.TYPE2	雕像之属。	2458	物品名:"大理石雕像"->类型2
DESCRIBE.STATUE_MARBLE.TYPE3	或当求人相助。	2459	bird bath type statue  -- 物品名:"大理石雕像"
DESCRIBE.STATUEHARP	其首何如？	2461	物品名:"竖琴雕像"
DESCRIBE.STATUEMAXWELL	其本尊略矮。	2462	物品名:"麦斯威尔雕像"
DESCRIBE.STEELWOOL	此物可作何用。	2463	物品名:"钢丝绵"
DESCRIBE.STINGER	观之甚锐。	2464	物品名:"蜂刺"
DESCRIBE.STRAWHAT	此冠可使吾清凉些许。	2465	物品名:"草帽" 制造描述:"帮助你保持清凉干爽。"
DESCRIBE.STUFFEDEGGPLANT	真塞满矣。	2466	物品名:"酿茄子"
DESCRIBE.SWEATERVEST	此背心尚可。	2467	物品名:"犬牙背心" 制造描述:"粗糙，但挺时尚。"
DESCRIBE.REFLECTIVEVEST	状态充沛。	2468	物品名:"清凉夏装" 制造描述:"穿上这件时尚的背心，让你神清气爽。"
DESCRIBE.HAWAIIANSHIRT	美甚，美甚。	2469	物品名:"花衬衫" 制造描述:"适合夏日穿着，或在周五便装日穿着。"
DESCRIBE.TAFFY	此为何点。	2470	物品名:"太妃糖"
DESCRIBE.TALLBIRD	好一高禽。	2471	物品名:"高脚鸟"
DESCRIBE.TALLBIRDEGG	可会孵化？	2472	物品名:"高脚鸟蛋"
DESCRIBE.TALLBIRDEGG_COOKED	美馔。	2473	物品名:"煎高脚鸟蛋"
DESCRIBE.TALLBIRDEGG_CRACKED.COLD	吾在战栗？	2476	物品名:"冻伤"->冷了
DESCRIBE.TALLBIRDEGG_CRACKED.GENERIC	观之正在孵化。	2477	物品名:"孵化中的高脚鸟蛋"->默认
DESCRIBE.TALLBIRDEGG_CRACKED.HOT	卵亦会汗出？	2478	物品名:"中暑"->热了
DESCRIBE.TALLBIRDEGG_CRACKED.LONG	吾感此需些时...	2479	物品名:"孵化中的高脚鸟蛋"->还需要很久
DESCRIBE.TALLBIRDEGG_CRACKED.SHORT	此刻随时将出。	2480	物品名:"孵化中的高脚鸟蛋"->很快了
DESCRIBE.TALLBIRDNEST.GENERIC	彼卵实不寻常。	2484	物品名:"高脚鸟巢"->默认
DESCRIBE.TALLBIRDNEST.PICKED	巢已空。	2485	物品名:"高脚鸟巢"->被采完了
DESCRIBE.TEENBIRD.GENERIC	不甚高之鸟。	2489	物品名:"小高脚鸟"->默认
DESCRIBE.TEENBIRD.HUNGRY	吾当助此小物。	2490	物品名:"小高脚鸟"->有点饿了
DESCRIBE.TEENBIRD.STARVING	其目露凶光。	2491	物品名:"小高脚鸟"->挨饿
DESCRIBE.TEENBIRD.SLEEPING	其正瞑目休憩。	2492	物品名:"小高脚鸟"->睡着了
DESCRIBE.TELEPORTATO_BASE.ACTIVE	有此，吾定可施展缩地术。	2496	single player  -- 物品名:"木制装置"->激活了
DESCRIBE.TELEPORTATO_BASE.GENERIC	此似通另一界。	2497	single player  -- 物品名:"木制装置"->默认
DESCRIBE.TELEPORTATO_BASE.LOCKED	尚缺何物。	2498	single player  -- 物品名:"木制装置"->锁住了
DESCRIBE.TELEPORTATO_BASE.PARTIAL	速成，大功将就。	2499	single player  -- 物品名:"木制装置"->已经有部分了
DESCRIBE.TELEPORTATO_BOX	此或可改天换地。	2501	single player  -- 物品名:"盒状装置"
DESCRIBE.TELEPORTATO_CRANK	似可应对些许险厄。	2502	single player  -- 物品名:"曲柄装置"
DESCRIBE.TELEPORTATO_POTATO	未见之古怪物...	2503	single player  -- 物品名:"金属土豆状装置"
DESCRIBE.TELEPORTATO_RING	一小圆环。	2504	single player  -- 物品名:"环状装置"
DESCRIBE.TELESTAFF	此可携吾往何处？	2505	物品名:"传送魔杖" 制造描述:"穿越空间的法杖。时间要另外收费。"
DESCRIBE.TENT.GENERIC	吾亦需安寝。	2508	物品名:"帐篷"->默认 制造描述:"回复理智值，但要花费时间并导致饥饿。"
DESCRIBE.TENT.BURNT	不剩安寝之物。	2509	物品名:"帐篷"->烧焦的 制造描述:"回复理智值，但要花费时间并导致饥饿。"
DESCRIBE.SIESTAHUT.GENERIC	避暑休憩之佳所。	2513	物品名:"遮阳篷"->默认 制造描述:"躲避烈日，回复理智值。"
DESCRIBE.SIESTAHUT.BURNT	今已遮阳不多。	2514	物品名:"遮阳篷"->烧焦的 制造描述:"躲避烈日，回复理智值。"
DESCRIBE.TENTACLE	彼观之甚危。	2516	物品名:"触手"
DESCRIBE.TENTACLESPIKE	既锐且黏。	2517	物品名:"触手尖刺"
DESCRIBE.TENTACLESPOTS	吾未见此妖物。	2518	物品名:"触手皮"
DESCRIBE.TENTACLE_PILLAR	黏滑之触。	2519	物品名:"大触手"
DESCRIBE.TENTACLE_PILLAR_HOLE	容吾探究一番。	2520	物品名:"硕大的泥坑"
DESCRIBE.TENTACLE_PILLAR_ARM	滑腻小触。	2521	物品名:"小触手"
DESCRIBE.TENTACLE_GARDEN	又一种黏滑之触。	2522	物品名:"大触手"
DESCRIBE.TOPHAT	奇诡之冠。	2523	物品名:"高礼帽" 制造描述:"最经典的帽子款式。"
DESCRIBE.TORCH	驱散些许幽暗。	2524	物品名:"火炬" 制造描述:"可携带的光源。"
DESCRIBE.TRANSISTOR	滋滋作响。	2525	物品名:"电子元件" 制造描述:"仙力至上。滋滋滋。"
DESCRIBE.TRAP	吾亦能为此细致活。	2526	物品名:"陷阱" 制造描述:"捕捉小型生物。"
DESCRIBE.TRAP_TEETH	真乃糟糕之意外。	2527	物品名:"犬牙陷阱" 制造描述:"弹出来并咬伤任何踩到它的东西。"
DESCRIBE.TRAP_TEETH_MAXWELL	吾不欲踏其上。	2528	single player  -- 物品名:"麦斯威尔的犬牙陷阱" 制造描述:"弹出来并咬伤任何踩到它的东西。"
DESCRIBE.TREASURECHEST.GENERIC	一工具箱。	2531	物品名:"箱子"->默认 制造描述:"一种结实的容器。"
DESCRIBE.TREASURECHEST.BURNT	彼箱焚毁一截。	2532	物品名:"箱子"->烧焦的 制造描述:"一种结实的容器。"
DESCRIBE.TREASURECHEST_TRAP	真便利。	2534	物品名:"宝箱"
DESCRIBE.SACRED_CHEST.GENERIC	吾闻其欲求何物。	2537	物品名:"远古宝箱"->默认
DESCRIBE.SACRED_CHEST.LOCKED	似不可开。	2538	物品名:"远古宝箱"->锁住了
DESCRIBE.TREECLUMP	是否有人欲困吾于此。	2540	removed  -- 物品名:"远古宝箱"
DESCRIBE.TRINKET_1	已熔化。	2541	Melted Marbles  -- 物品名:"熔化的弹珠"
DESCRIBE.TRINKET_2	此乃笛乎？	2542	Fake Kazoo  -- 物品名:"假卡祖笛"
DESCRIBE.TRINKET_3	彼为死结。	2543	Gord's Knot  -- 物品名:"戈尔迪之结"
DESCRIBE.TRINKET_4	其乃土地爷爷乎。	2544	Gnome  -- 物品名:"地精爷爷"
DESCRIBE.TRINKET_5	过小。	2545	Toy Rocketship  -- 物品名:"迷你火箭"
DESCRIBE.TRINKET_6	已无用。	2546	Frazzled Wires  -- 物品名:"烂电线"
DESCRIBE.TRINKET_7	享乐与戏耍。	2547	Ball and Cup  -- 物品名:"杯子和球"
DESCRIBE.TRINKET_8	塞也。	2548	Rubber Bung  -- 物品名:"硬化橡胶塞"
DESCRIBE.TRINKET_9	吾未见此物。	2549	Mismatched Buttons  -- 物品名:"不搭的纽扣"
DESCRIBE.TRINKET_10	此可代尖牙乎？	2550	Dentures  -- 物品名:"二手假牙"
DESCRIBE.TRINKET_11	此丑物尚可爱。	2551	Lying Robot  -- 物品名:"机器人玩偶"
DESCRIBE.TRINKET_12	此乃章鱼精之物。	2552	Dessicated Tentacle  -- 物品名:"干瘪的触手"
DESCRIBE.TRINKET_13	定为土地婆婆。	2553	Gnomette  -- 物品名:"地精奶奶"
DESCRIBE.TRINKET_14	今若能饮茶，该多好...	2554	Leaky Teacup  -- 物品名:"漏水的茶杯"
DESCRIBE.TRINKET_15	...麦斯威尔又落其行头。	2555	Pawn  -- 物品名:"白色主教"
DESCRIBE.TRINKET_16	...麦斯威尔又落其行头。	2556	Pawn  -- 物品名:"黑色主教"
DESCRIBE.TRINKET_17	此非吾爱用之器。	2557	Bent Spork  -- 物品名:"弯曲的叉子"
DESCRIBE.TRINKET_18	吾思其藏何物？	2558	Trojan Horse  -- 物品名:"玩具木马"
DESCRIBE.TRINKET_19	不甚顺利。	2559	Unbalanced Top  -- 物品名:"失衡陀螺"
DESCRIBE.TRINKET_20	吾思不需此。	2560	Backscratcher  -- 物品名:"痒痒挠"
DESCRIBE.TRINKET_21	此物整体变形。	2561	Egg Beater  -- 物品名:"破搅拌器"
DESCRIBE.TRINKET_22	此绳似有些坚硬。	2562	Frayed Yarn  -- 物品名:"磨损的纱线"
DESCRIBE.TRINKET_23	吾可自穿靴。	2563	Shoehorn  -- 物品名:"鞋拔子"
DESCRIBE.TRINKET_24	吾思应有猫在何处。	2564	Lucky Cat Jar  -- 物品名:"幸运猫扎尔"
DESCRIBE.TRINKET_25	闻之略陈腐。	2565	Air Unfreshener  -- 物品名:"臭气制造器"
DESCRIBE.TRINKET_26	绵密起沙。	2566	Potato Cup  -- 物品名:"土豆杯"
DESCRIBE.TRINKET_27	此物似可用以挂物。	2567	Coat Hanger  -- 物品名:"钢丝衣架"
DESCRIBE.TRINKET_28	实乃阴谋。	2568	Rook  -- 物品名:"白色战车"
DESCRIBE.TRINKET_29	实乃阴谋。	2569	Rook  -- 物品名:"黑色战车"
DESCRIBE.TRINKET_30	何以到处乱丢。	2570	Knight  -- 物品名:"白色骑士"
DESCRIBE.TRINKET_31	何以到处乱丢。	2571	Knight  -- 物品名:"黑色骑士"
DESCRIBE.TRINKET_32	吾识喜此者。	2572	Cubic Zirconia Ball  -- 物品名:"立方氧化锆球"
DESCRIBE.TRINKET_33	愿不引蜘蛛。	2573	Spider Ring  -- 物品名:"蜘蛛指环"
DESCRIBE.TRINKET_34	吾不喜与猿猴交道。	2574	Monkey Paw  -- 物品名:"猴爪"
DESCRIBE.TRINKET_35	惜其已无用。	2575	Empty Elixir  -- 物品名:"空的长生不老药"
DESCRIBE.TRINKET_36	食尽甜食后吾或需此物。	2576	Faux fangs  -- 物品名:"人造尖牙"
DESCRIBE.TRINKET_37	吾亦能为此。	2577	Broken Stake  -- 物品名:"断桩"
DESCRIBE.TRINKET_38	此物有何用处。	2578	Binoculars Griftlands trinket  -- 物品名:"双筒望远镜"
DESCRIBE.TRINKET_39	吾思另一只在何处？	2579	Lone Glove Griftlands trinket  -- 物品名:"单只手套"
DESCRIBE.TRINKET_40	持之令吾感如在市集。	2580	Snail Scale Griftlands trinket  -- 物品名:"蜗牛秤"
DESCRIBE.TRINKET_41	触之微温。	2581	Goop Canister Hot Lava trinket  -- 物品名:"黏液罐"
DESCRIBE.TRINKET_42	似为有趣玩物。	2582	Toy Cobra Hot Lava trinket  -- 物品名:"玩具眼镜蛇"
DESCRIBE.TRINKET_43	其不善跳跃。	2583	Crocodile Toy Hot Lava trinket  -- 物品名:"鳄鱼玩具"
DESCRIBE.TRINKET_44	破碎之琉璃杯。	2584	Broken Terrarium ONI trinket  -- 物品名:"破碎的玻璃罐"
DESCRIBE.TRINKET_45	回响之法器。	2585	Odd Radio ONI trinket  -- 物品名:"奇怪的收音机"
DESCRIBE.TRINKET_46	风婆婆之法器？	2586	Hairdryer ONI trinket  -- 物品名:"损坏的吹风机"
DESCRIBE.LOST_TOY_1	古怪小玩物。	2587	物品名:"遗失的玻璃球"
DESCRIBE.LOST_TOY_2	古怪小玩物。	2588	物品名:"多愁善感的卡祖笛"
DESCRIBE.LOST_TOY_7	古怪小玩物。	2589	物品名:"珍视的抽线陀螺"
DESCRIBE.LOST_TOY_10	古怪小玩物。	2590	物品名:"缺少的牙齿"
DESCRIBE.LOST_TOY_11	古怪小玩物。	2591	物品名:"珍贵的玩具机器人"
DESCRIBE.LOST_TOY_14	古怪小玩物。	2592	物品名:"妈妈最爱的茶杯"
DESCRIBE.LOST_TOY_18	古怪小玩物。	2593	物品名:"宝贵的玩具木马"
DESCRIBE.LOST_TOY_19	古怪小玩物。	2594	物品名:"最爱的陀螺"
DESCRIBE.LOST_TOY_42	古怪小玩物。	2595	物品名:"装错的玩具眼镜蛇"
DESCRIBE.LOST_TOY_43	古怪小玩物。	2596	物品名:"宠爱的鳄鱼玩具"
DESCRIBE.HALLOWEENCANDY_1	似令吾齿有微恙。	2597	物品名:"糖果苹果"
DESCRIBE.HALLOWEENCANDY_2	可试否？	2598	物品名:"糖果玉米"
DESCRIBE.HALLOWEENCANDY_3	乃…玉黍。	2599	物品名:"不太甜的玉米"
DESCRIBE.HALLOWEENCANDY_4	其一路蠕动而下。	2600	物品名:"粘液蜘蛛"
DESCRIBE.HALLOWEENCANDY_5	吾亦可尝此物。	2601	物品名:"浣猫糖果"
DESCRIBE.HALLOWEENCANDY_6	吾不常食彼物。	2602	物品名:"\"葡萄干\""
DESCRIBE.HALLOWEENCANDY_7	可尝。	2603	物品名:"葡萄干"
DESCRIBE.HALLOWEENCANDY_8	可尝试尝试。	2604	物品名:"鬼魂棒棒糖"
DESCRIBE.HALLOWEENCANDY_9	黏牙。	2605	物品名:"果冻虫"
DESCRIBE.HALLOWEENCANDY_10	观之不可口。	2606	物品名:"触手棒棒糖"
DESCRIBE.HALLOWEENCANDY_11	滋味尚可。	2607	物品名:"巧克力猪"
DESCRIBE.HALLOWEENCANDY_12	彼糖刚动否？	2608	ONI meal lice candy  -- 物品名:"糖果虱"
DESCRIBE.HALLOWEENCANDY_13	哎呀，吾可怜之下颌。	2609	Griftlands themed candy  -- 物品名:"无敌硬糖"
DESCRIBE.HALLOWEENCANDY_14	吾不欲食辣。	2610	Hot Lava pepper candy  -- 物品名:"熔岩椒"
DESCRIBE.CANDYBAG	其为某种美味小甜点。	2611	物品名:"糖果袋" 制造描述:"只带万圣夜好吃的东西。"
DESCRIBE.HALLOWEEN_ORNAMENT_1	可挂于树之饰。	2612	物品名:"幽灵装饰"
DESCRIBE.HALLOWEEN_ORNAMENT_2	古怪之饰。	2613	物品名:"蝙蝠装饰"
DESCRIBE.HALLOWEEN_ORNAMENT_3	此木观之宜挂。	2614	物品名:"蜘蛛装饰"
DESCRIBE.HALLOWEEN_ORNAMENT_4	有些逼真。	2615	物品名:"触手装饰"
DESCRIBE.HALLOWEEN_ORNAMENT_5	八手之饰。	2616	物品名:"穴居悬蛛装饰"
DESCRIBE.HALLOWEEN_ORNAMENT_6	树之饰。	2617	物品名:"乌鸦装饰"
DESCRIBE.HALLOWEENPOTION_DRINKS_WEAK	原以为更丰盛。	2618	物品名:"远古宝箱"
DESCRIBE.HALLOWEENPOTION_DRINKS_POTENT	法力药水。	2619	物品名:"远古宝箱"
DESCRIBE.HALLOWEENPOTION_BRAVERY	需一丁勇气。	2620	物品名:"远古宝箱"
DESCRIBE.HALLOWEENPOTION_MOON	注变异之力。	2621	物品名:"月亮精华液"
DESCRIBE.HALLOWEENPOTION_FIRE_FX	烈火结晶。	2622	物品名:"远古宝箱"
DESCRIBE.MADSCIENCE_LAB	可增修为否。	2623	物品名:"疯狂仙力家实验室" 制造描述:"疯狂实验无极限。唯独神智有极限。"
DESCRIBE.LIVINGTREE_ROOT	吾欲将其根除。	2624	物品名:"完全正常的树根"
DESCRIBE.LIVINGTREE_SAPLING	其将长得稍大。	2625	物品名:"完全正常的树苗"
DESCRIBE.DRAGONHEADHAT	故谁欲在前？	2626	物品名:"幸运兽脑袋" 制造描述:"野兽装束的前端。"
DESCRIBE.DRAGONBODYHAT	中间部令吾略踌躇。	2627	物品名:"幸运兽躯体" 制造描述:"野兽装束的中间部分。"
DESCRIBE.DRAGONTAILHAT	神龙摆尾之奇冠。	2628	物品名:"幸运兽尾巴" 制造描述:"野兽装束的尾端。"
DESCRIBE.PERDSHRINE.GENERIC	感其欲求何物。	2631	物品名:"火鸡神龛"->默认 制造描述:"供奉庄严之火鸡。"
DESCRIBE.PERDSHRINE.EMPTY	吾将在此种些物。	2632	物品名:"火鸡神龛" 制造描述:"供奉庄严之火鸡。"
DESCRIBE.PERDSHRINE.BURNT	全无用矣。	2633	物品名:"火鸡神龛"->烧焦的 制造描述:"供奉庄严之火鸡。"
DESCRIBE.REDLANTERN	此灯较他灯特别。	2635	物品名:"红灯笼" 制造描述:"照亮你的路的幸运灯笼。"
DESCRIBE.LUCKY_GOLDNUGGET	何其幸运之发现。	2636	物品名:"幸运黄金"
DESCRIBE.FIRECRACKERS	哈哈，年兽汝完矣。	2637	物品名:"红鞭炮" 制造描述:"用爆炸来庆祝。"
DESCRIBE.PERDFAN	甚大。	2638	物品名:"幸运扇" 制造描述:"额外的运气，超级多。"
DESCRIBE.REDPOUCH	内有物否？	2639	物品名:"红包"
DESCRIBE.WARGSHRINE.GENERIC	吾当作些有趣物。	2642	物品名:"座狼神龛"->默认 制造描述:"供奉陶土之座狼。"
DESCRIBE.WARGSHRINE.EMPTY	吾需在内置火炬。	2643	物品名:"座狼神龛" 制造描述:"供奉陶土之座狼。"
DESCRIBE.WARGSHRINE.BURNING	吾当作些有趣物。	2644	for willow to override  -- 物品名:"座狼神龛"->正在燃烧 制造描述:"供奉陶土之座狼。"
DESCRIBE.WARGSHRINE.BURNT	焚毁矣。	2645	物品名:"座狼神龛"->烧焦的 制造描述:"供奉陶土之座狼。"
DESCRIBE.CLAYWARG.GENERIC	黏土妖物。	2649	物品名:"黏土座狼"->默认
DESCRIBE.CLAYWARG.STATUE	其方才动否？	2650	物品名:"黏土座狼"->雕像
DESCRIBE.CLAYHOUND.GENERIC	其脱束缚矣。	2654	物品名:"黏土猎犬"->默认
DESCRIBE.CLAYHOUND.STATUE	其观之甚逼真。	2655	物品名:"黏土猎犬"->雕像
DESCRIBE.HOUNDWHISTLE	此可挡犬步。	2657	物品名:"幸运哨子" 制造描述:"对野猎犬吹哨。"
DESCRIBE.CHESSPIECE_CLAYHOUND	反正栓着，吾不忧。	2658	物品名:"猎犬雕塑"
DESCRIBE.CHESSPIECE_CLAYWARG	吾不惧此物。	2659	物品名:"座狼雕塑"
DESCRIBE.PIGSHRINE.GENERIC	有更多事需为。	2662	物品名:"猪神龛"->默认 制造描述:"供奉富饶之猪人。"
DESCRIBE.PIGSHRINE.EMPTY	其欲肉。	2663	物品名:"猪神龛" 制造描述:"供奉富饶之猪人。"
DESCRIBE.PIGSHRINE.BURNT	焚为焦炭。	2664	物品名:"猪神龛"->烧焦的 制造描述:"供奉富饶之猪人。"
DESCRIBE.PIG_TOKEN	此观之甚重。	2666	物品名:"金腰带"
DESCRIBE.PIG_COIN	略有用途。	2667	物品名:"猪鼻铸币"
DESCRIBE.YOTP_FOOD1	适吾之宴。	2668	物品名:"贡品烤肉" 制造描述:"向猪王敬肉。"
DESCRIBE.YOTP_FOOD2	唯野兽喜之食。	2669	物品名:"八宝泥馅饼" 制造描述:"那里隐藏着什么？"
DESCRIBE.YOTP_FOOD3	无甚精致。	2670	物品名:"鱼头串" 制造描述:"棍子上的荣华富贵。"
DESCRIBE.PIGELITE1	看何？	2671	BLUE  -- 物品名:"韦德"
DESCRIBE.PIGELITE2	讨打。	2672	RED  -- 物品名:"伊格内修斯"
DESCRIBE.PIGELITE3	汝目有泥。	2673	WHITE  -- 物品名:"德米特里"
DESCRIBE.PIGELITE4	岂不欲击他人乎？	2674	GREEN  -- 物品名:"索耶"
DESCRIBE.PIGELITEFIGHTER1	看何看？	2675	BLUE  -- 物品名:"韦德"
DESCRIBE.PIGELITEFIGHTER2	讨打。	2676	RED  -- 物品名:"伊格内修斯"
DESCRIBE.PIGELITEFIGHTER3	汝目有泥。	2677	WHITE  -- 物品名:"德米特里"
DESCRIBE.PIGELITEFIGHTER4	岂不欲击他人乎？	2678	GREEN  -- 物品名:"索耶"
DESCRIBE.CARRAT_GHOSTRACER	真令人不安。	2679	物品名:"查理的胡萝卜鼠"
DESCRIBE.YOTC_CARRAT_RACE_START	不错之始。	2680	物品名:"起点" 制造描述:"冲向比赛。"
DESCRIBE.YOTC_CARRAT_RACE_CHECKPOINT	关键之点。	2681	物品名:"检查点" 制造描述:"通往光荣之路上的一站。"
DESCRIBE.YOTC_CARRAT_RACE_FINISH.GENERIC	与其谓终点……	2684	物品名:"终点线"->默认 制造描述:"你走投无路了。"
DESCRIBE.YOTC_CARRAT_RACE_FINISH.BURNT	一火烧尽。	2685	物品名:"终点线"->烧焦的 制造描述:"你走投无路了。"
DESCRIBE.YOTC_CARRAT_RACE_FINISH.I_WON	哈哈。胜矣。	2686	物品名:"终点线" 制造描述:"你走投无路了。"
DESCRIBE.YOTC_CARRAT_RACE_FINISH.SOMEONE_ELSE_WON	哎……贺之。	2687	物品名:"终点线" 制造描述:"你走投无路了。"
DESCRIBE.YOTC_CARRAT_RACE_START_ITEM	好吧，算为始。	2689	物品名:"起点套装" 制造描述:"冲向比赛。"
DESCRIBE.YOTC_CARRAT_RACE_CHECKPOINT_ITEM	终将抵终。	2690	物品名:"检查点套装" 制造描述:"通往光荣之路上的一站。"
DESCRIBE.YOTC_CARRAT_RACE_FINISH_ITEM	大限将至。	2691	物品名:"终点线套装" 制造描述:"你走投无路了。"
DESCRIBE.YOTC_SEEDPACKET	观之颇丰。	2692	物品名:"种子包" 制造描述:"一包普通的混合种子。"
DESCRIBE.YOTC_SEEDPACKET_RARE	哟，还是稀罕货。	2693	物品名:"高级种子包" 制造描述:"一包高质量的种子。"
DESCRIBE.MINIBOATLANTERN	真亮。	2694	物品名:"漂浮灯笼" 制造描述:"闪着暖暖的光亮。"
DESCRIBE.YOTC_CARRATSHRINE.GENERIC	作何……	2697	物品名:"胡萝卜鼠神龛"->默认 制造描述:"供奉灵巧之胡萝卜鼠。"
DESCRIBE.YOTC_CARRATSHRINE.EMPTY	嗯……胡萝卜鼠喜食何？	2698	物品名:"胡萝卜鼠神龛" 制造描述:"供奉灵巧之胡萝卜鼠。"
DESCRIBE.YOTC_CARRATSHRINE.BURNT	炙胡萝卜之气。	2699	物品名:"胡萝卜鼠神龛"->烧焦的 制造描述:"供奉灵巧之胡萝卜鼠。"
DESCRIBE.YOTC_CARRAT_GYM_DIRECTION.GENERIC	明方向。	2703	物品名:"方向健身房"->默认
DESCRIBE.YOTC_CARRAT_GYM_DIRECTION.RAT	汝可一试。	2704	物品名:"方向健身房"
DESCRIBE.YOTC_CARRAT_GYM_DIRECTION.BURNT	吾之训计灰飞烟灭。	2705	物品名:"方向健身房"->烧焦的
DESCRIBE.YOTC_CARRAT_GYM_SPEED.GENERIC	吾需提胡萝卜鼠之速。	2709	物品名:"速度健身房"->默认
DESCRIBE.YOTC_CARRAT_GYM_SPEED.RAT	快些……快些。	2710	物品名:"速度健身房"
DESCRIBE.YOTC_CARRAT_GYM_SPEED.BURNT	吾或放太多燃料。	2711	物品名:"速度健身房"->烧焦的
DESCRIBE.YOTC_CARRAT_GYM_REACTION.GENERIC	吾等来训胡萝卜鼠之反应。	2715	物品名:"反应健身房"->默认
DESCRIBE.YOTC_CARRAT_GYM_REACTION.RAT	试反应。	2716	物品名:"反应健身房"
DESCRIBE.YOTC_CARRAT_GYM_REACTION.BURNT	付不少代价。	2717	物品名:"反应健身房"->烧焦的
DESCRIBE.YOTC_CARRAT_GYM_STAMINA.GENERIC	变得更强。	2721	物品名:"耐力健身房"->默认
DESCRIBE.YOTC_CARRAT_GYM_STAMINA.RAT	此胡萝卜鼠……将无人可挡。。	2722	物品名:"耐力健身房"
DESCRIBE.YOTC_CARRAT_GYM_STAMINA.BURNT	谁也挡不了进。然此将延之……	2723	物品名:"耐力健身房"->烧焦的
DESCRIBE.YOTC_CARRAT_GYM_DIRECTION_ITEM	吾亦当练。	2725	物品名:"方向健身房套装" 制造描述:"提高你的胡萝卜鼠的方向感。"
DESCRIBE.YOTC_CARRAT_GYM_SPEED_ITEM	吾最好将此组装。	2726	物品名:"速度健身房套装" 制造描述:"增加你的胡萝卜鼠的速度。"
DESCRIBE.YOTC_CARRAT_GYM_STAMINA_ITEM	此会改胡萝卜鼠之耐力	2727	物品名:"耐力健身房套装" 制造描述:"增强你的胡萝卜鼠的耐力。"
DESCRIBE.YOTC_CARRAT_GYM_REACTION_ITEM	此应能显提胡萝卜鼠之反应。	2728	物品名:"反应健身房套装" 制造描述:"加快你的胡萝卜鼠的反应时间。"
DESCRIBE.YOTC_CARRAT_SCALE_ITEM	可秤吾之胡萝卜鼠。	2729	物品名:"胡萝卜鼠秤套装" 制造描述:"看看你的胡萝卜鼠的情况。"
DESCRIBE.YOTC_CARRAT_SCALE.GENERIC	愿天道眷吾。	2732	物品名:"胡萝卜鼠秤"->默认
DESCRIBE.YOTC_CARRAT_SCALE.CARRAT	其终为有觉之蔬。	2733	物品名:"胡萝卜鼠" 制造描述:"灵巧机敏，富含胡萝卜素。"
DESCRIBE.YOTC_CARRAT_SCALE.CARRAT_GOOD	胡萝卜鼠熟可赛矣。	2734	物品名:"胡萝卜鼠秤"
DESCRIBE.YOTC_CARRAT_SCALE.BURNT	真一团糟	2735	物品名:"胡萝卜鼠秤"->烧焦的
DESCRIBE.YOTB_BEEFALOSHRINE.GENERIC	作何……	2739	物品名:"皮弗娄牛神龛"->默认 制造描述:"供奉坚毅之皮弗娄牛。"
DESCRIBE.YOTB_BEEFALOSHRINE.EMPTY	嗯……牛是何成？	2740	物品名:"皮弗娄牛神龛" 制造描述:"供奉坚毅之皮弗娄牛。"
DESCRIBE.YOTB_BEEFALOSHRINE.BURNT	闻之为炙肉之气。	2741	物品名:"皮弗娄牛神龛"->烧焦的 制造描述:"供奉坚毅之皮弗娄牛。"
DESCRIBE.BEEFALO_GROOMER.GENERIC	无牛儿供吾打扮。	2745	物品名:"皮弗娄牛美妆台"->默认 制造描述:"美牛原型机。"
DESCRIBE.BEEFALO_GROOMER.OCCUPIED	让吾来美此牛儿。	2746	物品名:"皮弗娄牛美妆台"->被占领 制造描述:"美牛原型机。"
DESCRIBE.BEEFALO_GROOMER.BURNT	吾以最火之格打扮此牛儿。	2747	物品名:"皮弗娄牛美妆台"->烧焦的 制造描述:"美牛原型机。"
DESCRIBE.BEEFALO_GROOMER_ITEM	吾还换个地方将其装。	2749	物品名:"美妆台套装" 制造描述:"美牛原型机。"
DESCRIBE.YOTR_RABBITSHRINE.GENERIC	作何……	2752	物品名:"兔人神龛"->默认 制造描述:"供奉舒适之兔人。"
DESCRIBE.YOTR_RABBITSHRINE.EMPTY	彼兔观之饥。	2753	物品名:"兔人神龛" 制造描述:"供奉舒适之兔人。"
DESCRIBE.YOTR_RABBITSHRINE.BURNT	闻之如素食烧烤。	2754	物品名:"兔人神龛"->烧焦的 制造描述:"供奉舒适之兔人。"
DESCRIBE.NIGHTCAPHAT	吾可试此。	2756	物品名:"睡帽" 制造描述:"为你打瞌睡的脑袋准备的帽子。"
DESCRIBE.YOTR_FOOD1	其以胡萝卜制。	2757	物品名:"兔子卷" 制造描述:"制造这个蛋糕的过程中没有兔子受到伤害。"
DESCRIBE.YOTR_FOOD2	甚喜甘甜之食。	2758	物品名:"月饼" 制造描述:"“蓝色”风味。"
DESCRIBE.YOTR_FOOD3	摇荡之甜点。	2759	物品名:"月冻" 制造描述:"这甜点美的让人不忍心咬一口。"
DESCRIBE.YOTR_FOOD4	尚可。	2760	物品名:"泡芙串" 制造描述:"蓬松有嚼劲的球。"
DESCRIBE.YOTR_TOKEN	此物吾不可予错人。	2761	物品名:"挑战手套" 制造描述:"告诉兔人你想在枕头大战里试试手。"
DESCRIBE.COZY_BUNNYMAN	彼等观之甚舒。	2762	物品名:"舒适的兔人"
DESCRIBE.HANDPILLOW_BEEFALOWOOL	若其不似皮弗娄牛气则佳。	2763	物品名:"皮弗娄牛毛枕头" 制造描述:"打出一记带牛毛的重击。"
DESCRIBE.HANDPILLOW_KELP	吾不喜如此潮。	2764	物品名:"海带枕头" 制造描述:"没有人喜欢盖着湿毯子睡。别以为湿枕头能好到哪去。"
DESCRIBE.HANDPILLOW_PETALS	至少较他枕好闻。	2765	物品名:"花朵枕头" 制造描述:"枕头里装满了花的力量。"
DESCRIBE.HANDPILLOW_STEELWOOL	谁将眠此上？	2766	物品名:"钢丝绵枕头" 制造描述:"专为枕头大战的严肃参赛者准备。"
DESCRIBE.BODYPILLOW_BEEFALOWOOL	若其不闻之如此怪异则佳。	2767	物品名:"皮弗娄牛枕头盔甲" 制造描述:"加强你的枕头防卫。"
DESCRIBE.BODYPILLOW_KELP	吾不喜如此潮。	2768	物品名:"海带枕头盔甲" 制造描述:"一套湿漉漉的枕头盔甲。"
DESCRIBE.BODYPILLOW_PETALS	至少较有枕好闻。	2769	物品名:"花朵枕头盔甲" 制造描述:"它提供了最低限度的保护，脱下它后你身上会有玫瑰花的香味。"
DESCRIBE.BODYPILLOW_STEELWOOL	谁将眠此上？	2770	物品名:"钢丝绵枕头盔甲" 制造描述:"一个可穿戴的枕头，既有效又令人不快。"
DESCRIBE.BISHOP_CHARGE_HIT	噢。	2771	物品名:"兔人神龛"->被主教攻击 制造描述:"供奉舒适之兔人。"
DESCRIBE.TRUNKVEST_SUMMER	凉快。	2772	物品名:"透气背心" 制造描述:"暖和，但算不上非常暖和。"
DESCRIBE.TRUNKVEST_WINTER	不错。	2773	物品名:"松软背心" 制造描述:"足以抵御冬季暴雪的保暖背心。"
DESCRIBE.TRUNK_COOKED	不知何故较前更似鼻。	2774	物品名:"象鼻排"
DESCRIBE.TRUNK_SUMMER	一轻快之象鼻。	2775	物品名:"象鼻"
DESCRIBE.TRUNK_WINTER	一肥厚多毛之象鼻。	2776	物品名:"冬象鼻"
DESCRIBE.TUMBLEWEED	谁知彼风滚草内裹何。	2777	物品名:"风滚草"
DESCRIBE.TURKEYDINNER	啧~	2778	物品名:"火鸡正餐"
DESCRIBE.TWIGS	一堆小枝。	2779	物品名:"树枝"
DESCRIBE.UMBRELLA	衣物此则不湿。	2780	物品名:"雨伞" 制造描述:"遮阳挡雨。"
DESCRIBE.GRASS_UMBRELLA	此伞美，然不顶用。	2781	物品名:"花伞" 制造描述:"漂亮轻便的保护伞。"
DESCRIBE.UNIMPLEMENTED	观之尚未完工。或存险。	2782	物品名:"兔人神龛" 制造描述:"供奉舒适之兔人。"
DESCRIBE.WAFFLES	其观之分量超足。	2783	物品名:"华夫饼"
DESCRIBE.WALL_HAY.GENERIC	呃。吾思只可将就用。	2786	物品名:"草墙"->默认
DESCRIBE.WALL_HAY.BURNT	全无用矣。	2787	物品名:"草墙"->烧焦的
DESCRIBE.WALL_HAY_ITEM	此不似好主意。	2789	物品名:"草墙" 制造描述:"草墙墙体。不太结实。"
DESCRIBE.WALL_STONE	不错之墙。	2790	物品名:"石墙"
DESCRIBE.WALL_STONE_ITEM	彼等令吾有安。	2791	物品名:"石墙" 制造描述:"石墙墙体。"
DESCRIBE.WALL_RUINS	一段古墙。	2792	物品名:"铥墙"
DESCRIBE.WALL_RUINS_ITEM	一段坚史。	2793	物品名:"铥墙" 制造描述:"这些墙可以承受相当多的打击。"
DESCRIBE.WALL_WOOD.GENERIC	尖。	2796	物品名:"木墙"->默认
DESCRIBE.WALL_WOOD.BURNT	焚为焦炭。	2797	物品名:"木墙"->烧焦的
DESCRIBE.WALL_WOOD_ITEM	木桩。	2799	物品名:"木墙" 制造描述:"木墙墙体。"
DESCRIBE.WALL_MOONROCK	空灵而光。	2800	物品名:"月岩墙"
DESCRIBE.WALL_MOONROCK_ITEM	甚轻盈，然出意坚硬。	2801	物品名:"月岩墙" 制造描述:"月球疯子之墙。"
DESCRIBE.WALL_DREADSTONE	此感真安？	2802	物品名:"绝望石墙"
DESCRIBE.WALL_DREADSTONE_ITEM	会出何错？	2803	物品名:"绝望石墙" 制造描述:"将自己包围在最可怕的装饰之中。"
DESCRIBE.FENCE	不过木栅。	2804	物品名:"木栅栏"
DESCRIBE.FENCE_ITEM	有此可造美牢栅。	2805	物品名:"木栅栏" 制造描述:"木栅栏部分。"
DESCRIBE.FENCE_GATE	有人在家否？	2806	物品名:"木门"
DESCRIBE.FENCE_GATE_ITEM	有此可造牢大。	2807	物品名:"木门" 制造描述:"木栅栏的门。"
DESCRIBE.WALRUS	一奇妖兽。	2808	物品名:"海象"
DESCRIBE.WALRUSHAT	上覆一层海象毛。	2809	物品名:"贝雷帽"
DESCRIBE.WALRUS_CAMP.EMPTY	观之有人在此扎营。	2812	物品名:"海象营地"
DESCRIBE.WALRUS_CAMP.GENERIC	观之内温暖而舒适。	2813	物品名:"海象营地"->默认
DESCRIBE.WALRUS_TUSK	其终定可派用场。	2815	物品名:"海象牙"
DESCRIBE.WARDROBE.GENERIC	可更衣物。	2818	物品名:"衣柜"->默认 制造描述:"随心变换面容。"
DESCRIBE.WARDROBE.BURNING	焚速甚疾。	2819	物品名:"衣柜"->正在燃烧 制造描述:"随心变换面容。"
DESCRIBE.WARDROBE.BURNT	毫无格可言。	2820	物品名:"衣柜"->烧焦的 制造描述:"随心变换面容。"
DESCRIBE.WARG	汝似不太好对付，大犬。	2822	物品名:"座狼"
DESCRIBE.WARGLET	又要回那些日……	2823	物品名:"青年座狼"
DESCRIBE.WASPHIVE	吾观彼蜂皆发狂。	2824	物品名:"杀人蜂蜂窝"
DESCRIBE.WATERBALLOON	储水好主意。	2825	物品名:"水球" 制造描述:"球体灭火。"
DESCRIBE.WATERMELON	携几个回。	2826	物品名:"西瓜"
DESCRIBE.WATERMELON_COOKED	多汁之瓜。	2827	物品名:"烤西瓜"
DESCRIBE.WATERMELONHAT	让汁流下。	2828	物品名:"西瓜帽" 制造描述:"提神醒脑，但感觉黏黏的。"
DESCRIBE.WAXWELLJOURNAL.GENERIC	真可怕。	2831	物品名:"暗影秘典"->默认 制造描述:"这将让你大吃一惊。"
DESCRIBE.WETGOOP	其尝之无味。	2834	物品名:"潮湿黏糊"
DESCRIBE.WHIP	此辫有些厉害。	2835	物品名:"三尾猫鞭" 制造描述:"提出有建设性的反馈意见。"
DESCRIBE.WINTERHAT	冬来时，吾将戴之。	2836	物品名:"冬帽" 制造描述:"保持脑袋温暖。"
DESCRIBE.WINTEROMETER.GENERIC	有些用处物。	2839	物品名:"温度测量仪"->默认 制造描述:"测量环境气温。"
DESCRIBE.WINTEROMETER.BURNT	再不可测。	2840	物品名:"温度测量仪"->烧焦的 制造描述:"测量环境气温。"
DESCRIBE.WINTER_TREE.BURNT	节氛受影响。	2844	物品名:"冬季盛宴树"->烧焦的
DESCRIBE.WINTER_TREE.BURNING	吾思此为错。	2845	物品名:"冬季盛宴树"->正在燃烧
DESCRIBE.WINTER_TREE.CANDECORATE	瑞雪降祥。	2846	物品名:"冬季盛宴树"->烛台？？？
DESCRIBE.WINTER_TREE.YOUNG	马上要过节。	2847	物品名:"冬季盛宴树"->还年轻
DESCRIBE.WINTER_TREESTAND.GENERIC	吾需一松果。	2851	物品名:"盛宴树盆"->默认 制造描述:"种植并装饰一棵冬季盛宴树。"
DESCRIBE.WINTER_TREESTAND.BURNT	节氛受影响。	2852	物品名:"盛宴树盆"->烧焦的 制造描述:"种植并装饰一棵冬季盛宴树。"
DESCRIBE.WINTER_ORNAMENT	不错小玩物。	2854	物品名:"圣诞小玩意"
DESCRIBE.WINTER_ORNAMENTLIGHT	吾喜亮晶美物。	2855	物品名:"圣诞灯"
DESCRIBE.WINTER_ORNAMENTBOSS	此一尤令人印象深刻。	2856	物品名:"华丽的装饰"
DESCRIBE.WINTER_ORNAMENTFORGE	吾应将其悬火上烤。	2857	物品名:"熔炉装饰"
DESCRIBE.WINTER_ORNAMENTGORGE	不知何故，此令吾感甚饥。	2858	物品名:"暴食装饰"
DESCRIBE.WINTER_FOOD1	女娲作何？	2859	gingerbread cookie  -- 物品名:"小姜饼"
DESCRIBE.WINTER_FOOD2	吾要食四十。为法力。	2860	sugar cookie  -- 物品名:"糖曲奇饼"
DESCRIBE.WINTER_FOOD3	中元节间牙疼马上要发。	2861	candy cane  -- 物品名:"拐杖糖"
DESCRIBE.WINTER_FOOD4	此口感，有点不对。	2862	fruitcake  -- 物品名:"永远的水果蛋糕"
DESCRIBE.WINTER_FOOD5	能有一次食浆果以外物真佳。	2863	yule log cake  -- 物品名:"巧克力原木蛋糕"
DESCRIBE.WINTER_FOOD6	直接放进嘴。	2864	plum pudding  -- 物品名:"李子布丁"
DESCRIBE.WINTER_FOOD7	充满美味汁液空心苹。	2865	apple cider  -- 物品名:"苹果酒"
DESCRIBE.WINTER_FOOD8	黑乎乎，甜甜？	2866	hot cocoa  -- 物品名:"热可可"
DESCRIBE.WINTER_FOOD9	琼浆玉液也不过如此？	2867	eggnog  -- 物品名:"美味的蛋酒"
DESCRIBE.WINTERSFEASTOVEN.GENERIC	喜庆之炉，用制火烤食。	2870	物品名:"砖砌烤炉"->默认 制造描述:"燃起了喜庆的火焰。"
DESCRIBE.WINTERSFEASTOVEN.COOKING	好用又美。	2871	物品名:"砖砌烤炉" 制造描述:"燃起了喜庆的火焰。"
DESCRIBE.WINTERSFEASTOVEN.ALMOST_DONE_COOKING	马上垒好。	2872	物品名:"砖砌烤炉" 制造描述:"燃起了喜庆的火焰。"
DESCRIBE.WINTERSFEASTOVEN.DISH_READY	马上垒好。	2873	物品名:"砖砌烤炉" 制造描述:"燃起了喜庆的火焰。"
DESCRIBE.BERRYSAUCE	浆果酱。	2875	物品名:"快乐浆果酱"
DESCRIBE.BIBINGKA	像海绵软。	2876	物品名:"比宾卡米糕"
DESCRIBE.CABBAGEROLLS	荤素搭配。	2877	物品名:"白菜卷"
DESCRIBE.FESTIVEFISH	品尝品尝时令海鲜。	2878	物品名:"节庆鱼料理"
DESCRIBE.GRAVY	全肉汁。	2879	物品名:"好肉汁"
DESCRIBE.LATKES	吾能食好多。	2880	物品名:"土豆饼"
DESCRIBE.LUTEFISK	味还成。	2881	物品名:"苏打鱼"
DESCRIBE.MULLEDDRINK	此杯酒劲很足。	2882	物品名:"香料潘趣酒"
DESCRIBE.PANETTONE	此食还算应景。	2883	物品名:"托尼甜面包"
DESCRIBE.PAVLOVA	吾可尝试尝。	2884	物品名:"巴甫洛娃蛋糕"
DESCRIBE.PICKLEDHERRING	无可挑剔美味。	2885	物品名:"腌鲱鱼"
DESCRIBE.POLISHCOOKIE	吾要食精光。	2886	物品名:"波兰饼干"
DESCRIBE.PUMPKINPIE	吾要全吃掉。	2887	物品名:"南瓜派"
DESCRIBE.ROASTTURKEY	肥美多汁鸡腿，为吾作。	2888	物品名:"烤火鸡"
DESCRIBE.STUFFING	皆好料。	2889	物品名:"烤火鸡面包馅"
DESCRIBE.SWEETPOTATO	不错食。	2890	物品名:"红薯焗饭"
DESCRIBE.TAMALES	吾要再多吃些。	2891	物品名:"塔马利"
DESCRIBE.TOURTIERE	尽情品尝。	2892	物品名:"饕餮馅饼"
DESCRIBE.TABLE_WINTERS_FEAST.GENERIC	节庆餐桌。	2895	物品名:"冬季盛宴餐桌"->默认 制造描述:"一起来享用冬季盛宴吧。"
DESCRIBE.TABLE_WINTERS_FEAST.HAS_FOOD	吃饭时到。	2896	物品名:"冬季盛宴餐桌" 制造描述:"一起来享用冬季盛宴吧。"
DESCRIBE.TABLE_WINTERS_FEAST.WRONG_TYPE	非吃此时季。	2897	物品名:"冬季盛宴餐桌" 制造描述:"一起来享用冬季盛宴吧。"
DESCRIBE.TABLE_WINTERS_FEAST.BURNT	谁会作此事？	2898	物品名:"冬季盛宴餐桌"->烧焦的 制造描述:"一起来享用冬季盛宴吧。"
DESCRIBE.GINGERBREADWARG	让吾尝。	2900	物品名:"姜饼座狼"
DESCRIBE.GINGERBREADHOUSE	管吃管住。	2901	物品名:"姜饼猪屋"
DESCRIBE.GINGERBREADPIG	吾最好随他。	2902	物品名:"姜饼猪"
DESCRIBE.CRUMBS	走一路掉一路。	2903	物品名:"饼干屑"
DESCRIBE.WINTERSFEASTFUEL	冬季精神。	2904	物品名:"节日欢愉"
DESCRIBE.KLAUS	彼究竟何物。	2905	物品名:"克劳斯"
DESCRIBE.KLAUS_SACK	吾应开彼物。	2906	物品名:"赃物袋"
DESCRIBE.KLAUSSACKKEY	对一鹿角说此真太花俏。	2907	物品名:"麋鹿茸"
DESCRIBE.WORMHOLE.GENERIC	看可往何处。	2910	物品名:"虫洞"->默认
DESCRIBE.WORMHOLE.OPEN	有物催吾跳进。	2911	物品名:"虫洞"->打开
DESCRIBE.WORMHOLE_LIMITED	啊，彼物观不太对。	2913	物品名:"生病的虫洞"->一次性虫洞 单机
DESCRIBE.ACCOMPLISHMENT_SHRINE	让此界皆知吾所行。	2914	single player  -- 物品名:"奖杯" 制造描述:"证明你作为一个人的价值。"
DESCRIBE.LIVINGTREE	其在观吾否？	2915	物品名:"完全正常的树"
DESCRIBE.ICESTAFF	触之冰凉。	2916	物品名:"冰魔杖" 制造描述:"把敌人冰冻在原地。"
DESCRIBE.REVIVER	魂魄复活。	2917	物品名:"告密的心" 制造描述:"鬼魂朋友复活了，好可怕。"
DESCRIBE.SHADOWHEART	蕴莫大法力。	2918	物品名:"暗影心房"
DESCRIBE.ATRIUM_RUBBLE.LINE_1	绘一古文明。	2921	物品名:"远古壁画"->第一行
DESCRIBE.ATRIUM_RUBBLE.LINE_2	此石板已不可识。	2922	物品名:"远古壁画"->第二行
DESCRIBE.ATRIUM_RUBBLE.LINE_3	有物悄悄逼近此。	2923	物品名:"远古壁画"->第三行
DESCRIBE.ATRIUM_RUBBLE.LINE_4	万物表里截然不同。	2924	物品名:"远古壁画"->第四行
DESCRIBE.ATRIUM_RUBBLE.LINE_5	一副很古壁画。	2925	物品名:"远古壁画"->第五行
DESCRIBE.ATRIUM_STATUE	此观不全真。	2927	物品名:"远古雕像"
DESCRIBE.ATRIUM_LIGHT.ON	幽光令人心神不宁。	2930	物品名:"远古灯柱"->开启
DESCRIBE.ATRIUM_LIGHT.OFF	其必赖法力以明。	2931	物品名:"远古灯柱"->关闭
DESCRIBE.ATRIUM_GATE.ON	已归寻常。	2935	物品名:"远古大门"->开启
DESCRIBE.ATRIUM_GATE.OFF	仍完好如初。	2936	物品名:"远古大门"->关闭
DESCRIBE.ATRIUM_GATE.CHARGING	其正聚法力。	2937	物品名:"远古大门"->充能中
DESCRIBE.ATRIUM_GATE.DESTABILIZING	此门在震荡。	2938	物品名:"远古大门"->不稳定
DESCRIBE.ATRIUM_GATE.COOLDOWN	尚需时恢复。	2939	物品名:"远古大门"->冷却中
DESCRIBE.ATRIUM_KEY	此钥可启一门。	2941	物品名:"远古钥匙"
DESCRIBE.LIFEINJECTOR	法力回溯，生机再续。	2942	物品名:"强心针" 制造描述:"提高下你那日渐衰退的最大健康值吧。"
DESCRIBE.SKELETON_PLAYER.MALE	不过一具白骨。	2945	物品名:"骷髅"->男性
DESCRIBE.SKELETON_PLAYER.FEMALE	不过一具白骨。	2946	物品名:"骷髅"->女性
DESCRIBE.SKELETON_PLAYER.ROBOT	不过一具白骨。	2947	物品名:"骷髅"->机器人
DESCRIBE.SKELETON_PLAYER.DEFAULT	不过一具白骨。	2948	物品名:"物品栏物品"->默认
DESCRIBE.HUMANMEAT	此肉甚异。	2950	物品名:"长猪"
DESCRIBE.HUMANMEAT_COOKED	异肉已炙。	2951	物品名:"熟长猪"
DESCRIBE.HUMANMEAT_DRIED	异肉已风干。	2952	物品名:"长猪肉干"
DESCRIBE.ROCK_MOON	此石出月宫。	2953	物品名:"岩石"
DESCRIBE.MOONROCKNUGGET	此石出月宫。	2954	物品名:"月岩"
DESCRIBE.MOONROCKCRATER	吾应置物于其内。	2955	物品名:"带孔月岩" 制造描述:"用于划定地盘的岩石。"
DESCRIBE.MOONROCKSEED	若夜明珠。	2956	物品名:"天体宝球"
DESCRIBE.REDMOONEYE	其可望极远。	2957	物品名:"红色月眼"
DESCRIBE.PURPLEMOONEYE	可用以标记方位。	2958	物品名:"紫色月眼"
DESCRIBE.GREENMOONEYE	彼物将紧盯此处。	2959	物品名:"绿色月眼"
DESCRIBE.ORANGEMOONEYE	有彼物为目，无人可迷途。	2960	物品名:"橘色月眼"
DESCRIBE.YELLOWMOONEYE	其当为众人指路。	2961	物品名:"黄色月眼"
DESCRIBE.BLUEMOONEYE	留心观察，方为明智。	2962	物品名:"蓝色月眼"
DESCRIBE.BOARRIOR	汝身甚伟。	2963	物品名:"大熔炉猪战士"->大熔炉猪战士
DESCRIBE.BOARON	吾可敌之。	2964	物品名:"战猪"
DESCRIBE.PEGHOOK	彼物所喷甚危。	2965	物品名:"蝎子"
DESCRIBE.TRAILS	其臂甚壮。	2966	物品名:"野猪猩"
DESCRIBE.TURTILLUS	其甲有棘。	2967	物品名:"坦克龟"
DESCRIBE.SNAPPER	此物会啮人。	2968	物品名:"鳄鱼指挥官"
DESCRIBE.RHINODRILL	其鼻适掘。	2969	物品名:"后扣帽犀牛兄弟"
DESCRIBE.BEETLETAUR	吾在此可闻其气。	2970	物品名:"地狱独眼巨猪"
DESCRIBE.LAVAARENA_PORTAL.ON	吾当离去。	2973	物品名:"远古大门"->开启
DESCRIBE.LAVAARENA_PORTAL.GENERIC	既可来，应可归乎？	2974	物品名:"远古大门"->默认
DESCRIBE.HEALINGSTAFF	可释再生法力。	2976	物品名:"生命魔杖"
DESCRIBE.FIREBALLSTAFF	可召天外星陨。	2977	物品名:"地狱魔杖"
DESCRIBE.HAMMER_MJOLNIR	此槌尚堪用。	2978	物品名:"锻锤"
DESCRIBE.SPEAR_GUNGNIR	吾可用此恢复法力。	2979	物品名:"尖齿矛"
DESCRIBE.BLOWDART_LAVA	吾可用此。	2980	物品名:"吹箭"
DESCRIBE.BLOWDART_LAVA2	且试之。	2981	物品名:"熔化吹箭"
DESCRIBE.WEBBER_SPIDER_MINION	彼等可代吾而战。	2982	物品名:"蜘蛛宝宝"
DESCRIBE.BOOK_FOSSIL	此书蕴大法力。	2983	物品名:"石化之书"
DESCRIBE.SPEAR_LANCE	其可直中要害。	2984	物品名:"螺旋矛"
DESCRIBE.BOOK_ELEMENTAL	吾难辨其文。	2985	物品名:"召唤之书"
DESCRIBE.QUAGMIRE_ALTAR.GENERIC	吾当备祭品。	2988	物品名:"饕餮祭坛"->默认
DESCRIBE.QUAGMIRE_ALTAR.FULL	其正消化。	2989	物品名:"饕餮祭坛"->满了
DESCRIBE.QUAGMIRE_SUGARWOODTREE.GENERIC	内含多浆。	2993	物品名:"糖木树"->默认
DESCRIBE.QUAGMIRE_SUGARWOODTREE.STUMP	彼木安在？	2994	物品名:"糖木树"->暴食模式糖木树只剩树桩了
DESCRIBE.QUAGMIRE_SUGARWOODTREE.TAPPED_EMPTY	木之浆液。	2995	物品名:"糖木树"->暴食模式糖木树空了
DESCRIBE.QUAGMIRE_SUGARWOODTREE.TAPPED_READY	金浆玉液。	2996	物品名:"糖木树"->暴食模式糖木树好了
DESCRIBE.QUAGMIRE_SUGARWOODTREE.TAPPED_BUGS	蚁自中来。	2997	物品名:"糖木树"->暴食模式糖木树上有蚂蚁
DESCRIBE.QUAGMIRE_SUGARWOODTREE.WOUNDED	其状似病。	2998	物品名:"糖木树"->暴食糖木树生病了
DESCRIBE.QUAGMIRE_SPOTSPICE_SHRUB.GENERIC	其令吾忆及触手妖物。	3002	物品名:"带斑点的小灌木"->默认
DESCRIBE.QUAGMIRE_SPOTSPICE_SHRUB.PICKED	丛中无物可采矣。	3003	物品名:"带斑点的小灌木"->被采完了
DESCRIBE.QUAGMIRE_SALT_RACK.READY	盐聚于索。	3007	物品名:"盐架"->准备好的 满的
DESCRIBE.QUAGMIRE_SALT_RACK.GENERIC	尚需时积聚。	3008	物品名:"盐架"->默认
DESCRIBE.QUAGMIRE_SAFE.GENERIC	此箱用护宝物。	3012	物品名:"保险箱"->默认
DESCRIBE.QUAGMIRE_SAFE.LOCKED	无钥不开。	3013	物品名:"保险箱"->锁住了
DESCRIBE.QUAGMIRE_MUSHROOMSTUMP.GENERIC	彼乃蕈乎？	3017	物品名:"蘑菇"->默认
DESCRIBE.QUAGMIRE_MUSHROOMSTUMP.PICKED	恐不复生。	3018	物品名:"蘑菇"->被采完了
DESCRIBE.QUAGMIRE_RUBBLE_HOUSE[0]	空无人居。	3022	物品名:"残破的房子" 制造描述:未找到
DESCRIBE.QUAGMIRE_RUBBLE_HOUSE[1]	此村已毁。	3023	物品名:"残破的房子" 制造描述:未找到
DESCRIBE.QUAGMIRE_RUBBLE_HOUSE[2]	不知彼开罪于谁。	3024	物品名:"残破的房子" 制造描述:未找到
DESCRIBE.QUAGMIRE_SWAMPIGELDER.GENERIC	吾猜汝乃主事者？	3028	物品名:"沼泽猪长老"->默认
DESCRIBE.QUAGMIRE_SWAMPIGELDER.SLEEPING	其眠矣，暂眠。	3029	物品名:"沼泽猪长老"->睡着了
DESCRIBE.QUAGMIRE_FOOD.GENERIC	吾当献于饕餮祭坛。	3033	物品名:未找到
DESCRIBE.QUAGMIRE_FOOD.MISMATCH	非其所欲。	3034	物品名:未找到
DESCRIBE.QUAGMIRE_FOOD.MATCH	如此或可安抚上苍。	3035	物品名:未找到
DESCRIBE.QUAGMIRE_FOOD.MATCH_BUT_SNACK	此更似零嘴。	3036	物品名:未找到
DESCRIBE.QUAGMIRE_PARK_GATE.GENERIC	无钥不开。	3040	物品名:"铁门"->默认
DESCRIBE.QUAGMIRE_PARK_GATE.LOCKED	锁矣。	3041	物品名:"铁门"->锁住了
DESCRIBE.QUAGMIRE_PIGEON.DEAD	已殁。	3045	物品名:"鸽子"->死了 制造描述:"这是一只完整的活鸽。"
DESCRIBE.QUAGMIRE_PIGEON.GENERIC	羽翼已丰。	3046	物品名:"鸽子"->默认 制造描述:"这是一只完整的活鸽。"
DESCRIBE.QUAGMIRE_PIGEON.SLEEPING	暂眠。	3047	物品名:"鸽子"->睡着了 制造描述:"这是一只完整的活鸽。"
DESCRIBE.WINONA_CATAPULT.GENERIC	今无人可伤其。	3051	物品名:"薇诺娜的投石机"->默认 制造描述:"向敌人投掷大石块"
DESCRIBE.WINONA_CATAPULT.OFF	需雷电之力。	3052	物品名:"薇诺娜的投石机"->关闭 制造描述:"向敌人投掷大石块"
DESCRIBE.WINONA_CATAPULT.BURNING	烈焰熊熊。	3053	物品名:"薇诺娜的投石机"->正在燃烧 制造描述:"向敌人投掷大石块"
DESCRIBE.WINONA_CATAPULT.BURNT	法力亦未能救。	3054	物品名:"薇诺娜的投石机"->烧焦的 制造描述:"向敌人投掷大石块"
DESCRIBE.WINONA_SPOTLIGHT.GENERIC	好主意。	3058	物品名:"薇诺娜的聚光灯"->默认 制造描述:"白天夜里都发光"
DESCRIBE.WINONA_SPOTLIGHT.OFF	需雷电之力。	3059	物品名:"薇诺娜的聚光灯"->关闭 制造描述:"白天夜里都发光"
DESCRIBE.WINONA_SPOTLIGHT.BURNING	烈焰熊熊。	3060	物品名:"薇诺娜的聚光灯"->正在燃烧 制造描述:"白天夜里都发光"
DESCRIBE.WINONA_SPOTLIGHT.BURNT	法力亦未能救。	3061	物品名:"薇诺娜的聚光灯"->烧焦的 制造描述:"白天夜里都发光"
DESCRIBE.WINONA_BATTERY_LOW.GENERIC	观之甚威。	3065	物品名:"薇诺娜的发电机"->默认 制造描述:"要确保电力供应充足"
DESCRIBE.WINONA_BATTERY_LOW.LOWPOWER	法力渐衰。	3066	物品名:"薇诺娜的发电机"->没电了 制造描述:"要确保电力供应充足"
DESCRIBE.WINONA_BATTERY_LOW.OFF	薇诺娜若忙，吾亦可驱之。	3067	物品名:"薇诺娜的发电机"->关闭 制造描述:"要确保电力供应充足"
DESCRIBE.WINONA_BATTERY_LOW.BURNING	烈焰熊熊。	3068	物品名:"薇诺娜的发电机"->正在燃烧 制造描述:"要确保电力供应充足"
DESCRIBE.WINONA_BATTERY_LOW.BURNT	薇诺娜亦未能救。	3069	物品名:"薇诺娜的发电机"->烧焦的 制造描述:"要确保电力供应充足"
DESCRIBE.WINONA_BATTERY_HIGH.GENERIC	此物出人意料。	3073	物品名:"薇诺娜的宝石发电机"->默认 制造描述:"这玩意烧宝石，所以肯定不会差。"
DESCRIBE.WINONA_BATTERY_HIGH.LOWPOWER	法力将竭。	3074	物品名:"薇诺娜的宝石发电机"->没电了 制造描述:"这玩意烧宝石，所以肯定不会差。"
DESCRIBE.WINONA_BATTERY_HIGH.OFF	雷公电母亦未能料此。	3075	物品名:"薇诺娜的宝石发电机"->关闭 制造描述:"这玩意烧宝石，所以肯定不会差。"
DESCRIBE.WINONA_BATTERY_HIGH.BURNING	烈焰熊熊。	3076	物品名:"薇诺娜的宝石发电机"->正在燃烧 制造描述:"这玩意烧宝石，所以肯定不会差。"
DESCRIBE.WINONA_BATTERY_HIGH.BURNT	薇诺娜亦未能救。	3077	物品名:"薇诺娜的宝石发电机"->烧焦的 制造描述:"这玩意烧宝石，所以肯定不会差。"
DESCRIBE.COMPOSTWRAP	沃姆伍德尝欲令吾食之。	3079	物品名:"肥料包" 制造描述:"“草本”的疗法。"
DESCRIBE.ARMOR_BRAMBLE	守即为攻。	3080	物品名:"荆棘外壳" 制造描述:"让大自然告诉你什么叫“滚开”。"
DESCRIBE.TRAP_BRAMBLE	谁踏之必受棘刺之苦。	3081	物品名:"荆棘陷阱" 制造描述:"中招机会平等的扰人陷阱。"
DESCRIBE.BOATFRAGMENT03	仅余此碎片。	3082	物品名:"船碎片"
DESCRIBE.BOATFRAGMENT04	仅余此碎片。	3083	物品名:"船碎片"
DESCRIBE.BOATFRAGMENT05	仅余此碎片。	3084	物品名:"船碎片"
DESCRIBE.BOAT_LEAK	须补漏，否则将沉。	3085	物品名:"漏洞"
DESCRIBE.MAST	且慢。此乃桅杆。	3086	物品名:"桅杆" 制造描述:"乘风破浪会有时。"
DESCRIBE.SEASTACK	此乃一石。	3087	物品名:"海蚀柱"
DESCRIBE.FISHINGNET	不过一网。	3088	unimplemented  -- 物品名:"渔网" 制造描述:"就是一张网。"
DESCRIBE.ANTCHOVIES	啊，吾可掷还乎？	3089	unimplemented  -- 物品名:"蚁头凤尾鱼"
DESCRIBE.STEERINGWHEEL	乘风破浪。	3090	物品名:"方向舵" 制造描述:"航海必备道具。"
DESCRIBE.ANCHOR	吾不欲小舟漂去。	3091	物品名:"锚" 制造描述:"船用刹车"
DESCRIBE.BOATPATCH	以备不测。	3092	物品名:"船补丁" 制造描述:"打补丁永远不晚。"
DESCRIBE.DRIFTWOOD_TREE.BURNING	浮木焚。	3095	物品名:"浮木"->正在燃烧
DESCRIBE.DRIFTWOOD_TREE.BURNT	观之无用矣。	3096	物品名:"浮木"->烧焦的
DESCRIBE.DRIFTWOOD_TREE.CHOPPED	或尚有物可掘。	3097	物品名:"浮木"->被砍了
DESCRIBE.DRIFTWOOD_TREE.GENERIC	冲至岸上之枯木。	3098	物品名:"浮木"->默认
DESCRIBE.DRIFTWOOD_LOG	可浮水上。	3100	物品名:"浮木桩"
DESCRIBE.MOON_TREE.BURNING	木焚。	3103	物品名:"月树"->正在燃烧
DESCRIBE.MOON_TREE.BURNT	木已焚尽。	3104	物品名:"月树"->烧焦的
DESCRIBE.MOON_TREE.CHOPPED	好粗之木。	3105	物品名:"月树"->被砍了
DESCRIBE.MOON_TREE.GENERIC	未料月宫亦生木。	3106	物品名:"月树"->默认
DESCRIBE.MOON_TREE_BLOSSOM	自月木坠下。	3108	物品名:"月树花"
DESCRIBE.MOONBUTTERFLY.GENERIC	此乃月光蝶。	3111	物品名:"月蛾"->默认
DESCRIBE.MOONBUTTERFLY.HELD	今捕得汝矣。	3112	物品名:"月蛾"->拿在手里
DESCRIBE.MOONBUTTERFLYWINGS	美蝶之翼。	3114	物品名:"月蛾翅膀"
DESCRIBE.MOONBUTTERFLY_SAPLING	蛾化为木乎？	3115	物品名:"月树苗"
DESCRIBE.ROCK_AVOCADO_FRUIT	吾乃铜头铁脑。	3116	物品名:"石果"
DESCRIBE.ROCK_AVOCADO_FRUIT_RIPE	未熟之果不可食。	3117	物品名:"成熟石果"
DESCRIBE.ROCK_AVOCADO_FRUIT_RIPE_COOKED	已软，味应尚可。	3118	物品名:"熟石果"
DESCRIBE.ROCK_AVOCADO_FRUIT_SPROUT	其正生长。	3119	物品名:"发芽的石果"
DESCRIBE.ROCK_AVOCADO_BUSH.BARREN	结果之日已尽。	3122	物品名:"石果灌木丛"
DESCRIBE.ROCK_AVOCADO_BUSH.WITHERED	为热所伤。	3123	物品名:"石果灌木丛"->枯萎了
DESCRIBE.ROCK_AVOCADO_BUSH.GENERIC	月宫之灌木。	3124	物品名:"石果灌木丛"->默认
DESCRIBE.ROCK_AVOCADO_BUSH.PICKED	需待时方结果。	3125	物品名:"石果灌木丛"->被采完了
DESCRIBE.ROCK_AVOCADO_BUSH.DISEASED	其病甚重。	3126	unimplemented  -- 物品名:"石果灌木丛"->生病了
DESCRIBE.ROCK_AVOCADO_BUSH.DISEASING	有处不妥。	3127	unimplemented  -- 物品名:"石果灌木丛"->正在生病？？
DESCRIBE.ROCK_AVOCADO_BUSH.BURNING	其正在焚。	3128	物品名:"石果灌木丛"->正在燃烧
DESCRIBE.DEAD_SEA_BONES	登岸，终落此下场。	3130	物品名:"海骨"
DESCRIBE.HOTSPRING.GENERIC	若能沐此身倦体，多好。	3133	物品名:"温泉"->默认
DESCRIBE.HOTSPRING.BOMBED	甚适之汤泉。	3134	物品名:"温泉"
DESCRIBE.HOTSPRING.GLASS	水遇月华凝为琉璃，此乃法力。	3135	物品名:"温泉"
DESCRIBE.HOTSPRING.EMPTY	吾当待其再满。	3136	物品名:"温泉"
DESCRIBE.MOONGLASS	其甚锋锐。	3138	物品名:"月亮碎片"
DESCRIBE.MOONGLASS_CHARGED	吾当于其法力耗尽前觅用。	3139	物品名:"注能月亮碎片"
DESCRIBE.MOONGLASS_ROCK	吾可自见其影。	3140	物品名:"月光玻璃"
DESCRIBE.BATHBOMB	此物甚烫。	3141	物品名:"沐浴球" 制造描述:"春天里来百花香？这点子把地都炸碎了"
DESCRIBE.TRAP_STARFISH.GENERIC	一小海星。	3144	物品名:"海星"->默认
DESCRIBE.TRAP_STARFISH.CLOSED	其几吞吾。	3145	物品名:"海星"
DESCRIBE.DUG_TRAP_STARFISH	其不复可欺人。	3147	物品名:"海星陷阱"
DESCRIBE.SPIDER_MOON.GENERIC	月华使之变异。	3150	物品名:"破碎蜘蛛"->默认
DESCRIBE.SPIDER_MOON.SLEEPING	终不动矣。	3151	物品名:"破碎蜘蛛"->睡着了
DESCRIBE.SPIDER_MOON.DEAD	真死矣乎？	3152	物品名:"破碎蜘蛛"->死了
DESCRIBE.MOONSPIDERDEN	彼非寻常蛛巢。	3154	物品名:"破碎蜘蛛洞"
DESCRIBE.FRUITDRAGON.GENERIC	甚可，然未熟。	3157	物品名:"沙拉蝾螈"->默认
DESCRIBE.FRUITDRAGON.RIPE	今当熟矣。	3158	物品名:"沙拉蝾螈"
DESCRIBE.FRUITDRAGON.SLEEPING	在休憩。	3159	物品名:"沙拉蝾螈"->睡着了
DESCRIBE.PUFFIN.GENERIC	一可爱小妖兽。	3163	物品名:"海鹦鹉"->默认
DESCRIBE.PUFFIN.HELD	捕得一，可自矜。	3164	物品名:"海鹦鹉"->拿在手里
DESCRIBE.PUFFIN.SLEEPING	呼呼而眠。	3165	物品名:"海鹦鹉"->睡着了
DESCRIBE.MOONGLASSAXE	吾制之甚好用。	3167	物品名:"月光玻璃斧" 制造描述:"脆弱而有效。"
DESCRIBE.GLASSCUTTER	此乃天成之物。	3168	物品名:"玻璃刀" 制造描述:"尖端武器。"
DESCRIBE.ICEBERG.GENERIC	定当避彼物。	3171	unimplemented  -- 物品名:"迷你冰山"->默认
DESCRIBE.ICEBERG.MELTED	全融矣。	3172	unimplemented  -- 物品名:"迷你冰山"->融化了
DESCRIBE.ICEBERG_MELTED	全融矣。	3174	unimplemented  -- 物品名:"融化的迷你冰山"
DESCRIBE.MINIFLARE	吾可发一束。	3175	物品名:"信号弹" 制造描述:"为你信任的朋友照亮前路。"
DESCRIBE.MEGAFLARE	其将令此界皆知吾在此。	3176	物品名:"敌对信号弹" 制造描述:"为你的敌人点亮一束光。"
DESCRIBE.MOON_FISSURE.GENERIC	心湖映月，然月影之中隐伏惊澜。	3179	物品名:"天体裂隙"->默认
DESCRIBE.MOON_FISSURE.NOLIGHT	此间裂隙愈显。	3180	物品名:"天体裂隙"
DESCRIBE.MOON_ALTAR.MOON_ALTAR_WIP	当完成之。	3184	物品名:"组装一半的祭坛"
DESCRIBE.MOON_ALTAR.GENERIC	汝言何？	3185	物品名:"天体祭坛"->默认
DESCRIBE.MOON_ALTAR_IDOL	吾有冲动欲移之。	3187	物品名:"天体祭坛雕像"
DESCRIBE.MOON_ALTAR_GLASS	其不欲留地。	3188	物品名:"天体祭坛底座"
DESCRIBE.MOON_ALTAR_SEED	其欲吾赐之家。	3189	物品名:"天体祭坛宝球"
DESCRIBE.MOON_ALTAR_ROCK_IDOL	内有物。	3190	物品名:"吸引人的结构"
DESCRIBE.MOON_ALTAR_ROCK_GLASS	内有物。	3191	物品名:"吸引人的结构"
DESCRIBE.MOON_ALTAR_ROCK_SEED	内有物。	3192	物品名:"吸引人的结构"
DESCRIBE.MOON_ALTAR_CROWN	吾钓之，今当觅裂隙。	3193	物品名:"未激活天体贡品"
DESCRIBE.MOON_ALTAR_COSMIC	其似待事发生。	3194	物品名:"天体贡品"
DESCRIBE.MOON_ALTAR_ASTRAL	其似为更大规制之一部。	3195	物品名:"天体圣殿"
DESCRIBE.MOON_ALTAR_ICON	吾知置汝何处。	3196	物品名:"天体圣殿象征"
DESCRIBE.MOON_ALTAR_WARD	其需与众物同置。	3197	物品名:"天体圣殿卫戍"
DESCRIBE.SEAFARING_PROTOTYPER.GENERIC	可当谢吾。	3200	物品名:"智囊团"->默认 制造描述:"海上科技。"
DESCRIBE.SEAFARING_PROTOTYPER.BURNT	谁所为。	3201	物品名:"智囊团"->烧焦的 制造描述:"海上仙力。"
DESCRIBE.BOAT_ITEM	不湿己身便可水中行。	3203	物品名:"船套装" 制造描述:"让大海成为你的领地。"
DESCRIBE.BOAT_GRASS_ITEM	此舟不甚固。	3204	物品名:"草筏套装" 制造描述:"享受周末出游的乐趣吧。"
DESCRIBE.STEERINGWHEEL_ITEM	其可制方向舵。	3205	物品名:"方向舵套装" 制造描述:"航海必备道具。"
DESCRIBE.ANCHOR_ITEM	今吾可制锚。	3206	物品名:"锚套装" 制造描述:"船用刹车"
DESCRIBE.MAST_ITEM	今吾可制桅杆。	3207	物品名:"桅杆套装" 制造描述:"乘风破浪会有时。"
DESCRIBE.MUTATEDHOUND.DEAD	今吾可安心矣。	3210	物品名:"恐怖猎犬"->死了
DESCRIBE.MUTATEDHOUND.GENERIC	此小犬貌丑。	3211	物品名:"恐怖猎犬"->默认
DESCRIBE.MUTATEDHOUND.SLEEPING	受死。	3212	物品名:"恐怖猎犬"->睡着了
DESCRIBE.MUTATED_PENGUIN.DEAD	其终矣。	3216	物品名:"月岩企鸥"->死了
DESCRIBE.MUTATED_PENGUIN.GENERIC	彼物棘手的。	3217	物品名:"月岩企鸥"->默认
DESCRIBE.MUTATED_PENGUIN.SLEEPING	其眠矣。	3218	物品名:"月岩企鸥"->睡着了
DESCRIBE.CARRAT.DEAD	其终矣。	3222	物品名:"胡萝卜鼠"->死了 制造描述:"灵巧机敏，富含胡萝卜素。"
DESCRIBE.CARRAT.GENERIC	此小妖物何以有足？	3223	物品名:"胡萝卜鼠"->默认 制造描述:"灵巧机敏，富含胡萝卜素。"
DESCRIBE.CARRAT.HELD	近观甚丑。	3224	物品名:"胡萝卜鼠"->拿在手里 制造描述:"灵巧机敏，富含胡萝卜素。"
DESCRIBE.CARRAT.SLEEPING	略可爱矣。	3225	物品名:"胡萝卜鼠"->睡着了 制造描述:"灵巧机敏，富含胡萝卜素。"
DESCRIBE.BULLKELP_PLANT.GENERIC	尚可。	3229	物品名:"公牛海带"->默认
DESCRIBE.BULLKELP_PLANT.PICKED	饥时可裹腹。	3230	物品名:"公牛海带"->被采完了
DESCRIBE.BULLKELP_ROOT	可植深海。	3232	物品名:"公牛海带茎"
DESCRIBE.KELPHAT	当先忍不适。	3233	物品名:"海花环" 制造描述:"让人神经焦虑的东西。"
DESCRIBE.KELP	湿吾囊，甚恶。	3234	物品名:"海带叶"
DESCRIBE.KELP_COOKED	熟后略稀，黏腻。	3235	物品名:"熟海带叶"
DESCRIBE.KELP_DRIED	晾干可久存。	3236	物品名:"干海带叶"
DESCRIBE.GESTALT	虚影……	3237	物品名:"虚影"
DESCRIBE.GESTALT_GUARD	虚影……	3238	物品名:"大虚影"
DESCRIBE.COOKIECUTTER	吾不喜其盯舟之目……	3239	物品名:"饼干切割机"
DESCRIBE.COOKIECUTTERSHELL	曾尖牙利齿，今唯空壳。	3240	物品名:"饼干切割机壳"
DESCRIBE.COOKIECUTTERHAT	至少不湿吾身。	3241	物品名:"饼干切割机帽子" 制造描述:"穿着必须犀利。"
DESCRIBE.SALTSTACK.GENERIC	何以成之？	3244	物品名:"盐堆"->默认
DESCRIBE.SALTSTACK.MINED_OUT	掘毕……全掘毕。	3245	物品名:"盐堆"
DESCRIBE.SALTSTACK.GROWING	吾猜其自会长成。	3246	物品名:"盐堆"->正在生长
DESCRIBE.SALTROCK	海之盐。	3248	物品名:"盐晶"
DESCRIBE.SALTBOX	防食变腐之灵物。	3249	物品名:"盐盒" 制造描述:"用盐来储存食物。"
DESCRIBE.TACKLESTATION	是时解海钓之题。	3250	物品名:"钓具容器" 制造描述:"传统的用饵钓鱼。"
DESCRIBE.TACKLESKETCH	此乃谁绘。	3251	物品名:"{item}广告"
DESCRIBE.MALBATROSS	其羽无光。	3252	物品名:"邪天翁"
DESCRIBE.MALBATROSS_FEATHER	翱翔天穹之妖兽。	3253	物品名:"邪天翁羽毛"
DESCRIBE.MALBATROSS_BEAK	蕴妖兽之法力。	3254	物品名:"邪天翁喙"
DESCRIBE.MAST_MALBATROSS_ITEM	且试之。	3255	物品名:"飞翼风帆套装" 制造描述:"像海鸟一样航向深蓝。"
DESCRIBE.MAST_MALBATROSS	展翅远航。	3256	物品名:"飞翼风帆" 制造描述:"像海鸟一样航向深蓝。"
DESCRIBE.MALBATROSS_FEATHERED_WEAVE	吾在织羽帆。	3257	物品名:"羽毛帆布" 制造描述:"精美的羽毛布料。"
DESCRIBE.GNARWAIL.GENERIC	一顽皮大鱼。	3260	物品名:"一角鲸"->默认
DESCRIBE.GNARWAIL.BROKENHORN	汝鼻已失。	3261	物品名:"一角鲸"
DESCRIBE.GNARWAIL.FOLLOWER	甚好。	3262	物品名:"一角鲸"->追随者
DESCRIBE.GNARWAIL.BROKENHORN_FOLLOWER	此即汝随处伸鼻之下场。	3263	物品名:"一角鲸"
DESCRIBE.GNARWAIL_HORN	妙哉。	3265	物品名:"一角鲸的角"
DESCRIBE.WALKINGPLANK	吾可造巨舟乎？	3266	物品名:"木板"
DESCRIBE.WALKINGPLANK_GRASS	吾可造巨舟乎？	3267	物品名:"木板"
DESCRIBE.OAR	手动加速。	3268	物品名:"桨" 制造描述:"划，划，划小船。"
DESCRIBE.OAR_DRIFTWOOD	手动加速舟。	3269	物品名:"浮木桨" 制造描述:"小桨要用浮木造？"
DESCRIBE.OCEANFISHINGROD	钓一鱼戏。	3270	物品名:"海钓竿" 制造描述:"像职业选手一样钓鱼吧。"
DESCRIBE.OCEANFISHINGBOBBER_NONE	可用浮标提准度。	3271	物品名:"鱼钩"
DESCRIBE.OCEANFISHINGBOBBER_BALL	鱼群当喜此球。	3272	物品名:"木球浮标" 制造描述:"经典设计，初学者和职业钓手两相宜。"
DESCRIBE.OCEANFISHINGBOBBER_OVAL	此番鱼休想逃吾掌。	3273	物品名:"硬物浮标" 制造描述:"在经典浮标的基础上融入了时尚设计。"
DESCRIBE.OCEANFISHINGBOBBER_CROW	吾时亦不食鱼。	3274	物品名:"黑羽浮标" 制造描述:"深受职业钓手的喜爱。"
DESCRIBE.OCEANFISHINGBOBBER_ROBIN	愿勿引红鲱鱼。	3275	物品名:"红羽浮标" 制造描述:"深受职业钓手的喜爱。"
DESCRIBE.OCEANFISHINGBOBBER_ROBIN_WINTER	雪鸟之羽甚高冷。	3276	物品名:"蔚蓝羽浮标" 制造描述:"深受职业钓手的喜爱。"
DESCRIBE.OCEANFISHINGBOBBER_CANARY	速来与吾伴问好。	3277	物品名:"黄羽浮标" 制造描述:"深受职业钓手的喜爱。"
DESCRIBE.OCEANFISHINGBOBBER_GOOSE	以鹅羽钓。	3278	物品名:"鹅羽浮标" 制造描述:"高级羽绒浮标。"
DESCRIBE.OCEANFISHINGBOBBER_MALBATROSS	此美羽，曾见否。	3279	物品名:"邪天翁羽浮标" 制造描述:"高级巨鸟浮标。"
DESCRIBE.OCEANFISHINGLURE_SPINNER_RED	或有鱼上当。	3280	物品名:"日出旋转亮片" 制造描述:"早起的鱼儿有虫吃。"
DESCRIBE.OCEANFISHINGLURE_SPINNER_GREEN	或有鱼上当。	3281	物品名:"黄昏旋转亮片" 制造描述:"低光照环境里效果最好。"
DESCRIBE.OCEANFISHINGLURE_SPINNER_BLUE	或有鱼上当。	3282	物品名:"夜间旋转亮片" 制造描述:"适用于夜间垂钓。"
DESCRIBE.OCEANFISHINGLURE_SPOON_RED	或小鱼上当。	3283	物品名:"日出匙型假饵" 制造描述:"早起的鱼儿有虫吃。"
DESCRIBE.OCEANFISHINGLURE_SPOON_GREEN	或小鱼上当。	3284	物品名:"黄昏匙型假饵" 制造描述:"在夕阳中继续垂钓。"
DESCRIBE.OCEANFISHINGLURE_SPOON_BLUE	或小鱼上当。	3285	物品名:"夜间匙型假饵" 制造描述:"适用于夜间垂钓。"
DESCRIBE.OCEANFISHINGLURE_HERMIT_RAIN	湿身可助吾如鱼思……	3286	物品名:"雨天鱼饵" 制造描述:"留着雨天用。"
DESCRIBE.OCEANFISHINGLURE_HERMIT_SNOW	鱼皆不知谁下手。	3287	物品名:"雪天鱼饵" 制造描述:"雪天适合用它钓鱼。"
DESCRIBE.OCEANFISHINGLURE_HERMIT_DROWSY	此物酥麻。	3288	物品名:"麻醉鱼饵" 制造描述:"把鱼闷住就抓住了一半。"
DESCRIBE.OCEANFISHINGLURE_HERMIT_HEAVY	感有沉重。	3289	物品名:"重量级鱼饵" 制造描述:"钓一条大鱼。"
DESCRIBE.OCEANFISH_SMALL_1	观之小物。	3290	物品名:"小孔雀鱼"
DESCRIBE.OCEANFISH_SMALL_2	多喷墨，吾欲练书。	3291	物品名:"针鼻喷墨鱼"
DESCRIBE.OCEANFISH_SMALL_3	尚未长开。	3292	物品名:"小饵鱼"
DESCRIBE.OCEANFISH_SMALL_4	尚未长大。	3293	物品名:"三文鱼苗"
DESCRIBE.OCEANFISH_SMALL_5	吾急欲一口吞。	3294	物品名:"爆米花鱼"
DESCRIBE.OCEANFISH_SMALL_6	叶为其伪装。	3295	物品名:"落叶比目鱼"
DESCRIBE.OCEANFISH_SMALL_7	终捕开花之鱼。	3296	物品名:"花朵金枪鱼"
DESCRIBE.OCEANFISH_SMALL_8	烫甚。	3297	物品名:"炽热太阳鱼"
DESCRIBE.OCEANFISH_SMALL_9	仅言，然吾可使汝有用……	3298	物品名:"口水鱼"
DESCRIBE.OCEANFISH_MEDIUM_1	貌丑，满泥。	3299	物品名:"泥鱼"
DESCRIBE.OCEANFISH_MEDIUM_2	费大力钓。	3300	物品名:"斑鱼"
DESCRIBE.OCEANFISH_MEDIUM_3	吾钓技非虚。	3301	物品名:"浮夸狮子鱼"
DESCRIBE.OCEANFISH_MEDIUM_4	不知此可致厄运否。	3302	物品名:"黑鲶鱼"
DESCRIBE.OCEANFISH_MEDIUM_5	此鱼观之俗。	3303	物品名:"玉米鳕鱼"
DESCRIBE.OCEANFISH_MEDIUM_6	好大一肥鱼。	3304	物品名:"花锦鲤"
DESCRIBE.OCEANFISH_MEDIUM_7	好大一肥鱼。	3305	物品名:"金锦鲤"
DESCRIBE.OCEANFISH_MEDIUM_8	冰鲷鱼。	3306	物品名:"冰鲷鱼"
DESCRIBE.OCEANFISH_MEDIUM_9	成功之钓旅。	3307	物品名:"甜味鱼"
DESCRIBE.PONDFISH	陆上之鱼。	3308	物品名:"淡水鱼"
DESCRIBE.PONDEEL	此可作佳肴。	3309	物品名:"活鳗鱼"
DESCRIBE.FISHMEAT	一块鱼肉。	3310	物品名:"生鱼肉"
DESCRIBE.FISHMEAT_COOKED	炙恰到好处。	3311	物品名:"鱼排"
DESCRIBE.FISHMEAT_SMALL	少许鱼肉。	3312	物品名:"小鱼块"
DESCRIBE.FISHMEAT_SMALL_COOKED	少许熟鱼肉。	3313	物品名:"熟小鱼块"
DESCRIBE.SPOILED_FISH	吾不欲知此气何来。	3314	物品名:"变质的鱼"
DESCRIBE.FISH_BOX	内可居鱼否？	3315	物品名:"锡鱼罐" 制造描述:"保持鱼与网捕之日一样新鲜。"
DESCRIBE.POCKET_SCALE	可称鱼重。	3316	物品名:"弹簧秤" 制造描述:"随时称鱼的重量。"
DESCRIBE.TACKLECONTAINER	此物钩吾注意。	3317	物品名:"钓具箱" 制造描述:"整齐收纳你的钓具。"
DESCRIBE.SUPERTACKLECONTAINER	吾费九牛二虎之力方得。	3318	物品名:"超级钓具箱" 制造描述:"更多收纳钓具的空间？我上钩了。"
DESCRIBE.TROPHYSCALE_FISH.GENERIC	吾今大丰收。	3321	物品名:"鱼类计重器"->默认 制造描述:"炫耀你的斩获。"
DESCRIBE.TROPHYSCALE_FISH.HAS_ITEM	重: {weight}\n获者: {owner}	3322	物品名:"鱼类计重器" 制造描述:"炫耀你的斩获。"
DESCRIBE.TROPHYSCALE_FISH.HAS_ITEM_HEAVY	重: {weight}\n获者: {owner}\n所获甚丰。	3323	物品名:"鱼类计重器" 制造描述:"炫耀你的斩获。"
DESCRIBE.TROPHYSCALE_FISH.BURNING	火……全焚。	3324	物品名:"鱼类计重器"->正在燃烧 制造描述:"炫耀你的斩获。"
DESCRIBE.TROPHYSCALE_FISH.BURNT	吾之果全焚。	3325	物品名:"鱼类计重器"->烧焦的 制造描述:"炫耀你的斩获。"
DESCRIBE.TROPHYSCALE_FISH.OWNER	全无自矜意，但观……\n重: {weight}\n获者: {owner}	3326	物品名:"鱼类计重器" 制造描述:"炫耀你的斩获。"
DESCRIBE.TROPHYSCALE_FISH.OWNER_HEAVY	重: {weight}\n获者: {owner}\n真捕大肥鱼。	3327	物品名:"鱼类计重器" 制造描述:"炫耀你的斩获。"
DESCRIBE.OCEANFISHABLEFLOTSAM	长泥之草。	3329	物品名:"海洋残骸"
DESCRIBE.CALIFORNIAROLL	容吾尝。	3330	物品名:"加州卷"
DESCRIBE.SEAFOODGUMBO	一大碗海浓汤。	3331	物品名:"海鲜浓汤"
DESCRIBE.SURFNTURF	太完矣。	3332	物品名:"海鲜牛排"
DESCRIBE.WOBSTER_SHELLER	好一顽皮龙虾。	3333	物品名:"龙虾"
DESCRIBE.WOBSTER_DEN	一石，内有龙虾。	3334	物品名:"龙虾窝"
DESCRIBE.WOBSTER_SHELLER_DEAD	此烹应佳。	3335	物品名:"死龙虾"
DESCRIBE.WOBSTER_SHELLER_DEAD_COOKED	吾急欲食汝。	3336	物品名:"美味的龙虾"
DESCRIBE.LOBSTERBISQUE	可添盐。	3337	物品名:"龙虾汤"
DESCRIBE.LOBSTERDINNER	未料如美味？	3338	物品名:"龙虾正餐"
DESCRIBE.WOBSTER_MOONGLASS	好一顽皮月光龙虾。	3339	物品名:"月光龙虾"
DESCRIBE.MOONGLASS_WOBSTER_DEN	一月光琉璃，内有月光龙虾。	3340	物品名:"月光玻璃窝"
DESCRIBE.TRIDENT	待被击飞。	3341	物品名:"刺耳三叉戟" 制造描述:"在汹涌波涛中引领潮流吧。"
DESCRIBE.WINCH.GENERIC	必要时可用。	3344	物品名:"夹夹绞盘"->默认 制造描述:"让它帮你捞起重的东西吧。"
DESCRIBE.WINCH.RETRIEVING_ITEM	重活交之。	3345	物品名:"夹夹绞盘" 制造描述:"让它帮你捞起重的东西吧。"
DESCRIBE.WINCH.HOLDING_ITEM	观内何物？	3346	物品名:"夹夹绞盘" 制造描述:"让它帮你捞起重的东西吧。"
DESCRIBE.HERMITHOUSE.GENERIC	此乃空壳屋。	3350	物品名:"隐士之家"->默认
DESCRIBE.HERMITHOUSE.BUILTUP	其仅需稍关心。	3351	物品名:"隐士之家"
DESCRIBE.SHELL_CLUSTER	吾赌内多美贝。	3353	物品名:"贝壳堆"
DESCRIBE.SINGINGSHELL_OCTAVE3.GENERIC	调略低。	3356	物品名:"低音贝壳钟"->默认
DESCRIBE.SINGINGSHELL_OCTAVE4.GENERIC	此乃海声乎？	3360	物品名:"中音贝壳钟"->默认
DESCRIBE.SINGINGSHELL_OCTAVE5.GENERIC	其可发高音。	3364	物品名:"高音贝壳钟"->默认
DESCRIBE.CHUM	鱼之美肴。	3366	物品名:"鱼食" 制造描述:"鱼儿的美食。"
DESCRIBE.SUNKENCHEST.GENERIC	真宝乃寻宝途事。	3369	物品名:"沉底宝箱"->默认
DESCRIBE.SUNKENCHEST.LOCKED	贝闭。	3370	物品名:"沉底宝箱"->锁住了
DESCRIBE.HERMIT_BUNDLE	此物其多有。	3372	物品名:"一包谢意"
DESCRIBE.HERMIT_BUNDLE_SHELLS	其确售海贝。	3373	物品名:"贝壳钟包" 制造描述:"她卖的贝壳。"
DESCRIBE.RESKIN_TOOL	吾不喜此尘。	3374	物品名:"清洁扫把" 制造描述:"把装潢的东西清扫的干干净净。"
DESCRIBE.MOON_FISSURE_PLUGGED	堵漏处。	3375	物品名:"堵住的裂隙"
DESCRIBE.WOBYBIG[0]	喂好骨乎？	3378	物品名:"沃比" 制造描述:未找到
DESCRIBE.WOBYBIG[1]	喂好骨乎？	3379	物品名:"沃比" 制造描述:未找到
DESCRIBE.WOBYSMALL[0]	厉害。	3383	物品名:"沃比" 制造描述:未找到
DESCRIBE.WOBYSMALL[1]	厉害。	3384	物品名:"沃比" 制造描述:未找到
DESCRIBE.WALTERHAT	童物。	3386	物品名:"松树先锋队帽子" 制造描述:"形式和功能高于时尚。"
DESCRIBE.SLINGSHOT	全琉璃之梦魇。	3387	物品名:"可靠的弹弓" 制造描述:"不带它千万别去冒险。"
DESCRIBE.SLINGSHOTAMMO_ROCK	小兵器。	3388	物品名:"鹅卵石" 制造描述:"简单，低效。"
DESCRIBE.SLINGSHOTAMMO_MARBLE	小兵器。	3389	物品名:"大理石弹" 制造描述:"可别把它们弄丢了。"
DESCRIBE.SLINGSHOTAMMO_THULECITE	小兵器。	3390	物品名:"诅咒弹药" 制造描述:"会出什么问题？"
DESCRIBE.SLINGSHOTAMMO_GOLD	小兵器。	3391	物品名:"黄金弹药" 制造描述:"因为高级，所以有效。"
DESCRIBE.SLINGSHOTAMMO_SLOW	小兵器。	3392	物品名:"减速弹药" 制造描述:"什么是“物理定律”？"
DESCRIBE.SLINGSHOTAMMO_FREEZE	小兵器。	3393	物品名:"冰冻弹药" 制造描述:"把敌人冰冻在原地。"
DESCRIBE.SLINGSHOTAMMO_POOP	秽制兵器。	3394	物品名:"便便弹" 制造描述:"恶心，但是能让敌人分心。"
DESCRIBE.PORTABLETENT	吾感几世未眠好。	3395	物品名:"宿营帐篷" 制造描述:"便捷的保护设备，让你免受风吹雨打。"
DESCRIBE.PORTABLETENT_ITEM	有帐莫膨胀。	3396	物品名:"帐篷卷" 制造描述:"便捷的保护设备，让你免受风吹雨打。"
DESCRIBE.BATTLESONG_DURABILITY	观剧令吾坐立不安。	3397	物品名:"武器化的颤音" 制造描述:"让武器有更多的时间成为焦点。"
DESCRIBE.BATTLESONG_HEALTHGAIN	观剧令吾坐立不安。	3398	物品名:"心碎歌谣" 制造描述:"一首偷心的颂歌。"
DESCRIBE.BATTLESONG_SANITYGAIN	观剧令吾坐立不安。	3399	物品名:"醍醐灌顶华彩" 制造描述:"用歌声慰藉你的心灵。"
DESCRIBE.BATTLESONG_SANITYAURA	观戏令吾坐立不安。	3400	物品名:"英勇美声颂" 制造描述:"无所畏惧。"
DESCRIBE.BATTLESONG_FIRERESISTANCE	吾曾观戏前不慎焚衣洞。	3401	物品名:"防火假声" 制造描述:"抵御火辣的戏评人。"
DESCRIBE.BATTLESONG_INSTANT_TAUNT	吾不喜此物。	3402	物品名:"粗鲁插曲" 制造描述:"用言语扔一个番茄。"
DESCRIBE.BATTLESONG_INSTANT_PANIC	吾不喜此物。	3403	物品名:"惊心独白" 制造描述:"如此出色的表演，就问你怕不怕。"
DESCRIBE.MUTATOR_WARRIOR	哦，哇，此观之…美味，韦伯。	3404	物品名:"战士变身涂鸦" 制造描述:"做最可爱的小保镖。"
DESCRIBE.MUTATOR_DROPPER	呃，吾…刚食毕。汝予蜘蛛友可好？	3405	物品名:"悬蛛变身涂鸦" 制造描述:"味道也许会让你惊喜。"
DESCRIBE.MUTATOR_HIDER	哦，哇，此观之…美味，韦伯。	3406	物品名:"洞穴变身涂鸦" 制造描述:"外酥里嫩。"
DESCRIBE.MUTATOR_SPITTER	呃，吾…刚食毕。汝予蜘蛛友可好？	3407	物品名:"喷吐变身涂鸦" 制造描述:"喷薄而出的蜘蛛形象。"
DESCRIBE.MUTATOR_MOON	哦，哇，此观之…美味，韦伯。	3408	物品名:"破碎变身涂鸦" 制造描述:"吃到它的人会快乐到月球去。"
DESCRIBE.MUTATOR_HEALER	呃，吾…刚食毕。汝予蜘蛛友可好？	3409	物品名:"护士变身涂鸦" 制造描述:"特别多的谷物，所以必须是健康的。"
DESCRIBE.SPIDER_WHISTLE	吾不欲引任何蛛。	3410	物品名:"韦伯口哨" 制造描述:"呼叫可怕的爬行动物朋友吧。"
DESCRIBE.SPIDERDEN_BEDAZZLER	观某人手艺提不少。	3411	物品名:"蛛巢装饰套装" 制造描述:"一个好的家能培育出好的性格。"
DESCRIBE.SPIDER_HEALER	哦，甚好。今蛛可自愈。	3412	物品名:"护士蜘蛛"
DESCRIBE.SPIDER_REPELLENT	若吾亦能用则佳。	3413	物品名:"驱赶盒子" 制造描述:"让你的朋友知道你需要一些空间。"
DESCRIBE.SPIDER_HEALER_ITEM	若见蛛，吾定赠之。	3414	物品名:"治疗黏团" 制造描述:"恶心，黏糊糊的，但对你有好处。"
DESCRIBE.GHOSTLYELIXIR_SLOWREGEN	嗯，对。此乃仙家法。	3415	物品名:"亡者补药" 制造描述:"时间会抚平所有伤口。"
DESCRIBE.GHOSTLYELIXIR_FASTREGEN	嗯，对。此乃仙家法。	3416	物品名:"灵魂万灵药" 制造描述:"治疗重伤的强力药剂。"
DESCRIBE.GHOSTLYELIXIR_SHIELD	嗯，对。此乃仙家法。	3417	物品名:"不屈药剂" 制造描述:"保护你的姐妹不受伤害。"
DESCRIBE.GHOSTLYELIXIR_ATTACK	嗯，对。此乃仙家法。	3418	物品名:"夜影万金油" 制造描述:"召唤黑暗的力量。"
DESCRIBE.GHOSTLYELIXIR_SPEED	嗯，对。此乃仙家法。	3419	物品名:"强健精油" 制造描述:"给你的灵魂来一剂强心针。"
DESCRIBE.GHOSTLYELIXIR_RETALIATION	嗯，对。此乃仙家法。	3420	物品名:"蒸馏复仇" 制造描述:"对敌人以牙还牙。"
DESCRIBE.SISTURN.GENERIC	缀以花，可增生机。	3423	物品名:"姐妹骨灰罐"->默认 制造描述:"让你疲倦的灵魂休息的地方。"
DESCRIBE.SISTURN.SOME_FLOWERS	多取花，应可。	3424	物品名:"姐妹骨灰罐" 制造描述:"让你疲倦的灵魂休息的地方。"
DESCRIBE.SISTURN.LOTS_OF_FLOWERS	好美花束。	3425	物品名:"姐妹骨灰罐" 制造描述:"让你疲倦的灵魂休息的地方。"
DESCRIBE.PORTABLECOOKPOT_ITEM.GENERIC	方是烹仙。	3430	物品名:"便携烹饪锅"->默认 制造描述:"随时随地为美食家服务。"
DESCRIBE.PORTABLECOOKPOT_ITEM.DONE	行，庖事毕。	3431	物品名:"便携烹饪锅"->完成了 制造描述:"随时随地为美食家服务。"
DESCRIBE.PORTABLECOOKPOT_ITEM.COOKING_LONG	此膳需时。	3432	物品名:"便携烹饪锅"->饭还需要很久 制造描述:"随时随地为美食家服务。"
DESCRIBE.PORTABLECOOKPOT_ITEM.COOKING_SHORT	将成。	3433	物品名:"便携烹饪锅"->饭快做好了 制造描述:"随时随地为美食家服务。"
DESCRIBE.PORTABLECOOKPOT_ITEM.EMPTY	吾赌内无物。	3434	物品名:"便携烹饪锅" 制造描述:"随时随地为美食家服务。"
DESCRIBE.PORTABLEBLENDER_ITEM	融百食于一鼎。	3436	物品名:"便携研磨器" 制造描述:"把原料研磨成粉状调味品。"
DESCRIBE.PORTABLESPICER_ITEM.GENERIC	可增膳食风味。	3439	物品名:"便携香料站"->默认 制造描述:"调味让饭菜更可口。"
DESCRIBE.PORTABLESPICER_ITEM.DONE	应使肴馔更可口。	3440	物品名:"便携香料站"->完成了 制造描述:"调味让饭菜更可口。"
DESCRIBE.SPICEPACK	贮食于此囊。	3442	物品名:"厨师袋" 制造描述:"使你的食物保持新鲜。"
DESCRIBE.SPICE_GARLIC	威力强之粉。	3443	物品名:"蒜粉" 制造描述:"用口臭防守是最好的进攻。"
DESCRIBE.SPICE_SUGAR	甘。真甘。	3444	物品名:"蜂蜜水晶" 制造描述:"令人心平气和的甜美。"
DESCRIBE.SPICE_CHILI	一壶焰。	3445	物品名:"辣椒面" 制造描述:"刺激十足的粉末。"
DESCRIBE.SPICE_SALT	此调和物实不赖。	3446	物品名:"调味盐" 制造描述:"为你的饭菜加点咸味。"
DESCRIBE.MONSTERTARTARE	此处定有他物可飨。	3447	物品名:"怪物鞑靼"
DESCRIBE.FRESHFRUITCREPES	甘果。营养晨飨。	3448	物品名:"鲜果可丽饼"
DESCRIBE.FROGFISHBOWL	此鱼内塞何？	3449	物品名:"蓝带鱼排"
DESCRIBE.POTATOTORNADO	未熟之薯。	3450	物品名:"花式回旋块茎"
DESCRIBE.DRAGONCHILISALAD	愿可承辛辣。	3451	物品名:"辣龙椒沙拉"
DESCRIBE.GLOWBERRYMOUSSE	沃利庖技甚佳。	3452	物品名:"发光浆果慕斯"
DESCRIBE.VOLTGOATJELLY	惊人美味。	3453	物品名:"伏特羊肉冻"
DESCRIBE.NIGHTMAREPIE	有点悚然。	3454	物品名:"恐怖国王饼"
DESCRIBE.BONESOUP	沃利骨中乃好庖。	3455	物品名:"骨头汤"
DESCRIBE.MASHEDPOTATOES	吾闻庖乃融物。	3456	物品名:"奶油土豆泥"
DESCRIBE.POTATOSOUFFLE	吾忘美味何味。	3457	物品名:"蓬松土豆蛋奶酥"
DESCRIBE.MOQUECA	多美味海鲜宴。	3458	物品名:"海鲜杂烩"
DESCRIBE.GAZPACHO	何以如美？	3459	物品名:"芦笋冷汤"
DESCRIBE.ASPARAGUSSOUP	闻之甘美。	3460	物品名:"芦笋汤"
DESCRIBE.VEGSTINGER	此乃何汤？	3461	物品名:"蔬菜鸡尾酒"
DESCRIBE.BANANAPOP	甘糯冰沁。	3462	物品名:"香蕉冻"
DESCRIBE.CEVICHE	可易大碗否？此略小。	3463	物品名:"酸橘汁腌鱼"
DESCRIBE.SALSA	真…辣…。	3464	物品名:"生鲜萨尔萨酱"
DESCRIBE.PEPPERPOPPER	好大一口。	3465	物品名:"爆炒填馅辣椒"
DESCRIBE.TURNIP	一生芜菁。	3466	物品名:"大萝卜"
DESCRIBE.TURNIP_COOKED	自力更生。	3467	物品名:"烤大萝卜"
DESCRIBE.TURNIP_SEEDS	一捧古怪灵种。	3468	物品名:"圆形种子"
DESCRIBE.GARLIC	不甚喜。	3469	物品名:"大蒜"
DESCRIBE.GARLIC_COOKED	完焦黄。	3470	物品名:"烤大蒜"
DESCRIBE.GARLIC_SEEDS	一捧古怪灵种。	3471	物品名:"种子荚"
DESCRIBE.ONION	观之脆。	3472	物品名:"洋葱"
DESCRIBE.ONION_COOKED	气不佳。	3473	物品名:"烤洋葱"
DESCRIBE.ONION_SEEDS	一捧古怪灵种。	3474	物品名:"尖形种子"
DESCRIBE.POTATO	埋地下之“玉果”。	3475	物品名:"土豆"
DESCRIBE.POTATO_COOKED	食之适口。	3476	物品名:"烤土豆"
DESCRIBE.POTATO_SEEDS	一捧古怪灵种。	3477	物品名:"毛茸茸的种子"
DESCRIBE.TOMATO	赤色。	3478	物品名:"番茄"
DESCRIBE.TOMATO_COOKED	通晓庖则事易。	3479	物品名:"烤番茄"
DESCRIBE.TOMATO_SEEDS	一捧古怪灵种。	3480	物品名:"带刺的种子"
DESCRIBE.ASPARAGUS	一青蔬。	3481	物品名:"芦笋"
DESCRIBE.ASPARAGUS_COOKED	于吾有益。	3482	物品名:"烤芦笋"
DESCRIBE.ASPARAGUS_SEEDS	不过些灵种。	3483	物品名:"筒状种子"
DESCRIBE.PEPPER	好一辣椒。	3484	物品名:"辣椒"
DESCRIBE.PEPPER_COOKED	本即辣。	3485	物品名:"烤辣椒"
DESCRIBE.PEPPER_SEEDS	一捧灵种。	3486	物品名:"块状种子"
DESCRIBE.WEREITEM_BEAVER	其令吾遍体生寒。	3487	物品名:"俗气海狸像" 制造描述:"唤醒海狸人的诅咒"
DESCRIBE.WEREITEM_GOOSE	其令吾遍体生寒。	3488	物品名:"俗气鹅像" 制造描述:"唤醒鹅人的诅咒"
DESCRIBE.WEREITEM_MOOSE	一头受诅之鹿。	3489	物品名:"俗气鹿像" 制造描述:"唤醒鹿人的诅咒"
DESCRIBE.MERMHAT	吾可试。	3490	物品名:"聪明的伪装" 制造描述:"鱼人化你的朋友。"
DESCRIBE.MERMTHRONE.GENERIC	一华美毯。	3493	物品名:"皇家地毯"->默认
DESCRIBE.MERMTHRONE.BURNT	一股鱼腥。	3494	物品名:"皇家地毯"->烧焦的
DESCRIBE.MERMTHRONE_CONSTRUCTION.GENERIC	鱼人族之未来。	3498	物品名:"皇家手工套装"->默认 制造描述:"建立一个新的鱼人王朝。"
DESCRIBE.MERMTHRONE_CONSTRUCTION.BURNT	永不复知本何。	3499	物品名:"皇家手工套装"->烧焦的 制造描述:"建立一个新的鱼人王朝。"
DESCRIBE.MERMHOUSE_CRAFTED.GENERIC	貌尚可。	3503	物品名:"鱼人工艺屋"->默认 制造描述:"适合鱼人的家。"
DESCRIBE.MERMHOUSE_CRAFTED.BURNT	小鱼人无家。	3504	物品名:"鱼人工艺屋"->烧焦的 制造描述:"适合鱼人的家。"
DESCRIBE.MERMWATCHTOWER_REGULAR	吾助鱼人族。	3506	物品名:"鱼人工艺屋" 制造描述:"适合鱼人的家。"
DESCRIBE.MERMWATCHTOWER_NOKING	吾助鱼人族。	3507	物品名:"鱼人工艺屋" 制造描述:"适合鱼人的家。"
DESCRIBE.MERMKING	傀儡耳。	3508	物品名:"鱼人之王"
DESCRIBE.MERMGUARD	其周有感被护……	3509	物品名:"忠诚鱼人守卫"
DESCRIBE.MERM_PRINCE	彼循先到先得规。	3510	物品名:"过程中的皇室"
DESCRIBE.SQUID	吾感将有用。	3511	物品名:"鱿鱼"
DESCRIBE.GHOSTFLOWER	亡者物。	3512	物品名:"哀悼荣耀"
DESCRIBE.SMALLGHOST	嗷，汝非小可爱乎？	3513	物品名:"小惊吓"
DESCRIBE.CRABKING.GENERIC	哼。其此扰吾。	3516	物品名:"帝王蟹"->默认
DESCRIBE.CRABKING.INERT	容吾展实。	3517	物品名:"帝王蟹"
DESCRIBE.CRABKING_CLAW	警蟹爪。	3519	物品名:"巨钳"
DESCRIBE.MESSAGEBOTTLE	不知是否赠吾。	3520	物品名:"瓶中信"
DESCRIBE.MESSAGEBOTTLEEMPTY	空无物。	3521	物品名:"空瓶子"
DESCRIBE.MEATRACK_HERMIT.DONE	肉脯可食。	3524	物品名:"晾肉架"->完成了
DESCRIBE.MEATRACK_HERMIT.DRYING	肉风需时。	3525	物品名:"晾肉架"->正在风干
DESCRIBE.MEATRACK_HERMIT.DRYINGINRAIN	雨天风肉需时更长。	3526	物品名:"晾肉架"->雨天风干
DESCRIBE.MEATRACK_HERMIT.GENERIC	肉晾此应不差。	3527	物品名:"晾肉架"->默认
DESCRIBE.MEATRACK_HERMIT.BURNT	晾肉架焚。	3528	物品名:"晾肉架"->烧焦的
DESCRIBE.MEATRACK_HERMIT.DONE_NOTMEAT	可风食物，储久。	3529	物品名:"晾肉架"
DESCRIBE.MEATRACK_HERMIT.DRYING_NOTMEAT	风干似只能缓。	3530	物品名:"晾肉架"
DESCRIBE.MEATRACK_HERMIT.DRYINGINRAIN_NOTMEAT	雨，改日来。	3531	物品名:"晾肉架"
DESCRIBE.BEEBOX_HERMIT.READY	其内满蜜。	3535	物品名:"蜂箱"->准备好的 满的
DESCRIBE.BEEBOX_HERMIT.FULLHONEY	其内满蜜。	3536	物品名:"蜂箱"->蜂蜜满了
DESCRIBE.BEEBOX_HERMIT.GENERIC	不知内有甜蜜否。	3537	物品名:"蜂箱"->默认
DESCRIBE.BEEBOX_HERMIT.NOHONEY	其空。	3538	物品名:"蜂箱"->没有蜂蜜
DESCRIBE.BEEBOX_HERMIT.SOMEHONEY	需待。	3539	物品名:"蜂箱"->有一些蜂蜜
DESCRIBE.BEEBOX_HERMIT.BURNT	何以焚？	3540	物品名:"蜂箱"->烧焦的
DESCRIBE.HERMITCRAB	一人居多寂。	3542	物品名:"寄居蟹隐士"
DESCRIBE.HERMIT_PEARL	吾将善顾。	3543	物品名:"珍珠的珍珠"
DESCRIBE.HERMIT_CRACKED_PEARL	吾…未善顾。	3544	物品名:"开裂珍珠"
DESCRIBE.WATERPLANT	吾等不取其藤壶，彼则为友。	3545	物品名:"海草"
DESCRIBE.WATERPLANT_BOMB	乃灵种。	3546	物品名:"种壳"
DESCRIBE.WATERPLANT_BABY	尚萌芽。	3547	物品名:"海芽"
DESCRIBE.WATERPLANT_PLANTER	彼于海中岩上长佳。	3548	物品名:"海芽插穗"
DESCRIBE.SHARK	吾或需巨舟……	3549	物品名:"岩石大白鲨"
DESCRIBE.MASTUPGRADE_LAMP_ITEM	吾有皆闪发好主意。	3550	物品名:"甲板照明灯" 制造描述:"桅杆照明附件。"
DESCRIBE.MASTUPGRADE_LIGHTNINGROD_ITEM	吾已驾陆海之雷。	3551	物品名:"避雷导线" 制造描述:"为你的桅杆带来过电般的刺激。"
DESCRIBE.WATERPUMP	可效灭火。	3552	物品名:"消防泵" 制造描述:"水水水，到处都是水。"
DESCRIBE.BARNACLE	观之不似指节。	3553	物品名:"藤壶"
DESCRIBE.BARNACLE_COOKED	吾闻此乃珍馐。	3554	物品名:"熟藤壶"
DESCRIBE.BARNACLEPITA	不见为藤壶，味更佳。	3555	物品名:"藤壶皮塔饼"
DESCRIBE.BARNACLESUSHI	直持食。	3556	物品名:"藤壶握寿司"
DESCRIBE.BARNACLINGUINE	递面来。	3557	物品名:"藤壶中细面"
DESCRIBE.BARNACLESTUFFEDFISHHEAD	吾真饥甚，竟会虑……	3558	物品名:"酿鱼头"
DESCRIBE.LEAFLOAF	神秘肉。	3559	物品名:"叶肉糕"
DESCRIBE.LEAFYMEATBURGER	吾喜素。	3560	物品名:"素食堡"
DESCRIBE.LEAFYMEATSOUFFLE	此乃何食？	3561	物品名:"果冻沙拉"
DESCRIBE.MEATYSALAD	区区杂草，如饱。	3562	物品名:"牛肉绿叶菜"
DESCRIBE.MOLEBAT	一小蝠。	3563	物品名:"裸鼹蝠"
DESCRIBE.MOLEBATHILL	不知鼠窝藏何。	3564	物品名:"裸鼹蝠丘"
DESCRIBE.BATNOSE	谁知此谁鼻？	3565	物品名:"裸露鼻孔"
DESCRIBE.BATNOSE_COOKED	出时，闻鼻气。	3566	物品名:"炭烤鼻孔"
DESCRIBE.BATNOSEHAT	有此饮奶不动手。	3567	物品名:"牛奶帽"
DESCRIBE.MUSHGNOME	其或周期攻。	3568	物品名:"蘑菇地精"
DESCRIBE.SPORE_MOON	吾当避此孢子。	3569	物品名:"月亮孢子"
DESCRIBE.MOON_CAP	观之不甚美。	3570	物品名:"月亮蘑菇"
DESCRIBE.MOON_CAP_COOKED	吾为法力亦豁出……	3571	物品名:"熟月亮蘑菇"
DESCRIBE.MUSHTREE_MOON	此蕈木显与他异。	3572	物品名:"月亮蘑菇树"
DESCRIBE.LIGHTFLIER	真奇，装吾囊犹发光。	3573	物品名:"球状光虫"
DESCRIBE.GROTTO_POOL_BIG	月水使琉璃长。	3574	物品名:"玻璃绿洲"
DESCRIBE.GROTTO_POOL_SMALL	月水使琉璃长。	3575	物品名:"小玻璃绿洲"
DESCRIBE.DUSTMOTH	真整齐小物，非乎？	3576	物品名:"尘蛾"
DESCRIBE.DUSTMOTHDEN	彼于内过甚适。	3577	物品名:"整洁洞穴"
DESCRIBE.ARCHIVE_LOCKBOX	吾何取知识？	3578	物品名:"蒸馏的知识"
DESCRIBE.ARCHIVE_CENTIPEDE	汝休阻吾进。	3579	物品名:"远古哨兵蜈蚣"
DESCRIBE.ARCHIVE_CENTIPEDE_HUSK	无用物。	3580	物品名:"哨兵蜈蚣壳"
DESCRIBE.ARCHIVE_COOKPOT.COOKING_LONG	尚需时。	3583	物品名:"远古窑"->饭还需要很久
DESCRIBE.ARCHIVE_COOKPOT.COOKING_SHORT	将成。	3584	物品名:"远古窑"->饭快做好了
DESCRIBE.ARCHIVE_COOKPOT.DONE	嗯。可食。	3585	物品名:"远古窑"->完成了
DESCRIBE.ARCHIVE_COOKPOT.EMPTY	先抖尘，如何？	3586	物品名:"远古窑"
DESCRIBE.ARCHIVE_COOKPOT.BURNT	釜焚。	3587	物品名:"远古窑"->烧焦的
DESCRIBE.ARCHIVE_MOON_STATUE	此伟月像令吾充满诗意。	3589	物品名:"远古月亮雕像"
DESCRIBE.ARCHIVE_RUNE_STATUE.LINE_1	学识浩瀚，若能参透则善。	3592	物品名:"远古月亮符文石"->第一行
DESCRIBE.ARCHIVE_RUNE_STATUE.LINE_2	此符文与别处遗迹之刻印相异。	3593	物品名:"远古月亮符文石"->第二行
DESCRIBE.ARCHIVE_RUNE_STATUE.LINE_3	学识浩瀚，若能参透则善。	3594	物品名:"远古月亮符文石"->第三行
DESCRIBE.ARCHIVE_RUNE_STATUE.LINE_4	此符文与别处遗迹之刻印相异。	3595	物品名:"远古月亮符文石"->第四行
DESCRIBE.ARCHIVE_RUNE_STATUE.LINE_5	学识浩瀚，若能参透则善。	3596	物品名:"远古月亮符文石"->第五行
DESCRIBE.ARCHIVE_RESONATOR.GENERIC	有此神器，舆图何用？	3600	物品名:"星象探测仪"->默认
DESCRIBE.ARCHIVE_RESONATOR.IDLE	其似已觅得应觅之物。	3601	物品名:"星象探测仪"
DESCRIBE.ARCHIVE_RESONATOR_ITEM	此乃吾所铸之神器。	3603	物品名:"星象探测仪" 制造描述:"它会出土什么秘密呢？"
DESCRIBE.ARCHIVE_LOCKBOX_DISPENCER.POWEROFF	若可复其运转则善……	3606	物品名:"知识饮水机"
DESCRIBE.ARCHIVE_LOCKBOX_DISPENCER.GENERIC	吾有冲动，欲立其前高谈阔论。	3607	物品名:"知识饮水机"->默认
DESCRIBE.ARCHIVE_SECURITY_DESK.POWEROFF	其已失旧日之功。	3611	物品名:"远古哨所"
DESCRIBE.ARCHIVE_SECURITY_DESK.GENERIC	其欲近吾。	3612	物品名:"远古哨所"->默认
DESCRIBE.ARCHIVE_SECURITY_PULSE	汝欲往何处？可乃有趣之地？	3614	物品名:"远古哨所"
DESCRIBE.ARCHIVE_SWITCH.VALID	嵌以宝石，应可运转……吾笃定。	3617	物品名:"华丽基座"->有效
DESCRIBE.ARCHIVE_SWITCH.GEMS	此孔为空。	3618	物品名:"华丽基座"->需要宝石
DESCRIBE.ARCHIVE_PORTAL.POWEROFF	全无回应。	3622	物品名:"封印的传送门"
DESCRIBE.ARCHIVE_PORTAL.GENERIC	奇哉，其无应。	3623	物品名:"封印的传送门"->默认
DESCRIBE.WALL_STONE_2	坚固之墙。	3625	物品名:"档案馆石墙"
DESCRIBE.WALL_RUINS_2	一段古墙。	3626	物品名:"档案馆铥墙"
DESCRIBE.REFINED_DUST	啊——嚏。	3627	物品名:"尘土块" 制造描述:"远古甜品的关键原料。"
DESCRIBE.DUSTMERINGUE	何人愿食此物？	3628	物品名:"琥珀美食"
DESCRIBE.SHROOMCAKE	果如其名。	3629	物品名:"蘑菇蛋糕"
DESCRIBE.NIGHTMAREGROWTH	吾当心此等黑墙。	3630	物品名:"梦魇城墙"
DESCRIBE.TURFCRAFTINGSTATION	夯土之事，吾不欲为。	3631	物品名:"土地夯实器" 制造描述:"一点点的改变世界。"
DESCRIBE.MOON_ALTAR_LINK	似在酝酿何物。	3632	物品名:"神秘能量"
DESCRIBE.COMPOSTINGBIN.GENERIC	此气略难忍。	3635	物品名:"堆肥桶"->默认 制造描述:"能让土壤变得臭烘烘和肥沃。"
DESCRIBE.COMPOSTINGBIN.WET	过湿。	3636	物品名:"堆肥桶" 制造描述:"能让土壤变得臭烘烘和肥沃。"
DESCRIBE.COMPOSTINGBIN.DRY	嗯……过燥。	3637	物品名:"堆肥桶" 制造描述:"能让土壤变得臭烘烘和肥沃。"
DESCRIBE.COMPOSTINGBIN.BALANCED	恰到好处。	3638	物品名:"堆肥桶" 制造描述:"能让土壤变得臭烘烘和肥沃。"
DESCRIBE.COMPOSTINGBIN.BURNT	焚后其气更恶……	3639	物品名:"堆肥桶"->烧焦的 制造描述:"能让土壤变得臭烘烘和肥沃。"
DESCRIBE.COMPOST	草木之食，他无所用。	3641	物品名:"堆肥"
DESCRIBE.SOIL_AMENDER.GENERIC	此非揠苗助长之术。	3644	物品名:"催长剂起子"->默认 制造描述:"海里来的瓶装养分。"
DESCRIBE.SOIL_AMENDER.STALE	此非揠苗助长之术。	3645	物品名:"催长剂起子"->过期了 制造描述:"海里来的瓶装养分。"
DESCRIBE.SOIL_AMENDER.SPOILED	其作呕之气昭示其效。	3646	物品名:"催长剂起子"->腐烂了 制造描述:"海里来的瓶装养分。"
DESCRIBE.SOIL_AMENDER_FERMENTED	此可令草木速长。	3648	物品名:"超级催长剂"
DESCRIBE.WATERINGCAN.GENERIC	吾可此润草木。	3651	物品名:"空浇水壶"->默认 制造描述:"让植物保持快乐和水分。"
DESCRIBE.WATERINGCAN.EMPTY	或此附近有塘……	3652	物品名:"空浇水壶" 制造描述:"让植物保持快乐和水分。"
DESCRIBE.PREMIUMWATERINGCAN.GENERIC	其使浇灌易……简。	3656	物品名:"空鸟嘴壶"->默认 制造描述:"灌溉方面的创新。"
DESCRIBE.PREMIUMWATERINGCAN.EMPTY	无水则无用。	3657	物品名:"空鸟嘴壶" 制造描述:"灌溉方面的创新。"
DESCRIBE.FARM_PLOW	便利之耕。	3659	物品名:"耕地机"
DESCRIBE.FARM_PLOW_ITEM	吾当先觅良圃方可使之。	3660	物品名:"耕地机" 制造描述:"为你的植物犁一块地。"
DESCRIBE.FARM_HOE	吾当松土，令灵种安适。	3661	物品名:"园艺锄" 制造描述:"翻耕，为撒播农作物做准备。"
DESCRIBE.GOLDEN_FARM_HOE	吾岂需此花哨之物以移土？	3662	物品名:"黄金园艺锄" 制造描述:"优雅地耕地。"
DESCRIBE.NUTRIENTSGOGGLESHAT	其可助吾观泥土中诸般灵力。	3663	物品名:"高级耕作先驱帽" 制造描述:"让你看到一个成功的花园。"
DESCRIBE.PLANTREGISTRYHAT	欲晓草木，当戴草木。	3664	物品名:"耕作先驱帽" 制造描述:"让你的园艺专业知识得到增长。"
DESCRIBE.FARM_SOIL_DEBRIS	其乱吾圃。	3665	物品名:"农田杂物"
DESCRIBE.FIRENETTLES	若不耐热，莫入园圃。	3666	物品名:"火荨麻叶"
DESCRIBE.FORGETMELOTS	嗯，忘却欲言之辞。	3667	物品名:"必忘我"
DESCRIBE.SWEETTEA	一盏清茶，暂歇心神。	3668	物品名:"舒缓茶"
DESCRIBE.TILLWEED	吾将除汝。	3669	物品名:"犁地草"
DESCRIBE.TILLWEEDSALVE	吾之药草。	3670	物品名:"犁地草膏" 制造描述:"慢慢去处病痛。"
DESCRIBE.WEED_IVY	汝非菜蔬。	3671	物品名:"刺针旋花"
DESCRIBE.IVY_SNARE	实无礼。	3672	物品名:"缠绕根须"
DESCRIBE.TROPHYSCALE_OVERSIZEDVEGGIES.GENERIC	吾可量收成之丰俭。	3675	物品名:"农产品秤"->默认 制造描述:"称量你珍贵的水果和蔬菜。"
DESCRIBE.TROPHYSCALE_OVERSIZEDVEGGIES.HAS_ITEM	重: {weight}\n收日: {day}\n不恶。	3676	物品名:"农产品秤" 制造描述:"称量你珍贵的水果和蔬菜。"
DESCRIBE.TROPHYSCALE_OVERSIZEDVEGGIES.HAS_ITEM_HEAVY	重: {weight}\n收日: {day}\n孰料竟长如斯？	3677	物品名:"农产品秤" 制造描述:"称量你珍贵的水果和蔬菜。"
DESCRIBE.TROPHYSCALE_OVERSIZEDVEGGIES.HAS_ITEM_LIGHT	其过寻常，秤不屑示其重。	3678	物品名:"农产品秤" 制造描述:"称量你珍贵的水果和蔬菜。"
DESCRIBE.TROPHYSCALE_OVERSIZEDVEGGIES.BURNING	此乃烹何？	3679	物品名:"农产品秤"->正在燃烧 制造描述:"称量你珍贵的水果和蔬菜。"
DESCRIBE.TROPHYSCALE_OVERSIZEDVEGGIES.BURNT	吾思此非最佳烹法。	3680	物品名:"农产品秤"->烧焦的 制造描述:"称量你珍贵的水果和蔬菜。"
DESCRIBE.CARROT_OVERSIZED	好一堆萝卜。	3682	物品名:"巨型胡萝卜"
DESCRIBE.CORN_OVERSIZED	好大一玉黍。	3683	物品名:"巨型玉米"
DESCRIBE.PUMPKIN_OVERSIZED	好一大南瓜。	3684	物品名:"巨型南瓜"
DESCRIBE.EGGPLANT_OVERSIZED	不解何以名之为茄。	3685	物品名:"巨型茄子"
DESCRIBE.DURIAN_OVERSIZED	吾笃定其臭更甚。	3686	物品名:"巨型榴莲"
DESCRIBE.POMEGRANATE_OVERSIZED	此或为吾所见最大之石榴。	3687	物品名:"巨型石榴"
DESCRIBE.DRAGONFRUIT_OVERSIZED	吾尚冀其生翼。	3688	物品名:"巨型火龙果"
DESCRIBE.WATERMELON_OVERSIZED	硕大多汁之寒瓜。	3689	物品名:"巨型西瓜"
DESCRIBE.TOMATO_OVERSIZED	一惊人西红柿。	3690	物品名:"巨型番茄"
DESCRIBE.POTATO_OVERSIZED	此薯真大。	3691	物品名:"巨型土豆"
DESCRIBE.ASPARAGUS_OVERSIZED	吾将食芦笋一时矣……	3692	物品名:"巨型芦笋"
DESCRIBE.ONION_OVERSIZED	其长速如斯。不禁令吾目润。	3693	物品名:"巨型洋葱"
DESCRIBE.GARLIC_OVERSIZED	巨大之蒜。	3694	物品名:"巨型大蒜"
DESCRIBE.PEPPER_OVERSIZED	一大小异乎寻常之椒。	3695	物品名:"巨型辣椒"
DESCRIBE.VEGGIE_OVERSIZED_ROTTEN	烂物。	3696	物品名:"农产品秤" 制造描述:"称量你珍贵的水果和蔬菜。"
DESCRIBE.FARM_PLANT.GENERIC	乃一草木。	3699	物品名:未找到
DESCRIBE.FARM_PLANT.SEED	今但静候。	3700	物品名:未找到
DESCRIBE.FARM_PLANT.GROWING	生长罢，美草木，生长。	3701	物品名:未找到
DESCRIBE.FARM_PLANT.FULL	是时收熟之实。	3702	物品名:未找到
DESCRIBE.FARM_PLANT.ROTTEN	可惜。若熟时收则善。	3703	物品名:未找到
DESCRIBE.FARM_PLANT.FULL_OVERSIZED	吾得巨型嘉禾。	3704	物品名:未找到
DESCRIBE.FARM_PLANT.ROTTEN_OVERSIZED	烂物。	3705	物品名:未找到
DESCRIBE.FARM_PLANT.FULL_WEED	吾早思斩此伪物。	3706	物品名:未找到
DESCRIBE.FARM_PLANT.BURNING	于草木非善……	3707	物品名:未找到
DESCRIBE.FRUITFLY	往他处嗡去。	3709	物品名:"果蝇"
DESCRIBE.LORDFRUITFLY	止扰草木。	3710	物品名:"果蝇王"
DESCRIBE.FRIENDLYFRUITFLY	有其在，园圃似更悦。	3711	物品名:"友好果蝇"
DESCRIBE.FRUITFLYFRUIT	今吾为主。	3712	物品名:"友好果蝇果"
DESCRIBE.SEEDPOUCH	吾久不欲携种子于囊。	3713	物品名:"种子袋" 制造描述:"妥善保管好种子。"
DESCRIBE.CARNIVAL_HOST	乃一怪人。	3714	物品名:"良羽鸦"
DESCRIBE.CARNIVAL_CROWKID	汝好，小鸦。	3715	物品名:"小乌鸦"
DESCRIBE.CARNIVAL_GAMETOKEN	一金亮之币。	3716	物品名:"鸦年华代币" 制造描述:"购买代币，玩游戏，赢取奖品。"
DESCRIBE.CARNIVAL_PRIZETICKET.GENERIC	但一纸笺。	3719	物品名:"奖票"->默认
DESCRIBE.CARNIVAL_PRIZETICKET.GENERIC_SMALLSTACK	但数纸笺。	3720	物品名:"奖票"
DESCRIBE.CARNIVAL_PRIZETICKET.GENERIC_LARGESTACK	甚多纸笺。	3721	物品名:"奖票"
DESCRIBE.CARNIVALGAME_FEEDCHICKS_NEST	乃一小活门。	3723	物品名:"饥饿乌鸦"
DESCRIBE.CARNIVALGAME_FEEDCHICKS_STATION.GENERIC	其欲吾予之亮物，方可嬉。	3726	物品名:"鸟鸟吃虫虫"->默认
DESCRIBE.CARNIVALGAME_FEEDCHICKS_STATION.PLAYING	此观之有趣。	3727	物品名:"鸟鸟吃虫虫"
DESCRIBE.CARNIVALGAME_FEEDCHICKS_KIT	多捕些虫。	3729	物品名:"鸟鸟吃虫虫套装" 制造描述:"小鸟吃虫。"
DESCRIBE.CARNIVALGAME_FEEDCHICKS_FOOD	吾毋需先嚼之，对否？	3730	物品名:"蛴螬"
DESCRIBE.CARNIVALGAME_MEMORY_KIT	谁予吾数卵。	3731	物品名:"篮中蛋套装" 制造描述:"在你的蛋孵化前数清楚数量。"
DESCRIBE.CARNIVALGAME_MEMORY_STATION.GENERIC	其欲吾予之亮物，方可嬉。	3734	物品名:"篮中蛋"->默认
DESCRIBE.CARNIVALGAME_MEMORY_STATION.PLAYING	吾乃此行家。	3735	物品名:"篮中蛋"
DESCRIBE.CARNIVALGAME_MEMORY_CARD.GENERIC	乃一小活门。	3739	物品名:"蛋篮"->默认
DESCRIBE.CARNIVALGAME_MEMORY_CARD.PLAYING	是彼乎？	3740	物品名:"蛋篮"
DESCRIBE.CARNIVALGAME_HERDING_KIT	此等卵，行甚速。	3742	物品名:"追蛋套装" 制造描述:"追回失控的蛋。"
DESCRIBE.CARNIVALGAME_HERDING_STATION.GENERIC	需予之亮物，方可嬉。	3745	物品名:"追蛋"->默认
DESCRIBE.CARNIVALGAME_HERDING_STATION.PLAYING	此等卵观欲奔。	3746	物品名:"追蛋"
DESCRIBE.CARNIVALGAME_HERDING_CHICK	归此。	3748	物品名:"追蛋"
DESCRIBE.CARNIVALGAME_SHOOTING_KIT	护鸟巢。	3749	物品名:"保卫鸟巢套装" 制造描述:"防止害虫进入巢穴。"
DESCRIBE.CARNIVALGAME_SHOOTING_STATION.GENERIC	需予之亮物，方可嬉。	3752	物品名:"保卫鸟巢"->默认
DESCRIBE.CARNIVALGAME_SHOOTING_STATION.PLAYING	吾最长于嬉。	3753	物品名:"保卫鸟巢"
DESCRIBE.CARNIVALGAME_SHOOTING_TARGET.GENERIC	乃一小活门。	3757	物品名:"射击靶"->默认
DESCRIBE.CARNIVALGAME_SHOOTING_TARGET.PLAYING	此靶令吾心痒。	3758	物品名:"射击靶"
DESCRIBE.CARNIVALGAME_SHOOTING_BUTTON.GENERIC	粗陋小物，观之有趣。	3762	物品名:"按钮"->默认
DESCRIBE.CARNIVALGAME_SHOOTING_BUTTON.PLAYING	吾将按彼亮者。	3763	物品名:"按钮"
DESCRIBE.CARNIVALGAME_WHEELSPIN_KIT	此真一闪嘉年华。	3765	物品名:"布谷鸟转盘套装" 制造描述:"旋转然后胜利。"
DESCRIBE.CARNIVALGAME_WHEELSPIN_STATION.GENERIC	粗陋小物。	3768	物品名:"布谷鸟转盘"->默认
DESCRIBE.CARNIVALGAME_WHEELSPIN_STATION.PLAYING	转，转之。	3769	物品名:"布谷鸟转盘"
DESCRIBE.CARNIVALGAME_PUCKDROP_KIT	粗陋小物。	3771	物品名:"鸟房落球套装" 制造描述:"把球安全地弹到它的窝里。"
DESCRIBE.CARNIVALGAME_PUCKDROP_STATION.GENERIC	粗陋小物。	3774	物品名:"鸟房落球"->默认
DESCRIBE.CARNIVALGAME_PUCKDROP_STATION.PLAYING	粗陋小物。	3775	物品名:"鸟房落球"
DESCRIBE.CARNIVAL_PRIZEBOOTH_KIT	此等物尽归吾。	3777	物品名:"奖品摊位套装" 制造描述:"看看有什么奖品。"
DESCRIBE.CARNIVAL_PRIZEBOOTH.GENERIC	此等物尽归吾。	3780	物品名:"奖品摊位"->默认
DESCRIBE.CARNIVALCANNON_KIT	此等物尽归吾。	3782	物品名:"奖品摊位"
DESCRIBE.CARNIVALCANNON.GENERIC	炸裂。	3785	物品名:未找到
DESCRIBE.CARNIVALCANNON.COOLDOWN	真威。	3786	物品名:未找到
DESCRIBE.CARNIVAL_PLAZA_KIT	事实昭示，鸟喜木。	3788	物品名:"鸦年华树苗" 制造描述:"鸦年华不可或缺的中间物件。"
DESCRIBE.CARNIVAL_PLAZA.GENERIC	今观无“庆”貌，对否？	3791	物品名:"鸦年华树"->默认
DESCRIBE.CARNIVAL_PLAZA.LEVEL_2	一小鸟告吾，此处宜多置美物。	3792	物品名:"鸦年华树"
DESCRIBE.CARNIVAL_PLAZA.LEVEL_3	乃一庆木。	3793	物品名:"鸦年华树"
DESCRIBE.CARNIVALDECOR_EGGRIDE_KIT	冀奖品但为此等。	3795	物品名:"鸦年华树"
DESCRIBE.CARNIVALDECOR_EGGRIDE	吾可数时辰凝睇之。	3796	物品名:"鸦年华树"
DESCRIBE.CARNIVALDECOR_LAMP_KIT	光余些许事。	3797	物品名:"盛夏夜灯套装" 制造描述:"夏夜的梦幻之光。"
DESCRIBE.CARNIVALDECOR_LAMP	其能源自奇思。	3798	物品名:"盛夏夜灯"
DESCRIBE.CARNIVALDECOR_PLANT_KIT	或此乃一黄杨？	3799	物品名:"微型树套装" 制造描述:"一小块鸦年华。"
DESCRIBE.CARNIVALDECOR_PLANT	非其小，即吾大。	3800	物品名:"微型树"
DESCRIBE.CARNIVALDECOR_BANNER_KIT	吾必自筑之？吾早当料。	3801	物品名:"光线捕捉器套装" 制造描述:"枝头挂着闪光的小饰品。"
DESCRIBE.CARNIVALDECOR_BANNER	此等亮物已明一切。	3802	物品名:"光线捕捉器"
DESCRIBE.CARNIVALDECOR_FIGURE.RARE	念念不忘，必有回响。	3805	物品名:未找到
DESCRIBE.CARNIVALDECOR_FIGURE.UNCOMMON	此构不甚常见。	3806	物品名:未找到
DESCRIBE.CARNIVALDECOR_FIGURE.GENERIC	吾何以得如许多此等物……	3807	物品名:未找到
DESCRIBE.CARNIVALDECOR_FIGURE_KIT	吾欲启之。	3809	物品名:"绿色神秘盒子" 制造描述:"这个神秘的绿盒子里会有什么呢？"
DESCRIBE.CARNIVALDECOR_FIGURE_KIT_SEASON2	吾欲启之。	3810	物品名:"金色神秘盒子" 制造描述:"这个神秘的金盒子里会有什么呢？"
DESCRIBE.CARNIVAL_BALL	赤赤小球。	3811	unimplemented  -- 物品名:"发光红球" 制造描述:"保证你有球必应。"
DESCRIBE.CARNIVAL_SEEDPACKET	吾感略饥。	3812	物品名:"种子包" 制造描述:"鸦年华最爱的香脆小吃。"
DESCRIBE.CARNIVALFOOD_CORNTEA	此羹本当如斯脆？	3813	物品名:"玉米泥" 制造描述:"出乎意料的清爽。"
DESCRIBE.CARNIVAL_VEST_A	此令吾观有神。	3814	物品名:"叽叽喳喳围巾" 制造描述:"用捡来的树叶做成的异想天开的围巾。"
DESCRIBE.CARNIVAL_VEST_B	若着己之木荫。	3815	物品名:"叽叽喳喳斗篷" 制造描述:"这东西确实值得称道。"
DESCRIBE.CARNIVAL_VEST_C	冀内无虫……	3816	物品名:"叽叽喳喳小披肩" 制造描述:"鸦年华游客的必备小披肩。"
DESCRIBE.YOTB_SEWINGMACHINE	缝补岂难。	3817	物品名:"缝纫机"
DESCRIBE.YOTB_SEWINGMACHINE_ITEM	观需组之。	3818	物品名:"缝纫机套装" 制造描述:"做出完美的皮弗娄牛礼服吧。"
DESCRIBE.YOTB_STAGE	奇哉，吾未见其登台与离……	3819	物品名:"裁判席"
DESCRIBE.YOTB_POST	此赛将顺行。	3820	物品名:"皮弗娄牛舞台"
DESCRIBE.YOTB_STAGE_ITEM	观需筑之。	3821	物品名:"裁判席" 制造描述:"邀请专家出席。"
DESCRIBE.YOTB_POST_ITEM	吾当先装之。	3822	物品名:"皮弗娄牛舞台" 制造描述:"让你的皮弗娄牛登上舞台中央。"
DESCRIBE.YOTB_PATTERN_FRAGMENT_1	吾赌将此等并之，定可制美鞍。	3823	物品名:"恐怖款式碎片" 制造描述:"来一点恐怖的灵感。"
DESCRIBE.YOTB_PATTERN_FRAGMENT_2	吾赌将此等并之，定可制美鞍。	3824	物品名:"正式款式碎片" 制造描述:"来一点正式的灵感。"
DESCRIBE.YOTB_PATTERN_FRAGMENT_3	吾赌将此等并之，定可制美鞍。	3825	物品名:"喜庆款式碎片" 制造描述:"来一点喜庆的灵感。"
DESCRIBE.YOTB_BEEFALO_DOLL_WAR.GENERIC	哄小儿物。	3828	物品名:"战士皮弗娄牛玩偶"->默认
DESCRIBE.YOTB_BEEFALO_DOLL_WAR.YOTB	哄小儿物。	3829	物品名:"战士皮弗娄牛玩偶"
DESCRIBE.YOTB_BEEFALO_DOLL_DOLL.GENERIC	哄小儿物。	3833	物品名:"娃娃皮弗娄牛玩偶"->默认
DESCRIBE.YOTB_BEEFALO_DOLL_DOLL.YOTB	哄小儿物。	3834	物品名:"娃娃皮弗娄牛玩偶"
DESCRIBE.YOTB_BEEFALO_DOLL_FESTIVE.GENERIC	哄小儿物。	3838	物品名:"喜庆皮弗娄牛玩偶"->默认
DESCRIBE.YOTB_BEEFALO_DOLL_FESTIVE.YOTB	哄小儿物。	3839	物品名:"喜庆皮弗娄牛玩偶"
DESCRIBE.YOTB_BEEFALO_DOLL_NATURE.GENERIC	哄小儿物。	3843	物品名:"花朵皮弗娄牛玩偶"->默认
DESCRIBE.YOTB_BEEFALO_DOLL_NATURE.YOTB	哄小儿物。	3844	物品名:"花朵皮弗娄牛玩偶"
DESCRIBE.YOTB_BEEFALO_DOLL_ROBOT.GENERIC	哄小儿物。	3848	物品名:"铁甲皮弗娄牛玩偶"->默认
DESCRIBE.YOTB_BEEFALO_DOLL_ROBOT.YOTB	不知裁判将何言？	3849	物品名:"铁甲皮弗娄牛玩偶"
DESCRIBE.YOTB_BEEFALO_DOLL_ICE.GENERIC	哄小儿物。	3853	物品名:"寒霜皮弗娄牛玩偶"->默认
DESCRIBE.YOTB_BEEFALO_DOLL_ICE.YOTB	哄小儿物。	3854	物品名:"寒霜皮弗娄牛玩偶"
DESCRIBE.YOTB_BEEFALO_DOLL_FORMAL.GENERIC	哄小儿物。	3858	物品名:"正式皮弗娄牛玩偶"->默认
DESCRIBE.YOTB_BEEFALO_DOLL_FORMAL.YOTB	哄小儿物。	3859	物品名:"正式皮弗娄牛玩偶"
DESCRIBE.YOTB_BEEFALO_DOLL_VICTORIAN.GENERIC	哄小儿物。	3863	物品名:"维多利亚皮弗娄牛玩偶"->默认
DESCRIBE.YOTB_BEEFALO_DOLL_VICTORIAN.YOTB	哄小儿物。	3864	物品名:"维多利亚皮弗娄牛玩偶"
DESCRIBE.YOTB_BEEFALO_DOLL_BEAST.GENERIC	哄小儿物。	3868	物品名:"幸运兽弗娄牛玩偶"->默认
DESCRIBE.YOTB_BEEFALO_DOLL_BEAST.YOTB	哄小儿物。	3869	物品名:"幸运兽弗娄牛玩偶"
DESCRIBE.WAR_BLUEPRINT	何其威猛。	3871	物品名:"战士礼服款式"
DESCRIBE.DOLL_BLUEPRINT	吾之坐骑定可爱动人。	3872	物品名:"娃娃礼服款式"
DESCRIBE.FESTIVE_BLUEPRINT	是时来节庆。	3873	物品名:"节日盛装款式"
DESCRIBE.ROBOT_BLUEPRINT	吾观之更壮。	3874	物品名:"铁甲礼服款式"
DESCRIBE.NATURE_BLUEPRINT	花真百搭。	3875	物品名:"花朵礼服款式"
DESCRIBE.FORMAL_BLUEPRINT	此式过肃。	3876	物品名:"正式礼服款式"
DESCRIBE.VICTORIAN_BLUEPRINT	吾似未着此等衣。	3877	物品名:"维多利亚礼服款式"
DESCRIBE.ICE_BLUEPRINT	吾喜鲜之兽，非冻者。	3878	物品名:"寒霜礼服款式"
DESCRIBE.BEAST_BLUEPRINT	吾感将行运。	3879	物品名:"幸运兽礼服款式"
DESCRIBE.BEEF_BELL	其令兽和。吾信内有法力。	3880	物品名:"皮弗娄牛铃" 制造描述:"与皮弗娄牛交朋友。"
DESCRIBE.KITCOONDEN.GENERIC	个够小方可藏内。	3883	物品名:"小浣猫托儿所"->默认
DESCRIBE.KITCOONDEN.BURNT	不。	3884	物品名:"小浣猫托儿所"->烧焦的
DESCRIBE.KITCOONDEN.PLAYING_HIDEANDSEEK	彼等往何处……	3885	物品名:"小浣猫托儿所"
DESCRIBE.KITCOONDEN.PLAYING_HIDEANDSEEK_TIME_ALMOST_UP	时余无多。彼在何处？	3886	物品名:"小浣猫托儿所"
DESCRIBE.KITCOONDEN_KIT	一套皆在。	3888	物品名:"小浣猫托儿所套装" 制造描述:"各种条纹浣猫的家园。"
DESCRIBE.TICOON.GENERIC	彼观之似知己所为。	3891	物品名:"大虎"->默认
DESCRIBE.TICOON.ABANDONED	吾定可自觅之。	3892	物品名:"大虎"
DESCRIBE.TICOON.SUCCESS	嘿，彼觅得一。	3893	物品名:"大虎"
DESCRIBE.TICOON.LOST_TRACK	有者先见之。	3894	物品名:"大虎"
DESCRIBE.TICOON.NEARBY	观附近有物。	3895	物品名:"大虎"
DESCRIBE.TICOON.TRACKING	吾当紧步其后。	3896	物品名:"大虎"
DESCRIBE.TICOON.TRACKING_NOT_MINE	彼为他人引路。	3897	物品名:"大虎"
DESCRIBE.TICOON.NOTHING_TO_TRACK	观无物可寻。	3898	物品名:"大虎"
DESCRIBE.TICOON.TARGET_TOO_FAR_AWAY	彼等或过远，彼嗅不得。	3899	物品名:"大虎"
DESCRIBE.YOT_CATCOONSHRINE.GENERIC	作何……	3903	物品名:"浣猫神龛"->默认 制造描述:"供奉无踪之浣猫。"
DESCRIBE.YOT_CATCOONSHRINE.EMPTY	或彼欲得羽以戏……	3904	物品名:"浣猫神龛" 制造描述:"供奉无踪之浣猫。"
DESCRIBE.YOT_CATCOONSHRINE.BURNT	闻之若焦毛皮。	3905	物品名:"浣猫神龛"->烧焦的 制造描述:"供奉无踪之浣猫。"
DESCRIBE.KITCOON_FOREST	实吾不喜猫。	3907	物品名:"小浣猫"
DESCRIBE.KITCOON_SAVANNA	实吾不喜猫。	3908	物品名:"小浣猫"
DESCRIBE.KITCOON_MARSH	实吾不喜猫。	3909	物品名:"小浣猫"
DESCRIBE.KITCOON_DECIDUOUS	实吾不喜猫。	3910	物品名:"小浣猫"
DESCRIBE.KITCOON_GRASS	实吾不喜猫。	3911	物品名:"小浣猫"
DESCRIBE.KITCOON_ROCKY	实吾不喜猫。	3912	物品名:"小浣猫"
DESCRIBE.KITCOON_DESERT	实吾不喜猫。	3913	物品名:"小浣猫"
DESCRIBE.KITCOON_MOON	实吾不喜猫。	3914	物品名:"小浣猫"
DESCRIBE.KITCOON_YOT	实吾不喜猫。	3915	物品名:"小浣猫"
DESCRIBE.ALTERGUARDIAN_PHASE1.GENERIC	吾将碎此巨岩妖。	3918	物品名:"天体英雄"->默认
DESCRIBE.ALTERGUARDIAN_PHASE1.DEAD	好许多奇石。	3919	物品名:"天体英雄"->死了
DESCRIBE.ALTERGUARDIAN_PHASE2.GENERIC	其变不类矣……	3923	物品名:"天体英雄"->默认
DESCRIBE.ALTERGUARDIAN_PHASE2.DEAD	不过尔尔。	3924	物品名:"天体英雄"->死了
DESCRIBE.ALTERGUARDIAN_PHASE2SPIKE	汝已明汝意。	3926	物品名:"月光玻璃尖刺"
DESCRIBE.ALTERGUARDIAN_PHASE3	其今定怒。	3927	物品名:"天体英雄"
DESCRIBE.ALTERGUARDIAN_PHASE3TRAP	吾观之则倦。	3928	物品名:"启迪陷阱"
DESCRIBE.ALTERGUARDIAN_PHASE3DEADORB	其死乎？	3929	物品名:"天体英雄"
DESCRIBE.ALTERGUARDIAN_PHASE3DEAD	彼不适填海。	3930	物品名:"被击败的天体英雄"
DESCRIBE.ALTERGUARDIANHAT	此冠品相佳……	3931	物品名:"启迪之冠"
DESCRIBE.ALTERGUARDIANHATSHARD	何其光耀。	3932	物品名:"启迪碎片"
DESCRIBE.MOONSTORM_GLASS.GENERIC	若琉璃。	3935	物品名:"充能玻璃石"->默认
DESCRIBE.MOONSTORM_GLASS.INFUSED	其焕地外之能。	3936	物品名:"充能玻璃石"
DESCRIBE.MOONSTORM_STATIC	全新之见，若过雷电般激。	3938	物品名:"能量静电"
DESCRIBE.MOONSTORM_STATIC_ITEM	其令吾发生狂变。	3939	物品名:"约束静电"
DESCRIBE.MOONSTORM_SPARK	姑名之“月熠”。	3940	物品名:"月熠"
DESCRIBE.BIRD_MUTANT	其过丑。	3941	物品名:"月盲乌鸦"
DESCRIBE.BIRD_MUTANT_SPITTER	吾不喜其目……	3942	物品名:"奇形鸟"
DESCRIBE.WAGSTAFF_NPC	或吾当助之。	3943	物品名:"颗粒状传输"
DESCRIBE.WAGSTAFF_NPC_MUTATIONS	吾从不歇。	3944	物品名:"颗粒状传输"
DESCRIBE.WAGSTAFF_NPC_WAGPUNK	彼究上何处……	3945	物品名:"充能玻璃石"
DESCRIBE.ALTERGUARDIAN_CONTAINED	其正竭彼妖之能。	3946	物品名:"月亮精华提取器"
DESCRIBE.WAGSTAFF_TOOL_1	彼正吾苦寻之具。	3947	物品名:"网状缓冲器"
DESCRIBE.WAGSTAFF_TOOL_2	吾固知何。但，诶……释之过复。	3948	物品名:"装置除垢器"
DESCRIBE.WAGSTAFF_TOOL_3	此明乃有用之具。	3949	物品名:"垫圈开槽器"
DESCRIBE.WAGSTAFF_TOOL_4	本告吾，此即吾久寻之具。	3950	物品名:"概念刷洗器"
DESCRIBE.WAGSTAFF_TOOL_5	吾知其所能。	3951	物品名:"校准观察机"
DESCRIBE.MOONSTORM_GOGGLESHAT	是。月与薯，吾何以未早思？	3952	物品名:"星象护目镜" 制造描述:"利用土豆之眼来看清风暴。"
DESCRIBE.MOON_DEVICE.GENERIC	其捕月华。固，吾早知此。	3955	物品名:"月亮虹吸器"->默认
DESCRIBE.MOON_DEVICE.CONSTRUCTION1	仙法方始。	3956	物品名:"月亮虹吸器"
DESCRIBE.MOON_DEVICE.CONSTRUCTION2	观之尚可。	3957	物品名:"月亮虹吸器"
DESCRIBE.POCKETWATCH_HEAL.GENERIC	略有用。	3961	物品名:"不老表"->默认 制造描述:"你觉得自己是几岁，你就是几岁。"
DESCRIBE.POCKETWATCH_HEAL.RECHARGING	略有用。	3962	物品名:"不老表" 制造描述:"你觉得自己是几岁，你就是几岁。"
DESCRIBE.POCKETWATCH_REVIVE.GENERIC	略有用。	3966	物品名:"第二次机会表"->默认 制造描述:"挽回一个朋友的不幸结局。"
DESCRIBE.POCKETWATCH_REVIVE.RECHARGING	略有用。	3967	物品名:"第二次机会表" 制造描述:"挽回一个朋友的不幸结局。"
DESCRIBE.POCKETWATCH_WARP.GENERIC	不甚能解。	3971	物品名:"倒走表"->默认 制造描述:"重走你的最后几步。"
DESCRIBE.POCKETWATCH_WARP.RECHARGING	其在作甚。	3972	物品名:"倒走表" 制造描述:"重走你的最后几步。"
DESCRIBE.POCKETWATCH_RECALL.GENERIC	吾赌内定有大空间。	3976	物品名:"溯源表"->默认 制造描述:"返回到一个遥远的时间点。"
DESCRIBE.POCKETWATCH_RECALL.RECHARGING	其在作“时之类”，此其术语名。	3977	物品名:"溯源表" 制造描述:"返回到一个遥远的时间点。"
DESCRIBE.POCKETWATCH_PORTAL.GENERIC	略有用。	3984	物品名:"裂缝表"->默认 制造描述:"和朋友一起穿越时间会更好。"
DESCRIBE.POCKETWATCH_PORTAL.RECHARGING	略有用。	3985	物品名:"裂缝表" 制造描述:"和朋友一起穿越时间会更好。"
DESCRIBE.POCKETWATCH_WEAPON.GENERIC	坏事生但时题。	3992	物品名:"警钟"->默认 制造描述:"这只钟敲的就是你。"
DESCRIBE.POCKETWATCH_PARTS	时如白驹过隙.......。	3995	物品名:"时间碎片" 制造描述:"计时必备零件。"
DESCRIBE.POCKETWATCH_DISMANTLER	此物不甚好用。	3996	物品名:"钟表匠工具" 制造描述:"修补计时装置。"
DESCRIBE.POCKETWATCH_PORTAL_ENTRANCE.GENERIC	向前行，去发见。	3999	物品名:"时间裂缝"->默认
DESCRIBE.POCKETWATCH_PORTAL_ENTRANCE.DIFFERENTSHARD	向前行，去发见。	4000	物品名:"时间裂缝"
DESCRIBE.POCKETWATCH_PORTAL_EXIT	好漫长之降。	4002	物品名:"时间裂缝"
DESCRIBE.WATERTREE_PILLAR	好大一木。	4003	物品名:"大树干"
DESCRIBE.OCEANTREE	此等木应迷途。	4004	物品名:"疙瘩树"
DESCRIBE.OCEANTREENUT	内有活物。	4005	物品名:"疙瘩树果"
DESCRIBE.WATERTREE_ROOT	大树之根。	4006	物品名:"大树根"
DESCRIBE.OCEANTREE_PILLAR	虽不若原者佳，然尚可。	4007	物品名:"高出平均值的树干"
DESCRIBE.OCEANVINE	其名“藤条”。	4008	物品名:"苔藓藤条"
DESCRIBE.FIG	吾名之“不花之实”。	4009	物品名:"无花果"
DESCRIBE.FIG_COOKED	其被炙熟。	4010	物品名:"熟无花果"
DESCRIBE.SPIDER_WATER	仙法能令其浮？	4011	物品名:"海黾"
DESCRIBE.MUTATOR_WATER	哦，哇，此观之嗯……美，韦伯。	4012	物品名:"海黾变身涂鸦" 制造描述:"光是看就让人流口水。"
DESCRIBE.OCEANVINE_COCOON	吾轻触之将如何？	4013	物品名:"海黾巢穴"
DESCRIBE.OCEANVINE_COCOON_BURNT	闻焦气。	4014	物品名:"海黾巢穴"
DESCRIBE.GRASSGATOR	吾思彼喜吾。	4015	物品名:"草鳄鱼"
DESCRIBE.TREEGROWTHSOLUTION	嗯，木之食。	4016	物品名:"树果酱" 制造描述:"鼓励树木到达新的高度。"
DESCRIBE.FIGATONI	若面。	4017	物品名:"无花果意面"
DESCRIBE.FIGKABAB	以棍穿之炙更便。	4018	物品名:"无花果烤串"
DESCRIBE.KOALEFIG_TRUNK	此下善，吾有塞满之鼻。	4019	物品名:"无花果酿象鼻"
DESCRIBE.FROGNEWTON	无花果效弥他料之味。	4020	物品名:"无花果蛙腿三明治"
DESCRIBE.TERRARIUM.GENERIC	观之令吾头感模糊。	4023	物品名:"盒中泰拉"->默认
DESCRIBE.TERRARIUM.CRIMSON	吾有不祥之兆……	4024	物品名:"盒中泰拉"
DESCRIBE.TERRARIUM.ENABLED	内封何物？	4025	物品名:"盒中泰拉"
DESCRIBE.TERRARIUM.WAITING_FOR_DARK	将为何？不然眠后观。	4026	物品名:"盒中泰拉"
DESCRIBE.TERRARIUM.COOLDOWN	此后需待。	4027	物品名:"盒中泰拉"->冷却中
DESCRIBE.TERRARIUM.SPAWN_DISABLED	吾应不复为窥目所扰。	4028	物品名:"盒中泰拉"
DESCRIBE.MIGHTY_GYM.GENERIC	让吾上戏之……	4032	物品名:"强大健身房"->默认 制造描述:"拿出力量来吧。"
DESCRIBE.MIGHTY_GYM.BURNT	谁焚之。	4033	物品名:"强大健身房"->烧焦的 制造描述:"拿出力量来吧。"
DESCRIBE.DUMBBELL	此重于吾不值一提。	4035	物品名:"哑铃" 制造描述:"练肌肉离不开棍棒和石头。"
DESCRIBE.DUMBBELL_GOLDEN	精诚所至，金石为开。	4036	物品名:"黄金哑铃" 制造描述:"举重的黄金标准。"
DESCRIBE.DUMBBELL_MARBLE	过重。	4037	物品名:"大理石哑铃" 制造描述:"获得有棱有角体格的捷径。"
DESCRIBE.DUMBBELL_GEM	过重。	4038	物品名:"宝石哑铃" 制造描述:"让你锻炼的方方面面都得到打磨。"
DESCRIBE.POTATOSACK	非满薯形之石，即石形之薯。	4039	物品名:"土豆袋" 制造描述:"马铃薯的天然栖息地。"
DESCRIBE.DUMBBELL_HEAT	用热身尚可。	4040	物品名:"热铃" 制造描述:"进行终极热身。"
DESCRIBE.DUMBBELL_REDGEM	吾实感体在焚。	4041	物品名:"火铃" 制造描述:"感受燃烧。"
DESCRIBE.DUMBBELL_BLUEGEM	冰冰甚适。	4042	物品名:"冰铃" 制造描述:"冰封妨碍锻炼的东西。"
DESCRIBE.TERRARIUMCHEST.GENERIC	孰因偷窥盒中物而出事？	4045	物品名:"显眼箱子"->默认
DESCRIBE.TERRARIUMCHEST.BURNT	其不复扰何人。	4046	物品名:"显眼箱子"->烧焦的
DESCRIBE.TERRARIUMCHEST.SHIMMER	彼观之略格格不入……	4047	物品名:"显眼箱子"
DESCRIBE.EYEMASKHAT	不得不说，吾独具慧眼。	4049	物品名:"眼面具"
DESCRIBE.EYEOFTERROR	瞄其目。	4050	物品名:"恐怖之眼"
DESCRIBE.EYEOFTERROR_MINI	吾始感不安。	4051	物品名:"可疑窥视者"
DESCRIBE.EYEOFTERROR_MINI_GROUNDED	吾思其将孵……	4052	物品名:"恐怖之蛋"
DESCRIBE.FROZENBANANADAIQUIRI	冰沙绵密。	4053	物品名:"冰香蕉冻唇蜜"
DESCRIBE.BUNNYSTEW	此子之运终。	4054	物品名:"炖兔子"
DESCRIBE.MILKYWHITES	……呃。	4055	物品名:"乳白物"
DESCRIBE.CRITTER_EYEOFTERROR	多一目总善。呃……应是一目。	4056	物品名:"友好窥视者"
DESCRIBE.SHIELDOFTERROR	最佳之防乃颌作之盾。	4057	物品名:"恐怖盾牌"
DESCRIBE.TWINOFTERROR1	是敌是友……	4058	物品名:"激光眼"
DESCRIBE.TWINOFTERROR2	是敌是友……	4059	物品名:"魔焰眼"
DESCRIBE.COTL_TRINKET	了不起之就。	4060	物品名:"红眼冠"
DESCRIBE.TURF_COTL_GOLD	观之甚贵。	4061	物品名:"黄金地板" 制造描述:"为新的黄金时代奠定基础。"
DESCRIBE.TURF_COTL_BRICK	砖乃地之组成部分。	4062	物品名:"砖地板" 制造描述:"单独的砖块聚集在一起用于更大的目的。"
DESCRIBE.COTL_TABERNACLE_LEVEL1.LIT	舒光。	4065	物品名:"低微咩咩雕像" 制造描述:"劣质的咩咩雕刻品。"
DESCRIBE.COTL_TABERNACLE_LEVEL1.GENERIC	需薪。	4066	物品名:"低微咩咩雕像"->默认 制造描述:"劣质的咩咩雕刻品。"
DESCRIBE.COTL_TABERNACLE_LEVEL2.LIT	鼓灵之雕。	4070	物品名:"有所改进咩咩雕像" 制造描述:"一座用来歌颂咩咩的精致雕像。"
DESCRIBE.COTL_TABERNACLE_LEVEL2.GENERIC	需薪。	4071	物品名:"有所改进咩咩雕像"->默认 制造描述:"一座用来歌颂咩咩的精致雕像。"
DESCRIBE.COTL_TABERNACLE_LEVEL3.LIT	吾可永凝睇之。	4075	物品名:"完美无瑕咩咩雕像" 制造描述:"一座纪念咩咩荣耀的耀眼纪念碑。"
DESCRIBE.COTL_TABERNACLE_LEVEL3.GENERIC	需薪。	4076	物品名:"完美无瑕咩咩雕像"->默认 制造描述:"一座纪念咩咩荣耀的耀眼纪念碑。"
DESCRIBE.CATTOY_MOUSE	予鼠皆安轮。	4078	物品名:"发条鼠玩具" 制造描述:"开始一场猫鼠游戏。"
DESCRIBE.KITCOON_NAMETAG	吾当思几名。	4079	物品名:"小浣猫项圈" 制造描述:"给可爱的小脸蛋起个名字。"
DESCRIBE.KITCOONDECOR1.GENERIC	非真鸟，但彼小物固不辨。	4082	物品名:"火鸡不倒翁"->默认
DESCRIBE.KITCOONDECOR1.BURNT	焚。	4083	物品名:"火鸡不倒翁"->烧焦的
DESCRIBE.KITCOONDECOR2.GENERIC	此等小物总三心二意。吾将何为？	4087	物品名:"逗猫小鱼"->默认
DESCRIBE.KITCOONDECOR2.BURNT	其焚。	4088	物品名:"逗猫小鱼"->烧焦的
DESCRIBE.KITCOONDECOR1_KIT	观需组之。	4090	物品名:"火鸡不倒翁套装" 制造描述:"属于猫科朋友的羽毛乐趣。"
DESCRIBE.KITCOONDECOR2_KIT	观非难制。	4091	物品名:"逗猫小鱼套装" 制造描述:"一场愉快的无用功。"
DESCRIBE.WX78MODULE_MAXHEALTH	一小物竟装如许多知识。	4092	物品名:"强化电路" 制造描述:"让你的机械身躯更加健壮。"
DESCRIBE.WX78MODULE_MAXSANITY1	一小物竟装如许多知识。	4093	物品名:"处理器电路" 制造描述:"一点额外的处理能力有助于缓解机械思维。"
DESCRIBE.WX78MODULE_MAXSANITY	一小物竟装如许多知识。	4094	物品名:"超级处理器电路" 制造描述:"处理能力的大幅提升将让齿轮高速转动。"
DESCRIBE.WX78MODULE_MOVESPEED	一小物竟装如许多知识。	4095	物品名:"加速电路" 制造描述:"匆忙设计的加速器。亟待改进。"
DESCRIBE.WX78MODULE_MOVESPEED2	一小物竟装如许多知识。	4096	物品名:"超级加速电路" 制造描述:"一个完美的加速器，将你的引擎提到最高档。"
DESCRIBE.WX78MODULE_HEAT	一小物竟装如许多知识。	4097	物品名:"热能电路" 制造描述:"要热起来了。"
DESCRIBE.WX78MODULE_NIGHTVISION	一小物竟装如许多知识。	4098	物品名:"光电电路" 制造描述:"将你的光学传感器调校为夜视效果。"
DESCRIBE.WX78MODULE_COLD	一小物竟装如许多知识。	4099	物品名:"制冷电路" 制造描述:"把你的底盘变成一个便携式冰柜。"
DESCRIBE.WX78MODULE_TASER	一小物竟装如许多知识。	4100	物品名:"电气化电路" 制造描述:"谁敢惹你就等着被电击吧。"
DESCRIBE.WX78MODULE_LIGHT	一小物竟装如许多知识。	4101	物品名:"照明电路" 制造描述:"用你的存在照亮一个房间。"
DESCRIBE.WX78MODULE_MAXHUNGER1	一小物竟装如许多知识。	4102	物品名:"胃增益电路" 制造描述:"增加一点燃料箱的容量。"
DESCRIBE.WX78MODULE_MAXHUNGER	一小物竟装如许多知识。	4103	物品名:"超级胃增益电路" 制造描述:"能满足哪怕是最贪食的机器人的胃口。"
DESCRIBE.WX78MODULE_MUSIC	一小物竟装如许多知识。	4104	物品名:"合唱盒电路" 制造描述:"每台机器都需要时不时地进行校准。"
DESCRIBE.WX78MODULE_BEE	一小物竟装如许多知识。	4105	物品名:"豆增压电路" 制造描述:"让你的大脑和身体都充满嗡嗡作响的潜能。"
DESCRIBE.WX78MODULE_MAXHEALTH2	一小物竟装如许多知识。	4106	物品名:"超级强化电路" 制造描述:"让你的机械身躯无比健壮。"
DESCRIBE.WX78_SCANNER.GENERIC	WX-78真以己之一部投劳。	4109	物品名:"生物扫描分析仪"->默认
DESCRIBE.WX78_SCANNER.HUNTING	捕彼物。	4110	物品名:"生物扫描分析仪"
DESCRIBE.WX78_SCANNER.SCANNING	其似发何。	4111	物品名:"生物扫描分析仪"
DESCRIBE.WX78_SCANNER_ITEM	吾思其会梦否。	4113	物品名:"生物扫描分析仪" 制造描述:"备份扫描永远不会有坏处。"
DESCRIBE.WX78_SCANNER_SUCCEEDED	其有急向世示己作。	4114	物品名:"生物扫描分析仪"
DESCRIBE.WX78_MODULEREMOVER	此明甚复。	4115	物品名:"电路提取器" 制造描述:"成功的钳（前）提是努力。"
DESCRIBE.SCANDATA	蕴某传。	4116	物品名:"生物数据"
DESCRIBE.JUSTEGGS	可再点猪肉。	4117	物品名:"普通煎蛋"
DESCRIBE.VEGGIEOMLET	晨飨乃一日中至要之餐。	4118	物品名:"早餐锅"
DESCRIBE.TALLEGGS	晨飨术之突。	4119	物品名:"苏格兰高鸟蛋"
DESCRIBE.BEEFALOFEED	吾毋，谢汝。	4120	物品名:"蒸树枝"
DESCRIBE.BEEFALOTREAT	就吾之味，不。	4121	物品名:"皮弗娄牛零食"
DESCRIBE.BOAT_ROTATOR	事正朝正向进。此向非左即右。	4122	物品名:"转向舵"
DESCRIBE.BOAT_ROTATOR_KIT	吾欲携之出转。	4123	物品名:"转向舵套装" 制造描述:"划，划，转动你的船。"
DESCRIBE.BOAT_BUMPER_KELP	虽不解决小舟之全题，亦起海带应有之功。	4124	物品名:"海带保险杠"
DESCRIBE.BOAT_BUMPER_KELP_KIT	一来之船用防壳。	4125	物品名:"海带保险杠套装" 制造描述:"用海带保护你的船。"
DESCRIBE.BOAT_BUMPER_SHELL	可予小舟一小防壳。	4126	物品名:"贝壳保险杠"
DESCRIBE.BOAT_BUMPER_SHELL_KIT	一来之船用防壳。	4127	物品名:"贝壳保险杠套装" 制造描述:"用贝壳保护你的船。"
DESCRIBE.BOAT_CANNON.GENERIC	吾当觅物填。	4130	物品名:"大炮"->默认
DESCRIBE.BOAT_CANNON.AMMOLOADED	炮已备发。	4131	物品名:"大炮"
DESCRIBE.BOAT_CANNON.NOAMMO	吾未忘弹事。	4132	物品名:"大炮"
DESCRIBE.BOAT_CANNON_KIT	今非炮，然将。	4134	物品名:"大炮套装" 制造描述:"它能把你的竞争对手从水面轰走。"
DESCRIBE.CANNONBALL_ROCK_ITEM	其完填炮膛。	4135	物品名:"炮弹" 制造描述:"它肯定会引起轰动。"
DESCRIBE.OCEAN_TRAWLER.GENERIC	高效渔之必备。	4138	物品名:"海洋拖网捕鱼器"->默认
DESCRIBE.OCEAN_TRAWLER.LOWERED	今吾待。	4139	物品名:"海洋拖网捕鱼器"
DESCRIBE.OCEAN_TRAWLER.CAUGHT	捕一物。	4140	物品名:"海洋拖网捕鱼器"
DESCRIBE.OCEAN_TRAWLER.ESCAPED	似捕，然又逃……	4141	物品名:"海洋拖网捕鱼器"
DESCRIBE.OCEAN_TRAWLER.FIXED	又可捕鱼。	4142	物品名:"海洋拖网捕鱼器"
DESCRIBE.OCEAN_TRAWLER_KIT	吾当置于多鱼处。	4144	物品名:"海洋拖网捕鱼器套装" 制造描述:"海里有的是鱼。"
DESCRIBE.BOAT_MAGNET.GENERIC	不之物。	4147	物品名:"自动航行仪"->默认
DESCRIBE.BOAT_MAGNET.ACTIVATED	效。呃，吾固早知可。	4148	物品名:"自动航行仪"
DESCRIBE.BOAT_MAGNET_KIT	自寻路。	4150	物品名:"自动航行仪套装" 制造描述:"你的个性并不是唯一具有磁性的东西。"
DESCRIBE.BOAT_MAGNET_BEACON.GENERIC	附近但有某力则受其吸。	4153	物品名:"自动航行灯塔"->默认 制造描述:"能把附近可能存在的任何滑稽的超大磁铁吸过来。"
DESCRIBE.BOAT_MAGNET_BEACON.ACTIVATED	来。	4154	物品名:"自动航行灯塔" 制造描述:"能把附近可能存在的任何滑稽的超大磁铁吸过来。"
DESCRIBE.DOCK_KIT	此有为小舟筑一码头所需之一切。	4156	物品名:"码头套装" 制造描述:"准备好你的码头审查。"
DESCRIBE.DOCK_WOODPOSTS_ITEM	吾即猜码头缺些物。	4157	物品名:"码头桩" 制造描述:"没有什么能比事后添加一些柱子更能说明“结构稳定”了。"
DESCRIBE.MONKEYHUT.GENERIC	乃一群厌之物。	4160	物品名:"猴子小屋"->默认
DESCRIBE.MONKEYHUT.BURNT	谁焚之。	4161	物品名:"猴子小屋"->烧焦的
DESCRIBE.POWDER_MONKEY	放肆。	4163	物品名:"火药猴"
DESCRIBE.PRIME_MATE	一美冠总明表谁是主。	4164	物品名:"大副"
DESCRIBE.LIGHTCRAB	其乃光物。	4165	物品名:"发光蟹"
DESCRIBE.CUTLESS	虽其切不物，然其木刺多。	4166	物品名:"木头短剑"
DESCRIBE.CURSED_MONKEY_TOKEN	似无害。	4167	物品名:"诅咒饰品"
DESCRIBE.OAR_MONKEY	取船桨去战。	4168	物品名:"战桨"
DESCRIBE.BANANABUSH	彼灌丛乃香蕉。	4169	物品名:"香蕉丛"
DESCRIBE.DUG_BANANABUSH	彼灌丛乃香蕉。	4170	物品名:"香蕉丛"
DESCRIBE.PALMCONETREE	一长若松之棕木。	4171	物品名:"棕榈松果树"
DESCRIBE.PALMCONE_SEED	木之始。	4172	物品名:"棕榈松果树芽"
DESCRIBE.PALMCONE_SAPLING	其伟梦即一日长成一木。	4173	物品名:"棕榈松果树苗"
DESCRIBE.PALMCONE_SCALE	若木有趾甲，大抵当如。	4174	物品名:"棕榈松果树鳞片"
DESCRIBE.MONKEYTAIL	此物不食。	4175	物品名:"猴尾草"
DESCRIBE.DUG_MONKEYTAIL	此物不食。	4176	物品名:"猴尾草"
DESCRIBE.MONKEY_MEDIUMHAT	不中观之冠。	4177	物品名:"船长的三角帽"
DESCRIBE.MONKEY_SMALLHAT	有何用。	4178	物品名:"海盗头巾"
DESCRIBE.POLLY_ROGERSHAT	一小鸟告吾其将派用场。	4179	物品名:"波莉·罗杰的帽子" 制造描述:"随帽子附送一只长羽毛的朋友。"
DESCRIBE.POLLY_ROGERS	即彼小鸟所言。	4180	物品名:"波莉·罗杰"
DESCRIBE.MONKEYISLAND_PORTAL	无物可入，其将吐物。	4181	物品名:"非自然传送门"
DESCRIBE.MONKEYISLAND_PORTAL_DEBRIS	奇哉，此物观之何熟……	4182	物品名:"损坏的机器"
DESCRIBE.MONKEYQUEEN	此处观其主。	4183	物品名:"月亮码头女王"
DESCRIBE.MONKEYPILLAR	猴之图腾。	4184	物品名:"猴子柱"
DESCRIBE.PIRATE_FLAG_POLE	喂。	4185	物品名:"月亮码头海盗旗" 制造描述:"挂起你自己的海盗旗来模仿猴子掠夺者吧。"
DESCRIBE.BLACKFLAG	一群未智之野猴。	4186	物品名:"黑旗"
DESCRIBE.PIRATE_STASH	吾喜此饰。	4187	物品名:"X"
DESCRIBE.STASH_MAP	在生活中有些向是佳。	4188	物品名:"海盗地图"
DESCRIBE.BANANAJUICE	有点落草为寇之感。	4189	物品名:"香蕉奶昔"
DESCRIBE.FENCE_ROTATOR	注。重部。	4190	物品名:"栅栏击剑" 制造描述:"一把用于栅栏和击剑的剑"
DESCRIBE.CHARLIE_STAGE_POST	此乃陷阱。 感……话本皆写。	4191	物品名:"舞台"
DESCRIBE.CHARLIE_LECTURN	有者表？	4192	物品名:"剧本"
DESCRIBE.CHARLIE_HECKLER	此乃戏院养之八哥。	4193	物品名:"嘲鸫"
DESCRIBE.PLAYBILL_THE_DOLL	“由谁撰”	4194	物品名:"附魔玩偶\n舞台剧"
DESCRIBE.STATUEHARP_HEDGESPAWNER	花长归，然头无。	4195	物品名:"荆棘密布的雕像"
DESCRIBE.HEDGEHOUND	有伏。	4196	物品名:"蔷薇狼"
DESCRIBE.HEDGEHOUND_BUSH	乃灌丛。	4197	物品名:"蔷薇"
DESCRIBE.MASK_DOLLHAT	此乃一玩偶面。	4198	物品名:"玩偶面具"
DESCRIBE.MASK_DOLLBROKENHAT	此乃一裂玩偶面。	4199	物品名:"开裂玩偶面具"
DESCRIBE.MASK_DOLLREPAIREDHAT	此乃一曾之玩偶面。	4200	物品名:"破碎玩偶面具"
DESCRIBE.MASK_BLACKSMITHHAT	此乃一铁匠面。	4201	物品名:"铁匠面具"
DESCRIBE.MASK_MIRRORHAT	此乃一面，然其观若一镜。	4202	物品名:"镜子面具"
DESCRIBE.MASK_QUEENHAT	此乃一女王面。	4203	物品名:"女王面具"
DESCRIBE.MASK_KINGHAT	此乃一国王面。	4204	物品名:"国王面具"
DESCRIBE.MASK_TREEHAT	此乃一木之面。	4205	物品名:"树木面具"
DESCRIBE.MASK_FOOLHAT	此乃一小丑面。	4206	物品名:"小丑面具"
DESCRIBE.COSTUME_DOLL_BODY	此乃玩偶之戏服。	4207	物品名:"玩偶服"
DESCRIBE.COSTUME_QUEEN_BODY	此乃女王之戏服。	4208	物品名:"女王服"
DESCRIBE.COSTUME_KING_BODY	此乃国王之戏服。	4209	物品名:"国王服"
DESCRIBE.COSTUME_BLACKSMITH_BODY	此乃铁匠之戏服。	4210	物品名:"铁匠服"
DESCRIBE.COSTUME_MIRROR_BODY	此乃一套戏服。	4211	物品名:"镜子服"
DESCRIBE.COSTUME_TREE_BODY	此乃木之戏服。	4212	物品名:"树木服"
DESCRIBE.COSTUME_FOOL_BODY	此乃小丑之戏服。	4213	物品名:"小丑服"
DESCRIBE.STAGEUSHER.STANDING	总之莫伸汝手。	4216	物品名:"多刺舞台之手"
DESCRIBE.STAGEUSHER.SITTING	此处有怪，然吾说不出所以。	4217	物品名:"多刺舞台之手"
DESCRIBE.SEWING_MANNEQUIN.GENERIC	即饰美，仍何去不得。	4221	物品名:"假人"->默认 制造描述:"测试所有最新可装备外观的模特。"
DESCRIBE.SEWING_MANNEQUIN.BURNT	即焚尽，仍何去不得。	4222	物品名:"假人"->烧焦的 制造描述:"测试所有最新可装备外观的模特。"
DESCRIBE.MAGICIAN_CHEST	何以吾始感略不安……？	4224	物品名:"魔术师箱子" 制造描述:"将你的物品囚禁在一个暗影漩涡中。"
DESCRIBE.TOPHAT_MAGICIAN	彼冠观甚威。	4225	物品名:"魔术师高礼帽" 制造描述:"百搭的黑魔法。"
DESCRIBE.YOTR_FIGHTRING_KIT	其定为何而筑。	4226	物品名:"枕头大战坑套装" 制造描述:"兔子的战斗擂台。"
DESCRIBE.YOTR_FIGHTRING_BELL.GENERIC	暂平静。	4229	物品名:"枕头大战钟"->默认
DESCRIBE.YOTR_FIGHTRING_BELL.PLAYING	吾思吾等今皆在此学多。	4230	物品名:"枕头大战钟"
DESCRIBE.YOTR_DECOR_1.GENERAL	彼兔真可亮一房。	4234	物品名:"矮兔灯"
DESCRIBE.YOTR_DECOR_1.OUT	此兔何不照。	4235	物品名:"矮兔灯"->出去？外面？
DESCRIBE.YOTR_DECOR_2.GENERAL	彼兔真可亮一房。	4239	物品名:"高兔灯"
DESCRIBE.YOTR_DECOR_2.OUT	此兔何不照。	4240	物品名:"高兔灯"->出去？外面？
DESCRIBE.HAREBALL	至如今……比此更之物吾皆食。	4242	物品名:"兔毛球"
DESCRIBE.YOTR_DECOR_1_ITEM	吾知置何处。	4243	物品名:"矮兔灯" 制造描述:"这盏可爱的灯能使任何洞穴变得舒适起来。"
DESCRIBE.YOTR_DECOR_2_ITEM	吾知置何处。	4244	物品名:"高兔灯" 制造描述:"一尊肚子里真正有火的兔子雕像。"
DESCRIBE.DREADSTONE	其竟反影而非光。	4245	物品名:"绝望石"
DESCRIBE.HORRORFUEL	其令吾脊发可怕之抖。	4246	物品名:"纯粹恐惧"
DESCRIBE.DAYWALKER.GENERIC	释彼或有些草。	4249	物品名:"噩梦猪人"->默认
DESCRIBE.DAYWALKER.IMPRISONED	吾有些为彼惜。	4250	物品名:"噩梦猪人"
DESCRIBE.DAYWALKER_PILLAR.GENERIC	大石内有物闪。	4254	物品名:"开裂的柱子"->默认
DESCRIBE.DAYWALKER_PILLAR.EXPOSED	坚不可摧之石柱。	4255	物品名:"开裂的柱子"
DESCRIBE.ARMORDREADSTONE	轻便、结实，威武。	4257	物品名:"绝望石盔甲" 制造描述:"不要怕，黑暗会保护你。"
DESCRIBE.DREADSTONEHAT	其可护吾无匹之脑安然。	4258	物品名:"绝望石头盔" 制造描述:"由至黑的石头做成的结实头盔。"
DESCRIBE.LUNARRIFT_PORTAL	如许多灵力藏内……然吾不可触。	4259	物品名:"裂隙" 
DESCRIBE.LUNARRIFT_CRYSTAL	光体结晶。	4260	物品名:"开裂的柱子"
DESCRIBE.LUNARTHRALL_PLANT	其似不甚乎生存空间。	4261	物品名:"致命亮茄"
DESCRIBE.LUNARTHRALL_PLANT_VINE_END	其有刺外观。	4262	物品名:"钻地藤蔓"
DESCRIBE.LUNAR_GRAZER	其定经彼奇隙来。	4263	物品名:"牧者"
DESCRIBE.PUREBRILLIANCE	闪亮亮。	4264	物品名:"纯粹辉煌"
DESCRIBE.LUNARPLANT_HUSK	出奇之坚。吾可用。	4265	物品名:"亮茄外壳"
DESCRIBE.LUNAR_FORGE	可作何物。	4266	物品名:"辉煌铁匠铺"
DESCRIBE.LUNAR_FORGE_KIT	可作何物。	4267	物品名:"辉煌铁匠铺套装" 制造描述:"锻造异世界的物品。"
DESCRIBE.LUNARPLANT_KIT	吾当以此补缀亮茄甲。	4268	物品名:"亮茄修补套件" 制造描述:"修复损坏的设备。"
DESCRIBE.ARMOR_LUNARPLANT	此甲与吾甚合。	4269	物品名:"亮茄盔甲" 制造描述:"将自己包围在令人生畏的月叶中。"
DESCRIBE.LUNARPLANTHAT	尚可。	4270	物品名:"亮茄头盔" 制造描述:"用发着光的护具保护您宝贵的颅骨。"
DESCRIBE.BOMB_LUNARPLANT	其威逾于火药。	4271	物品名:"亮茄炸弹" 制造描述:"用不稳定的月能取得爆炸性结果。"
DESCRIBE.STAFF_LUNARPLANT	草木之灵力。	4272	物品名:"亮茄魔杖" 制造描述:"扎根原地，从远处发起攻击。"
DESCRIBE.SWORD_LUNARPLANT	流光溢彩，锋芒逼人。	4273	物品名:"亮茄剑" 制造描述:"月光宝剑。"
DESCRIBE.PICKAXE_LUNARPLANT	可碎万物。	4274	物品名:"亮茄粉碎者" 制造描述:"随心所欲地挖掘和拆除吧。"
DESCRIBE.SHOVEL_LUNARPLANT	移山倒海，潜力无穷。	4275	物品名:"亮茄锄铲" 制造描述:"铲子和园艺锄之间交叉授粉的突破性成果。"
DESCRIBE.BROKEN_FORGEDITEM	虽损，然可复。	4276	物品名:"开裂的柱子"
DESCRIBE.PUNCHINGBAG	吾日益强健。	4277	物品名:"拳击袋" 制造描述:"测试武器的强度。并从中获得乐趣。"
DESCRIBE.SHADOWRIFT_PORTAL	彼物似无穷尽。	4278	物品名:"裂隙"
DESCRIBE.SHADOW_FORGE	其将令何物自幽冥而生？	4279	物品名:"暗影术基座"
DESCRIBE.SHADOW_FORGE_KIT	吾当研此物……颇有邪气。	4280	物品名:"暗影术基座套装" 制造描述:"让恐惧为你所用。"
DESCRIBE.FUSED_SHADELING	汝幼时烦人尚可，彼时扰他非吾。	4281	物品名:"熔合暗影"
DESCRIBE.FUSED_SHADELING_BOMB	轰烈。	4282	物品名:"绝望螨"
DESCRIBE.VOIDCLOTH	此等暗影，乃出同源。	4283	物品名:"暗影碎布"
DESCRIBE.VOIDCLOTH_KIT	吾对暗影织法略知一二。	4284	物品名:"虚空修补套件" 制造描述:"修复损坏的设备。"
DESCRIBE.VOIDCLOTHHAT	幽邃之气扑面。	4285	物品名:"虚空风帽" 制造描述:"没有光可以刺穿这个罩子里的黑暗。"
DESCRIBE.ARMOR_VOIDCLOTH	哦，其前裂一口。	4286	物品名:"虚空长袍" 制造描述:"一件阻隔光线的噩梦斗篷。"
DESCRIBE.VOIDCLOTH_UMBRELLA	吾厌酸腐之雨。	4287	物品名:"暗影伞" 制造描述:"暗影提供的保护，不惧最严峻的降雨。"
DESCRIBE.VOIDCLOTH_SCYTHE	顺手之物。	4288	物品名:"暗影收割者" 制造描述:"从容地剔除植物群落。"
DESCRIBE.SHADOWTHRALL_HANDS	离吾远些。	4289	物品名:"墨荒"
DESCRIBE.SHADOWTHRALL_HORNS	其似渴求一战。	4290	物品名:"墨荒"
DESCRIBE.SHADOWTHRALL_WINGS	彼翼徒具其表乎？	4291	物品名:"墨荒"
DESCRIBE.CHARLIE_NPC	且慢，彼是……？	4292	物品名:"查理"
DESCRIBE.CHARLIE_HAND	其欲索骇人之物。	4293	物品名:"召唤之手"
DESCRIBE.NITRE_FORMATION	此必是石。	4294	物品名:"硝石堆"
DESCRIBE.DREADSTONE_STACK	其出自幽冥裂隙之深处...	4295	物品名:"绝望石矿苗"
DESCRIBE.SCRAPBOOK_PAGE	有者好记图志。	4296	物品名:"丢失的图鉴页面"
DESCRIBE.LEIF_IDOL	以木雕木，未免多此一举。	4297	物品名:"树精守卫雕像" 制造描述:"召唤树木的力量。"
DESCRIBE.WOODCARVEDHAT	观之精雕细琢。	4298	物品名:"硬木帽" 制造描述:"你的脑袋会被保护得很好（敲敲木头防止乌鸦嘴）。"
DESCRIBE.WALKING_STICK	一柄上佳之杖。	4299	物品名:"木手杖" 制造描述:"轻松穿越您最喜欢的自然小径。"
DESCRIBE.IPECACSYRUP	吾不欲食此。	4300	物品名:"泻根糖浆" 制造描述:"让你保持正常。"
DESCRIBE.BOMB_LUNARPLANT_WORMWOOD	其体已裂。	4301	Unused  -- 物品名:"开裂的柱子"
DESCRIBE.WORMWOOD_MUTANTPROXY_CARRAT.DEAD	其道已尽。	4304	物品名:未找到
DESCRIBE.WORMWOOD_MUTANTPROXY_CARRAT.GENERIC	胡萝卜竟生足？	4305	物品名:未找到
DESCRIBE.WORMWOOD_MUTANTPROXY_CARRAT.HELD	近观甚丑。	4306	物品名:未找到
DESCRIBE.WORMWOOD_MUTANTPROXY_CARRAT.SLEEPING	略显可人。	4307	物品名:未找到
DESCRIBE.WORMWOOD_MUTANTPROXY_LIGHTFLIER	奇哉，入吾囊犹能发光。	4309	物品名:未找到
DESCRIBE.WORMWOOD_MUTANTPROXY_FRUITDRAGON.GENERIC	可人，然未熟。	4312	物品名:未找到
DESCRIBE.WORMWOOD_MUTANTPROXY_FRUITDRAGON.RIPE	今当熟矣。	4313	物品名:未找到
DESCRIBE.WORMWOOD_MUTANTPROXY_FRUITDRAGON.SLEEPING	暂眠。	4314	物品名:未找到
DESCRIBE.SUPPORT_PILLAR_SCAFFOLD	现下犹是隐秘。	4316	物品名:"支柱脚手架" 制造描述:"我们都需要一些支持。"
DESCRIBE.SUPPORT_PILLAR	吾当速了此事。	4317	物品名:"支柱"
DESCRIBE.SUPPORT_PILLAR_COMPLETE	吾心甚安。	4318	物品名:"加固支柱"
DESCRIBE.SUPPORT_PILLAR_BROKEN	汝曾巍峨。	4319	物品名:"支柱瓦砾"
DESCRIBE.SUPPORT_PILLAR_DREADSTONE_SCAFFOLD	现下犹是隐秘。	4320	物品名:"绝望石支柱脚手架" 制造描述:"黑暗的力量在压力下仍能保持良好的状态。"
DESCRIBE.SUPPORT_PILLAR_DREADSTONE	吾当速了此事。	4321	物品名:"绝望石支柱"
DESCRIBE.SUPPORT_PILLAR_DREADSTONE_COMPLETE	观之威猛，令人悚然。	4322	物品名:"强化绝望石支柱"
DESCRIBE.SUPPORT_PILLAR_DREADSTONE_BROKEN	何其骇人。	4323	物品名:"绝望石支柱瓦砾"
DESCRIBE.WOLFGANG_WHISTLE	聒噪之物……	4324	物品名:"训练哨" 制造描述:"释放你心底潜在的教练。"
DESCRIBE.MUTATEDDEERCLOPS	其目有异。	4325	物品名:"晶体独眼巨鹿"
DESCRIBE.MUTATEDWARG	观汝熠熠之眸。	4326	物品名:"附身座狼"
DESCRIBE.MUTATEDBEARGER	事将不妙……	4327	物品名:"装甲熊獾"
DESCRIBE.LUNARFROG	休再窥视。	4328	物品名:"明眼青蛙"
DESCRIBE.DEERCLOPSCORPSE.GENERIC	事毕……否？	4331	物品名:未找到
DESCRIBE.DEERCLOPSCORPSE.BURNING	谨慎为上。	4332	物品名:未找到
DESCRIBE.DEERCLOPSCORPSE.REVIVING	此乃幻蜃之相。	4333	物品名:未找到
DESCRIBE.WARGCORPSE.GENERIC	何以仍感不安？	4337	物品名:未找到
DESCRIBE.WARGCORPSE.BURNING	此乃上策。	4338	物品名:未找到
DESCRIBE.WARGCORPSE.REVIVING	此为何物？	4339	物品名:未找到
DESCRIBE.BEARGERCORPSE.GENERIC	秽气熏人。	4343	物品名:未找到
DESCRIBE.BEARGERCORPSE.BURNING	险矣。	4344	物品名:未找到
DESCRIBE.BEARGERCORPSE.REVIVING	此乃何人仙法？	4345	物品名:未找到
DESCRIBE.BEARGERFUR_SACK	上覆其毛，令人悚然。	4347	物品名:"极地熊獾桶" 制造描述:"便携式冰箱。酷。"
DESCRIBE.HOUNDSTOOTH_BLOWPIPE	犬牙？有碍清雅。	4348	物品名:"嚎弹炮" 制造描述:"那感觉就像远距离被咬一样。"
DESCRIBE.DEERCLOPSEYEBALL_SENTRYWARD.GENERIC	此乃“冰目”乎？	4351	Enabled.  -- 物品名:"冰眼结晶器"->默认
DESCRIBE.DEERCLOPSEYEBALL_SENTRYWARD.NOEYEBALL	其主必是庞然大物？	4352	Disabled.  -- 物品名:"冰眼结晶器"
DESCRIBE.DEERCLOPSEYEBALL_SENTRYWARD_KIT	近之顿感沁爽，寒意透骨。	4354	物品名:"冰眼结晶器套装" 制造描述:"用冻伤来治疗一下晒伤。"
DESCRIBE.SECURITY_PULSE_CAGE	有趣。其内空空。	4355	物品名:"火花柜"
DESCRIBE.SECURITY_PULSE_CAGE_FULL	此乃何方神圣之法器？	4356	物品名:"火花柜"
DESCRIBE.CARPENTRY_STATION.GENERIC	可制木器。	4359	物品名:"锯马"->默认 制造描述:"别瞎蹦跶了，做点家具吧。"
DESCRIBE.CARPENTRY_STATION.BURNT	不可制木器矣。	4360	物品名:"锯马"->烧焦的 制造描述:"别瞎蹦跶了，做点家具吧。"
DESCRIBE.GENERIC	可制木器。	4363	物品名:"锯马"->默认 制造描述:"别瞎蹦跶了，做点家具吧。"
DESCRIBE.HAS_ITEM	未找到	4364	物品名:"锯马" 制造描述:"别瞎蹦跶了，做点家具吧。"
DESCRIBE.BURNT	不可制木器矣。	4365	物品名:"锯马"->烧焦的 制造描述:"别瞎蹦跶了，做点家具吧。"
WOOD_CHAIR.GENERIC	吾欲坐之。	4369	物品名:"木椅"->默认 制造描述:"一把可以坐的木椅。"
WOOD_CHAIR.OCCUPIED	彼已坐。	4370	物品名:"木椅"->被占领 制造描述:"一把可以坐的木椅。"
WOOD_CHAIR.BURNT	吾不欲坐之。	4371	物品名:"木椅"->烧焦的 制造描述:"一把可以坐的木椅。"
DECOR_CENTERPIECE	甚巧。	4373	物品名:"艺术？" 制造描述:"彰显您卓越品味的餐桌摆件。"
DECOR_LAMP	愈于发亮之石。	4374	物品名:"餐桌灯" 制造描述:"一盏舒适的小灯。"
DECOR_FLOWERVASE.GENERIC	插花之美瓶。	4377	物品名:"餐桌花瓶"->默认 制造描述:"这是一个放置鲜切花的好地方。"
DECOR_FLOWERVASE.EMPTY	无花之美瓶。	4378	物品名:"餐桌花瓶" 制造描述:"这是一个放置鲜切花的好地方。"
DECOR_FLOWERVASE.WILTED	观之不鲜。	4379	物品名:"餐桌花瓶"->枯萎的 制造描述:"这是一个放置鲜切花的好地方。"
DECOR_FLOWERVASE.FRESHLIGHT	有些许光，甚好。	4380	物品名:"餐桌花瓶"->茶几-新的发光的 制造描述:"这是一个放置鲜切花的好地方。"
DECOR_FLOWERVASE.OLDLIGHT	当采鲜花饰之。	4381	物品名:"餐桌花瓶"->茶几-旧的发光的 制造描述:"这是一个放置鲜切花的好地方。"
DECOR_PICTUREFRAME.GENERIC	真美哉。	4385	物品名:"空画框"->默认 制造描述:"将你最爱的物品图装裱起来。 "
DECOR_PICTUREFRAME.UNDRAWN	吾当绘物于内。	4386	物品名:"空画框"->没有画画 制造描述:"将你最爱的物品图装裱起来。 "
DECOR_PORTRAITFRAME	观之可悦。	4388	物品名:"愉快画像" 制造描述:"把你的朋友们放进框里，这很有趣。 "
PHONOGRAPH	吾曾见之。	4389	物品名:"留声机" 制造描述:"坐下来，放松一下，听一听你噩梦中的音乐。"
RECORD	余音袅袅。	4390	物品名:"唱片" 制造描述:"黑胶上的永恒经典。"
RECORD_CREEPYFOREST	吾将此物置不可见之处。	4391	物品名:"惊悚森林"
RECORD_DANGER	非吾最爱。	4392	物品名:"空画框" 制造描述:"将你最爱的物品图装裱起来。 "
RECORD_DAWN	此乃空。	4393	物品名:"空画框" 制造描述:"将你最爱的物品图装裱起来。 "
RECORD_DRSTYLE	同回响石无异。	4394	物品名:"D.R.风格"
RECORD_DUSK	此乃空。	4395	物品名:"空画框" 制造描述:"将你最爱的物品图装裱起来。 "
RECORD_EFS	不似回响石。	4396	物品名:"E.F.S."
RECORD_END	吾亦可得一幅画像否？	4397	物品名:"空画框" 制造描述:"将你最爱的物品图装裱起来。 "
RECORD_MAIN	吾亦可得一幅画像否。	4398	物品名:"空画框" 制造描述:"将你最爱的物品图装裱起来。 "
RECORD_WORKTOBEDONE	空画之框。	4399	物品名:"空画框" 制造描述:"将你最爱的物品图装裱起来。 "
ARCHIVE_ORCHESTRINA_MAIN	似刻意令人费解。	4400	物品名:"远古小合奏机"
WAGPUNKHAT	吾体在震。	4401	物品名:"W.A.R.B.I.S.头戴齿轮" 制造描述:"看起来聪明，打起来也聪明。"
ARMORWAGPUNK	此乃仙宝阁之物否？	4402	物品名:"W.A.R.B.I.S.盔甲" 制造描述:"开足马力，全速前进。"
WAGSTAFF_MACHINERY	此废料中或有发现。	4403	物品名:"被丢弃的垃圾"
WAGPUNK_BITS	玉不琢，不成器。	4404	物品名:"废铁"
WAGPUNKBITS_KIT	其自为之。	4405	物品名:"自动修理机" 制造描述:"你得心应手的W.A.R.B.I.S.维修工具。"
WAGSTAFF_MUTATIONS_NOTE	引人入胜。引人深思。引人智识增。	4406	物品名:"研究笔记"
DESCRIBE_GENERIC	此乃某物……	4408	检查物品描述的缺省值
DESCRIBE_TOODARK	过于幽暗，目不能视。	4409	天太黑
DESCRIBE_SMOLDERING	彼物将焚。	4410	冒烟
DESCRIBE_PLANTHAPPY	何乐之草木也。	4411	暂无注释
DESCRIBE_PLANTVERYSTRESSED	此株草木似承重压。	4412	暂无注释
DESCRIBE_PLANTSTRESSED	其稍有烦躁。	4413	暂无注释
DESCRIBE_PLANTSTRESSORKILLJOYS	吾或当除杂草……	4414	暂无注释
DESCRIBE_PLANTSTRESSORFAMILY	此株草木颇感孤寂。	4415	暂无注释
DESCRIBE_PLANTSTRESSOROVERCROWDING	草木过盛，空间过狭。	4416	暂无注释
DESCRIBE_PLANTSTRESSORSEASON	此季对草木不善。	4417	暂无注释
DESCRIBE_PLANTSTRESSORMOISTURE	观之稍嫌干涸。	4418	暂无注释
DESCRIBE_PLANTSTRESSORNUTRIENTS	此草木需滋养。	4419	暂无注释
DESCRIBE_PLANTSTRESSORHAPPINESS	其欲与人畅言。	4420	暂无注释
EAT_FOOD.TALLBIRDEGG_CRACKED	嗯。	4423	吃孵化的高脚鸟蛋
EAT_FOOD.WINTERSFEASTFUEL	尝之乃节庆之味。	4424	暂无注释
