聒噪！王某此刻无暇分心。	Ồn ào! Ta hiện không rảnh để phân tâm.
荒谬！此物与阵法格格不入。	Vô lý! Vật này hoàn toàn không hợp với trận pháp.
待我下了坐骑再行事。	Đợi ta xuống lưng kỳ thú đã.
已有灵兽相伴，不必再多。	Đã có linh thú bên cạnh, không cần thêm nữa.
此等凡物，不入王某法眼。	Vật tầm thường như vậy, không lọt được mắt xanh của ta.
待其沉睡再动手不迟。	Đợi nó ngủ rồi ra tay cũng chưa muộn.
此兽野性未驯，还需等待时机。	Con thú này chưa thuần, cần đợi thời cơ thích hợp.
已无毛可刮，不必白费功夫。	Không còn lông để cạo, không cần tốn công vô ích.
此术非你所能承受。	Thuật này ngươi không thể chịu nổi.
此兽已有主，强取无益。	Con thú này đã có chủ, cưỡng đoạt vô ích.
此物不入我眼。	Vật này không lọt vào mắt ta.
此物与储物法器相斥。	Vật này xung khắc với pháp khí lưu trữ.
有人正在使用，稍后再来。	Có người đang dùng, lát nữa hãy lại.
厨艺之道，非我所长。	Nấu nướng vốn không phải sở trường của ta.
有人正在使用，且待片刻。	Có người đang dùng, hãy chờ chút.
此地不宜建造。	Nơi này không thích hợp để xây dựng.
材料不足，还需搜集。	Vật liệu chưa đủ, cần thu thập thêm.
材料不符，需另寻他物。	Vật liệu không phù hợp, cần tìm thứ khác.
时机未到，还需准备。	Thời cơ chưa đến, cần chuẩn bị thêm.
此物无需查看。	Vật này không cần xem xét.
有人正在使用，稍候片刻。	Có người đang dùng, xin đợi chút.
厨艺非我所长。	Nấu ăn không phải sở trường của ta.
钥匙不对，需另寻他法。	Chìa khóa không đúng, cần tìm cách khác.
此钥非此锁所用。	Chìa này không phải dùng cho ổ khóa này.
强敌当前，需谨慎应对。	Kẻ địch mạnh, cần cẩn thận ứng phó.
需寻得对应钥匙方可开启。	Cần tìm đúng chìa khóa mới mở được.
对方无暇回应，且等待片刻。	Đối phương không rảnh, hãy đợi chút.
目标就在附近...	Mục tiêu ở ngay gần...
人已散去，来迟一步。	Người đã tan đi, đến muộn một bước.
巢穴已空，毫无收获。	Tổ đã trống, chẳng thu hoạch được gì.
数量不足，游戏无法进行。	Số lượng không đủ, trò chơi không thể tiến hành.
藏身之处太过稀少。	Chỗ ẩn nấp quá ít ỏi.
今日已尽兴，明日再来。	Hôm nay đã vui đủ, ngày mai hãy đến.
人偶无法装备此物。	Con rối không thể trang bị vật này.
手中无枕，如何参与？	Tay không có gối, sao có thể tham gia?
灶火之技，何足道哉。	Nghề bếp núc, có gì đáng nói.
鬼蜮伎俩，也敢献丑。	Mánh khóe ma quỷ, cũng dám trình diễn?
凡俗炊爨，徒耗光阴。	Nấu nướng trần tục, chỉ phí thời gian.
炉鼎有主，退下。	Lò đỉnh đã có chủ, lui ra.
此等距离，神念亦可及。	Khoảng cách này, thần niệm cũng có thể với tới.
既无胆魄，何谈机缘。	Đã không có can đảm, nói gì đến cơ duyên.
真火未熄，擅动者伤。	Chân hỏa chưa tắt, ai tự ý động vào sẽ bị thương.
先来后到，此乃规矩。	Đến trước đến sau, đó là quy tắc.
杂芜并存，徒损灵机。	Tạp nham lẫn lộn, chỉ hao tổn linh cơ.
水不在深，有龙则灵。	Nước không cần sâu, có rồng là linh.
杀鸡焉用牛刀。	Giết gà sao cần dùng dao mổ trâu.
此物，与你无用。	Vật này, chẳng có ích gì cho ngươi.
神魂已散，授之无益。	Thần hồn đã tán, ban cho cũng vô ích.
入定之时，不宜打扰。	Lúc nhập định, không nên làm phiền.
待你事了，再议不迟。	Đợi ngươi xong việc, bàn sau cũng chưa muộn.
残魂执念，何苦强留人间。	Tàn hồn chấp niệm, hà tất phải lưu luyến cõi người.
阴魂不散，不如重入轮回。	Âm hồn chẳng tan, chi bằng đầu thai trở lại.
凡石顽砾，岂是灵材。	Đá thường thô lậu, sao xứng là linh tài.
属性相克，不可妄用。	Thuộc tính tương khắc, không thể tùy tiện sử dụng.
此非阵眼所需之物。	Đây không phải vật mà trận nhãn cần.
此阵，尚缺一味菌引。	Trận này vẫn thiếu một vị nấm dẫn.
需以至阴灵木为基。	Cần dùng linh mộc chí âm làm nền tảng.
月华过盛，反损菌灵。	Nguyệt hoa quá thịnh, ngược lại tổn hại nấm linh.
阵眼已足，不可再添。	Trận nhãn đã đủ, không thể thêm nữa.
腹蕴未消，纳新徒劳。	Trong bụng chưa tiêu hóa hết, nạp thêm cũng vô ích.
浊气太重，不堪入腹。	Trọc khí quá nặng, không thể đưa vào bụng.
此卷功法，早已参透。	Cuốn công pháp này, ta đã thấu triệt từ lâu.
材质凡劣，难承道韵。	Chất liệu tầm thường kém cỏi, khó chứa đựng đạo vận.
符文有谬，非启阵之钥。	Phù văn có sai sót, không phải chìa khóa mở trận.
阵法未复，强启无益。	Trận pháp chưa hồi phục, cưỡng mở cũng vô ích.
形骸有误，魂难附体。	Hình hài có lỗi, hồn khó nhập thể.
此地不见太阴，阵法难成。	Nơi này không thấy bóng thái âm, trận pháp khó thành.
场地芜杂，非博弈之所。	Địa điểm lộn xộn, không phải nơi để tranh tài.
煞气隐现，不宜戏耍。	Sát khí ẩn hiện, không nên nô đùa.
时辰已过，明日请早。	Thời khắc đã qua, ngày mai hãy đến sớm.
俗物不堪入局。	Vật tục không đủ tư cách vào cuộc.
局未终了，静候即可。	Ván chưa kết thúc, cứ yên tĩnh chờ đợi.
此物灵性，与彼相冲。	Linh tính của vật này xung với vật kia.
灵蕴不合，徒劳无功。	Linh uẩn không hợp, uổng công vô ích.
宝光内敛，尚需温养。	Bảo quang thu liễm, còn cần ôn dưỡng thêm.
人妖殊途，心意难通。	Người yêu khác đường, tâm ý khó thông.
女王有要务在身，稍后再献。	Nữ vương đang bận việc quan trọng, dâng sau cũng được.
道友的储物袋，似乎已无余地。	Túi trữ vật của đạo hữu hình như đã không còn chỗ.
神魂离体，授之无益。	Thần hồn đã lìa thể, ban cho cũng vô ích.
既是入定，不便叨扰。	Đã nhập định rồi, không tiện làm phiền.
道友正忙，稍后再议。	Đạo hữu đang bận, bàn sau vậy.
储物袋已满，这些材料暂且由我保管。	Túi đã đầy, những vật liệu này tạm thời ta giữ hộ.
身死道消，外物何用。	Thân chết đạo tàn, ngoại vật có ích gì.
机缘未至，待你醒转再予不迟。	Cơ duyên chưa đến, đợi ngươi tỉnh lại rồi trao cũng chưa muộn.
道友先处理要务，此物可暂存于我处。	Đạo hữu xử lý việc quan trọng trước, vật này tạm gửi ta.
凡纸俗墨，不堪承载道韵。	Giấy thường mực tục, không thể chứa đựng đạo vận.
笔墨有人正在使用，稍候片刻。	Bút mực có người đang dùng, đợi chút.
无图可临，如何下笔？	Không có hình để vẽ, sao có thể cầm bút?
此等俗物，不换也罢。	Vật tục như vậy, không đổi cũng được.
火势未定，不宜更衣。	Lửa chưa tắt, không nên thay y phục.
更衣之处有人，且待。	Chỗ thay y phục có người, hãy đợi.
化形之基不足，难以维系。	Nền tảng hóa hình chưa đủ, khó duy trì.
阵中无灵，术法难施。	Trong trận không có linh lực, thuật pháp khó thi triển.
气血有亏，强施此术恐伤及本源。	Khí huyết chưa đủ, cưỡng ép thi triển thuật này e tổn thương bản nguyên.
坐骑心性未平，暂不宜驾驭。	Tâm tính của kỳ thú chưa bình ổn, chưa nên điều khiển.
此兽已有主，不便强夺。	Con thú này đã có chủ, không tiện cưỡng đoạt.
灵兽蛰伏，且待其苏醒。	Linh thú đang ngủ đông, hãy đợi nó thức dậy.
战意正酣，此时上鞍非明智之举。	Chiến ý đang nồng, lúc này lên yên không phải quyết định sáng suốt.
此卷功法，早已了然于胸。	Cuốn công pháp này, ta đã nắm rõ từ lâu.
道法相悖，习之无益。	Đạo pháp tương phản, học cũng vô ích.
界域法则不同，此图在此界无效。	Pháp tắc giới vực khác nhau, bản đồ này vô hiệu tại giới này.
天机蒙昧，难窥其踪。	Thiên cơ huyền bí, khó nhìn ra dấu vết.
图卷所指之地，似不存于此方世界。	Nơi mà đồ quyển chỉ, dường như không tồn tại trong thế giới này.
空无一物，何以成包？	Không có gì cả, sao thành gói được?
非吾道之器，不取。	Không phải khí cụ của ta, không lấy.
此物有主，不便强取。	Vật này đã có chủ, không tiện cưỡng lấy.
非我驯化之灵宠，不可妄动。	Không phải linh thú ta thuần hóa, không thể tùy tiện động vào.
此兽野性未驯，强捉无益。	Con thú này chưa thuần, bắt mạnh cũng vô ích.
待其心服，再召不迟。	Đợi nó tâm phục rồi triệu cũng chưa muộn.
肉身之力，非我所长。	Sức mạnh thể xác không phải sở trường của ta.
怨气缠身，沾染不祥。	Oán khí quấn thân, vướng vào bất tường.
距离过远，剑气难及。	Khoảng cách quá xa, kiếm khí khó đến.
器皿与灵食属性不合，不宜盛装。	Đồ đựng và linh thực không hợp thuộc tính, không nên dùng.
器皿已合，无需更换。	Đồ đựng đã hợp rồi, không cần đổi.
舟船之技，非我所精。	Nghề chèo thuyền, ta không giỏi.
划桨之韵，稍有偏差。	Nhịp chèo hơi lệch một chút.
力道未济，还需协调。	Lực đạo chưa đủ, cần điều chỉnh thêm.
潮汐不定，难以借力。	Thủy triều không ổn, khó mượn lực.
风向有变，落帆不易。	Hướng gió đã đổi, hạ buồm không dễ.
缆绳缠滞，稍安勿躁。	Dây neo vướng víu, hãy bình tĩnh.
时机稍纵，下次再试。	Thời cơ vừa qua, lần sau thử lại.
水域已固，浴丹难融。	Thủy vực đã đông đặc, đan dược khó tan.
灵蕴已布，过犹不及。	Linh uẩn đã đủ, quá mức cũng không tốt.
此钓具图谱，我已参详过了。	Đồ quyển ngư cụ này, ta đã tham khảo qua rồi.
此鱼尚未通灵，不入品阶。	Con cá này chưa thông linh, không đủ phẩm cấp.
药龄尚浅，不堪入药。	Tuổi dược thảo còn non, không đủ làm thuốc.
此草木特性，已记录在案。	Đặc tính thảo mộc này đã được ghi lại.
此等浊物，无益于灵植辨析。	Vật trọc như vậy, vô ích cho việc phân tích linh thực.
此地水脉，与此灵植属性相冲。	Thủy mạch nơi này xung với thuộc tính linh thực này.
壶中已空，待我取些灵泉来。	Bình đã cạn, để ta lấy thêm linh tuyền.
甘露已尽，需再汲取。	Cam lộ đã cạn, cần lấy thêm.
此非可驯化之灵兽，铃对其无效。	Đây không phải linh thú có thể thuần hóa, chuông không có tác dụng.
此铃已与它兽结下灵契。	Chiếc chuông này đã kết linh khế với thú khác.
一铃一契，方是正理。	Một chuông một khế, mới là đạo lý đúng đắn.
需有灵兽在侧，方可系挂。	Cần có linh thú bên cạnh mới có thể đeo lên.
距离过远，灵契感应不及。	Khoảng cách quá xa, linh khế cảm ứng không tới.
灵契已成，暂且安分。	Linh khế đã thành, hãy yên phận.
此兽心绪不宁，暂且难以约束。	Con thú này tâm tính bất an, tạm thời khó ràng buộc.
此物已有印记，无需重复。	Vật này đã có ấn ký, không cần làm lại.
非与会之人，不可标记。	Không phải người tham dự, không thể đánh dấu.
此地法则有异，赛事难启。	Pháp tắc nơi này có dị biệt, khó khởi động thi đấu.
赛事正酣，静待下一轮即可。	Cuộc thi đang sôi nổi, yên tĩnh đợi vòng tiếp theo.
此等变化之术，早已掌握。	Thuật biến hóa như vậy, ta đã nắm rõ từ lâu.
时机已过，强求无益。	Thời cơ đã qua, cưỡng cầu vô ích.
此族裔，只认其同源之主。	Tộc này chỉ nhận chủ cùng nguồn gốc.
此物已有灵主，强取恐遭反噬。	Vật này đã có linh chủ, cưỡng lấy e bị phản phệ.
材料不全，巧妇难为无米之炊。	Vật liệu chưa đủ, khéo tay cũng khó nấu cơm không gạo.
此物炼制之法，尚未参透。	Phương pháp luyện chế vật này, ta chưa thấu triệt.
需有相应器鼎，方可炼制。	Cần có khí đỉnh tương ứng mới có thể luyện chế.
此事，暂不可为。	Việc này, tạm thời không thể làm.
船体有损，灵光外泄。	Thân thuyền bị hư, linh quang rò rỉ.
舟将倾覆，需早作打算。	Thuyền sắp lật, cần sớm tính toán.
此灵植病气侵体，已损根基。	Linh thực này bị bệnh khí xâm thể, đã tổn thương căn cơ.
此物气息晦暗，似染污秽。	Khí tức vật này tối tăm, như nhiễm ô uế.
天时不利，暂且退避。	Thiên thời bất lợi, tạm thời rút lui.
坐骑伤重，不宜再战。	Kỳ thú thương nặng, không nên tiếp tục chiến đấu.
蜂毒虽微，扰人清修。	Độc ong tuy nhỏ, nhưng quấy rầy tu luyện.
暗器回旋，雕虫小技。	Ám khí xoay về, chỉ là vặt vãnh.
有杀气潜伏，匿于暗处。	Có sát khí ẩn phục, nấp trong bóng tối.
宵小之辈，只敢行偷袭之举。	Kẻ tiểu nhân, chỉ dám hành động lén lút.
玄阴之气，竟能透我护体罡风。	Huyền âm chi khí, thực sự có thể xuyên qua cương phong hộ thể của ta.
此地炎阳之力，非同寻常。	Dương hỏa nơi này, phi thường mãnh liệt.
灵材不足，法诀难成。	Linh tài không đủ, pháp quyết khó thành.
好强的妖气！来者绝非善类。	Yêu khí thật mạnh! Kẻ đến tuyệt không phải loại thiện.
洞窟不稳，恐有坍塌之危。	Động phủ không ổn, e có nguy cơ sụp đổ.
地动山摇，是那沙中妖物作怪。	Đất rung núi chuyển, là yêu vật trong cát quấy phá.
地脉被扰，需小心应对。	Địa mạch bị quấy rầy, cần cẩn thận ứng phó.
待平息此事，再寻它算账。	Đợi bình định xong, rồi tính sổ với nó.
暂且予它些好处，免生事端。	Tạm thời cho nó chút lợi ích, tránh sinh sự.
小恩小惠，只为稳住此獠。	Ân huệ nhỏ nhoi, chỉ để vỗ về tên này.
哼，权当喂食看门犬了。	Hừ, coi như cho chó canh ăn vậy.
机缘已至，秘法自现。	Cơ duyên đã đến, bí pháp tự hiện.
供奉不合，机缘未到。	Cúng phẩm không hợp, cơ duyên chưa đến.
金乌西坠，正是吐纳调息之时。	Kim ô lặn xuống phía tây, chính là lúc tổ nạp điều tức.
可充饥肠，聊胜于无。	Có thể no bụng, cũng hơn là không có.
此物浊气太重，不宜多食。	Vật này trọc khí quá nặng, không nên ăn nhiều.
腐坏之物，恐伤道基。	Vật đã thối, e tổn hại đạo cơ.
灵气已失，味同嚼蜡。	Linh khí đã mất, vô vị như nhai sáp.
此非可食之物。	Đây không phải vật có thể ăn.
滋味怪异，难以入口。	Mùi vị kỳ lạ, khó nuốt.
哼...此物...颇有...分量...	Hừ... vật này... thực sự... nặng...
待我...调息...片刻...	Đợi ta... điều tức... chút đã...
区区...重负...何足...挂齿...	Bất quá... gánh nặng... có gì... đáng kể...
纵是...山岳...亦能...扛鼎...	Dù là... núi non... cũng có thể... gánh vác...
莫非...此石...内蕴...玄机...	Hay chăng... đá này... ẩn chứa... huyền cơ...
千年...道行...岂惧...物重...	Ngàn năm... đạo hành... sao ngại... vật nặng...
呔...！	Hì...!
气贯...周身...	Khí quán... toàn thân...
真元...运转...	Chân nguyên... vận hành...
地动山摇，此地不宜久留。	Đất rung núi chuyển, nơi này không nên ở lâu.
异象频生，恐有变故。 	Dị tượng liên tiếp xuất hiện, e có biến cố.
空间不稳，需速离此地。	Không gian bất ổn, cần nhanh rời khỏi nơi này.
地宫禁制重启，那些傀儡又复苏了。	Cấm chế địa cung khởi động lại, những bù nhìn kia lại hồi phục.
骨牢之术？雕虫小技。	Thuật lồng xương? Chỉ là vặt vãnh.
草木成精，也学人困敌？	Thảo mộc thành tinh, cũng học người giăng bẫy địch?
护体灵光？尚欠火候。	Linh quang hộ thể? Vẫn còn thiếu lửa luyện.
至阴之地，正合我功体。	Đất chí âm, rất hợp với công thể của ta.
昼光刺目，扰人清静。	Ánh ban ngày chói mắt, quấy rầy sự thanh tĩnh.
天高海阔，任我遨游。	Trời cao biển rộng, tùy ta ngao du.
大道玄妙，又窥得一丝真谛。	Đại đạo huyền diệu, lại thấu được một sợi chân đế.
有妖气逼近，是巡山犬类。	Có yêu khí tiến gần, là loài chó tuần sơn.
地脉震动，有巨虫潜行。	Địa mạch rung chuyển, có trùng khổng lồ bí mật di chuyển.
腹中灵气渐消，需进补了。	Linh khí trong bụng dần tiêu, cần bổ sung rồi.
附近有强大气血波动，是头不错的猎物。	Gần đây có khí huyết mạnh mẽ dao động, là con mồi không tệ.
踪迹至此断绝，此兽颇通隐匿。	Dấu vết đến đây đứt đoạn, con thú này giỏi ẩn mình.
雨水冲刷，痕迹难寻。	Mưa rửa trôi, dấu vết khó tìm.
此地气息混杂，需仔细分辨。	Khí tức nơi này hỗn tạp, cần phân biệt cẩn thận.
果然在此，休想逃脱。	Quả nhiên ở đây, đừng hòng thoát.
气息有异，莫非是调虎离山？	Khí tức có dị biệt, hay chăng là điệu hổ ly sơn?
气息消散，暂且作罢。	Khí tức tiêu tán, tạm thời thôi.
储物袋已满，需整理一番。	Túi trữ vật đã đầy, cần sắp xếp lại.
神魂...遭外力所制...	Thần hồn... bị ngoại lực khống chế...
道法粗浅，无甚可悟。	Đạo pháp nông cạn, chẳng có gì đáng ngộ.
血蚊扰人，不堪其烦。	Muỗi máu quấy rầy, không chịu nổi.
衣橱起火，需先灭火。	Tủ quần áo bốc lửa, cần dập lửa trước.
险境未除，不宜分心他顾。	Hiểm cảnh chưa qua, không nên phân tâm việc khác.
骑乘之时，不便开启。	Khi đang cưỡi, không tiện mở ra.
周遭气机凶险，不可入定。	Khí cơ xung quanh hung hiểm, không thể nhập định.
白日阳气正盛，非休眠之时。	Ban ngày dương khí đang thịnh, không phải lúc ngủ nghỉ.
地穴无昼夜之分，然心绪不宁，难以安眠。	Động phủ không phân ngày đêm, nhưng tâm tư bất an, khó ngủ yên.
饥肠辘辘，难以入静。	Bụng đói rỗng, khó nhập tĩnh.
卧榻之侧岂容火患？	Bên giường ngủ sao chấp nhận hỏa hoạn?
杀气萦绕，岂能安憩？	Sát khí vây quanh, sao có thể nghỉ ngơi?
夜间乃修炼佳时，岂可虚度于小憩。	Đêm khuya là thời gian tu luyện tốt, sao có thể lãng phí vào giấc nghỉ.
地穴阴气侵体，小憩反损精神。	Âm khí động phủ xâm thể, nghỉ ngơi ngược lại tổn hại tinh thần.
腹中空空，难以调息。	Bụng rỗng không, khó điều tức.
虚惊一场，并无陷阱。	Sợ hão thôi, không có bẫy.
扁毛畜生，安敢欺近！	Con vật lông bẹt, dám đến gần!
地动山摇，需稳守心神。	Đất rung núi chuyển, cần vững giữ tâm thần.
大道至理，需潜心参悟。	Đại đạo chí lý, cần chuyên tâm tham ngộ.
此树可暂避风雨。	Cây này có thể tạm trú tránh mưa gió.
草木带刺，需小心些。	Thảo mộc có gai, cần cẩn thận.
真火无情，竟焚毁至此。	Chân hỏa vô tình, thực sự thiêu hủy đến thế.
火把燃尽，需换新枝。	Đuốc cháy hết, cần thay cành mới.
香炉已冷，待我再续灵香。	Lò hương đã nguội, để ta thêm linh hương.
扇中风灵之力已竭。	Sức mạnh phong linh trong quạt đã cạn kiệt.
罗盘灵光散尽，需重新祭炼。	Linh quang la bàn đã tán hết, cần tế luyện lại.
触动了机关，需多加小心。	Đã kích động cơ quan, cần cẩn thận hơn.
时机未至，强求无益。	Thời cơ chưa đến, cưỡng cầu vô ích.
空间裂隙，且探上一探。	Kẽ nứt không gian, cứ thử thám hiểm xem.
传送阵波动不稳，尚可一用。	Sóng động trận truyền tống không ổn, vẫn có thể dùng một lần.
\n此等破损，举手之劳。	Hư hỏng như vậy, chỉ là chuyện nhỏ.
大道之上，又进一步。	Trên đại đạo, lại tiến thêm một bước.
神通初成，心有所得。	Thần thông mới thành, tâm có sở đắc.
地力贫瘠，需以灵肥滋养。	Địa lực cằn cỗi, cần dùng linh phân tưới dưỡng.
手滑了，此物竟脱手而出。	Tay trượt, vật này thực sự rơi mất.
雷光掠身而过，幸未击中。	Lôi quang lướt qua thân, may chưa trúng.
那蟾蜍要遁走！	Con cóc đó muốn chạy trốn!
可惜，让那妖物逃了。	Đáng tiếc, để yêu vật đó chạy thoát.
晨露沾衣，微感湿意。	Sương sớm thấm áo, hơi cảm thấy ẩm ướt.
衣衫尽湿，有碍观瞻。	Áo quần ướt hết, ảnh hưởng đến diện mạo.
浑身湿透，需运功驱寒。	Toàn thân ướt đẫm, cần vận công khu hàn.
如坠冰窟，速速烘干法体！	Như rơi vào hang băng, nhanh sấy khô pháp thể!
随波逐流，竟至此地。	Theo dòng trôi giạt, thực sự đến nơi này.
神游太虚，去矣。	Thần du thái hư, đi vậy.
肉身已殒，暂以魂体存世。	Nhục thân đã mất, tạm dùng hồn thể tồn tại trên đời.
魂体受阴风侵蚀，灵光黯淡。	Hồn thể bị âm phong xâm thực, linh quang tối tăm.
林木石化，此地曾有异变。	Rừng cây đá hóa, nơi này từng có dị biến.
此獠狂性大发，正可试我锋芒。	Tên này cuồng tính phát tác, vừa hay thử thách phong mang của ta.
封印已解，其本体方现。	Phong ấn đã giải, bản thể mới hiện ra.
呼朋引伴，不过是徒增伤亡。	Gọi bằng hữu, chẳng qua là thêm thương vong mà thôi.
月华凝晶，光华内蕴。	Nguyệt hoa ngưng kết thành tinh, quang hoa ẩn chứa bên trong.
晶石将出，再加把力。	Thạch tinh sắp ra, thêm chút sức lực nào.
月华之精，果然不凡。	Tinh hoa nguyệt hoa, quả nhiên không tầm thường.
古物斑驳，气韵犹存。	Cổ vật loang lổ, khí vận vẫn còn.
封印渐消，真容将现。	Phong ấn dần tiêu, chân dung sắp hiện.
上古遗珍，重见天日。	Trân bảo thượng cổ, lại thấy ánh sáng.
灵种生机勃勃，非同凡响。	Linh chủng sinh cơ dạt dào, phi thường mãnh liệt.
灵根即将破土。	Linh căn sắp nảy mầm.
此等仙种，正合我用。	Tiên chủng như vậy, vừa hay hợp với ta.
心神微震，是何物扰我清静？	Tâm thần khẽ rung, vật gì quấy rầy sự thanh tĩnh của ta?
心若冰清，何惧妖邪。	Tâm như băng thanh, ngại gì yêu tà.
月华之力不足，未能成丹。	Lực lượng nguyệt hoa không đủ, không thể thành đan.
独食方能细品其中灵蕴。	Ăn một mình mới có thể cảm nhận linh uẩn bên trong.
灵台清明，气血充盈，妙不可言。	Linh đài thanh minh, khí huyết sung mãn, diệu không thể nói.
宴席之上，各安其位便好。	Trên tiệc yến, ai ở vị trí của mình là được.
盛宴终有散时，灵力渐复平常。	Tiệc thịnh cuối cùng cũng tan, linh lực dần trở về bình thường.
以我法力，为你重聚魂魄。	Dùng pháp lực của ta, giúp ngươi tụ lại hồn phách.
道友，感觉如何？	Đạo hữu, cảm thấy thế nào?
阴阳轮回，岂能困我？	Âm dương luân hồi, sao có thể giam cầm ta?
远处有信号升起，是其他修士？	Xa xa có tín hiệu bay lên, là tu sĩ khác?
此光柱非同小可，恐有大事发生。	Cột sáng này phi thường, e có đại sự xảy ra.
海面阴影逼近，是深海巨兽！	Bóng tối trên mặt biển tiến gần, là ác thú biển sâu!
礼不可废，权且如此。	Lễ nghĩa không thể thiếu, tạm thời như vậy vậy.
见冠如见其主。	Thấy mũ như thấy chủ.
俗礼而已，不必挂心。	Tục lễ mà thôi, không cần bận tâm.
雷灵附体，诛邪辟易。	Lôi linh phụ thể, trừ tà bích dị.
战意升腾，锋芒毕露。	Chiến ý dâng trào, phong mang lộ hết.
罡气护体，固若金汤。	Cương khí hộ thể, vững như thành vàng.
灵台通透，诸事皆宜。	Linh đài thông suốt, mọi việc đều thuận lợi.
水汽不侵，片叶不沾。	Thủy khí không xâm, mảnh lá không thấm.
神完气足，倦意全无。	Thần đầy khí đủ, mệt mỏi hoàn toàn không có.
雷灵之力，渐渐消散。	Sức mạnh lôi linh, dần dần tiêu tán.
锋芒内敛，归于平常。	Phong mang thu liễm, trở về bình thường.
护体罡气，已然散去。	Cương khí hộ thể, đã tản đi.
灵效已过，需凭己力。	Linh hiệu đã qua, cần tự lực.
避水之效，已然消失。	Hiệu quả tránh nước đã biến mất.
嗯...略有倦意袭来。	Ừm... hơi có chút mệt mỏi ập đến.
线断了，此鱼气力不小。	Dây câu đứt rồi, con cá này sức lực không nhỏ.
线松了，需收紧些。	Dây câu lỏng rồi, cần kéo chặt lại.
竟让它脱钩了，可惜。	Thực sự để nó thoát câu, đáng tiếc.
这一竿，落点有偏。	Cú ném này, điểm rơi lệch.
鱼群似有灵智，懂得避人。	Đàn cá dường như có linh trí, biết tránh người.
深海之下，必有巨物。	Dưới biển sâu, chắc chắn có vật khổng lồ.
今日鱼口不佳，莫非时辰不对？	Hôm nay cá không cắn câu, hay là thời khắc không đúng?
垂钓亦是修心，不急不躁。	Câu cá cũng là tu tâm, không vội không nóng.
重{weight}斤...尚可。	Nặng {weight} cân... cũng được.
重{weight}斤！\n此物不凡，内蕴灵机。	Nặng {weight} cân!\nVật này phi thường, ẩn chứa linh cơ.
爪落空了，水下暗流颇急。	Vuốt quào hụt, dòng chảy ngầm dưới nước khá mạnh.
空空如也，水下之物已被人取走？	Trống rỗng, vật dưới nước đã bị ai đó lấy mất?
此鼠气血孱弱，难当大任。	Con chuột này khí huyết yếu ớt, khó đảm đương việc lớn.
去吧，莫要让我失望。	Đi đi, chớ để ta thất vọng.
方向有误，速速回头。	Hướng đi sai rồi, nhanh quay đầu lại.
南辕北辙，岂能抵达？	Nam viên bắc triệt, sao có thể đến được?
赛场之上，岂容酣睡？	Trên đấu trường, sao chấp nhận ngủ say?
如此慢行，与散步何异？	Đi chậm như vậy, khác gì tản bộ?
晕头转向，不堪大用。	Chóng mặt quay cuồng, không đủ dùng vào việc lớn.
乾坤挪移，方寸之间。	Kiền khôn dời chuyển, trong tấc đất.
轮回之意？……与我之道，倒有几分契合。	Ý luân hồi? ... Với đạo của ta, có vài phần tương hợp.
此路已绝，非我之道。	Con đường này đã tuyệt, không phải đạo của ta.
灵力尽失，废铁一块。	Linh lực mất hết, một khối sắt phế thải.
哼，草木枯荣，亦是天道。	Hừ, thảo mộc khô nở, cũng là thiên đạo.
且看这未知之种，能结何等因果。	Cứ xem giống chưa biết này, kết ra nhân quả gì.
以浊养清，倒是暗合阴阳之道。	Dùng trọc nuôi thanh, lại ngầm hợp với âm dương chi đạo.
嗯？竟是法则之火？	Ừm? Thực sự là lửa pháp tắc?
区区火毒，也敢噬主？	Hỏa độc bình thường, cũng dám cắn chủ?
这火毒法则，已被我参透。	Pháp tắc hỏa độc này, đã bị ta thấu triệt.
速速生长，莫要误我时辰。	Nhanh sinh trưởng, chớ lãng phí thời gian của ta.
待你成熟，便是你价值所在。	Đợi ngươi chín, đó là giá trị của ngươi.
哼，能入我药鼎，是你的造化。	Hừ, có thể vào đỉnh dược của ta, đó là phúc duyên của ngươi.
灵气尚可，未辱没王某栽培。	Linh khí tạm được, chưa hổ thẹn với sự bồi dưỡng của Vương Mỗ.
倒是比那些蠢货让人省心。	Thực ra so với những đồ ngu kia, dễ chịu hơn nhiều.
纵使遁入虚空，王某也能将你们揪出。	Dù các ngươi trốn vào hư không, Vương Mỗ cũng có thể lôi ra.
也罢，便看看你们有何神通。	Thôi được, cứ xem các ngươi có thần thông gì.
区区幻形之术，也敢在王某面前卖弄！	Thuật huyễn hình bình thường, cũng dám trình diễn trước mặt Vương Mỗ!
在王某神识之下，无所遁形。	Dưới thần thức của Vương Mỗ, không có gì có thể ẩn mình.
雕虫小技，也配称为隐匿之法？	Trò vặt vãnh, cũng đáng gọi là ẩn thân chi pháp?
孽畜，还不速速现形！	Nghiệt súc, không mau hiện hình!
还差一具……待本尊以神识锁之。	Còn thiếu một cái... để bổn tôn dùng thần thức khóa lại.
天罗地网，终难逃本尊掌心。	Thiên la địa võng, cuối cùng cũng khó thoát lòng bàn tay bổn tôn.
此子……倒有几分机缘。	Đứa này... lại có vài phần cơ duyên.
时辰将尽……莫非想遁入虚空？	Thời khắc sắp hết... hay muốn trốn vào hư không?
竟是规则之力相护……	Thực sự là sức mạnh quy tắc bảo hộ...
妄想逃出本尊神识范围？	Vọng tưởng thoát khỏi phạm vi thần thức của bổn tôn?
既知逃无可逃，还算识相。	Đã biết trốn không thoát, còn biết điều.
此地气息有异……	Khí tức nơi này có dị thường...
有灵物在指引方向……	Có linh vật đang chỉ dẫn phương hướng...
连这点小事都办不好？	Ngay việc nhỏ như thế này cũng không làm được?
且观此兽有何能耐……	Cứ xem con thú này có năng lực gì...
此兽似有灵性……	Con thú này dường như có linh tính...
气息已锁定……	Khí tức đã bị khóa định...
竟跟丢了……	Thực sự theo mất rồi...
本尊亲自出手便是。	Bổn tôn đích thân ra tay vậy.
临死前还想带本尊去何处……	Trước lúc chết còn muốn dẫn bổn tôn đi đâu...
孽畜，还不速来拜见本尊！	Nghiệt súc, không mau đến bái kiến bổn tôn!
此地灵气紊乱，不宜展示灵兽。	Linh khí nơi này rối loạn, không nên trưng bày linh thú.
本尊道念中又添一道造化。	Trong đạo niệm của bổn tôn lại thêm một đạo tạo hóa.
嗯？何方魔气降临此界？	Ừm? Ma khí phương nào giáng xuống thế giới này?
算你知趣退去。	Coi như ngươi biết điều mà lui.
纵使你逃到九幽黄泉，本尊也必斩之。	Dù ngươi trốn đến Cửu U Hoàng Tuyền, bổn tôn cũng chắc chắn trảm ngươi.
区区诅咒，也配束缚本尊？	Lời nguyền bình thường, cũng đáng ràng buộc bổn tôn?
猴妖诅咒，也敢沾染本尊仙体？	Lời nguyền hầu yêu, cũng dám nhiễm lên tiên thể của bổn tôn?
竟敢篡改本尊容貌？	Dám cải biến dung mạo của bổn tôn?
区区妖术，终究难敌本尊道行。	Yêu thuật bình thường, cuối cùng cũng khó địch với đạo hành của bổn tôn.
不过是一群前来送死的蝼蚁。	Chẳng qua là một đám kiến đến chịu chết.
天道无常，此等变数不足为虑。	Thiên đạo vô thường, biến số như vậy không đáng lo.
元神又精进了一分。	Nguyên thần lại tinh tiến thêm một phần.
凡铁俗器，不配本尊使用。	Sắt thường khí tục, không xứng với bổn tôn sử dụng.
月华异动……莫非有先天灵宝现世？	Nguyệt hoa dị động... hay chăng có tiên thiên linh bảo xuất thế?
九幽魔物，正好拿来祭炼法宝。	Ma vật Cửu U, vừa hay dùng để tế luyện pháp bảo.
这等粗浅图谱，本尊早已参透。	Đồ quyển nông cạn như vậy, bổn tôn đã thấu triệt từ lâu.
区区凡火……弹指可灭。	Phàm hỏa bình thường... búng tay là diệt.
挡本尊者，死。	Kẻ cản bổn tôn, chết.
区区猪妖，也敢放肆。	Heo yêu bình thường, cũng dám phóng túng.
你的内丹，本尊收了。	Nội đan của ngươi, bổn tôn thu lấy rồi.
虫豸之辈，也配本尊出手？！	Loại trùng bọ, cũng xứng để bổn tôn ra tay?!
三息之内，取你性命。	Trong ba nhịp thở, lấy mạng ngươi.
盲眼孽畜，自寻死路。	Nghiệt súc mù mắt, tự tìm đường chết.
今日且留你性命。	Hôm nay tạm để ngươi sống.
猪妖，下次必取你妖核。	Heo yêu, lần sau chắc chắn lấy yêu hạch của ngươi.
暂留你内丹几日。	Tạm giữ nội đan của ngươi vài ngày.
杀你污手。	Giết ngươi bẩn tay ta.
待本尊祭出噬魂幡再战。	Đợi bổn tôn tế xuất Thực Hồn Phan rồi chiến.
此此界门蕴含空间法则……	Cổng giới này ẩn chứa không gian pháp tắc...
月华之力构筑的传送阵。	Trận truyền tống được xây dựng từ nguyệt hoa chi lực.
月岩塑形，内含太阴精华。	Nguyệt thạch tạo hình, bên trong chứa tinh hoa thái âm.
此物暗含阵法玄机……	Vật này ẩn chứa huyền cơ trận pháp...
沙妖竟敢觊觎本尊宝物？	Sa yêu thực sự dám dòm ngó bảo vật của bổn tôn?
识时务者为俊杰。	Kẻ biết thời thế là hào kiệt.
孽畜，找死。	Nghiệt súc, tự tìm chết.
区区玩物，蕴含土系法则。	Đồ chơi bình thường, ẩn chứa pháp tắc thổ hệ.
沙凝成刃，雕虫小技。	Cát ngưng thành lưỡi, chỉ là trò vặt.
徒具其形，未得其神。	Chỉ có hình, chưa đạt được thần.
琉璃化刃，尚可一观。	Lưu ly hóa thành lưỡi, còn đáng một nhìn.
赏你了。	Thưởng cho ngươi vậy.
幽冥之花，也配近本尊法身？	Hoa u minh, cũng đáng gần pháp thân của bổn tôn?
花中残魂，尚未成形。	Tàn hồn trong hoa, chưa thành hình.
花妖初显，阴气渐生。	Hoa yêu mới xuất hiện, âm khí dần sinh.
怨灵现形，当以雷法镇之。	Oán linh hiện hình, nên dùng lôi pháp trấn áp.
此花禁制，尚需时日破解。	Cấm chế hoa này, vẫn cần thời gian phá giải.
阴气凝聚，已具灵性。	Âm khí ngưng tụ, đã có linh tính.
花中怨灵即将破封而出。	Oán linh trong hoa sắp phá phong mà ra.
竟敢侵扰本尊储物空间？	Dám xâm phạm không gian trữ vật của bổn tôn?
待本尊收了这花中怨魂。	Để bổn tôn thu phục oán hồn trong hoa này.
凡俗之物，毫无灵性。	Vật trần tục, hoàn toàn không có linh tính.
浮空之术，倒是有些门道。	Thuật bay bổng, lại có vài đạo lý.
欢喜咒法？雕虫小技。	Chú pháp vui vẻ? Chỉ là trò vặt.
灵气已散，废物一件。	Linh khí đã tán, một món phế vật.
身法轻灵，可堪一用！	Thân pháp linh hoạt, có thể dùng được!
区区凡水，也配威胁本尊？	Phàm thủy bình thường, cũng đáng đe dọa bổn tôn?
此物...倒是适合赏赐门下弟子。	Vật này... lại thích hợp để thưởng cho đệ tử môn hạ.
傀儡已毁，灵性尽失。	Bù nhìn đã hủy, linh tính mất hết.
焦黑玩物，似有残魂依附。	Đồ chơi cháy đen, dường như có tàn hồn bám víu.
此熊偶竟蕴含灵性？	Con gấu bông này thực sự ẩn chứa linh tính?
妖物显形，当以法术镇之。	Yêu vật hiện hình, nên dùng pháp thuật trấn áp.
竟无一本修真功法？	Thực sự không có một quyển công pháp tu chân nào?
定是有人觊觎本尊藏书。	Chắc chắn có kẻ dòm ngó sách vở của bổn tôn.
凡鸟图谱，也配入王某法眼？	Đồ quyển phàm điểu, cũng đáng lọt vào mắt xanh của Vương Mỗ?
地底魔物？哼，若敢现世，斩了便是。	Ma vật dưới đất? Hừ, nếu dám xuất hiện, chém là xong.
草木小道，何足挂齿。	Tiểu đạo thảo mộc, có gì đáng nhắc.
通天之法，岂是此书可载？	Thông thiên chi pháp, sao là cuốn sách này có thể chứa?
粗浅之术，不值一哂。	Thuật nông cạn, không đáng cười.
惑心之术，也敢班门弄斧？	Thuật mê hoặc tâm, cũng dám múa rìu qua mắt thợ?
焚天秘典？倒要看看有何玄机。	Bí điển thiêu trời? Muốn xem có huyền cơ gì.
水族精怪，听吾号令！	Thủy tộc tinh quái, hãy nghe lệnh ta!
三昧真火面前，此等控火术如同儿戏。	Trước Tam Muội Chân Hỏa, thuật khống chế lửa như vậy chỉ là trò trẻ con.
区区蛛妖，何须专研对策？一剑斩之！	Nhện yêu bình thường, cần gì chuyên nghiên cứu đối sách? Một kiếm chém!
寒暑不侵，要此何用？	Hàn thử không xâm, cần vật này làm gì?
此光...或可炼为法宝。	Ánh sáng này... có thể luyện thành pháp bảo.
祈雨之术...勉强一观。	Thuật cầu mưa... cũng đáng xem qua.
月宫秘术...正合参悟！	Bí thuật nguyệt cung... vừa hay để tham ngộ!
蜂妖听令！为吾而战！	Phong yêu nghe lệnh! Chiến đấu vì ta!
嗯...此中或有可取之处...	Ừm... trong này có thể có chỗ đáng học...
天书现世！	Thiên thư xuất thế!
此光可照九幽！	Ánh sáng này có thể chiếu sáng Cửu U!
此笔...竟封印着真火？	Chiếc bút này... thực sự phong ấn chân hỏa?
道友，幸会。	Đạo hữu, hân hạnh gặp mặt.
%s...你身上有杀气。	%s... ngươi trên người có sát khí.
魔头，纳命来！	Ma đầu, nộp mạng đây!
%s竟能逆转阴阳？此物不凡...	%s thực sự có thể đảo ngược âm dương? Vật này phi thường...
%s道友，可需王某助你还魂？	Đạo hữu %s, có cần Vương Mỗ giúp ngươi hoàn hồn không?
%s！安敢肆意纵火？！	%s! Dám tùy ý phóng hỏa?!
哼，一介凡夫，也敢窥探天机？	Hừ, một gã phàm phu, cũng dám dòm ngó thiên cơ?
这身行头...倒是件不错的护身法宝	Bộ đồ này... lại là một pháp bảo hộ thân không tệ.
科学狂人...终究堕入邪道	Kẻ cuồng khoa học... cuối cùng cũng sa vào tà đạo.
%s，你竟敢篡改生死轮回？	%s, ngươi thực sự dám cải biến sinh tử luân hồi?
待王某为你重聚魂魄...说说你的研究	Để Vương Mỗ giúp ngươi tụ lại hồn phách... hãy nói về nghiên cứu của ngươi.
凡火也配与三昧真火争辉？	Phàm hỏa cũng đáng tranh sáng với Tam Muội Chân Hỏa?
体修莽夫，不足为惧	Thể tu cục súc, không đáng ngại.
蛮力尚可...可炼为护法傀儡	Sức mạnh cũng được... có thể luyện thành hộ pháp bù nhìn.
力士，可愿做王某麾下战奴？	Lực sĩ, có muốn làm chiến nô dưới trướng Vương Mỗ không?
%s的蛮力竟能撼动阴阳？	Sức mạnh của %s thực sự có thể lay chuyển âm dương?
体修魂魄竟如此强悍...有趣	Hồn phách thể tu thực sự mạnh mẽ như vậy... thú vị.
莽夫！安敢亵渎真火之道！	Cục súc! Dám xúc phạm chân hỏa chi đạo!
哼！影修邪术...%s你究竟师承何人？！	Hừ! Ảnh tu tà thuật... %s ngươi rốt cuộc học từ ai?!
你的影子...已被九幽魔气侵蚀！	Bóng của ngươi... đã bị ma khí Cửu U xâm thực!
孽障！竟敢修炼噬魂影术？！	Nghiệt chướng! Dám tu luyện thực hồn ảnh thuật?!
%s...你对生死之道的领悟...倒是让王某意外	%s... sự lĩnh ngộ của ngươi về sinh tử chi đạo... lại khiến Vương Mỗ bất ngờ.
魂体状态的你...更显诡异...	Ngươi trong trạng thái hồn thể... càng trở nên kỳ quái...
%s！你的影子在吞噬火焰？！	%s! Bóng của ngươi đang nuốt lửa?!
哼！机关傀儡也敢妄称生灵？	Hừ! Cơ quan bù nhìn cũng dám xưng là sinh linh?
这具铁躯...倒是可炼为护山傀儡	Thân sắt này... có thể luyện thành hộ sơn bù nhìn.
孽障！待王某拆了你这堆废铁！	Nghiệt chướng! Để Vương Mỗ tháo dỡ đống sắt phế này của ngươi!
机关重启之术...有点意思...	Thuật khởi động lại cơ quan... có chút thú vị...
无魂之物也配化鬼？可笑！	Vật không hồn cũng đáng hóa quỷ? Buồn cười!
竟敢窃取天雷之力？找死！	Dám trộm sức mạnh thiên lôi? Tìm chết!
玩火的小丫头，莫要引火烧身	Tiểu cô nương chơi lửa, chớ kéo lửa tự đốt.
%s...你体内竟有火灵根？	%s... trong người ngươi thực sự có hỏa linh căn?
你那玩偶...莫非是件火系法宝？	Búp bê của ngươi... hay chăng là pháp bảo hỏa hệ?
%s...你竟懂涅槃之术？	%s... ngươi thực sự biết niết bàn chi thuật?
让王某为你重燃命魂之火	Để Vương Mỗ giúp ngươi tái thiêu mệnh hồn chi hỏa.
区区凡火，也敢逞威？	Phàm hỏa bình thường, cũng dám tác oai?
哼！通灵之体...倒是少见	Hừ! Thể thông linh... thực ra hiếm thấy.
你那姐妹亡魂...竟能助你作战？	Vong hồn chị gái của ngươi... thực sự có thể giúp ngươi chiến đấu?
双生魂体...倒是炼制分魂法器的好材料	Hồn thể song sinh... lại là nguyên liệu tốt để luyện chế phân hồn pháp khí.
%s...你的通灵之术竟能沟通阴阳？	%s... thông linh chi thuật của ngươi thực sự có thể giao tiếp âm dương?
阴阳两界都困不住你这通灵之体？	Hai cõi âm dương đều không giam được thể thông linh của ngươi?
这火焰中...竟夹杂着幽冥鬼气	Trong ngọn lửa này... thực sự xen lẫn u minh quỷ khí.
区区伐木工，也敢在此界行走？	Tiều phu bình thường, cũng dám đi lại trong thế giới này?
%s！你身上有妖物附体的气息！	%s! Trên người ngươi có khí tức yêu vật phụ thể!
伐木狂魔...正好替王某收集炼制法宝的灵木	Cuồng ma đốn củi... vừa hay thay Vương Mỗ thu thập linh mộc luyện pháp bảo.
%s倒是救了几个有用之人...	%s lại đã cứu vài người có ích...
这魂魄竟带着如此精纯的木灵之气...	Hồn phách này thực sự mang theo mộc linh chi khí tinh thuần như vậy...
妖兽化形？倒是有些意思	Yêu thú hóa hình? Lại có chút thú vị.
连妖兽形态都如此不堪一击	Ngay cả hình thái yêu thú cũng mong manh như vậy.
鹿妖现形？！正好取你妖丹	Lộc yêu hiện hình?! Vừa hay lấy yêu đan của ngươi.
区区鹿妖魂魄，连做器灵都不配	Hồn phách lộc yêu bình thường, ngay cả làm khí linh cũng không xứng.
鹅精？也敢在王某面前放肆	Ngỗng tinh? Cũng dám phóng túng trước mặt Vương Mỗ.
飞禽之魂...勉强可炼入飞行法器	Hồn phi cầm... gượng có thể luyện vào phi hành pháp khí.
%s！莫要坏了王某的千年灵木	%s! Chớ phá hoại linh mộc ngàn năm của Vương Mỗ.
哼！凡间学者，也敢妄谈天道？	Hừ! Học giả phàm trần, cũng dám bàn luận thiên đạo?
%s...你书中莫非记载了什么禁忌秘术？	%s... trong sách của ngươi có ghi chép bí thuật cấm kỵ nào không?
老学究...你可知杀人术也是大道一种？	Lão học giả... ngươi có biết thuật giết người cũng là một loại đại đạo không?
哼！倒是懂些起死回生的偏门术法	Hừ! Lại biết vài môn thuật pháp bàng môn hoàn sinh.
老书虫的魂魄...定知晓不少上古秘辛	Hồn phách lão sách mọt... chắc chắn biết không ít bí ẩn thượng cổ.
%s！你读的什么邪书竟能引动天火？	%s! Ngươi đọc sách tà gì mà có thể dẫn động thiên hỏa?
哼！装聋作哑之辈...	Hừ! Loại giả điếc giả câm...
%s...你的沉默中暗藏杀机！	%s... trong sự im lặng của ngươi ẩn chứa sát cơ!
装哑的刺客...倒是适合做暗子	Thích khách giả câm... lại thích hợp làm ám tử.
%s...待王某解开你的禁言咒	%s... đợi Vương Mỗ giải khai cấm ngôn chú của ngươi.
哑灵的怨气...倒是炼制阴魂法器的好材料	Oán khí của câm linh... lại là nguyên liệu tốt để luyện âm hồn pháp khí.
%s！你的沉默比火焰更令人不安！	%s! Sự im lặng của ngươi còn bất an hơn cả lửa!
哼！半妖之躯，也敢在王某面前现身？	Hừ! Thân nửa yêu, cũng dám xuất hiện trước mặt Vương Mỗ?
%s...你的蛛妖血脉开始躁动了？	%s... huyết mạch nhện yêu của ngươi bắt đầu náo loạn rồi?
小妖怪...可愿做王某的御用灵宠？	Yêu quái nhỏ... có muốn làm linh thú ngự dụng của Vương Mỗ không?
%s...你的报恩时候到了	%s... đến lúc ngươi báo ân rồi.
半妖之魂...倒是罕见的炼器材料	Hồn nửa yêu... lại là nguyên liệu luyện khí hiếm có.
%s！你的蛛丝莫非是火炼之物？	%s! Tơ nhện của ngươi có phải là vật được luyện bằng lửa không?
哼！蛮族武修，也敢自称战神？	Hừ! Võ tu man tộc, cũng dám tự xưng chiến thần?
%s的武技...倒是有些门道	Võ kỹ của %s... lại có vài đạo lý.
女武神！可愿做王某麾下战将？	Nữ chiến thần! Có muốn làm chiến tướng dưới trướng Vương Mỗ không?
%s...你的复活之术从何处习得？	%s... thuật phục sinh của ngươi học từ đâu vậy?
战魂不灭...正好炼为护法战傀！	Chiến hồn bất diệt... vừa hay luyện thành hộ pháp chiến bù nhìn!
%s！你的战意竟能引动真火？	%s! Chiến ý của ngươi thực sự có thể dẫn động chân hỏa?
哼！凡间工匠，也敢在此卖弄？	Hừ! Thợ thủ công phàm trần, cũng dám phô diễn ở đây?
%s...你那工具倒是件不错的法器胚子	Công cụ của %s... lại là phôi pháp khí không tệ.
区区匠人，也敢对王某出手？	Thợ thủ công bình thường, cũng dám ra tay với Vương Mỗ?
%s...你的修复之术竟能触及生死？	%s... thuật tu sửa của ngươi thực sự có thể chạm đến sinh tử?
匠人之魂...正好用来淬炼法宝	Hồn thợ thủ công... vừa hay dùng để tôi luyện pháp bảo.
%s！你的炉火也配称为真火？	%s! Lửa lò của ngươi cũng đáng xưng là chân hỏa?
哼！域外心魔，也敢在此界游荡？	Hừ! Tâm ma ngoài cõi, cũng dám lang thang trong thế giới này?
%s...你的魔气从何而来？	%s... ma khí của ngươi từ đâu đến vậy?
小小魔头，也敢在王某面前放肆！	Ma đầu nhỏ bé, cũng dám phóng túng trước mặt Vương Mỗ!
%s...你的魔元竟能逆转生死？	%s... ma nguyên của ngươi thực sự có thể đảo ngược sinh tử?
魔魂不灭...正好炼入噬魂幡！	Ma hồn bất diệt... vừa hay luyện vào Thực Hồn Phan!
%s！你的地狱火也敢称焚天？	%s! Địa ngục hỏa của ngươi cũng dám xưng là thiêu trời?
哼！草木成精，也敢幻化人形？	Hừ! Thảo mộc thành tinh, cũng dám hóa thành người?
%s...你的木灵之气竟带煞气？	%s... mộc linh chi khí của ngươi thực sự mang theo sát khí?
树妖！正好取你木心炼丹！	Thụ yêu! Vừa hay lấy mộc tâm của ngươi để luyện đan!
%s...你的生机之力从何而来？	%s... sức mạnh sinh cơ của ngươi từ đâu đến?
木灵之魂...正是炼制长生丹的主材！	Hồn mộc linh... chính là nguyên liệu chính để luyện trường sinh đan!
%s！你就不怕王某的焚天烈焰？	%s! Ngươi không sợ liệt diệm thiêu trời của Vương Mỗ sao?
哼！凡间庖厨，也敢在此界生火？	Hừ! Đầu bếp phàm trần, cũng dám nhóm lửa ở thế giới này?
%s...你的厨刀竟饮过修士之血？	%s... dao bếp của ngươi thực sự từng uống máu tu sĩ?
待王某将你炼成一鼎血肉大药！	Để Vương Mỗ luyện ngươi thành một đỉnh đại dược bằng huyết nhục!
%s...你的药膳竟有还魂之效？	%s... thuốc bổ của ngươi thực sự có hiệu quả hoàn hồn?
厨修之魂...正好用来试炼新丹！	Hồn bếp tu... vừa hay dùng để thử luyện đan mới!
%s！你的凡火也敢称灵灶？	%s! Phàm hỏa của ngươi cũng dám xưng là linh táo?
哼！水族小妖，也敢上岸行走？	Hừ! Yêu nhỏ thủy tộc, cũng dám lên bờ đi lại?
%s...你的鳞片莫非淬过剧毒？	%s... vảy của ngươi có phải đã được tôi qua kịch độc không?
水妖！正好取你妖丹炼制避水珠！	Thủy yêu! Vừa hay lấy yêu đan của ngươi để luyện tị thủy châu!
%s...你的水族秘术竟能通幽？	%s... bí thuật thủy tộc của ngươi thực sự có thể thông u minh?
鱼妖之魂...正好喂养王某的噬魂蛊！	Hồn ngư yêu... vừa hay nuôi cổ thực hồn của Vương Mỗ!
%s！你的黏液能挡三昧真火？	%s! Chất nhớt của ngươi có thể chặn Tam Muội Chân Hỏa không?
哼！黄口小儿，也在此妄谈天道？	Hừ! Trẻ con miệng còn hôi sữa, cũng dám bàn luận thiên đạo ở đây?
%s...你的弹弓莫非是件暗器法宝？	%s... cái ná của ngươi có phải là pháp bảo ám khí không?
小辈！你的故事里藏着多少杀孽？	Hậu bối! Trong câu chuyện của ngươi ẩn chứa bao nhiêu sát nghiệt?
%s...你的话术竟能唤回亡魂？	%s... thuật nói chuyện của ngươi thực sự có thể gọi về vong hồn?
童灵纯净...正好炼为卜算之灵！	Đồng linh thuần khiết... vừa hay luyện thành linh bói toán!
%s！你讲的什么引动天火的故事？	%s! Ngươi kể câu chuyện gì mà dẫn động thiên hỏa?
哼！竟敢窥探时间法则？	Hừ! Thực sự dám dòm ngó thời gian pháp tắc?
%s...你的时器竟能窃取王某寿元？	%s... thời khí của ngươi thực sự có thể đánh cắp thọ nguyên của Vương Mỗ?
时修！你可知扰乱因果要承受何等天劫？	Thời tu! Ngươi có biết quấy rầy nhân quả phải chịu thiên kiếp như thế nào không?
%s...你竟能逆转时光复活亡魂？	%s... ngươi thực sự có thể đảo ngược thời gian hồi sinh vong hồn?
时之魂魄...正是炼制时空法器的至宝！	Hồn phách của thời gian... chính là chí bảo để luyện thời không pháp khí!
%s！你引动的是时光之火？	%s! Ngươi dẫn động là hỏa thời gian?
哼！中了妖咒的猴精，也敢放肆？	Hừ! Hầu tinh trúng yêu chú, cũng dám phóng túng?
%s...你的猴爪竟带煞气？	%s... móng vuốt khỉ của ngươi thực sự mang theo sát khí?
妖猴！正好取你妖丹炼制破障丹！	Yêu hầu! Vừa hay lấy yêu đan của ngươi để luyện phá chướng đan!
%s...你的返魂术从何处习得？	%s... thuật hoàn hồn của ngươi học từ đâu vậy?
这猴魂...为何有故人气息？	Hồn khỉ này... sao lại có khí tức của người quen?
%s！你偷学了王某的御火术？	%s! Ngươi lén học thuật ngự hỏa của Vương Mỗ rồi?
哼！月宫小妖，也敢在王某面前现形？	Hừ! Yêu nhỏ nguyệt cung, cũng dám hiện hình trước mặt Vương Mỗ?
月华入眠...倒是修炼的好时机	Nguyệt hoa nhập định... lại là thời cơ tu luyện tốt.
月华凝聚...正好采来炼丹	Nguyệt hoa ngưng tụ... vừa hay thu hoạch để luyện đan.
残存一丝月精...尚可一用	Còn sót một sợi nguyệt tinh... vẫn có thể dùng được.
何人敢伤月宫灵物？不知死活！	Ai dám làm hại linh vật nguyệt cung? Không biết sống chết!
月宫琼浆...虽臭却是炼药良材.	Ngọc tương nguyệt cung... dù hôi nhưng là nguyên liệu luyện dược tốt.
此铃...竟能沟通月华之力？	Chiếc chuông này... thực sự có thể giao tiếp nguyệt hoa chi lực?
月宫图腾...暗藏玄机	Đồ totem nguyệt cung... ẩn chứa huyền cơ.
何人毁我月宫法阵？定不轻饶！	Ai hủy trận pháp nguyệt cung của ta? Chắc chắn không tha!
地火精石...正好炼制火系法宝！	Địa hỏa tinh thạch... vừa hay luyện pháp bảo hỏa hệ!
半妖颅骨...可炼为追踪傀儡！	Đầu lâu nửa yêu... có thể luyện thành bù nhìn truy tung!
地脉灵果...蕴含精纯土灵气	Linh quả địa mạch... ẩn chứa thổ linh khí tinh thuần.
灵力流失的灵果...勉强可作辅材	Linh quả đã mất linh lực... gượng có thể dùng làm phụ liệu.
哼！地脉陷阱，也想困住王某？	Hừ! Bẫy địa mạch, cũng muốn giam Vương Mỗ?
地妖藏形...待我逼它现形。	Địa yêu ẩn hình... để ta bức nó hiện hình.
地龙妖兽！正好取你妖丹。	Địa long yêu thú! Vừa hay lấy yêu đan của ngươi.
诱妖草...倒是布置陷阱的好材料。	Dụ yêu thảo... lại là nguyên liệu tốt để bày bẫy.
寻宝鼠...已无用处，可作药引。	Chuột tìm kho báu... đã không còn dùng được, có thể làm dược dẫn.
地行妖在寻矿...正好为我所用。	Địa hành yêu đang tìm khoáng... vừa hay cho ta sử dụng.
待王某收了这地行妖作寻宝灵宠。	Để Vương Mỗ thu phục địa hành yêu này làm linh thú tìm kho báu.
地妖洞府...待王某一探究竟！	Động phủ địa yêu... để Vương Mỗ thám hiểm!
地妖秽气...但此物夜视之能尚可一用	Khí tức ô uế địa yêu... nhưng năng lực nhìn đêm của vật này vẫn có thể dùng.
蛟龙幼体...食之大补！	Long giao ấu thể... ăn vào đại bổ!
龙肉飘香...可增修为	Long nhục thơm bay... có thể tăng tu vi.
食此可获一丝龙元否？	Ăn vật này có thể thu được một sợi long nguyên không?
千目魔瞳？！何方妖物！	Thiên mục ma đồng?! Yêu vật phương nào đây!
休眠的魔瞳...暗藏凶煞之气	Ma đồng đang ngủ... ẩn chứa hung sát chi khí.
上古魔角！可炼破阵法宝	Ma giác thượng cổ! Có thể luyện phá trận pháp bảo.
福祸相依的秘宝箱...	Hộp bí bảo phúc họa tương y...
碎落的星陨铁...可重铸法宝	Sắt thiên thạch vỡ... có thể đúc lại thành pháp bảo.
水府青丝...勉强可入药	Thanh ty thủy phủ... gượng có thể làm thuốc.
解离法杖...竟含空间法则	Giải ly pháp trượng... thực sự chứa không gian pháp tắc.
贡品？莫非有诈？	Cống phẩm? Hay có mưu gì đây?
区区包装之术...也敢称神通？	Thuật đóng gói bình thường... cũng dám xưng là thần thông?
盆中剑草...倒是别致	Kiếm thảo trong chậu... lại khá độc đáo.
玉盆肉芝...可作观赏之用	Nhục chi trong chậu ngọc... có thể dùng để thưởng lãm.
地灵肉蓕...蕴含生机	Nhục chi địa linh... ẩn chứa sinh cơ.
此物或可入药炼丹	Vật này có thể làm thuốc luyện đan.
月宫天眼？！竟能窥探四方	Thiên nhãn nguyệt cung?! Thực sự có thể dò xét tứ phương.
此乃...空间传送法阵？	Đây là... pháp trận truyền tống không gian?
乾坤挪移大阵已成！	Đại trận kiền khôn chuyển dời đã thành!
缩地成寸...蕴含空间法则	Thu đất thành tấc... ẩn chứa không gian pháp tắc.
空间裂隙已开！可通万里之遥	Kẽ nứt không gian đã mở! Có thể thông vạn dặm xa.
待王某运功烘干...	Để Vương Mỗ vận công sấy khô...
破旧储物袋...或藏机缘	Túi trữ vật cũ nát... có thể ẩn chứa cơ duyên.
月宫碎玉...可炼护身法器	Ngọc vỡ nguyệt cung... có thể luyện pháp khí hộ thân.
月坛阵眼...暗合星象	Trận nhãn nguyệt đàn... ngầm hợp với tinh tượng.
阵毁坛崩！何人所致？	Trận hủy đàn đổ! Ai gây ra vậy?
待王某注入灵力激活...	Để Vương Mỗ rót linh lực kích hoạt...
非月华法杖不可驱动！	Không có nguyệt hoa pháp trượng không thể kích hoạt!
月宫秘力涌现！大道可期	Bí lực nguyệt cung trào dâng! Đại đạo đáng trông đợi.
月相之变，与王某何干。	Sự thay đổi nguyệt tướng, có liên quan gì đến Vương Mỗ.
朔月之夜，阴死之气最浓...	Đêm sóc nguyệt, âm tử chi khí nồng nhất...
月盈则亏，此乃天道。	Trăng đầy thì khuyết, đó là thiên đạo.
月满之夜，常生异象。	Đêm trăng tròn, thường sinh dị tượng.
月缺，亦如人生，总有残缺。	Trăng khuyết, cũng như nhân sinh, luôn có khiếm khuyết.
不见明月，唯有地脉阴寒。	Không thấy minh nguyệt, chỉ có địa mạch âm hàn.
哼，雕虫小技，也敢窥视王某！	Hừ, trò vặt vãnh, cũng dám dòm ngó Vương Mỗ!
此物...蕴含一丝奇异之力。	Vật này... ẩn chứa một sợi kỳ dị chi lực.
此甲不凡，可作保命之用。	Giáp này phi thường, có thể dùng để bảo toàn tính mạng.
白骨成甲，死气缭绕。	Bạch cốt thành giáp, tử khí vây quanh.
颅蕴幻境，惑人心神。	Đầu lâu ẩn chứa huyễn cảnh, mê hoặc tâm thần.
一件不错的杀伐之器。	Một vật khí giết chóc không tệ.
力场护体？倒也玄妙。	Lực trường hộ thể? Cũng khá huyền diệu.
魔息内敛，风暴前夕往往如此。	Ma tức thu liễm, thường là vậy trước khi bão tố nổi.
魔念渐起，需得提防。	Ma niệm dần nổi, cần đề phòng.
魔障滔天，此地不宜久留！	Ma chướng tràn trời, nơi này không nên ở lâu!
魔气固化，似成领域...	Ma khí cố hóa, dường như thành lĩnh vực...
魔潮将退，但不可松懈。	Ma triều sắp lui, nhưng không thể lơi lỏng.
幻象将散，如同梦道轮回。	Huyễn tượng sắp tan, như là mộng đạo luân hồi.
绝灵之地？倒也罕见。	Đất tuyệt linh? Lại cũng hiếm gặp.
魔念侵蚀的傀儡，终将归于尘土。	Bù nhìn bị ma niệm xâm thực, cuối cùng cũng về với bụi đất.
被诅咒的战车，怨念不散。	Chiến xa bị nguyền, oán niệm chẳng tan.
残魂依附的铠甲，徒具其型。	Khải giáp có tàn hồn bám víu, chỉ có hình mà thôi.
远古的守护者，其内丹或有大用。	Người bảo vệ thượng cổ, nội đan của nó có thể có ích lớn.
阴险妖物，擅袭天灵。	Yêu vật âm hiểm, giỏi tập kích thiên linh.
此灯竟能引动心魔...需谨慎对待。	Đèn này thực sự có thể dẫn động tâm ma... cần cẩn thận đối đãi.
蕴含一丝雷霆之力，可驱邪祟。	Ẩn chứa một sợi lôi đình chi lực, có thể trừ tà.
木属性灵气充沛，可作炼器之用。	Linh khí mộc thuộc tính dồi dào, có thể dùng để luyện khí.
一器多用，省时省力。	Một khí đa dụng, tiết kiệm thời gian sức lực.
瞬移之宝，乃逃生利器。	Bảo vật thoát hình, là lợi khí thoát thân.
光耀护身，可破迷障。	Quang huy hộ thân, có thể phá mê chướng.
蕴含一丝造化之理，能省材料。	Ẩn chứa một sợi tạo hóa chi lý, có thể tiết kiệm nguyên liệu.
此兽皮竟能吞噬神识探查...	Da thú này thực sự có thể nuốt thần thức thăm dò...
吸食生灵之气的精怪。	Tinh quái hút sinh linh chi khí.
皮上残存着吞噬之力。	Trên da còn sót sức mạnh hút nuốt.
以妖物之皮炼制的辟谷甲。	Giáp bịt cốc được luyện bằng da yêu vật.
隔空取物，算是不错的小神通。	Lấy vật cách không gian, cũng là thần thông nhỏ không tệ.
召唤天外之火，威力尚可。	Triệu hoán thiên ngoại chi hỏa, uy lực tạm được.
内蕴纯阳之气。	Ẩn chứa thuần dương chi khí.
火灵之力活跃。	Hỏa linh chi lực hoạt bát.
引动太阴之力，此杖不凡。	Dẫn động thái âm chi lực, chiếc gậy này phi thường.
七彩流光，内含乾坤...此物绝非寻常！	Bảy màu lưu quang, bên trong chứa kiền khôn... vật này tuyệt không tầm thường!
空间阵法已成，可瞬息千里。	Không gian trận pháp đã thành, có thể thoáng chốc nghìn dặm.
阵法基石尚缺，需以灵石充能。	Nền tảng trận pháp còn thiếu, cần dùng linh thạch nạp năng.
阵眼已稳固，灵气流转通畅。	Trận nhãn đã vững chắc, linh khí lưu chuyển thông suốt.
阵眼空虚，需嵌入灵石方可激发。	Trận nhãn trống rỗng, cần nhúng linh thạch mới có thể kích hoạt.
强行拘束星核之力，稍有不慎便会反噬。	Cưỡng bức ràng buộc tinh hạch chi lực, chỉ cần sơ ý là bị phản phệ.
此光寒彻魂髓，非寻常极寒。	Ánh sáng này lạnh đến tủy hồn, không phải cực hàn thông thường.
远古祭坛，其上道纹玄奥...	Tế đàn thượng cổ, đạo văn trên đó huyền áo...
祭坛已毁，道韵溃散，可惜。	Tế đàn đã hủy, đạo vận tản ra, đáng tiếc.
石像内似封有残灵，在哀鸣。	Bên trong tượng đá dường như phong có tàn linh, đang ai oán.
依附地脉阴气而生的苔藓。	Rêu mọc nương nhờ địa mạch âm khí.
离了地脉阴气，生机速逝。	Rời địa mạch âm khí, sinh cơ nhanh chóng biến mất.
蕴有微弱地心火气的灵果。	Linh quả ẩn chứa địa tâm hỏa khí yếu ớt.
火气更盛，易于吸收。	Hỏa khí mạnh hơn, dễ hấp thu.
竟能在地底灵脉上扎根结果，奇异。	Thực sự có thể bám rễ kết quả trên địa mạch dưới đất, kỳ lạ.
甲壳坚若玄铁，力大无穷，小心应对。	Vỏ giáp cứng như huyền thiết, sức mạnh vô cùng, cẩn thận ứng phó.
方位不定...	Phương vị không xác định...
北方，属水，主杀伐。	Phía bắc, thuộc thủy, chủ sát phạt.
南方，属火，主生机。	Phía nam, thuộc hỏa, chủ sinh cơ.
东方，属木，主生长。	Phía đông, thuộc mộc, chủ sinh trưởng.
西方，属金，主肃降。	Phía tây, thuộc kim, chủ túc giáng.
东北方，寒湿之地。	Đông bắc, vùng đất hàn ẩm.
东南方，暖湿交汇。	Đông nam, ấm ẩm giao nhau.
西北方，乾金之位。	Tây bắc, vị trí Kiền Kim.
西南方，坤土之向。	Tây nam, hướng Khôn Thổ.
犬齿锋锐，带有一丝污秽之气，可淬炼阴毒法器。	Răng chó sắc bén, mang theo khí ô uế, có thể tôi luyện âm độc pháp khí.
此甲厚重，防御尚可，但过于笨拙。	Giáp này dày nặng, phòng thủ tạm được, nhưng quá vụng về.
地底妖蝠，嗜血扰神。	Dơi yêu dưới đất, háo huyết quấy thần.
以妖蝠精魄炼制成兵，手段阴邪，然威力不俗。	Luyện binh khí từ tinh phách dơi yêu, thủ đoạn âm tà, nhưng uy lực không tầm thường.
妖蝠之翼，阴气浓郁。	Cánh dơi yêu, âm khí nồng nặc.
阴气稍减，聊胜于无。	Âm khí hơi giảm, cũng hơn là không có.
妖气汇聚之所，必有蝠王蛰伏。	Nơi yêu khí tụ tập, chắc chắn có Bức Vương ẩn phục.
以灵兽皮毛制成，可助凝神静气。	Được chế từ da lông linh thú, có thể giúp tập trung thần khí.
形似兔，性却凶戾，非善类。	Hình như thỏ, tính lại hung dữ, không phải loại thiện.
集地底阴华而生，微光可照亮幽暗。	Tụ âm hoa dưới đất mà sinh, ánh sáng nhỏ có thể soi sáng u ám.
妖蝠排泄之物，污秽不堪，却可肥地。	Vật bài tiết của dơi yêu, ô uế không chịu được, nhưng có thể bón đất.
一具不错的照明法器，需常注灵能。	Một pháp khí chiếu sáng không tệ, cần thường xuyên bổ sung linh năng.
地脉阴气凝结所成的光果，蕴含微弱灵力。	Quả sáng được hình thành từ địa mạch âm khí ngưng kết, ẩn chứa linh lực yếu ớt.
兔妖尾毛，柔软异常，可作符笔。	Lông đuôi thỏ yêu, mềm mại khác thường, có thể làm bút vẽ phù.
菇伞竟能幻化形貌，遮掩气息，有些门道。	Mũ nấm thực sự có thể huyễn hóa hình mạo, che giấu khí tức, có vài đạo lý.
菌光流转，似有灵性。	Ánh nấm lưu chuyển, dường như có linh tính.
灵蕴内敛，光华不显。	Linh uẩn thu liễm, quang hoa không hiển.
灵菌已死，精华尽散。	Linh nấm đã chết, tinh hoa tản hết.
此菇竟能自行吐纳发光，奇妙。	Con nấm này thực sự có thể tự tổ nạp phát sáng, kỳ diệu.
光华收敛，进入蛰伏。	Quang hoa thu liễm, bước vào ngủ đông.
生机已断，化为焦炭。	Sinh cơ đã đứt, hóa thành than.
内含迷魂烟瘴，可制敌于无形。	Bên trong chứa khói mê hồn, có thể chế địch vô hình.
将狂暴菌毒封于一处，掷出即爆，阴损。	Phong kín nấm độc cuồng bạo tại một chỗ, ném ra là nổ, âm tổn.
菌妖蜕下的皮囊，坚韧异常。	Vỏ mà nấm yêu lột ra, kiên cường khác thường.
毒穴已空，妖物离巢。	Hốc độc đã trống, yêu vật rời tổ.
地底毒瘴翻涌，妖物即将破土。	Độc khí dưới đất trào lên, yêu vật sắp phá đất.
毒菌成精，化为此座，当诛。	Nấm độc thành tinh, hóa thành vật này, đáng giết.
毒菌化形，修为不浅，需小心应对。	Nấm độc hóa hình, tu vi không nông, cần cẩn thận ứng phó.
妖物狂怒，毒瘴滔天！	Yêu vật cuồng nộ, độc khí tràn trời!
菌王结冠，散播孢子，意在繁衍族群。	Nấm vương đội mũ, tán bào tử, ý muốn phồn thực tộc quần.
冠冕焚毁，孢子尽灭，威胁已除。	Mũ bị thiêu hủy, bào tử diệt hết, mối đe dọa đã trừ.
此菌通体幽蓝，阴寒之气逼人。	Nấm này toàn thân màu xanh u ám, âm hàn chi khí bức người.
孢子四散，沾染者恐心神受蚀。	Bào tử tán khắp, người nhiễm phải e tâm thần bị xâm thực.
赤色菌树，隐有火灵躁动。	Nấm cây đỏ, ẩn có hỏa linh náo loạn.
火孢飘洒，触之如灼。	Bào tử lửa rơi, chạm vào như bỏng.
绿菌蕴有生机，却也带毒。	Nấm xanh ẩn chứa sinh cơ, nhưng cũng mang độc.
毒孢混于生机之中，更为隐秘。	Bào tử độc lẫn vào sinh cơ, càng thêm ẩn tàng.
菌树被妖蛛秽网缠绕，灵气污浊。	Cây nấm bị màng nhện yêu ô uế bao quanh, linh khí ô trọc.
蓝色孢子，寒毒蚀骨，避之则吉。	Bào tử xanh, hàn độc ăn xương, tránh là tốt.
以灵力包裹，暂可隔绝其寒毒。	Bọc bằng linh lực, tạm thời có thể cách ly hàn độc.
红色孢子，内含爆裂火气，不可轻触。	Bào tử đỏ, bên trong chứa hỏa khí bùng nổ, không thể chạm nhẹ.
火气被拘于方寸之间，需小心控御。	Hỏa khí bị giam trong khoảng tấc đất, cần cẩn thận kiểm soát.
绿色孢子，看似生机盎然，实则暗藏木煞。	Bào tử xanh lá, trông có vẻ sinh cơ tràn trề, thực ra ẩn chứa mộc sát.
木煞之气已被禁锢，或可一用。	Mộc sát chi khí đã bị giam cầm, có thể dùng được.
兔妖巢穴，幻化胡萝卜形，拙劣掩饰。	Tổ thỏ yêu, huyễn hóa thành hình cà rốt, che giấu vụng về.
巢穴已焚，妖兔或已遁走。	Tổ đã thiêu, thỏ yêu có thể đã trốn.
此物甲壳坚硬，以矿物为食，习性奇特。	Vật này vỏ giáp cứng, ăn khoáng vật, tập tính kỳ đặc.
甲壳碎片，质地坚硬，可作炼器辅材。	Mảnh vỡ vỏ giáp, chất liệu cứng, có thể làm phụ liệu luyện khí.
以妖物甲壳制成，防护尚可。	Được chế từ vỏ giáp yêu vật, phòng hộ tạm được.
矿穴深处，便是此物巢窠。	Sâu trong hầm khoáng, chính là tổ của vật này.
此黏液滑腻，似有腐蚀之性。	Chất nhớt này trơn nhờn, dường như có tính ăn mòn.
缩入壳中？无趣。	Co vào vỏ? Nhàm chán.
擅于伪装，伏于暗处，阴险。	Giỏi ngụy trang, ẩn nấp trong bóng tối, âm hiểm.
竟能远喷毒液，需先行诛灭。	Thực sự có thể phun độc từ xa, cần tiêu diệt trước.
蛛网密布，内藏杀机。	Màng nhện dày đặc, bên trong ẩn chứa sát cơ.
蛛秽缠石，妖气弥漫。	Nhện bẩn quấn đá, yêu khí tràn ngập.
寻常钟乳石，或含些许矿物。	Thạch nhũ thường thường, có thể chứa một ít khoáng vật.
此石笋汇聚地脉灵气，已非凡品。	Thạch nhũ này tụ linh khí địa mạch, đã không phải phàm phẩm.
兽毛织就，踏之松软，可聚些许暖意。	Được dệt từ lông thú, bước lên mềm mại, có thể tụ chút ấm áp.
石板拼砌，规整有余，灵气稀薄。	Đá phiến ghép lại, ngăn nắp dư thừa, linh khí thưa thớt.
寻常泥土，生机匮乏。	Đất thường, sinh cơ thiếu hụt.
林木之气滋养之地。	Đất được mộc khí rừng cây nuôi dưỡng.
草木生机尚存。	Sinh cơ thảo mộc vẫn còn.
湿腐之地，阴气沉积。	Đất ẩm mục, âm khí trầm tích.
天外陨星冲击所成，气息迥异。	Được hình thành từ thiên thạch ngoài trời va vào, khí tức hoàn toàn khác.
水汽充沛，金石之气混杂。	Thủy khí dồi dào, kim thạch chi khí lẫn lộn.
人工开凿的路径，便于行走。	Con đường được đào tay, tiện đi lại.
顽石之地，灵气难存。	Đất đá ngoan cố, linh khí khó tồn tại.
燥热平原，火土之气旺盛。	Thảo nguyên khô nóng, hỏa thổ chi khí hưng vượng.
木质地板，寻常凡物。	Sàn gỗ, vật tầm thường.
地穴阴寒，岩石沁骨。	Động phủ âm hàn, đá thấm vào xương.
菌类丛生，阴湿之气浓郁。	Nấm mọc rậm rạp, âm ẩm chi khí nồng nặc.
菌类异变，气息诡谲不祥。	Nấm dị biến, khí tức quái dị bất tường.
石板铭刻远古纹路，道韵犹存。	Đá phiến khắc văn lộ thượng cổ, đạo vận vẫn còn.
泥泞陷坑，污秽不堪。	Hố bùn lầy, ô uế không chịu được.
乱石嶙峋，乃地脉不稳之象。	Đá lởm chởm lồi lõm, là dấu hiệu địa mạch bất ổn.
泥泞不堪，污秽陷足。	Bùn lầy không chịu được, ô uế lún chân.
落叶归根，轮回之气流转。	Lá rụng về cội, luân hồi chi khí lưu chuyển.
沙地贫瘠，金气涣散。	Đất cát cằn cỗi, kim khí tản mát.
荒芜之地，生机断绝。	Đất hoang phế, sinh cơ đứt tuyệt.
大漠狂沙，燥烈异常。	Cát điên đại mạc, khô rát bất thường.
绿菌蔓延，毒瘴暗生。	Nấm xanh lan rộng, độc khí âm thầm sinh ra.
赤菌丛生，火煞躁动。	Nấm đỏ mọc rậm, hỏa sát náo loạn.
龙鳞铺地，水火不侵，倒是难得。	Vảy rồng lót đất, thủy hỏa không xâm, lại hiếm có.
贝冢遍地，水灵之气浓郁。	Vỏ sò đầy đất, thủy linh chi khí nồng nặc.
远古砖石，铭刻失落道纹。	Gạch đá thượng cổ, khắc văn đạo đã thất lạc.
仿制古砖，徒具其形，神韵不足。	Gạch cổ bắt chước, chỉ có hình, thần vận không đủ.
远古瓷砖，流光内蕴。	Gạch men thượng cổ, lưu quang ẩn chứa bên trong.
赝品瓷砖，光华浮于表面。	Gạch men giả, quang hoa nổi trên bề mặt.
远古砖雕，巧夺天工。	Điêu khắc gạch thượng cổ, tinh xảo hơn trời.
仿古砖雕，匠气过重，失了古意。	Điêu khắc gạch cổ bắt chước, thợ thủ công khí quá nặng, mất đi ý cổ.
沙地隐有异香，似与妖猴相关。	Trong cát ẩn chứa hương kỳ, dường như liên quan đến yêu hầu.
绒毯更甚，几可凝神。	Thảm nhung lại càng hơn, gần như có thể tập trung tinh thần.
灰石拼图，冷峻肃穆。	Tranh ghép đá xám, lạnh lùng trang nghiêm.
赤石镶嵌，隐现炎阳之力。	Đá đỏ khảm vào, ẩn hiện dương hỏa chi lực.
蓝石铺就，似有寒泉之息。	Đá xanh lót nền, dường như có hàn tuyền chi tức.
以鬃毛织毯，煞气逼人，非祥瑞之物。	Thảm dệt từ bờm, sát khí bức người, không phải vật cát tường.
看似灵糕，实则毫无灵气，乃欺世之物。	Trông như linh cao, thực ra không có linh khí, là vật lừa đời.
封禁之术？待我以力破之。	Phong cấm chi thuật? Để ta dùng lực phá.
此穴直通幽冥，煞气冲天。	Hốc này thông thẳng đến u minh, sát khí xung thiên.
地穴入口，阴气外泄。	Cửa vào động phủ, âm khí rò rỉ ra ngoài.
幽冥之地，且去一探。	Đất u minh, cứ đi thám hiểm một chút.
通道不稳，容不得多人同时进入。	Thông đạo không ổn, không chứa được nhiều người vào cùng lúc.
返回地面的通道。	Thông đạo trở về mặt đất.
是该离开了。	Đến lúc rời đi rồi.
前方阻塞，稍候再行。	Phía trước bị tắc nghẽn, đợi chút rồi đi.
此物发出靡靡之音，惑乱心神。	Vật này phát ra âm thanh mê hoặc, làm rối loạn tâm thần.
飞去来器，轨迹刁钻，可作奇兵。	Dụng cụ bay về, quỹ đạo tinh ranh, có thể làm kỳ binh.
猪妖守卫，煞气颇重，修为不弱。	Vệ binh heo yêu, sát khí khá nặng, tu vi không yếu.
一个弱小的缚地灵，不足为虑。	Một địa linh bị trói yếu ớt, không đáng lo.
那朵花是其魂器？有点意思。	Bông hoa đó là hồn khí của nó? Có chút thú vị.
怨气在凝聚，这灵体在变强。	Oán khí đang ngưng tụ, linh thể này đang mạnh hơn.
魂器与她的联系更深了。	Mối liên hệ giữa hồn khí và cô ta sâu hơn rồi.
完整的姐妹魂体？这种羁绊倒是罕见。	Hồn thể chị em hoàn chỉnh? Sợi dây ràng buộc này lại hiếm thấy.
以执念化形，长存于世，可叹亦可悲。	Dùng chấp niệm hóa hình, trường tồn trên đời, đáng thán cũng đáng bi.
空间波动剧烈，此门背后吉凶难测。	Không gian dao động mãnh liệt, sau cánh cửa này hung cát khó lường.
竟能替死一次，此乃逆天之物，因果甚大。	Thực sự có thể thay chết một lần, đây là vật nghịch thiên, nhân quả rất lớn.
兽踪残留的气息，可循迹追踪。	Khí tức còn lại từ dấu thú, có thể theo dõi.
草木编织，聊胜于无。	Thảo mộc dệt lại, cũng hơn là không có.
玄石重铠，防御惊人，但行动不便。	Giáp nặng huyền thạch, phòng thủ kinh ngạc, nhưng hành động bất tiện.
木质灵甲，轻便坚韧，堪堪一用。	Linh giáp gỗ, nhẹ nhàng bền bỉ, cũng đủ dùng.
以心神损耗为代价换取防护，邪门。	Đánh đổi tâm thần để lấy phòng hộ, môn phái tà đạo.
万物终将归于尘土。	Vạn vật cuối cùng cũng về với bụi đất.
灵花焚尽，芳魂已逝。	Linh hoa thiêu hết, phương hồn đã qua.
窥秘之骨，已化飞灰。	Cốt dòm ngó bí mật, đã hóa thành tro bay.
此物被非凡之火焚毁，痕迹诡异。	Vật này bị ngọn lửa phi thường thiêu hủy, dấu vết quái dị.
一柄寻常铁斧，用以伐木足矣。	Một chiếc rìu sắt thường, dùng để đốn cây là đủ.
幼兽灵性未足，懵懂无知。	Thú non linh tính chưa đủ, ngây thơ vô tri.
幼兽酣眠，不宜惊扰。	Thú non đang ngủ say, không nên làm kinh động.
内含须弥芥子之妙，可纳物于方寸。	Bên trong chứa diệu lý Tu Di hạt mù tạt, có thể thu vật vào tấc đất.
以此符箓封存物品，可保灵机不泄。	Dùng phù lục này phong tồn vật phẩm, có thể bảo toàn linh cơ không rò rỉ.
寻常储物袋，空间尚可。	Túi trữ vật thường, không gian tạm được.
凡俗食物，仅能果腹。	Thức ăn trần tục, chỉ đủ no bụng.
以灵蜜调和草药，略有疗伤之效。	Dùng linh mật điều hòa thảo dược, có chút hiệu quả chữa thương.
须发皆乃血气之余，此物却隐含灵能。	Râu tóc đều là dư khí huyết, nhưng vật này ẩn chứa linh năng.
此熊罴已成精怪，力大无穷，莫要轻易招惹。	Con gấu này đã thành tinh quái, sức mạnh vô cùng, chớ dễ dàng chọc vào.
以熊妖精皮所制，御寒之效非凡。	Được chế từ da tinh gấu yêu, hiệu quả chống lạnh phi thường.
囊内自成寒冰结界，可保物品不腐。	Trong túi tự thành hàn băng kết giới, có thể bảo vật phẩm không thối.
妖熊皮毛，灵气充沛，是上好的炼器材料。	Da lông gấu yêu, linh khí dồi dào, là nguyên liệu luyện khí thượng hạng.
简陋草席，仅能遮风避露。	Chiếu cỏ đơn sơ, chỉ đủ che gió tránh sương.
蜂群化妖，其主修为深不可测，当慎之。	Đàn ong hóa yêu, tu vi của chúa của nó sâu không thể đo lường, cần thận trọng.
蜂胶积聚，已成妖巢之基。	Keo ong tích tụ, đã thành nền tảng tổ yêu.
蜂巢汲取地脉生机，正在壮大。	Tổ ong hút sinh cơ địa mạch, đang lớn mạnh.
蜂妖王庭，煞气冲天，内蕴凶险。	Triều đình của ong yêu, sát khí xung thiên, bên trong ẩn chứa hung hiểm.
蜂妖亲卫，獠牙带毒，攻势凌厉。	Thân vệ ong yêu, nanh độc mang theo, tấn công mãnh liệt.
蜂后气息凝于冠冕，可号令蜂群？	Khí tức ong chúa ngưng tụ tại mũ, có thể hô lệnh đàn ong?
简陋图示，记录凡俗信息。	Hình vẽ đơn sơ, ghi lại thông tin trần tục.
一块空白木牌，留待标记之用。	Một tấm bảng gỗ trống, chờ được đánh dấu.
未雕琢的木料，尚需加工。	Gỗ chưa được chạm khắc, cần gia công thêm.
寻常工蜂，忙于采集花蜜。	Ong thợ thường, bận rộn thu thập mật hoa.
蜂针含毒，需以灵力禁锢。	Kim ong chứa độc, cần dùng linh lực giam cầm.
蜂箱已满，蜜露尚可，取之用之。	Tổ ong đã đầy, mật lộ tạm được, lấy mà dùng.
蜜已盈箱，当及时收取，以免浪费。	Mật đã đầy hộp, nên thu hoạch kịp thời, tránh lãng phí.
蜂箱运作如常，无需过多关注。	Tổ ong vận hành bình thường, không cần chú ý quá nhiều.
箱内无蜜，需待时日。	Trong hộp không có mật, cần đợi thêm.
蜜量渐增，尚未可取。	Lượng mật dần tăng, chưa thể lấy.
蜂箱已毁，可惜了这些蜂群。	Tổ ong đã hủy, tiếc cho đàn ong này.
菌菇繁茂，生长已达极限。	Nấm sinh trưởng tốt, đã đạt giới hạn.
菌菇长势良好，收获颇丰。	Nấm sinh trưởng tốt, thu hoạch khá nhiều.
菌菇已有生长，但仍需时日。	Nấm đã có sinh trưởng, nhưng vẫn cần thêm thời gian.
此地空置，待种下菌种。	Nơi này trống, chờ gieo nấm giống.
原木腐朽，需更换新木以续菌菇生机。	Gỗ gốc đã mục, cần thay gỗ mới để tiếp tục sinh cơ nấm.
蘑菇园遭焚，一切需从头再来。	Vườn nấm bị thiêu, mọi thứ cần làm lại từ đầu.
天寒地冻，菌菇生长停滞。	Trời lạnh đất đông, nấm sinh trưởng dừng lại.
此牛竟愿跟随，倒也省去驯化功夫。	Con bò này thực sự muốn đi theo, cũng tiết kiệm công sức thuần hóa.
皮弗娄牛，群居生灵，力大可驭。	Bò Beefalo, sinh linh sống theo đàn, sức mạnh có thể điều khiển.
牛毛尽失，需待其重新生长。	Lông bò đã mất hết, cần đợi mọc lại.
牛已酣睡，此时不宜惊扰。	Bò đang ngủ say, lúc này không nên quấy rầy.
此牛已驯服，可堪一用。	Con bò này đã thuần phục, có thể dùng được.
此牛性情暴躁，需小心应对。	Con bò này tính tình nóng nảy, cần cẩn thận ứng phó.
此牛体魄强健，适于骑乘。	Con bò này thể chất cường tráng, thích hợp để cưỡi.
此牛过于肥硕，恐行动不便。	Con bò này quá béo mập, e hành động bất tiện.
此牛与我相伴日久，默契渐生。	Con bò này đã ở bên ta lâu ngày, sự ăn ý dần sinh.
牛角帽，可避风寒，亦可混淆牛群感知。	Mũ sừng bò, có thể tránh gió lạnh, cũng có thể gây nhầm lẫn cảm nhận đàn bò.
牛毛厚实，可纺线织布，御寒之物。	Lông bò dày thực, có thể kéo sợi dệt vải, vật chống lạnh.
养蜂帽，可防蜂针刺面，便于收取蜂蜜。	Mũ nuôi ong, có thể phòng kim ong châm mặt, tiện thu hoạch mật ong.
蜂蜡，性稳，可防腐，亦可用于制作烛火。	Sáp ong, tính ổn định, có thể phòng mục, cũng có thể dùng để làm nến.
野生蜂巢，蜂蜜虽好，取之需防蜂群反击。	Tổ ong hoang, mật ong tuy ngon, lấy cần đề phòng đàn ong phản công.
将活蜂封入机关，触之即发，阴损的陷阱。	Nhốt ong sống vào cơ quan, chạm vào là kích hoạt, bẫy âm tổn.
野浆果，可暂缓饥渴。	Quả mọng hoang, có thể tạm giảm đói khát.
烤熟的浆果，更易入口，利于消化。	Quả mọng nướng chín, dễ ăn hơn, lợi tiêu hóa.
浆果饱满多汁，解渴效果更佳。	Quả mọng căng mọng nước, giải khát tốt hơn.
烤制后汁液未失，风味尚可。	Sau khi nướng nước chưa mất, hương vị tạm được.
此地肥力已尽，需施肥方能再结果。	Địa lực nơi này đã cạn, cần bón phân mới kết quả lại.
炎热干旱，草木难存。	Nóng nực khô hạn, thảo mộc khó tồn tại.
浆果丛，可提供些许食物。	Bụi quả mọng, có thể cung cấp một ít thức ăn.
浆果已采尽，需待其重新生长。	Quả mọng đã hái hết, cần đợi mọc lại.
浆果丛似有病害迹象。	Bụi quả mọng dường như có dấu hiệu bệnh.
浆果丛起火，恐将焚毁。	Bụi quả mọng bốc lửa, e sẽ bị thiêu hủy.
此丛结果过度，地力耗尽，需休养。	Bụi này kết quả quá nhiều, địa lực cạn kiệt, cần nghỉ ngơi.
无法抵御高温，已然枯萎。	Không thể chịu được nhiệt độ cao, đã khô héo.
多汁浆果丛，果实更为饱满。	Bụi quả mọng nhiều nước, quả thực đầy đặn hơn.
果实已摘，静候下一轮生长。	Quả đã hái, yên tĩnh đợi vòng sinh trưởng tiếp theo.
此丛显现病态，需留意。	Bụi này hiện ra bệnh trạng, cần để ý.
浆果丛遭火焚，可惜。	Bụi quả mọng bị lửa thiêu, đáng tiếc.
鸟笼，可囚禁鸟类，便于获取其蛋。	Lồng chim, có thể giam cầm chim, tiện lấy trứng.
笼中有鸟。	Trong lồng có chim.
笼中鸟已安睡。	Chim trong lồng đã ngủ yên.
笼中鸟似有饥态，需喂食。	Chim trong lồng dường như đói, cần cho ăn.
此鸟濒临饿毙，需立即喂食。	Con chim này gần chết đói, cần cho ăn ngay.
笼中鸟已死。	Chim trong lồng đã chết.
仅余骨架，此鸟早已亡故。	Chỉ còn bộ xương, con chim này đã chết từ lâu.
捕鸟陷阱，以丝线机关困缚飞禽。	Bẫy bắt chim, dùng cơ quan tơ dây trói buộc chim bay.
洞穴香蕉已被焚毁。	Chuối hang động đã bị thiêu hủy.
鸟蛋，可食，亦可孵化。	Trứng chim, có thể ăn, cũng có thể ấp nở.
熟鸟蛋，更易保存与食用。	Trứng chim chín, dễ bảo quản và ăn hơn.
发条傀儡，行动有矩，攻其核心可破。	Bù nhìn lên dây cót, hành động có quy tắc, tấn công lõi của nó có thể phá.
火焰吹箭，附有爆裂之火，杀伤可观。	Tên thổi ngọn lửa, có thêm lửa bùng nổ, sát thương đáng kể.
催眠吹箭，中者昏睡，可制敌而非杀敌。	Tên thổi thôi miên, người trúng hôn mê, có thể chế địch mà không giết.
普通吹箭，射程有限，仅能扰敌。	Tên thổi thường, tầm bắn hạn chế, chỉ có thể quấy rầy địch.
雷电吹箭，迅疾刚猛，破邪有奇效。	Tên thổi lôi điện, nhanh mạnh cứng rắn, trừ tà có công hiệu kỳ lạ.
冰魄护符，散发寒气，可保尸体不腐，亦可伤敌。	Hộ phù băng phách, tỏa ra hàn khí, có thể giữ thi thể không thối, cũng có thể làm thương địch.
蓝宝石，内蕴极寒灵气，是上佳的冰系材料。	Bảo thạch xanh, ẩn chứa cực hàn linh khí, là nguyên liệu băng hệ thượng hạng.
一张图纸，记录了某种器物的制法。	Một tờ đồ quyển, ghi lại cách chế tạo một loại khí vật.
这张图纸记载的器物，似乎颇为不凡。	Khí vật được ghi lại trong tờ đồ quyển này, dường như khá phi thường.
雕像的构造图，需在特定地点方能建造。	Bản vẽ cấu trúc tượng đá, cần ở địa điểm đặc định mới có thể xây dựng.
一张烹饪配方卡。	Một thẻ công thức nấu ăn.
蓝蘑菇，性寒，生食可提振精神，但损生机。	Nấm xanh, tính hàn, ăn sống có thể kích thích tinh thần, nhưng tổn hại sinh cơ.
烤熟的蓝蘑菇，药性转为温和，可恢复理智。	Nấm xanh nướng chín, dược tính chuyển thành ôn hòa, có thể phục hồi lý trí.
蓝蘑菇，生于幽暗之地。	Nấm xanh, mọc ở nơi u ám.
蘑菇尚未长出地面。	Nấm chưa mọc khỏi mặt đất.
蘑菇已被采摘，需待其重新生长。	Nấm đã được hái, cần đợi mọc lại.
加工过的木板，是建造的基础材料。	Gỗ ván đã gia công, là vật liệu cơ bản để xây dựng.
骨头碎片，可用于炼制或制作某些物品。	Mảnh xương, có thể dùng để luyện chế hoặc chế tạo một số vật phẩm.
骨肉炖汤，营养丰富，可恢复体力。	Canh hầm xương thịt, giàu dinh dưỡng, có thể phục hồi thể lực.
捕虫网，可捕捉飞行昆虫，而不伤其性命。	Lưới bắt sâu, có thể bắt côn trùng bay mà không hại tính mạng.
灌木帽，穿戴后可隐匿身形于草丛。	Mũ bụi cây, sau khi đội có thể ẩn thân trong bụi cỏ.
黄油，由蝴蝶翅膀精粹而成，是上佳的食材。	Bơ, được tinh chế từ cánh bướm, là nguyên liệu thực phẩm thượng hạng.
蝴蝶，翅翼蕴含生机，可提炼精华。	Bướm, cánh ẩn chứa sinh cơ, có thể chiết xuất tinh hoa.
此蝶已受制，可取其翅或放生。	Con bướm này đã bị khống chế, có thể lấy cánh hoặc thả.
以蝴蝶翅粉入食，可稍补心神。	Dùng phấn cánh bướm vào thức ăn, có thể bổ sung chút tâm thần.
蝶翼轻薄，是炼制某些药剂的材料。	Cánh bướm mỏng nhẹ, là nguyên liệu luyện một số dược phẩm.
秃鹫，食腐为生，性情贪婪，需提防其抢夺。	Kền kền, ăn xác thối mà sống, tính tình tham lam, cần đề phòng nó cướp đoạt.
暗影所化的挖掘者，行为诡异。	Người đào hố được hóa thành từ bóng tối, hành vi quái dị.
暗影凝聚的舞者，形态不定，似有惑心之能。	Người nhảy múa được bóng tối ngưng tụ, hình thái không cố định, dường như có khả năng mê hoặc tâm.
仙人掌，耐旱多刺，果实可食，但需小心处理。	Xương rồng, chịu hạn nhiều gai, quả có thể ăn, nhưng cần cẩn thận xử lý.
仙人掌果实已被采摘，需待其重新生长。	Quả xương rồng đã được hái, cần đợi mọc lại.
烤熟的仙人掌肉，清爽解渴。	Thịt xương rồng nướng chín, mát mẻ giải khát.
仙人掌肉，需剔除尖刺方可食用。	Thịt xương rồng, cần loại bỏ gai nhọn mới có thể ăn.
仙人掌花，于恶劣环境中绽放，生命顽强。	Hoa xương rồng, nở trong môi trường khắc nghiệt, sức sống mãnh liệt.
寒焰将熄，需补充燃料。	Hàn diệm sắp tắt, cần bổ sung nhiên liệu.
冷焰燃烧，散发寒意，可保存食物。	Lạnh diệm cháy, tỏa ra hàn ý, có thể bảo quản thức ăn.
寒焰过旺，消耗加剧，需加控制。	Hàn diệm quá mạnh, tiêu hao tăng nhanh, cần kiểm soát thêm.
寒焰减弱，需添燃料以维持。	Hàn diệm yếu đi, cần thêm nhiên liệu để duy trì.
寒焰稳定，温度适宜。	Hàn diệm ổn định, nhiệt độ thích hợp.
寒焰已彻底熄灭。	Hàn diệm đã hoàn toàn tắt.
篝火余烬将灭，需添柴。	Tàn lửa trại sắp tắt, cần thêm củi.
篝火，提供光热，驱散黑暗与寒冷。	Lửa trại, cung cấp ánh sáng và hơi ấm, xua tan bóng tối và lạnh giá.
火势过猛，过于浪费燃料，且有危险。	Lửa quá mạnh, quá lãng phí nhiên liệu, và có nguy hiểm.
火焰变小，光热不足。	Lửa nhỏ lại, ánh sáng và hơi ấm không đủ.
篝火燃烧稳定。	Lửa trại cháy ổn định.
篝火已熄，仅余灰烬。	Lửa trại đã tắt, chỉ còn tro.
加速手杖，持之可提升脚力，便于赶路。	Trượng tăng tốc, cầm nó có thể nâng cao tốc độ chân, tiện đi đường.
浣猫，性情顽皮，偶尔会赠予物品。	Mèo gấu trúc, tính tình tinh nghịch, thỉnh thoảng sẽ tặng vật phẩm.
浣猫栖身的树洞。	Hốc cây nơi mèo gấu trúc trú ngụ.
树洞已空，浣猫未归。	Hốc cây đã trống, mèo gấu trúc chưa về.
浣猫皮帽，保暖效果尚可。	Mũ da mèo gấu trúc, hiệu quả giữ ấm tạm được.
浣猫之尾，似是刚取下不久。	Đuôi mèo gấu trúc, dường như vừa mới được lấy xuống.
胡萝卜，可生食，亦可烹饪。	Cà rốt, có thể ăn sống, cũng có thể nấu.
烤胡萝卜，味道更甜，易于消化。	Cà rốt nướng, vị ngọt hơn, dễ tiêu hóa.
生长中的胡萝卜。	Cà rốt đang sinh trưởng.
胡萝卜种子，需种于农田。	Hạt giống cà rốt, cần trồng trên ruộng nương.
制图桌，可绘制并分享所探明的地形。	Bàn vẽ bản đồ, có thể vẽ và chia sẻ địa hình đã khảo sát.
制图桌起火，正在燃烧。	Bàn vẽ bản đồ bốc lửa, đang cháy.
制图桌已被焚毁。	Bàn vẽ bản đồ đã bị thiêu hủy.
西瓜种子，需种于温暖之地。	Hạt giống dưa hấu, cần trồng ở nơi ấm áp.
洞穴蕨类，适应幽暗环境而生。	Dương xỉ hang động, thích nghi với môi trường u ám mà sống.
木炭，燃烧持久，是良好的燃料。	Than gỗ, cháy lâu dài, là nhiên liệu tốt.
卒子雕像，棋盘上的基础棋子。	Tượng đá tốt, quân cờ cơ bản trên bàn cờ.
战车雕像，造型稳重。	Tượng đá chiến xa, tạo hình ổn trọng.
雕像内部似有能量异动。	Bên trong tượng đá dường như có năng lượng dị động.
骑士雕像，雕琢精细。	Tượng đá kỵ sĩ, được chạm khắc tinh tế.
雕像似被某种力量牵引。	Tượng đá dường như bị một loại lực lượng kéo dắt.
主教雕像，形态庄重。	Tượng đá giám mục, hình thái trang trọng.
雕像蕴含的能量开始活跃。	Năng lượng ẩn chứa trong tượng đá bắt đầu hoạt bát.
这尊雕像的形制古老，似有来历。	Hình chế của tượng đá này cổ xưa, dường như có lai lịch.
国王雕像，颇具威仪。	Tượng đá quốc vương, khá uy nghi.
丰饶角雕像，象征富足。	Tượng đá sừng sung túc, tượng trưng cho giàu có.
烟斗雕像，做工寻常。	Tượng đá tẩu thuốc, làm thủ công thường.
独眼巨鹿雕像，散发着不祥的气息。	Tượng đá nai một mắt khổng lồ, tỏa ra khí tức bất tường.
熊獾雕像，栩栩如生，威势迫人。	Tượng đá gấu lửng, sinh động như thật, uy thế bức người.
麋鹿鹅雕像，形态奇特，兼具二者特征。	Tượng đá nai ngỗng, hình thái kỳ đặc, kết hợp đặc trưng của cả hai.
龙蝇雕像，其形态让我想起某种火系精怪。	Tượng đá chuồn chuồn rồng, hình thái của nó khiến ta nhớ đến một loại hỏa hệ tinh quái.
远古守护者雕像，记录着地底遗迹的守卫者。	Tượng đá người bảo vệ thượng cổ, ghi lại người bảo vệ di tích dưới đất.
月蛾雕像，翅翼纹路精巧。	Tượng đá bướm đêm nguyệt, vân đường cánh tinh xảo.
船锚雕像，沉重稳固，象征定力。	Tượng đá mỏ neo thuyền, nặng nề vững chắc, tượng trưng cho định lực.
月亮雕像，试图捕捉太阴之形，野心不小。	Tượng đá mặt trăng, cố gắng nắm bắt hình dạng thái âm, tham vọng không nhỏ.
胡萝卜鼠雕像，记录了一场竞速的结果。	Tượng đá chuột cà rốt, ghi lại kết quả một cuộc đua tốc độ.
邪天翁雕像，展翅姿态带着不详。	Tượng đá hải âu tà, tư thế xòe cánh mang theo bất tường.
帝王蟹雕像，甲壳峥嵘，颇具威势。	Tượng đá cua vua, vỏ giáp sừng sừng, khá uy thế.
毒菌蟾蜍雕像，形态介于菌类与动物之间，颇为奇特。	Tượng đá cóc nấm độc, hình thái giữa nấm và động vật, khá kỳ đặc.
远古织影者雕像，散发着死亡与暗影的气息。	Tượng đá người dệt bóng thượng cổ, tỏa ra khí tức của cái chết và bóng tối.
克劳斯雕像，刻画了某种被封印的魔物。	Tượng đá Klaus, khắc họa một loại ma vật bị phong ấn.
蜂王雕像，统御蜂群的王者之姿。	Tượng đá ong chúa, tư thế vương giả cai quản đàn ong.
蚁狮雕像，沙地中的潜伏者。	Tượng đá Antlion, kẻ ẩn phục trong cát.
皮弗娄牛雕像，展现了这种生物的敦厚体态。	Tượng đá bò Beefalo, thể hiện thể thái đôn hậu của sinh vật này.
小浣猫雕像，形态稚拙可爱。	Tượng đá mèo gấu trúc nhỏ, hình thái non nớt đáng yêu.
浣猫雕像，栩栩如生。	Tượng đá mèo gấu trúc, sinh động như thật.
兔人雕像，石材似乎不够坚固。	Tượng đá người thỏ, đá có vẻ không đủ vững chắc.
天体英雄雕像，象征着一次艰难的胜利。	Tượng đá anh hùng thiên thể, tượng trưng cho một chiến thắng gian khổ.
恐怖之眼雕像，凝视之深感不适。	Tượng đá mắt kinh hoàng, nhìn vào thấy rất bất an.
双子魔眼雕像，双重视线带来双倍的压力。	Tượng đá song nhãn ma mắt, ánh mắt đôi mang lại áp lực gấp đôi.
噩梦猪人雕像，煞气凝结，似有残念附着。	Tượng đá heo người ác mộng, sát khí ngưng kết, dường như có tàn niệm bám víu.
晶体独眼巨鹿雕像，异化的身躯闪烁着不祥的光芒。	Tượng đá nai một mắt tinh thể, thân thể dị biến lấp lánh ánh sáng bất tường.
附身座狼雕像，形态狰狞，野性十足。	Tượng đá chó sói phụ thể, hình thái hung tàn, man dã mười phần.
装甲熊獾雕像，厚重的甲壳下是狂暴的力量。	Tượng đá gấu lửng giáp, dưới vỏ giáp dày nặng là sức mạnh cuồng bạo.
损坏的发条零件，或许能回收些材料。	Linh kiện lên dây cót hỏng, có thể thu hồi chút nguyên liệu.
又一组发条残骸，无用之物。	Lại thêm một nhóm tàn hài lên dây cót, vật vô dụng.
一堆破碎的发条装置，已无修复价值。	Một đống thiết bị lên dây cót vỡ nát, không còn giá trị tu sửa.
这只眼骨生物似乎拥有储物之能，颇为奇特。	Sinh vật nhãn cốt này dường như có khả năng trữ vật, khá kỳ đặc.
眼骨，与那只储物生物有着紧密联系。	Nhãn cốt, có mối liên hệ chặt chẽ với sinh vật trữ vật kia.
眼骨暂时失去了活性，联系中断。	Nhãn cốt tạm thời mất hoạt tính, liên hệ bị gián đoạn.
煮熟的曼德拉草，药性已变，可安全食用。	Cây Mandrake đã nấu chín, dược tính đã thay đổi, có thể an toàn ăn.
熟肉，基本的食物来源。	Thịt chín, nguồn thức ăn cơ bản.
熟怪物肉，毒性稍减，但仍需谨慎食用。	Thịt quái vật chín, độc tính hơi giảm, nhưng vẫn cần cẩn thận ăn.
小块熟肉，可快速补充体力。	Thịt chín miếng nhỏ, có thể nhanh chóng bổ sung thể lực.
烹饪需要时间，耐心等待。	Nấu ăn cần thời gian, hãy kiên nhẫn chờ đợi.
食物即将烹煮完成。	Thức ăn sắp nấu xong.
烹饪完成，可以取用了。	Nấu ăn hoàn thành, có thể lấy rồi.
一口空锅，等待放入食材。	Một cái nồi trống, chờ cho nguyên liệu vào.
烹饪锅因过度加热而损毁。	Nồi nấu bị hỏng vì quá nóng.
玉米，可作主食或加工。	Ngô, có thể làm lương thực chính hoặc chế biến.
爆米花，是玉米受热后的产物。	Bỏng ngô, là sản phẩm của ngô khi bị nung nóng.
玉米种子，需种于农田。	Hạt giống ngô, cần trồng trên ruộng nương.
金丝雀，羽色鲜亮，对毒气敏感。	Chim hoàng yến, lông màu rực rỡ, nhạy cảm với khí độc.
手持金丝雀，需小心对待。	Cầm chim hoàng yến trên tay, cần cẩn thận đối đãi.
金丝雀已中毒，这是危险的信号。	Chim hoàng yến đã trúng độc, đây là tín hiệu nguy hiểm.
岩石巢穴，似乎能孕育出奇特的小型生物。	Tổ đá, dường như có thể ươm ra sinh vật nhỏ kỳ đặc.
格罗姆幼体，散发着温和的光芒。	Glommer non, tỏa ra ánh sáng ôn hòa.
小龙蝇，虽小却已显露出火系特征。	Rồng ruồi nhỏ, tuy nhỏ nhưng đã lộ ra đặc trưng hỏa hệ.
钢羊幼崽，体表覆盖着特殊的黏液。	Cừu thép non, bề mặt cơ thể bao phủ chất nhớt đặc biệt.
座狼幼崽，已有猎食者的眼神。	Chó sói bờm non, đã có ánh mắt của kẻ săn mồi.
浣猫幼崽，活泼好动。	Mèo gấu trúc con, hoạt bát hiếu động.
火鸡幼崽，成长迅速。	Gà tây con, lớn nhanh.
月蛾幼体，在暗处会发出微光。	Bướm đêm nguyệt non, trong bóng tối sẽ phát ra ánh sáng nhỏ.
乌鸦，叫声聒噪，常被视为不祥之兆。	Quạ, tiếng kêu ồn ào, thường được coi là điềm bất tường.
乌鸦在手中挣扎，羽翼扑腾。	Quạ trong tay vùng vẫy, cánh đập phần phật.
割下的草，是常用的编织和建造材料。	Cỏ đã cắt, là nguyên liệu thường dùng để đan và xây dựng.
芦苇杆，中空坚韧，可制作箭矢或乐器。	Thân sậy, rỗng bên trong bền bỉ, có thể làm tên hoặc nhạc cụ.
切割规整的石砖，是建筑的基石。	Gạch đá được cắt ngay ngắn, là nền tảng của kiến trúc.
此物蕴含剧毒，触之即死。	Vật này ẩn chứa kịch độc, chạm vào là chết.
无眼鹿，虽无目却能感知周围，颇为奇特。	Nai không mắt, tuy không có mắt nhưng có thể cảm nhận xung quanh, khá kỳ đặc.
无眼鹿的角似乎快要脱落了。	Sừng của nai không mắt dường như sắp rụng.
脱落的鹿角，质地坚硬，是良好的材料。	Sừng đã rụng, chất liệu cứng, là nguyên liệu tốt.
这头无眼鹿被宝石寄生，行为变得异常。	Con nai không mắt này bị bảo thạch ký sinh, hành vi trở nên bất thường.
独眼巨鹿，寒冬的灾厄化身，力量惊人。	Nai khổng lồ một mắt, hiện thân tai họa mùa đông, sức mạnh kinh ngạc.
巨鹿的眼球，仍残留着强大的冰寒之力。	Mắt của nai khổng lồ, vẫn còn sót lại sức mạnh băng hàn mạnh mẽ.
以巨鹿眼球制成的伞，能有效抵御雨雪。	Ô được chế từ mắt nai khổng lồ, có thể chống mưa tuyết hiệu quả.
草已被割尽，需等待其重新生长。	Cỏ đã bị cắt hết, cần đợi mọc lại.
护目镜，可保护眼睛免受风沙强光刺激。	Kính bảo hộ, có thể bảo vệ mắt tránh gió cát và ánh sáng mạnh.
沙漠风镜，于沙暴环境中不可或缺。	Kính sa mạc, trong môi trường bão cát không thể thiếu.
蚁狮甲壳制成的头盔，似乎能影响大地。	Mũ giáp được chế từ vỏ Antlion, dường như có thể ảnh hưởng đến đại địa.
这件工具构造奇特，非此界寻常之物。	Cấu trúc công cụ này kỳ đặc, không phải vật tầm thường của thế giới này.
一件看似无用的小工具。	Một công cụ nhỏ trông vô dụng.
这土堆似有翻动痕迹，下面可能埋有东西。	Đống đất này dường như có dấu hiệu bị đào bới, bên dưới có thể chôn vùi thứ gì đó.
探测杖毫无反应，目标尚远。	Gậy thăm dò không có phản ứng gì, mục tiêu còn xa.
探测杖，能感应并指引方向。	Gậy thăm dò, có thể cảm ứng và chỉ dẫn phương hướng.
探测杖反应剧烈，目标近在咫尺。	Gậy thăm dò phản ứng mạnh mẽ, mục tiêu ngay trước mắt.
探测杖传来微弱感应，方向正确。	Gậy thăm dò truyền đến cảm ứng yếu ớt, hướng đúng.
探测杖感应强烈，已非常接近目标。	Gậy thăm dò cảm ứng mạnh mẽ, đã rất gần mục tiêu.
一个古老基座，似乎需要特定钥匙激活。	Một bệ cổ xưa, dường như cần chìa khóa đặc định để kích hoạt.
基座已充能，等待插入钥匙启动。	Bệ đã nạp năng, chờ cắm chìa khóa khởi động.
基座机关已解锁，可以使用了。	Cơ quan bệ đã được mở khóa, có thể sử dụng rồi.
那根法杖似乎是启动基座的关键。	Chiếc gậy pháp đó dường như là chìa khóa để khởi động bệ.
龙蝇，掌控烈焰的强大生物。	Rồng ruồi, sinh vật mạnh mẽ nắm giữ liệt diệm.
龙鳞甲，耐火性极佳，是应对火焰的绝佳防护。	Giáp vảy rồng, khả năng chịu lửa cực tốt, là sự phòng hộ tuyệt vời chống lại lửa.
龙蝇鳞片，蕴含精纯火灵之力。	Vảy rồng ruồi, ẩn chứa hỏa linh chi lực tinh thuần.
龙鳞宝箱，坚固且能防火，可安全储物。	Rương vảy rồng, vững chắc và có thể chống lửa, có thể an toàn lưu trữ.
火炉结构受损，功能不稳定。	Cấu trúc lò lửa bị hư hỏng, chức năng không ổn định.
龙鳞火炉，散发着稳定的热力。	Lò lửa vảy rồng, tỏa ra nhiệt lực ổn định.
火炉核心被激活，热力有所提升。	Lõi lò lửa được kích hoạt, nhiệt lực có phần nâng cao.
火炉核心全力运转，热浪汹涌。	Lõi lò lửa vận hành toàn lực, sóng nhiệt dữ dội.
哈奇，一种奇特的水生生物，能储存物品。	Hutch, một loại sinh vật thủy sinh kỳ đặc, có thể lưu trữ vật phẩm.
这个鱼缸是召唤哈奇的容器。	Bể cá này là vật chứa để triệu hoán Hutch.
鱼缸能量耗尽，哈奇暂时无法显现。	Năng lượng bể cá cạn kiệt, Hutch tạm thời không thể hiện ra.
龙蝇唾液，高温且具有粘性，十分危险。	Nước bọt rồng ruồi, nhiệt độ cao và có tính dính, rất nguy hiểm.
龙蝇唾液已冷却凝固，威胁解除。	Nước bọt rồng ruồi đã nguội lạnh đông đặc, mối đe dọa giải trừ.
岩浆池，极端高温，靠近会引火烧身。	Hồ dung nham, nhiệt độ cực cao, đến gần sẽ bị lửa thiêu.
岩浆虫，由龙蝇所产，周身环绕高温。	Sâu dung nham, do rồng ruồi đẻ ra, toàn thân vây quanh nhiệt độ cao.
冷却的虫卵，岩浆虫在其中休眠。	Trứng sâu đã nguội, sâu dung nham ngủ đông bên trong.
这只岩浆虫极度饥饿，急需喂食。	Con sâu dung nham này đói cực độ, cấp bách cần cho ăn.
岩浆虫似乎有些饿了。	Sâu dung nham dường như hơi đói.
岩浆虫目前状态满足。	Sâu dung nham hiện tại trạng thái thỏa mãn.
一只被驯化的岩浆虫，能提供温暖。	Một con sâu dung nham đã được thuần hóa, có thể cung cấp hơi ấm.
一枚岩浆虫卵，需要高温环境才能孵化。	Một quả trứng sâu dung nham, cần môi trường nhiệt độ cao mới có thể ấp nở.
温度过低，虫卵停止孵化。	Nhiệt độ quá thấp, trứng sâu ngừng ấp nở.
虫卵处于适宜的孵化温度，正在活跃变化。	Trứng sâu đang ở nhiệt độ ấp nở thích hợp, đang thay đổi tích cực.
岩浆虫的牙齿，坚硬且带有余温。	Răng của sâu dung nham, cứng và mang theo nhiệt độ dư.
火龙果，外皮奇特，果肉清甜。	Thanh long, vỏ ngoài kỳ đặc, thịt quả thanh ngọt.
烤过的火龙果，风味更佳。	Thanh long đã nướng, hương vị tốt hơn.
火龙果种子，需在温暖气候下种植。	Hạt giống thanh long, cần trồng trong khí hậu ấm áp.
火龙果派，是种能提供大量饱食度的食物。	Bánh thanh long, là loại thức ăn có thể cung cấp nhiều no bụng.
生鸟腿，需要烹饪后才能安全食用。	Chân chim sống, cần nấu chín mới có thể an toàn ăn.
烤鸟腿，是恢复体力的可靠食物。	Chân chim nướng, là thức ăn đáng tin cậy để phục hồi thể lực.
连根挖起的浆果丛，可以移植到合适的地方。	Bụi quả mọng được đào cả gốc, có thể di chuyển đến nơi thích hợp.
连根挖起的多汁浆果丛，等待移植。	Bụi quả mọng nhiều nước được đào cả gốc, chờ di chuyển.
连根挖起的草簇，可以重新种植。	Cụm cỏ được đào cả gốc, có thể trồng lại.
挖出的尖刺灌木，需小心处理。	Bụi gai được đào lên, cần cẩn thận xử lý.
挖出的小树苗，需要找地方种下。	Cây con được đào lên, cần tìm chỗ trồng xuống.
榴莲，气味浓烈，但营养价值高。	Sầu riêng, mùi nồng, nhưng giá trị dinh dưỡng cao.
烤榴莲，气味依旧，但口感有所变化。	Sầu riêng nướng, mùi vẫn còn, nhưng cảm giác miệng có thay đổi.
榴莲种子，可种植出榴莲树。	Hạt sầu riêng, có thể trồng ra cây sầu riêng.
兔毛耳罩，能有效抵御寒冷。	Bịt tai lông thỏ, có thể chống lạnh hiệu quả.
茄子，一种常见的蔬菜。	Cà tím, một loại rau thường gặp.
烤茄子，是道简单的菜肴。	Cà tím nướng, là món ăn đơn giản.
茄子种子，用于种植茄子。	Hạt giống cà tím, dùng để trồng cà tím.
茶几已被烧毁。	Bàn trà nhỏ đã bị thiêu hủy.
一张装饰用的茶几，插着花。	Một chiếc bàn trà nhỏ trang trí, cắm hoa.
空茶几，可以放置一些物品。	Bàn trà nhỏ trống, có thể đặt một số vật phẩm.
茶几上的花已经枯萎了。	Hoa trên bàn trà nhỏ đã khô héo.
茶几上的荧光果提供着稳定的照明。	Quả phát sáng trên bàn trà nhỏ cung cấp ánh sáng ổn định.
茶几上的荧光果光芒即将熄灭。	Ánh sáng quả phát sáng trên bàn trà nhỏ sắp tắt.
桦栗树正在燃烧。	Cây dẻ bạch đang cháy.
桦栗树已被烧成焦炭。	Cây dẻ bạch đã bị thiêu thành than.
桦栗树已被砍倒。	Cây dẻ bạch đã bị chặt hạ.
这棵桦栗树似乎被污染了，散发着不祥的气息。	Cây dẻ bạch này dường như bị ô nhiễm, tỏa ra khí tức bất tường.
一棵健康的桦栗树，秋季会结果。	Một cây dẻ bạch khỏe mạnh, mùa thu sẽ kết quả.
桦栗果，可以种植，也可以烤食。	Quả dẻ bạch, có thể trồng, cũng có thể nướng ăn.
一棵桦栗树苗，需要时间成长。	Một cây dẻ bạch con, cần thời gian để lớn.
烤熟的桦栗果，可以食用。	Quả dẻ bạch nướng chín, có thể ăn.
从桦栗果中诞生的树精，具有攻击性。	Cây tinh được sinh ra từ quả dẻ bạch, có tính tấn công.
常青树正在燃烧。	Cây thường xanh đang cháy.
常青树已被烧毁。	Cây thường xanh đã bị thiêu hủy.
常青树已被砍伐。	Cây thường xanh đã bị chặt phá.
一棵常青树，可提供木材和松果。	Một cây thường xanh, có thể cung cấp gỗ và quả thông.
这棵贫瘠的常青树正在燃烧。	Cây thường xanh cằn cỗi này đang cháy.
这棵常青树已被烧毁。	Cây thường xanh này đã bị thiêu hủy.
这棵常青树已被砍倒。	Cây thường xanh này đã bị chặt hạ.
一棵生长不良的常青树，不结果实。	Một cây thường xanh sinh trưởng kém, không kết quả.
多枝树正在燃烧。	Cây nhiều cành đang cháy.
多枝树已被烧毁。	Cây nhiều cành đã bị thiêu hủy.
多枝树已被砍倒，主要获得树枝。	Cây nhiều cành đã bị chặt hạ, chủ yếu thu được cành cây.
多枝树，主要产出树枝，木材较少。	Cây nhiều cành, chủ yếu sản xuất cành cây, gỗ ít hơn.
这棵多枝树染病了。	Cây nhiều cành này đã bị bệnh.
多枝树苗，生长缓慢但生命力顽强。	Cây con nhiều cành, sinh trưởng chậm nhưng sức sống mãnh liệt.
老化的多枝树，产出的树枝更为粗壮。	Cây nhiều cành lão hóa, cành cây sản xuất ra càng thêm mạnh mẽ.
多枝树的种子，可以种植。	Hạt giống cây nhiều cành, có thể trồng.
眼球草，会主动攻击靠近的生物。	Cỏ mắt, sẽ chủ động tấn công sinh vật đến gần.
检查自身的状态。	Kiểm tra trạng thái của bản thân.
一块开垦好的农田，可以种植作物。	Một mảnh ruộng đã khai hoang, có thể trồng cây.
作物正在生长。	Cây trồng đang sinh trưởng.
这块地需要施肥了。	Mảnh đất này cần bón phân rồi.
农田被烧毁了。	Ruộng nương đã bị thiêu hủy.
羽毛帽，由各种鸟羽制成，颇具装饰性。	Mũ lông, được làm từ các loại lông chim, khá trang trí.
乌鸦羽毛。	Lông quạ.
知更鸟的红色羽毛。	Lông đỏ của chim cổ đỏ.
冬季知更鸟的蓝色羽毛。	Lông xanh của chim cổ đỏ mùa đông.
金丝雀的黄色羽毛。	Lông vàng của chim hoàng yến.
羽毛笔，可以用来绘制地图标记。	Bút lông, có thể dùng để vẽ dấu hiệu bản đồ.
烹饪指南，记录了各种食物的制作方法。	Hướng dẫn nấu ăn, ghi lại cách làm các loại thức ăn.
一个女性人偶，似乎被禁锢着。	Một con búp bê nữ, dường như bị giam cầm.
萤火虫，在夜间聚集发光，可以捕捉。	Đom đóm, ban đêm tụ tập phát sáng, có thể bắt.
萤火虫在手中发出微弱的光芒。	Đom đóm trong tay phát ra ánh sáng yếu ớt.
火猎犬，死亡时会爆出火焰，需小心应对。	Chó săn lửa, khi chết sẽ bùng phát lửa, cần cẩn thận ứng phó.
火坑的火即将熄灭。	Lửa trong hầm lửa sắp tắt.
石制火坑，比普通营火更安全。	Hầm lửa bằng đá, an toàn hơn lửa trại thường.
火坑火势很旺。	Lửa trong hầm lửa rất mạnh.
火坑的火变小了。	Lửa trong hầm lửa nhỏ lại.
火坑在稳定燃烧。	Hầm lửa đang cháy ổn định.
火坑已经熄灭，可以重新点燃。	Hầm lửa đã tắt, có thể nhóm lại.
冷火坑的火即将熄灭。	Lửa trong hầm lạnh sắp tắt.
冷火坑，发出寒光而非热量。	Hầm lạnh, phát ra ánh sáng lạnh chứ không phải nhiệt lượng.
冷火坑的火焰很猛烈。	Lửa trong hầm lạnh rất mãnh liệt.
冷火坑的火焰减弱了。	Lửa trong hầm lạnh yếu đi.
冷火坑在稳定燃烧。	Hầm lạnh đang cháy ổn định.
冷火坑已经熄灭。	Hầm lạnh đã tắt.
火焰法杖，能发射火球点燃目标。	Hỏa diệm pháp trượng, có thể phóng hỏa cầu đốt cháy mục tiêu.
雪球发射器正在运行，自动扑灭周围的火。	Máy phóng bóng tuyết đang chạy, tự động dập tắt lửa xung quanh.
雪球发射器目前处于关闭状态。	Máy phóng bóng tuyết hiện đang trong trạng thái tắt.
雪球发射器的燃料不足了。	Nhiên liệu máy phóng bóng tuyết không đủ rồi.
鱼，可以烹饪食用。	Cá, có thể nấu ăn.
钓竿，用来从水域中钓鱼。	Cần câu, dùng để câu cá từ vùng nước.
炸鱼排，能有效恢复饥饿值。	Miếng cá chiên, có thể phục hồi no bụng hiệu quả.
鱼肉塔可，是种不错的食物。	Tacos cá, là loại thức ăn không tệ.
熟鱼，比生鱼更安全可口。	Cá chín, an toàn và ngon hơn cá sống.
燧石，是制作工具和武器的基本材料。	Đá lửa, là nguyên liệu cơ bản để làm công cụ và vũ khí.
一朵普通的花。	Một bông hoa thường.
一朵玫瑰花。	Một bông hoa hồng.
这朵花枯萎了。	Bông hoa này đã khô héo.
花环，戴在头上能小幅恢复理智。	Vòng hoa, đội trên đầu có thể phục hồi lý trí một chút.
恶魔花，靠近会侵蚀理智。	Hoa ác ma, đến gần sẽ xâm thực lý trí.
蕨叶，可作烹饪填充物或喂食给某些生物。	Lá dương xỉ, có thể dùng làm chất độn nấu ăn hoặc cho một số sinh vật ăn.
橄榄球头盔，能提供不错的头部防护。	Mũ bảo hiểm bóng bầu dục, có thể cung cấp sự bảo vệ đầu không tệ.
一块化石碎片，需要凑齐其他部分。	Một mảnh hóa thạch, cần tập hợp đủ các phần còn lại.
这是一个不完整的骨架，还缺少一些骨头。	Đây là một bộ xương chưa hoàn chỉnh, vẫn còn thiếu một số xương.
这个骨架拼得不太对劲。	Bộ xương này ghép không đúng lắm.
骨架已经完整拼合，似乎蕴含着某种力量。	Bộ xương đã ghép hoàn chỉnh, dường như ẩn chứa một loại sức mạnh.
暗影编织者，由骨头和暗影构成的强大生物。	Kẻ dệt bóng tối, sinh vật mạnh mẽ được cấu thành từ xương và bóng tối.
远古织影者，散发着令人不安的远古气息。	Kẻ dệt bóng thượng cổ, tỏa ra khí tức thượng cổ khiến người bất an.
暗影爬行者，是织影者的仆从。	Kẻ bò bóng tối, là tùy tùng của kẻ dệt bóng.
暗影香炉，它的光芒能安抚暗影生物。	Lư hương bóng tối, ánh sáng của nó có thể xoa dịu sinh vật bóng tối.
这些远古符文的意义难以解读。	Ý nghĩa của những phù văn thượng cổ này khó có thể giải đọc.
青蛙死了。	Con ếch chết rồi.
青蛙，会主动攻击并偷取物品。	Ếch, sẽ chủ động tấn công và đánh cắp vật phẩm.
一只正在睡觉的青蛙。	Một con ếch đang ngủ.
蛙腿三明治，能提供不错的饱食度。	Bánh mì kẹp đùi ếch, có thể cung cấp no bụng không tệ.
生蛙腿，需要烹饪。	Đùi ếch sống, cần nấu chín.
熟蛙腿，可以安全食用。	Đùi ếch chín, có thể an toàn ăn.
水果拼盘，由多种水果制成。	Đĩa trái cây, được làm từ nhiều loại trái cây.
一块毛簇，来自皮弗娄牛。	Một cụm lông, đến từ bò Beefalo.
齿轮，是制作发条装置的核心零件。	Bánh răng, là linh kiện cốt lõi để chế tạo thiết bị lên dây cót.
幽灵，没有实体，需要用特定方式安抚或驱散。	Bóng ma, không có thực thể, cần dùng cách đặc định để xoa dịu hoặc xua tan.
金斧头，比普通斧头更耐用。	Rìu vàng, bền hơn rìu thường.
金镐，耐久度更高。	Cuốc vàng, độ bền cao hơn.
金叉，可以用来移植草皮和灌木。	Nĩa vàng, có thể dùng để di chuyển thảm cỏ và bụi cây.
金铲，挖掘次数更多。	Xẻng vàng, số lần đào nhiều hơn.
金块，是珍贵的制作材料。	Thỏi vàng, là nguyên liệu chế tạo quý giá.
这簇草需要施肥才能再次生长。	Cụm cỏ này cần bón phân mới có thể sinh trưởng lại.
草因高温而枯萎了。	Cỏ khô héo vì nhiệt độ cao.
草着火了。	Cỏ bốc lửa rồi.
一簇草，可以收割。	Một cụm cỏ, có thể thu hoạch.
草已被收割，需要时间重新生长。	Cỏ đã được thu hoạch, cần thời gian mọc lại.
这簇草生病了。	Cụm cỏ này bị bệnh rồi.
这簇草看起来不太健康。	Cụm cỏ này trông không được khỏe.
草壁虎，会吃掉附近的草。	Tắc kè cỏ, sẽ ăn cỏ gần đó.
这只草壁虎生病了。	Con tắc kè cỏ này bị bệnh rồi.
绿蘑菇，生食会降低理智。	Nấm xanh, ăn sống sẽ giảm lý trí.
烤熟的绿蘑菇，食用可恢复理智。	Nấm xanh nướng chín, ăn có thể phục hồi lý trí.
绿蘑菇，生长在洞穴或夜晚。	Nấm xanh, mọc trong hang động hoặc ban đêm.
绿蘑菇还没长出来。	Nấm xanh chưa mọc ra.
绿蘑菇已被采摘，需要时间再生。	Nấm xanh đã được hái, cần thời gian mọc lại.
火药，可用于制作爆炸物。	Thuốc súng, có thể dùng để làm vật nổ.
火腿棍，一种用肉制成的临时武器，会随时间腐烂。	Gậy thịt, một loại vũ khí tạm thời làm từ thịt, sẽ thối theo thời gian.
锤子，用于拆解建筑和装置。	Búa, dùng để tháo dỡ công trình và thiết bị.
治疗药膏，能快速治愈伤口。	Thuốc mỡ chữa trị, có thể nhanh chóng chữa lành vết thương.
暖石现在很冰冷。	Đá ấm bây giờ rất lạnh giá.
暖石是凉的。	Đá ấm hơi mát.
暖石，会与环境温度保持一致。	Đá ấm, sẽ duy trì nhiệt độ đồng nhất với môi trường.
暖石是温的。	Đá ấm hơi ấm.
暖石现在很烫。	Đá ấm bây giờ rất nóng.
这里可以称为一个落脚点。	Nơi này có thể gọi là điểm dừng chân.
一个写有信息的木牌。	Một tấm biển gỗ có ghi thông tin.
一个空白的木牌，可以写上信息。	Một tấm biển gỗ trống, có thể viết thông tin lên.
木牌被烧毁了。	Tấm biển gỗ đã bị thiêu hủy.
一个指示方向的箭头路牌。	Một biển chỉ đường hình mũi tên.
一个空白的箭头路牌。	Một biển hình mũi tên trống.
箭头路牌被烧毁了。	Biển hình mũi tên đã bị thiêu hủy.
一块指示方向的路牌。	Một biển chỉ đường.
一块空白的路牌，可以标注方向。	Một biển chỉ đường trống, có thể đánh dấu hướng.
路牌被烧毁了。	Biển chỉ đường đã bị thiêu hủy.
蜂蜜，是种多用途的甜味剂和食材。	Mật ong, là loại chất làm ngọt và thực phẩm đa dụng.
蜂巢，里面可能还残留着蜂蜜。	Tổ ong, bên trong có thể còn sót lại mật ong.
蜜汁火腿，能提供大量的饱食度。	Thịt muối mật ong, có thể cung cấp no bụng nhiều.
蜂蜜 nuggets，是道不错的点心。	Nuggets mật ong, là món điểm tâm không tệ.
牛角，吹响它可以召唤皮弗娄牛。	Sừng bò, thổi lên có thể triệu hoán bò Beefalo.
猎犬，会主动攻击，常成群出现。	Chó săn, sẽ chủ động tấn công, thường xuất hiện theo đàn.
一只猎犬的尸体。	Xác chết của một con chó săn.
猎犬的尸体在燃烧。	Xác chó săn đang cháy.
猎犬的尸体正在发生异变！	Xác chó săn đang xảy ra dị biến!
猎犬的骨头。	Xương của chó săn.
猎犬的巢穴，会不断生出新的猎犬。	Tổ chó săn, sẽ liên tục sinh ra chó săn mới.
冰箱，能有效延长食物的保鲜期。	Tủ lạnh, có thể kéo dài thời gian bảo quản thức ăn hiệu quả.
冰帽，佩戴时能缓慢降低体温。	Mũ băng, khi đội có thể từ từ hạ thân nhiệt.
冰猎犬，死亡时会释放寒气。	Chó săn băng, khi chết sẽ phóng thích hàn khí.
这座方尖碑散发着扰乱心智的能量。	Tháp nhọn này tỏa ra năng lượng quấy rầy tâm trí.
这座方尖碑目前是平静的。	Tháp nhọn này hiện đang bình tĩnh.
果酱，由水果制成，不易腐坏。	Mứt, được làm từ trái cây, không dễ thối.
肉串，便于携带和食用。	Thịt xiên, tiện mang theo và ăn.
杀人蜂，攻击性极强。	Ong sát thủ, tính tấn công cực mạnh.
手持杀人蜂，需格外小心。	Cầm ong sát thủ trên tay, cần hết sức cẩn thận.
发条骑士，一种机械构造体，攻击方式规律。	Kỵ sĩ lên dây cót, một loại cấu thể cơ khí, cách tấn công có quy luật.
夏季考拉象，性情相对温和。	Koalephant mùa hè, tính tình tương đối ôn hòa.
冬季考拉象，皮毛厚实以御寒。	Koalephant mùa đông, da lông dày thực để chống lạnh.
考拉象的尸体，可以获取大量肉和皮毛。	Xác koalephant, có thể thu hoạch nhiều thịt và da lông.
坎普斯，会偷取地上物品的怪物。	Krampus, quái vật sẽ đánh cắp vật phẩm trên đất.
坎普斯的袋子，拥有巨大的储物空间。	Túi của Krampus, có không gian lưu trữ khổng lồ.
树精守卫，会攻击砍伐树木的人。	Thần cây bảo vệ, sẽ tấn công người chặt cây.
枯木树精，同样会守护树林。	Thần cây khô, cũng sẽ bảo vệ rừng cây.
薇洛的打火机，提供持久的火源。	Bật lửa của Willow, cung cấp nguồn lửa lâu dài.
避雷针已充满电荷，闪闪发光。	Cột thu lôi đã nạp đầy điện tích, lấp lánh.
避雷针，能吸引闪电保护周围的建筑。	Cột thu lôi, có thể thu hút sét để bảo vệ công trình xung quanh.
伏特羊，一种能产生电荷的山羊。	Cừu Volt, một loại dê có thể sản sinh điện tích.
伏特羊被闪电充能，变得更具攻击性。	Cừu Volt bị sét nạp năng, trở nên tấn công mạnh hơn.
伏特羊角，是良好的导电材料。	Sừng cừu Volt, là nguyên liệu dẫn điện tốt.
带电的羊奶，饮用它可能会受到电击。	Sữa cừu có điện, uống nó có thể bị điện giật.
小海象，会跟随它的父亲。	Hải mã nhỏ, sẽ đi theo cha của nó.
活木，蕴含生命能量的木头。	Cây sống, gỗ ẩn chứa năng lượng sinh mệnh.
木头在燃烧。	Gỗ đang cháy.
木头，基础的建筑和燃料材料。	Gỗ, nguyên liệu xây dựng và nhiên liệu cơ bản.
此斧竟生器灵，已非凡物。	Chiếc rìu này thực sự sinh ra khí linh, đã không phải phàm vật.
诱妖花，以幻饵惑心，吞食生灵。	Hoa dụ yêu, dùng mồi ảo mê hoặc tâm, nuốt sống sinh linh.
此花妖种，可植于洞府之外以御外敌。	Hạt giống hoa yêu này, có thể trồng ngoài động phủ để chống ngoại địch.
此儡似有残魂依附，怨念不散。	Con rối này dường như có tàn hồn bám víu, oán niệm chẳng tan.
曼德拉草精，其啼摄魂，速速封禁！	Tinh Mandrake, tiếng kêu của nó thu hồn, nhanh phong ấn!
地脉交汇处，竟生此通灵草精。	Nơi địa mạch hội tụ, thực sự sinh ra thảo tinh thông linh này.
曼德拉草，蕴含极阴之气，可入药亦可炼魂。	Mandrake, ẩn chứa cực âm chi khí, có thể làm thuốc cũng có thể luyện hồn.
一碗魂汤，饮之堕入梦魇，百年难醒。	Một bát canh hồn, uống vào rơi vào ác mộng, trăm năm khó tỉnh.
草精经真火淬炼，药性已变，可炼定魂丹。	Thảo tinh được chân hỏa tôi luyện, dược tính đã thay đổi, có thể luyện định hồn đan.
空白玉简，需以神识刻录山河地貌，方可与他人交感。	Ngọc giản trắng, cần dùng thần thức khắc ghi địa mạo sơn hà, mới có thể cảm ứng với người khác.
玄玉石，乃炼制防御法器的上佳材料。	Huyền ngọc thạch, là nguyên liệu thượng hạng để luyện pháp khí phòng thủ.
石中蕴灵，此种可生玄玉林，布阵最佳。	Đá ẩn chứa linh, giống này có thể mọc rừng huyền ngọc, bố trận tốt nhất.
玄玉树苗，灵气内敛，待其成林。	Cây con huyền ngọc, linh khí thu liễm, đợi nó thành rừng.
玄玉灌木，金刚不坏，可挡灾劫。	Bụi huyền ngọc, kim cương bất hoại, có thể chặn tai kiếp.
玄玉柱，上接清气，下镇地脉，可作山门之基。	Trụ huyền ngọc, trên tiếp thanh khí, dưới trấn địa mạch, có thể làm nền tảng cổng núi.
玄玉神木，万载不朽，非仙剑不可伤其分毫。	Thần mộc huyền ngọc, vạn năm không mục, không có tiên kiếm không thể tổn thương dù một phân.
毒棘已焚，煞气暂消。	Gai độc đã thiêu, sát khí tạm tiêu.
阴火焚棘，噼啪作响。	Âm hỏa thiêu gai, lách tách vang.
幽冥棘丛，暗藏毒刺，触之则损精元。	Gai tùng u minh, ẩn chứa gai độc, chạm vào sẽ tổn thương tinh nguyên.
哼，区区毒刺，也敢伤我道体！	Hừ, gai độc bình thường, cũng dám làm tổn thương đạo thể của ta!
棘丛成灰，阴毒尽散。	Gai tùng thành tro, âm độc tản hết.
沼生凡草，阴气滋养，可作低阶毒媒。	Cỏ đầm lầy thường, được âm khí nuôi dưỡng, có thể làm môi chất độc cấp thấp.
阴木遇火，其焰幽蓝。	Âm mộc gặp lửa, ngọn lửa màu xanh u ám.
焦枯阴木，再无威胁。	Âm mộc cháy khô, không còn mối đe dọa.
毒刺已除，此木可为我所用。	Gai độc đã loại bỏ, gỗ này có thể cho ta sử dụng.
刺骨毒木，盘踞污秽之地，吸纳死气而生。	Độc mộc đâm xương, chiếm giữ đất ô uế, hút tử khí mà sống.
此界镇守者？气息诡谲，似人非人。	Người trấn giữ thế giới này? Khí tức quái dị, giống người mà không phải người.
一首级竟能存世，其上怨念与魔力交织。	Một đầu người thực sự có thể tồn tại trên đời, oán niệm và ma lực trên đó đan xen.
此灯以魂力为引，竟能辟易黑暗。	Đèn này dùng hồn lực làm dẫn, thực sự có thể xua tan bóng tối.
锁窍暗合九幽阵纹，非寻常钥匙可开。	Ổ khóa ngầm hợp với trận văn Cửu U, không phải chìa khóa thường có thể mở.
魔气森然的王座，凡人岂可染指？	Ngai vàng đầy ma khí, phàm nhân sao có thể đụng chạm?
血肉精华，可补气血，然杂质颇多。	Tinh hoa huyết nhục, có thể bổ khí huyết, nhưng tạp chất khá nhiều.
肉糜成丸，虽易食，却失了锤炼气血之效。	Thịt mịn thành viên, tuy dễ ăn, nhưng mất đi hiệu quả tôi luyện khí huyết.
肉干已成，气血内蕴，便于携带。	Thịt khô đã thành, khí huyết ẩn chứa, tiện mang theo.
风干淬炼，去芜存菁。	Phơi gió tôi luyện, loại bỏ tạp lưu giữ tinh túy.
天降甘霖，却扰我淬炼气血之功。	Trời ban cam lộ, nhưng lại quấy rầy công phu tôi luyện khí huyết của ta.
以此架风干灵肉，可锁其精华。	Dùng giá này phơi linh nhục, có thể khóa giữ tinh hoa của nó.
真火失控，肉架尽毁，可惜了这些灵材。	Chân hỏa mất kiểm soát, giá thịt hủy hết, tiếc cho những linh tài này.
风干灵植，药性更纯。	Linh thực phơi gió, dược tính càng thuần.
借风雷之力，淬炼草木精华。	Mượn sức phong lôi, tôi luyện tinh hoa thảo mộc.
雨露虽含生机，此刻却碍我淬药。	Mưa sương tuy chứa sinh cơ, lúc này lại cản trở ta tôi luyện thuốc.
灵肉干，气血凝而不散，乃闭关辟谷之上品。	Linh nhục khô, khí huyết ngưng mà không tán, là thượng phẩm để bế quan tịch cốc.
沼底鱼妖，灵智未开，只知凭本能袭扰过客。	Ngư yêu đáy đầm, linh trí chưa khai mở, chỉ biết dựa vào bản năng tấn công khách qua đường.
鱼妖首级，腥煞之气冲天，可布邪阵或炼毒。	Đầu ngư yêu, tanh sát chi khí xung thiên, có thể bố trận tà hoặc luyện độc.
鱼首成炭，煞气已泄，沦为无用秽物。	Đầu cá thành than, sát khí đã rò rỉ, suy thành vật ô uế vô dụng.
鱼妖巢穴，以污秽水藻与朽木搭建，腥臭不堪。	Tổ ngư yêu, được xây bằng rêu nước ô uế và gỗ mục, tanh hôi không chịu được.
妖巢焚毁，污秽暂清，然此地风水已遭败坏。	Tổ yêu thiêu hủy, ô uế tạm sạch, nhưng phong thủy nơi này đã bị hủy hoại.
额前嵌光石，夜探矿脉如白昼。	Đá sáng nhúng trán, ban đêm thăm dò quặng như ban ngày.
洞中妖猴，狡黠善窃，扰人清修。	Yêu hầu trong hang, xảo quyệt giỏi trộm, quấy rầy tu hành.
妖气萦绕的木桶，内藏猴精巢穴。	Thùng gỗ vây quanh yêu khí, bên trong ẩn tổ hầu tinh.
秽物杂烩，魔气森然，食之恐污道基。	Tạp hội ô uế, ma khí dày đặc, ăn vào e ô nhiễm đạo cơ.
百花清拌，蕴含一丝草木精粹，可清心明目。	Trộn thanh trăm hoa, ẩn chứa một sợi tinh túy thảo mộc, có thể thanh tâm sáng mắt.
玄冰灵酪，甘甜沁腑，然寒性过重，不可多食。	Pho mát linh huyền băng, ngọt thanh thấm vào phủ tạng, nhưng hàn tính quá nặng, không thể ăn nhiều.
寒瓜注以玄冰之气，乃消暑辟火之小食。	Dưa hấu được tiêm huyền băng chi khí, là món ăn nhẹ giải nhiệt tránh lửa.
百果灵籽混杂，可快速补充元气，利于长途跋涉。	Linh tử trăm quả lẫn lộn, có thể nhanh chóng bổ sung nguyên khí, có lợi cho đường dài.
烈焰椒烹制的炖肉，食之如吞火，可暂驱寒毒。	Thịt hầm được nấu với tiêu liệt diệm, ăn như nuốt lửa, có thể tạm thời xua đuổi hàn độc.
灵鳄梨所制酱料，口感奇特，略有滋补之效。	Sốt được làm từ bơ linh, khẩu cảm kỳ đặc, có chút bổ dưỡng.
魔兽血肉，蕴含狂暴戾气，凡人食之立毙。	Huyết nhục ma thú, ẩn chứa cuồng bạo lệ khí, phàm nhân ăn vào lập tức chết.
戾气凝于干肉，虽经风干，凶险未减分毫。	Lệ khí ngưng tụ trong thịt khô, dù đã phơi gió, nguy hiểm không giảm một chút.
麋鹿鹅，水系妖禽，性情暴烈，掌控寒冰之力。	Nai ngỗng, yêu cầm thủy hệ, tính tình bạo liệt, nắm giữ sức mạnh hàn băng.
此乃麋鹿鹅妖巢，灵气异常，必有异宝或凶险。	Đây là tổ yêu của nai ngỗng, linh khí bất thường, chắc chắn có dị bảo hoặc hung hiểm.
妖禽之卵，冰气缭绕，非寻常之法可烹。	Trứng yêu cầm, băng khí vây quanh, không phải phương pháp thông thường có thể nấu.
麋鹿鹅幼雏，羽翼未丰，然已显控冰之能。	Nai ngỗng non, cánh chưa cứng, nhưng đã hiện ra khả năng khống chế băng.
以妖禽翎羽所制宝扇，轻轻一挥，可唤来清凉罡风。	Bảo phiến được chế từ lông yêu cầm, khẽ vẫy một cái, có thể gọi đến cương phong thanh mát.
小巧风符器，奔走时可生微风，仅能解片刻之暑。	Phong phù khí nhỏ xinh, khi chạy có thể sinh gió nhỏ, chỉ có thể giải nóng trong chốc lát.
妖禽本命翎羽，内含精纯水灵之气。	Bản mệnh lông yêu cầm, bên trong chứa thủy linh chi khí tinh thuần.
唤风妖杖，威力巨大却难以驾驭，易遭反噬。	Yêu trượng gọi gió, uy lực khổng lồ nhưng khó điều khiển, dễ bị phản phệ.
嗜血妖蚊，遁速极快，被其叮咬会损及元气。	Yêu muỗi háo huyết, tốc độ trốn chạy cực nhanh, bị nó cắn sẽ tổn hại nguyên khí.
妖蚊在手，其腹鼓胀，吸食的正是生灵精血。	Yêu muỗi trên tay, bụng nó căng phồng, đang hút là tinh huyết của sinh linh.
血囊之内，精血混杂妖气，是炼制邪门丹药的材料。	Bên trong túi máu, tinh huyết lẫn yêu khí, là nguyên liệu để luyện đan dược tà môn.
坟冢已开，阴气外泄，恐生不祥。	Mộ phần đã mở, âm khí rò rỉ, e sinh bất tường.
一座无名孤坟，煞气内敛，或葬有古修遗骸。	Một ngôi mộ cô đơn không tên, sát khí thu liễm, có thể chôn vùi tàn cốt của tu sĩ cổ đại.
此灯以梦魇为油，燃起诡谲紫焰，可震慑心魔。	Đèn này dùng ác mộng làm dầu, đốt lên tím diệm quái dị, có thể răn đe tâm ma.
凝练的梦魇精华，是修炼邪功、炼制魔器的至阴之物。	Tinh hoa ác mộng ngưng luyện, là vật chí âm để tu luyện tà công, luyện chế ma khí.
暗夜魔剑，剑出无声，专伤神魂，煞气极重。	Ma kiếm đêm tối, kiếm ra vô thanh, chuyên làm tổn thương thần hồn, sát khí cực nặng.
地脉硝石，可配火药，亦能用于炼制某些爆裂符箓。	Diêm thạch địa mạch, có thể phối làm thuốc súng, cũng có thể dùng để luyện chế một số phù lục bùng nổ.
百音傀儡戏，乐声杂乱，闻之令人心神不宁。	Kịch rối trăm âm, tiếng nhạc hỗn loạn, nghe vào khiến tâm thần bất an.
荒漠中的灵泉湖？水汽氤氲，似有幻阵守护。	Hồ linh tuyền trong sa mạc hoang? Thủy khí mờ ảo, dường như có huyễn trận bảo hộ.
湖床干涸，灵脉枯竭，只余死寂。	Lòng hồ khô cạn, linh mạch kiệt sức, chỉ còn chết lặng.
秘宝匣，开启时或得机缘，或遭诅咒，全凭气运。	Hộp bí bảo, khi mở có thể được cơ duyên, hoặc bị nguyền, tùy thuộc vào vận khí.
安魂仙音，箫声一起，可使百兽沉眠，妖灵止戈。	Tiên âm an hồn, tiếng sáo vừa nổi, có thể khiến trăm thú ngủ sâu, yêu linh ngừng chiến.
灵植所制的符纸，是书写基础符箓的载体。	Phù giấy được chế từ linh thực, là vật mang để viết phù lục cơ bản.
蜂蜡灵纸，可保药材灵性不失，常用于包裹丹丸。	Giấy linh sáp ong, có thể bảo linh tính dược liệu không mất, thường dùng để gói viên đan.
极地寒妖，虽不能飞，却善驭冰遁水。	Hàn yêu cực địa, tuy không thể bay, nhưng giỏi điều khiển băng và ẩn trong nước.
盗药灵雀，专窃灵果，其肉蕴含草木精华。	Linh tước trộm thuốc, chuyên đánh cắp linh quả, thịt của nó ẩn chứa tinh hoa thảo mộc.
灵面裹仙肴，食之可快速恢复元气，疗愈暗伤。	Linh diện bọc tiên hào, ăn vào có thể nhanh chóng phục hồi nguyên khí, chữa lành ám thương.
百花灵气所凝，可制香囊，亦可作为低阶丹药的引子。	Linh khí trăm hoa ngưng tụ, có thể làm túi thơm, cũng có thể làm dẫn tử cho đan dược cấp thấp.
魔域妖花花瓣，煞气缠绕，是炼制毒蛊的材料。	Cánh hoa yêu từ cõi ma, sát khí quấn quanh, là nguyên liệu để luyện chế độc cổ.
寒蟾毒涎，奇粘无比，蕴含冰霜与麻痹之毒。	Nước bọt độc cóc hàn, cực kỳ dính, ẩn chứa độc băng sương và tê liệt.
开山镐，采掘灵石矿脉的必备工具。	Cuốc khai sơn, công cụ thiết yếu để khai thác linh thạch khoáng mạch.
猪妖皮炼制的行囊，容量巨大，但背负时会阻滞灵气运转。	Túi đựng được luyện từ da heo yêu, dung lượng khổng lồ, nhưng khi đeo sẽ cản trở linh khí vận hành.
祭坛猪首，怨念凝聚，似为某种邪祀法器。	Đầu heo tế đàn, oán niệm ngưng tụ, dường như là pháp khí tà tế.
猪首法器已毁，其上怨念亦随之消散。	Pháp khí đầu heo đã hủy, oán niệm trên đó cũng tiêu tán theo.
猪妖居于屋内，气息平稳。	Heo yêu ở trong nhà, khí tức bình ổn.
猪妖巢穴，以灵木搭建，结构粗陋却蕴含一丝妖力。	Tổ heo yêu, được xây bằng linh mộc, cấu trúc thô sơ nhưng ẩn chứa một sợi yêu lực.
屋内妖气收敛，猪妖已歇息，勿要惊扰。	Trong nhà yêu khí thu liễm, heo yêu đã nghỉ ngơi, chớ quấy rầy.
猪妖巢穴被焚，只余残垣断壁。	Tổ heo yêu bị thiêu, chỉ còn tường gạch đổ nát.
猪妖之王？气息浑浊，似被禁锢于此，靠贡品维系存在。	Vương của heo yêu? Khí tức hỗn trọc, dường như bị giam cầm ở đây, dựa vào cống phẩm để duy trì sự tồn tại.
猪人毙命，妖气散尽。	Heo người mất mạng, yêu khí tản hết.
此猪人愿追随于我，或可利用其蛮力。	Heo người này muốn đi theo ta, có thể lợi dụng sức mạnh thô thiển của nó.
半妖猪人，灵智初开，可交易，亦需提防其凶性。	Heo người nửa yêu, linh trí mới khai mở, có thể giao dịch, cũng cần đề phòng tính hung dữ của nó.
猪人护卫，妖气外放，警惕性极高。	Vệ binh heo người, yêu khí phóng ra ngoài, cảnh giác cực cao.
月煞入体，猪人狂化！凶性暴涨，速退！	Nguyệt sát nhập thể, heo người cuồng hóa! Tính hung bùng phát, lui nhanh!
猪妖之皮，坚韧异常，可制甲胄。	Da heo yêu, kiên cường khác thường, có thể làm giáp trụ.
猪妖祭坛？血肉供奉，腥气扑鼻，定非善地。	Tế đàn heo yêu? Cúng bái huyết nhục, mùi tanh xông mũi, chắc chắn không phải nơi lành.
猪妖图腾火柱，火光中似有低语，扰人心神。	Cột lửa đồ tô tem heo yêu, trong ánh lửa dường như có tiếng thì thầm, quấy rầy tâm thần.
松果内蕴乙木生机，可栽种亦可作为低阶火系符箓材料。	Quả thông ẩn chứa sinh cơ mộc ất, có thể trồng cũng có thể làm nguyên liệu phù lục hỏa hệ cấp thấp.
乙木灵苗，假以时日，可成聚灵之木。	Linh miêu mộc ất, chờ thêm thời gian, có thể thành tụ linh chi mộc.
此树苗灵气郁结，形态扭曲，恐生变异。	Cây con này linh khí uất kết, hình thái xoắn lại, e sinh biến dị.
寻龙分金铲？可堪一用，然非正道。	Xẻng tìm long phân kim? Cũng có thể dùng được, nhưng không phải chính đạo.
妖植血肉，生机诡异，凡人不可妄食。	Huyết nhục yêu thực, sinh cơ quái dị, phàm nhân không thể tùy tiện ăn.
经真火淬炼，妖植血肉戾气稍减，然终究非正途食粮。	Được chân hỏa tôi luyện, lệ khí huyết nhục yêu thực hơi giảm, nhưng cuối cùng cũng không phải thức ăn chính đạo.
灵植长势旺盛，灵气盎然。	Linh thực sinh trưởng mạnh mẽ, linh khí tràn trề.
灵植正在汲取地脉灵气，缓慢生长。	Linh thực đang hút linh khí địa mạch, chậm rãi sinh trưởng.
灵植已成熟，灵气内蕴，正是采摘之时。	Linh thực đã chín, linh khí ẩn chứa, đúng là lúc thu hoạch.
地火过旺，灵植被灼伤，生机断绝。	Địa hỏa quá mạnh, linh thực bị bỏng, sinh cơ đứt tuyệt.
赤玉灵果，籽实饱满，有补气活血之效。	Linh quả ngọc đỏ, hạt căng đầy, có hiệu quả bổ khí hoạt huyết.
火炼赤玉果，温润滋补，更易吸收。	Quả ngọc đỏ nướng lửa, ôn nhuận tư bổ, dễ hấp thu hơn.
赤玉果种，需以灵土栽培。	Hạt giống quả ngọc đỏ, cần dùng linh thổ để canh tác.
灵泉之眼？水汽氤氲，似有鱼龙潜藏。	Mắt linh tuyền? Thủy khí mờ ảo, dường như có cá rồng ẩn phục.
妖兽排泄之物，污秽却蕴含一丝未化灵气，可肥灵田。	Vật bài tiết của yêu thú, ô uế nhưng ẩn chứa một sợi linh khí chưa hóa, có thể bón linh điền.
特制灵肥，能加速灵植生长，滋养地力。	Linh phân đặc chế, có thể tăng tốc sinh trưởng linh thực, tưới dưỡng địa lực.
金纹灵瓜，蕴含丰沛土灵之气。	Linh dưa văn vàng, ẩn chứa thổ linh chi khí dồi dào.
以灵瓜粉所制小点，香甜可口，可稍补元气。	Bánh điểm tâm được làm từ bột linh dưa, thơm ngọt ngon, có thể bổ sung chút nguyên khí.
烤灵瓜，土灵之气更为温和。	Linh dưa nướng, thổ linh chi khí ôn hòa hơn.
以灵瓜雕琢的辟邪灯，烛光可驱散低阶邪祟。	Đèn trừ tà được điêu khắc từ linh dưa, ánh nến có thể xua tan tà ma cấp thấp.
金纹瓜种，需广阔之地生长。	Hạt giống dưa văn vàng, cần đất rộng rãi để sinh trưởng.
梦魇护符，低语着上古魔文，佩戴者心智渐蚀。	Hộ phù ác mộng, thì thầm đọc ma văn thượng cổ, người đeo tâm trí dần bị xâm thực.
幽冥紫晶，蕴含虚空之力，是构筑传送阵法的核心。	Tử tinh u minh, ẩn chứa hư không chi lực, là cốt lõi để xây dựng trận pháp truyền tống.
月宫玉兔的后裔？灵性十足，擅寻灵植。	Hậu duệ của Ngọc Thỏ nguyệt cung? Linh tính đầy đủ, giỏi tìm linh thực.
此兔灵性温和，抱之可宁心神。	Con thỏ này linh tính ôn hòa, ôm vào có thể làm bình tâm thần.
狡兔三窟，此洞府灵气充裕，乃修炼宝地。	Thỏ ranh ba hang, động phủ này linh khí dồi dào, là bảo địa tu luyện.
春回大地，兔妖洞府生机勃发。	Xuân về mặt đất, động phủ thỏ yêu sinh cơ bừng dậy.
观天仪，可预判天象变化，水灵之气汇聚则指针偏转。	Quan thiên nghi, có thể dự đoán biến đổi thiên tượng, thủy linh chi khí tụ tập thì kim chỉ lệch.
观天仪遭雷火焚毁，天机难测。	Quan thiên nghi bị lôi hỏa thiêu hủy, thiên cơ khó đoán.
避水法衣，符文流转，风雨不侵。	Pháp y tị thủy, phù văn lưu chuyển, mưa gió không xâm.
斗雨笠，编织时掺入避水灵丝。	Nón đấu mưa, khi đan có thêm linh tơ tị thủy.
百灵蔬烩，虽无肉腥，却别有一番清韵，可涤荡肠胃浊气。	Trăm linh sơ hội, tuy không tanh thịt, nhưng thanh tao riêng biệt, có thể tẩy trừ trọc khí trong ruột.
净面灵刃，可断烦恼丝，亦能采集某些脆弱灵材。	Tịnh diện linh nhận, có thể đoạn phiền não ti, cũng có thể thu thập một số linh tài mong manh.
烈阳宝石，内蕴纯阳火精，是炼制火系法宝的绝佳材料。	Liệt Dương bảo thạch, bên trong hàm chứa thuần dương hỏa tinh, là vật liệu tuyệt hảo để luyện chế pháp bảo hỏa hệ.
赤焰毒菇，生食会引动心火，使人狂躁。	Xích Diễm độc cô, ăn sống sẽ kích động tâm hỏa, khiến người cuồng bạo.
毒菇经真火炼化，转为大补之物，可壮气血。	Độc cô qua chân hỏa luyện hóa, chuyển thành đại bổ chi vật, có thể tráng khí huyết.
赤焰菇，生于阳煞之地，蕴含火毒。	Xích Diễm cô, sinh ở đất dương sát, hàm chứa hỏa độc.
赤焰菇潜藏地脉火脉之上，待煞气充盈时破土。	Xích Diễm cô ẩn nấp trên địa mạch hỏa mạch, đợi khi sát khí sung mãn thì phá thổ nảy sinh.
赤焰菇已被采摘，需待地火回流方能再生。	Xích Diễm cô đã bị thu hái, cần đợi địa hỏa hồi lưu mới có thể tái sinh.
芦苇遇火，瞬息成灰。	Lau sậy gặp lửa, thoáng cái thành tro.
水畔灵苇，是制作符纸的上佳材料。	Linh vĩ bên nước, là vật liệu thượng hảo để chế tác phù chỉ.
灵苇已收，待其重新汲取水灵之气生长。	Linh vĩ đã thu hoạch, đợi nó hút lại thủy linh chi khí mà sinh trưởng.
上古修士遗物，岁月流逝，灵韵几近消散。	Di vật của tu sĩ thượng cổ, năm tháng trôi qua, linh vận gần như tiêu tán.
远古遗迹的碎片，其上道纹残缺，或可修复以窥天机。	Mảnh vỡ di tích viễn cổ, đạo văn trên đó tàn khuyết, có thể tu phục để nhìn trộm thiên cơ.
寻常碎石，或可铺路。	Đá vụn tầm thường, có thể dùng lát đường.
悟道石，触摸其上符文可启迪心智，解锁炼制法门。	Ngộ đạo thạch, chạm vào phù văn trên đó có thể khai mở tâm trí, mở khoá pháp môn luyện chế.
悟道石被毁，道韵尽失。	Ngộ đạo thạch bị phá huỷ, đạo vận tận mất.
炼器鼎，内蕴乾坤，可推演更精妙的法宝图谱。	Luyện khí đỉnh, bên trong chứa đựng càn khôn, có thể suy diễn đồ phổ pháp bảo tinh diệu hơn.
炼器鼎炸炉，毁于一旦。	Luyện khí đỉnh nổ lò, huỷ trong một thoáng.
暗影祭坛，沟通九幽，驾驭影魅之力，然风险难测。	Ám ảnh tế đàn, thông suốt cửu u, điều khiển lực lượng ảnh mị, nhưng rủi ro khó đoán.
祭坛失控，反噬其主，终成废墟。	Tế đàn mất kiểm soát, phản thực chủ nhân, cuối cùng thành phế tích.
聚灵法阵，能汇聚天地灵气，增幅符箓威能。	Tụ linh pháp trận, có thể hội tụ thiên địa linh khí, tăng cường uy năng của phù lục.
法阵核心过载，已然崩坏。	Hạch tâm pháp trận quá tải, đã sụp đổ.
替死傀儡，以血肉为引，可挡一次死劫，然有伤天和。	Thế tử quái lỗi, dùng huyết nhục làm dẫn, có thể đỡ một lần tử kiếp, nhưng có hại thiên hòa.
傀儡已毁，劫数难逃。	Quái lỗi đã huỷ, kiếp số khó thoát.
回魂仙石，蕴含生死法则之力，乃逆天改命之宝。	Hồi hồn tiên thạch, hàm chứa lực lượng sinh tử pháp tắc, là bảo vật nghịch thiên cải mệnh.
报春灵雀，其鸣可驱散冬日沉寂。	Báo xuân linh tước, tiếng kêu của nó có thể xua tan sự im lặng ngày đông.
灵雀在手，能感到其体内微弱的生机流转。	Linh tước trong tay, có thể cảm nhận sinh cơ vi nhược lưu chuyển trong thân nó.
雪精化雀，翎羽如冰晶，不惧严寒。	Tuyết tinh hóa tước, lông vũ như băng tinh, không sợ giá lạnh.
此雀通体冰寒，却无恶意。	Con tước này toàn thân lạnh băng, nhưng không có ác ý.
机关人儡，动作僵硬，似被无形丝线操控。	Cơ quan nhân lỗi, hành động cứng nhắc, dường như bị sợi chỉ vô hình thao túng.
地火熔岩池，炽热异常，乃炼器的绝佳火源。	Địa hỏa nham thạch trì, nhiệt độ dị thường, là hỏa nguyên tuyệt hảo để luyện khí.
地火暂熄，熔岩凝固，需待地脉能量重新汇聚。	Địa hỏa tạm tắt, nham thạch đông cứng, cần đợi địa mạch năng lượng tụ hội lại.
地火式微，熔浆渐凝，火源不稳。	Địa hỏa suy vi, dung nham dần đông, hỏa nguyên không ổn định.
地火稳定，热力充沛，正合淬炼之用。	Địa hỏa ổn định, nhiệt lực sung mãn, đúng hợp dùng để tôi luyện.
封路巨石，其上似有禁制残留，需以巧劲破之。	Đá tảng chặn đường, trên đó dường như có cấm chế tàn lưu, cần dùng kỹ xảo mà phá.
巨石悬于穹顶，禁制完整，不可力敌。	Đá tảng treo trên vòm, cấm chế hoàn chỉnh, không thể đối địch bằng sức.
玄铁矿石？不，只是凡石，内含杂质颇多。	Huyền sắt khoáng thạch? Không, chỉ là phàm thạch, bên trong chứa nhiều tạp chất.
此木遭石化邪术，生机尽锁，万年不朽。	Cây gỗ này bị đá hóa tà thuật, sinh cơ bị khoá hết, vạn năm không mục.
石化妖木，纹理诡异，触之有阴寒之感。	Đá hóa yêu mộc, vân lý quái dị, chạm vào có cảm giác âm hàn.
远古石化木，岁月气息浓郁。	Đá hóa mộc viễn cổ, khí tức năm tháng nồng nặc.
玄冰矿脉，寒气刺骨，是炼制冰系法器的材料。	Huyền băng khoáng mạch, hàn khí thấu xương, là vật liệu luyện chế pháp khí băng hệ.
玄冰消融，灵气散逸，已不堪大用。	Huyền băng tan chảy, linh khí tán đi, đã không đủ dùng cho việc lớn.
一滩寒水，需极寒之地方能重凝为玄冰。	Vũng nước lạnh, cần nơi cực hàn mới có thể đông đặc lại thành huyền băng.
千年寒冰，可镇心魔，亦可保存灵物不腐。	Thiên niên hàn băng, có thể trấn tâm ma, cũng có thể bảo tồn linh vật không thối.
碎石若干，可铺路，亦可投掷扰敌。	Mấy viên đá vụn, có thể lát đường, cũng có thể ném để quấy rối địch.
发条石魔像，冲锋之势，有撼山之威。	Phát điều thạch ma tượng, khí thế xung phong, có uy lực lay chuyển núi.
百炼草绳，坚韧异常，可缚低阶妖兽。	Thảo thằng bách luyện, cứng chắc dị thường, có thể trói buộc yêu thú hạ giai.
腐卵，秽气滋生，可作毒媒，但风险甚大。	Trứng thối, uế khí sinh sôi, có thể làm chất dẫn độc, nhưng rủi ro rất lớn.
蜂王灵浆，一滴可延年益寿，乃疗伤圣药。	Phong vương linh tương, một giọt có thể kéo dài tuổi thọ, là thánh dược trị thương.
七彩灵丹，虽为糖衣所裹，却蕴含精纯元气，可瞬复法力。	Thất Thái Linh Đan, tuy được bọc bởi đường, nhưng hàm chứa nguyên khí thuần tịnh, có thể tức thì phục hồi pháp lực.
御兽鞍，刻有简易驯兽符文，可助骑乘。	Ngự thú an, khắc có phù văn thuần thú đơn giản, có thể giúp cưỡi.
追风宝鞍，镌刻疾风阵纹，能大幅提升灵兽脚力。	Truy Phong bảo an, khắc trận văn tật phong, có thể đại phúc nâng cao cước lực của linh thú.
撼地战鞍，符文闪耀，可激发坐骑战意，冲锋陷阵。	Hám Địa chiến an, phù văn sáng chói, có thể kích phát chiến ý của tọa kỵ, xung phong hãm trận.
解鞍角，轻轻一触便可卸下鞍具符文。	Giải an giác, nhẹ nhàng một chạm là có thể tháo phù văn an cụ.
聚灵盐砖，妖兽舔食可稳固其躁动妖气，便于驯养。	Tụ linh diêm chuyên, yêu thú liếm ăn có thể ổn cố yêu khí bạo động của nó, tiện cho việc thuần dưỡng.
通灵鬃刷，梳理灵兽毛发，可增亲昵，助其褪毛。	Thông linh kỳ bàn chải, chải lông linh thú, có thể tăng thân mật, giúp nó lột lông.
此碑竟能扰乱心神？倒是件邪门法宝	Bia này mà có thể nhiễu loạn tâm thần? Thật là thứ pháp bảo tà môn.
碑文黯淡，灵韵已失。	Bia văn ám đạm, linh vận đã mất.
凡木遇真火，自取灭亡。	Phàm mộc gặp chân hỏa, tự chuốc diệt vong.
连这点旱魃之气都承受不住，废物。	Ngay cả chút hạn bạt chi khí này cũng chịu không nổi, đồ phế vật.
劣根凡木，也妄想成精？	Phàm mộc gốc kém, cũng dám vọng tưởng thành tinh?
灵韵已失，与枯枝何异。	Linh vận đã mất, khác gì với cành khô.
病弱草木，也配污王某法眼？	Cây cỏ ốm yếu, cũng đáng làm bẩn pháp nhãn của Vương Mỗ?
这秽气...倒是炼毒的好材料！	Uế khí này... lại là vật liệu tốt để luyện độc!
稻草傀儡？倒是比那些蠢材有用些。	Quái lỗi rơm? Lại hữu ích hơn mấy tên đần đó một chút.
烧吧，正好给王某炼点怨火。	Cứ cháy đi, đúng lúc cho Vương Mỗ luyện chút oán hỏa.
连灰烬都比你有用。	Ngay cả tro tàn cũng hữu dụng hơn ngươi.
待王某雕个石儡看守洞府。	Đợi Vương Mỗ chạm khắc một quái lỗi đá để trấn thủ động phủ.
顽石也敢抵抗王某法力？	Đá cứng đầu cũng dám kháng cự pháp lực của Vương Mỗ?
哼，勉强可作洞府摆设	Hừ, miễn cưỡng có thể dùng làm đồ trang trí động phủ.
烧过的石材正好炼制阵基	Thạch tài đã nung qua đúng lúc để luyện chế trận cơ.
这石首...可炼为护法傀儡之首	Đầu đá này... có thể luyện thành đầu quái lỗi hộ pháp.
被封印的石像，灵气内敛	Thạch tượng bị phong ấn, linh khí nội liễm.
何人胆敢破坏王某藏品？	Ai dám phá hoại đồ sưu tầm của Vương Mỗ?
修复完成，正好看守山门	Tu phục hoàn thành, đúng lúc canh giữ sơn môn.
石中似有战魂苏醒	Trong đá dường như có chiến hồn tỉnh giấc.
这石首...莫非是哪路小仙的头颅？	Đầu đá này... lẽ nào là đầu lâu của tiểu tiên nào đó?
新不新不重要，能炼器就行。	Mới hay cũ không quan trọng, miễn luyện được khí là được.
还缺最后一块...定是被贼人窃去！	Còn thiếu mảnh cuối... chắc chắn bị kẻ trộm lấy mất!
修复完了也不过是死物。	Tu phục xong cũng chỉ là vật chết.
石中圣光涌动...要现形了...	Thánh quang trong đá chuyển động... sắp hiện hình rồi...
这石料...似有星辰气息	Thạch liệu này... dường như có khí tức tinh tú.
装神弄鬼的石雕。	Thạch điêu giả vờ thần thánh.
此物...或可炼为飞行法器	Vật này... hoặc có thể luyện thành pháp khí bay.
修补完成，给童儿当练功靶子	Tu bổ hoàn thành, cho đồng nhi làm bia luyện công.
石中巨兽要苏醒了！	Cự thú trong đá sắp tỉnh giấc!
石犬也敢龇牙？正好炼为看门傀儡	Khuyển thạch cũng dám nhe răng? Đúng lúc luyện thành quái lỗi giữ cổng.
石猪雕工尚可，可惜灵性不足	Đá lợn điêu khắc tạm được, tiếc là linh tính không đủ.
凡间草种，也配入我洞天？	Hạt giống cỏ phàm trần, cũng đáng vào động thiên của ta?
烤熟的种子...连喂灵宠都不配	Hạt giống nướng chín... cho linh thú ăn còn không xứng.
粗劣针线，也敢称修补之术？	Kim chỉ thô kém, cũng dám gọi là thuật tu bổ?
勉强可用来修补法衣	Miễn cưỡng có thể dùng để vá pháp y.
掘地三尺，正好找寻炼器材料	Đào đất ba thước, đúng lúc tìm kiếm vật liệu luyện khí.
蛛妖精丝？倒是炼制捆仙索的好材料	Tơ tinh của nhện yêu? Lại là vật liệu tốt để luyện chế Côn Tiên Sách.
连白骨成精的资质都没有	Ngay cả tư chất để bạch cốt thành tinh cũng không có.
雷击枯骨...正好炼制阴雷符	Cốt khô bị sét đánh... đúng lúc luyện chế âm lôi phù.
这邪气...正合王某修炼魔功	Tà khí này... đúng hợp để Vương Mỗ tu luyện ma công.
灵雀幼雏，羽翼未丰，需小心看护。	Linh tước ấu chú, cánh chưa đủ lông, cần cẩn thận chăm sóc.
此雀饥鸣索食，灵性初显。	Con tước này kêu đói đòi ăn, linh tính mới hiển lộ.
幼雀饥火攻心，再不得食恐伤其根基。	Ấu tước đói lửa công tâm, không được ăn nữa e sẽ tổn thương căn cơ.
灵雀蛰眠，正在蓄养元气。	Linh tước đang ngủ đông, đang tích lũy nguyên khí.
小块兽肉，蕴含微薄气血，可作饵食。	Thịt thú nhỏ, hàm chứa khí huyết vi bạc, có thể dùng làm mồi ăn.
风干肉条，便于携带，可喂食灵宠。	Thịt khô gió, tiện mang theo, có thể cho linh thú ăn.
钢甲岩羊？此兽吞吐金石之气，甲壳坚不可摧。	Thép giáp nham dương? Linh thú này hít vào kim thạch chi khí, giáp cứng không thể phá.
凡铁长矛，锋刃尚可，对付寻常妖兽足矣。	Trường mâu phàm sắt, lưỡi thương tạm được, đối phó yêu thú tầm thường là đủ.
西方战神的黄金矛？其上附有破甲真言。	Mâu vàng của chiến thần phương Tây? Trên đó gắn phá giáp chân ngôn.
女武神战盔，据说能获得独角兽的祝福。	Chiến khôi nữ vũ thần, nghe nói có thể nhận được phước lành của kỳ lân.
蜘蛛尸身，毒腺尚存，可入药。	Tử thi nhện, độc tuyến vẫn còn, có thể làm thuốc.
地穴毒蛛，獠牙带煞，需小心其毒液。	Nhện độc hang hốc, nanh có sát khí, cần cẩn thận độc dịch của nó.
毒蛛蛰伏，此时正是采集毒液的好时机。	Nhện độc đang nằm im, đây chính là thời cơ tốt để thu thập độc dịch.
蛛魔巢穴，阴煞之气汇聚，内藏蛛卵无数。	Sào huyệt của nhện ma, âm sát chi khí hội tụ, bên trong chứa vô số trứng nhện.
蛛卵囊，生机勃勃，若处置不当恐生祸端。	Túi trứng nhện, sinh cơ sung mãn, nếu xử lý không đúng e sẽ sinh họa.
蜘蛛毒囊，是炼制解毒丹或剧毒的重要材料。	Độc nang nhện, là vật liệu quan trọng để luyện chế giải độc đan hoặc kịch độc.
以蛛魔精魄炼制的帽子，戴上后可令群蛛误认为同类。	Mũ luyện chế từ tinh phách nhện ma, đội lên thì khiến nhện bầy nhầm tưởng là đồng loại.
蛛后降临！此妖已修炼成精，统御万千蛛子蛛孙。	Nhện hậu giáng lâm! Yêu vật này đã tu luyện thành tinh, thống trị vạn nghìn nhện con cháu.
蛛将已毙，其毒囊尚可一用。	Nhện tướng đã chết, độc nang của nó vẫn có thể dùng một lần.
蛛魔战将，甲壳坚硬，獠牙淬毒，需谨慎应对。	Chiến tướng nhện ma, giáp cứng, nanh có độc tôi, cần thận trọng ứng phó.
蛛将蛰伏，气息内敛，此时不宜惊动。	Nhện tướng đang nằm im, khí tức nội liễm, lúc này không nên kinh động.
食物灵气尽失，已生秽气，不可再食。	Linh khí thực vật đã tận mất, đã sinh uế khí, không thể ăn nữa.
戏台傀儡手？其上附有操控咒法，会阻碍前行。	Quái lỗi tay sân khấu? Trên đó gắn có chú pháp thao túng, sẽ cản trở tiền hành.
傀儡手隐于台下，伺机而动。	Tay quái lỗi ẩn dưới sân khấu, chờ cơ hội mà động.
大理石雕像，雕工尚可，却无灵韵。	Thạch tượng đá cẩm thạch, điêu công tạm được, nhưng không có linh vận.
持剑武士像，姿态威严，可作装饰。	Tượng võ sĩ cầm kiếm, tư thái uy nghiêm, có thể làm trang trí.
沉思学者像，或许能带来一丝宁静。	Tượng học giả trầm tư, hoặc có thể mang lại chút yên tĩnh.
禽鸟浴泉像，造型别致，富有生趣。	Tượng chim tắm suối, tạo hình độc đáo, phong phú sinh thú.
无头竖琴雕像，造型诡异，似有未散执念。	Thạch tượng đàn hạc không đầu, tạo hình quái dị, dường như có chấp niệm chưa tan.
麦斯威尔的石像，雕琢得倒有几分神韵。	Thạch tượng của Maxwell, điêu khắc cũng có mấy phần thần vận.
百炼钢绒，质地特殊，或可用于打磨法器。	Thép nhung bách luyện, chất địa đặc biệt, hoặc có thể dùng để mài pháp khí.
毒蜂尾针，尖锐无比，是制作暗器的好材料。	Đuôi kim của ong độc, sắc bén vô cùng, là vật liệu tốt để chế tác ám khí.
辟暑草冠，编织时混入了清凉灵草。	Thảo quan tránh nắng, khi đan có trộn linh thảo thanh lương.
灵茄镶宝（肉），虽是素食，却也滋味丰富。	Linh già khảm bảo (nhân thịt), tuy là ăn chay, nhưng hương vị cũng phong phú.
犬牙皮袄，保暖效果尚可，样式古朴。	Áo da răng chó, hiệu quả giữ ấm tạm được, kiểu dáng cổ phác.
流光法衣，可折射部分炎阳之力。	Lưu quang pháp y, có thể phản xạ một phần lực viêm dương.
夏炎彩衫，花纹艳丽，穿着它心情似乎会轻松些。	Hạ viêm thái sam, hoa văn sặc sỡ, mặc nó tâm trạng dường như sẽ nhẹ nhàng hơn.
凝蜜太妃糖，过甜腻口，偶尔食之无妨。	Ngưng mật thái phi đường, quá ngọt béo miệng, thỉnh thoảng ăn cũng không sao.
长脚灵鹳，领地意识极强，其喙锋利可穿金石。	Linh hạc chân dài, ý thức lãnh thổ cực mạnh, mỏ của nó sắc bén có thể xuyên kim thạch.
灵鹳蛋，蛋壳坚硬如铁，内蕴生命精华。	Trứng linh hạc, vỏ trứng cứng như sắt, bên trong hàm chứa tinh hoa sinh mệnh.
煎灵鹳蛋，香气扑鼻，营养丰富。	Chiên trứng linh hạc, hương thơm ngát mũi, dinh dưỡng phong phú.
温度过低，灵鹳胚胎生机凝滞，孵化受阻。	Nhiệt độ quá thấp, phôi thai linh hạc sinh cơ ngưng trệ, ấp nở bị cản trở.
灵鹳蛋内生机活跃，即将破壳。	Sinh cơ bên trong trứng linh hạc năng động, sắp vỡ vỏ.
环境过热，蛋内水分流失，恐伤及雏鸟根基。	Môi trường quá nóng, nước bên trong trứng mất đi, e sẽ tổn thương căn cơ của chim non.
灵鹳孵化需汲取天地灵气，急不得。	Linh hạc ấp nở cần hút thiên địa linh khí, không thể vội.
蛋壳灵光流转，破壳在即。	Linh quang vỏ trứng lưu chuyển, sắp vỡ vỏ.
灵鹳巢，一枚蕴含生命精华的蛋静置其中。	Tổ linh hạc, một quả trứng hàm chứa tinh hoa sinh mệnh đặt yên trong đó.
巢中已空，灵鹳蛋已被取走。	Tổ đã trống, trứng linh hạc đã bị lấy đi.
灵鹳幼雏，虽腿脚未长开，已显峥嵘。	Ấu chú linh hạc, tuy chân chưa dài ra, đã hiển lộ khí phách.
幼鹳饥鸣，需喂食以助其成长。	Hạc non kêu đói, cần cho ăn để giúp nó trưởng thành.
幼鹳元气大伤，若再不得食恐有性命之虞。	Hạc non nguyên khí tổn thương nặng, nếu không được ăn nữa e có lo sợ về tính mệnh.
幼鹳沉睡，正于梦中锤炼妖骨。	Hạc non chìm vào giấc ngủ, đang trong giấc mơ tôi luyện yêu cốt.
破界法阵已激活，空间通道稳定，可穿梭往来。	Pháp trận phá giới đã kích hoạt, không gian thông đạo ổn định, có thể qua lại.
一座古老的传送法阵基座，符文玄奥。	Một đế tòa pháp trận truyền tống cổ xưa, phù văn huyền áo.
法阵核心残缺，需集齐所有部件方能运转。	Hạch tâm pháp trận tàn khuyết, cần tập hợp đủ tất cả bộ phận mới có thể vận hành.
法阵部件已集齐大半，空间波动渐显。	Bộ phận pháp trận đã tập hợp được phần lớn, không gian ba động dần hiển lộ.
空间秘匣，内蕴须弥之力，是构筑法阵的关键。	Không gian bí hộp, bên trong hàm chứa lực Tu Di, là then chốt để cấu trúc pháp trận.
阵法扳手，用以校准和启动空间坐标。	Pháp trận bản thủ, dùng để hiệu chỉnh và khởi động tọa tiêu không gian.
浑天仪核心？此物竟能稳定空间乱流。	Hạch tâm hỗn thiên nghi? Vật này lại có thể ổn định không gian loạn lưu.
定空环，能锚定传送终点，防止坠入虚空。	Định không hoàn, có thể neo đậu điểm đến truyền tống, ngăn chặn rơi vào hư không.
咫尺天涯杖，心念所至，身即可达，然耗神甚巨。	Xích Thiên Nhai trượng, tâm niệm đến đâu, thân có thể đến đó, nhưng hao thần rất lớn.
静心帐，于其中打坐可宁神静气，恢复神识。	Tĩnh tâm trướng, trong đó ngồi thiền có thể yên thần tĩnh khí, phục hồi thần thức.
帐毁心难静，需另寻他处调息。	Trướng bị phá tâm khó tĩnh, cần tìm nơi khác để điều tức.
清凉篷，可避暑热，助人凝神。	Thanh lương bồng, có thể tránh nóng, giúp người ngưng thần.
篷顶焚毁，已难遮阳。	Mái bồng bị thiêu huỷ, đã khó che nắng.
沼泽触手妖物，擅于潜伏突袭，需留意脚下。	Yêu vật xúc tu đầm lầy, giỏi ẩn nấp đột kích, cần chú ý dưới chân.
触手毒刺，蕴含麻痹剧毒，可淬于兵器之上。	Gai xúc tu, hàm chứa kịch độc tê liệt, có thể tôi lên binh khí.
触手吸盘皮，质地柔韧，可炼制防水符箓。	Da miệng hút xúc tu, chất địa dẻo dai, có thể luyện chế phù lục chống nước.
触手妖王？其本体深藏地下，难以根除。	Yêu vương xúc tu? Bản thể của nó ẩn sâu dưới đất, khó mà nhổ tận gốc.
妖王遁走留下的地穴，煞气弥漫。	Hầm hố do yêu vương độn đi để lại, sát khí lan tràn.
触手妖王的子体，除之不尽，烦不胜烦。	Tử thể của yêu vương xúc tu, trừ không hết, phiền không thể nói.
触手妖群栖之地，步步杀机。	Đất ở của đám yêu xúc tu, mỗi bước đều có sát cơ.
高顶礼帽，凡俗界象征身份的饰物。	Lễ mạo đỉnh cao, đồ trang sức tượng trưng thân phận ở thế giới phàm tục.
照明火把，火光摇曳，仅能驱散方寸黑暗。	Đuốc chiếu sáng, ánh lửa lắc lư, chỉ có thể xua tan bóng tối một vùng nhỏ.
蕴雷晶石，其内电流流转，是制作雷系符箓的良材。	Vân lôi tinh thạch, bên trong điện lưu lưu chuyển, là lương tài để chế tác phù lục lôi hệ.
简易捕兽夹，对付寻常小兽尚可。	Cạm bẫy thú đơn giản, đối phó thú nhỏ tầm thường tạm được.
利齿陷阱，触发时迅疾狠辣，可伤妖物筋骨。	Cạm bẫy răng sắc, khi kích hoạt nhanh nhẹn hiểm ác, có thể thương gân cốt yêu vật.
麦斯威尔的利齿陷阱，机关更为精巧歹毒。	Cạm bẫy răng sắc của Maxwell, cơ quan tinh xảo độc hiểm hơn.
储物箱，可存放些不甚重要的杂物。	Hộp lưu trữ, có thể cất giữ một số tạp vật không quan trọng lắm.
箱体焚毁，内里物品恐难保全。	Thân hộp bị thiêu huỷ, vật phẩm bên trong e khó bảo toàn.
伪装的宝箱？其上附着迷惑心智的微弱禁制。	Rương kho giả trang? Trên đó gắn có cấm chế vi nhược mê hoặc tâm trí.
远古祭箱，需以特定祭品方能开启，换取馈赠。	Tế hộp viễn cổ, cần dùng tế phẩm đặc định mới có thể mở ra, đổi lấy quà tặng.
祭箱禁制森严，强攻恐非上策。	Cấm chế tế hộp nghiêm mật, cưỡng công e không phải thượng sách.
林木盘根错节，似有阵法遮掩路径。	Cây rừng rễ chằng chịt, dường như có pháp trận che giấu đường lối.
熔融的琉璃珠，内蕴一丝火灵，可作探宝之用。	Hạt thủy tinh tan chảy, bên trong hàm chứa một tia hỏa linh, có thể dùng để thăm dò bảo vật.
粗制的卡祖笛，吹奏之声刺耳，恐惊扰妖兽。	Kèn kazoo thô chế, tiếng thổi chói tai, e sẽ kinh động yêu thú.
难解的死结，其上似有微弱的诅咒气息。	Nút chết khó gỡ, trên đó dường như có khí tức nguyền rủa vi nhược.
地精木雕，雕工粗糙，或与某些精怪有所关联。	Điêu khắc gỗ địa tinh, điêu công thô ráp, hoặc có liên quan đến một số tinh quái.
粗糙的火箭模型，孩童玩物罢了。	Mô hình tên lửa thô ráp, chẳng qua là đồ chơi trẻ con.
报废的灵纹导线，其上符文已失效。	Dây dẫn linh văn phế bỏ, phù văn trên đó đã thất hiệu.
凡俗的戏法道具，无甚稀奇。	Đạo cụ trò ảo thuật phàm tục, không có gì lạ.
普通的橡胶塞，可密封某些药瓶。	Nút cao su thường, có thể niêm phong một số bình thuốc.
样式奇特的纽扣，或许是某种信物。	Cúc áo kiểu dáng kỳ lạ, có lẽ là loại tín vật nào đó.
磨损的假牙，材质特殊，或可回收利用。	Răng giả mài mòn, chất liệu đặc biệt, hoặc có thể tái chế sử dụng.
机关人偶，构造精巧，似有驱动核心。	Người máy cơ quan, cấu trúc tinh xảo, dường như có hạch tâm vận hành.
风干的触手标本，残留着微弱的妖气。	Tiêu bản xúc tu phơi khô, còn lưu yêu khí vi nhược.
地精老妪木雕，与那地精老翁像似是一对。	Điêu khắc gỗ bà lão địa tinh, với tượng ông lão địa tinh kia dường như là một đôi.
有裂痕的茶杯，已不堪使用。	Tách trà có vết nứt, đã không còn dùng được.
白色玉石棋子，是某种棋局的一部分。	Quân cờ ngọc trắng, là một phần của ván cờ nào đó.
黑色玉石棋子，与白子对应。	Quân cờ ngọc đen, tương ứng với quân trắng.
弯曲的银叉，或是某种仪式的法器。	Cái nĩa bạc bị uốn cong, hoặc là pháp khí của nghi lễ nào đó.
摇摆木马玩具，孩童的玩物。	Đồ chơi ngựa gỗ lắc, đồ chơi của trẻ em.
失衡的陀螺，旋转时散发微弱的不详波动。	Con quay mất thăng bằng, khi xoay tỏa ra làn sóng bất tường vi nhược.
竹制痒痒挠，凡物一件。	Cây gãi lưng tre, một vật phàm thường.
损坏的搅拌法器，其内灵阵已破损。	Pháp khí khuấy trộn bị hỏng, linh trận bên trong đã phá hỏng.
灵蚕丝线，可惜已磨损，灵力尽失。	Tơ linh tằm, tiếc là đã mài mòn, linh lực tận mất.
寻常鞋拔，无甚特别。	Cái bàn nhíp giày thường, không có gì đặc biệt.
招财猫雕像，据说能带来些许财运。	Tượng mèo chiêu tài, nghe nói có thể mang lại chút vận may tài lộc.
散发异味的装置，内藏腐毒之气。	Thiết bị tỏa mùi lạ, bên trong ẩn tàng hủ độc chi khí.
沙土烧制的杯盏，工艺原始。	Chén bát nung cát đất, kỹ nghệ nguyên thủy.
金属丝衣架，可悬挂衣物。	Giá áo dây kim loại, có thể treo quần áo.
白色玉石战车棋子。	Quân cờ chiến xa ngọc trắng.
黑色玉石战车棋子。	Quân cờ chiến xa ngọc đen.
白色玉石骑士棋子。	Quân cờ kỵ sĩ ngọc trắng.
黑色玉石骑士棋子。	Quân cờ kỵ sĩ ngọc đen.
人造晶球，光华流转，可作装饰。	Tinh cầu nhân tạo, quang hoa lưu chuyển, có thể làm trang trí.
蜘蛛形态的戒指，或与蛛妖有所感应。	Nhẫn hình dạng nhện, hoặc có cảm ứng với nhện yêu.
干枯的猴爪，散发着不祥的诅咒气息。	Móng vuốt khỉ khô héo, tỏa ra khí tức nguyền rủa bất tường.
空丹瓶，瓶壁残留着丹药的余香。	Bình đan rỗng, vách bình còn lưu hương thừa của đan dược.
锋利的假獠牙，似是某种妖物的牙齿。	Nanh giả sắc bén, dường như là răng của yêu vật nào đó.
一截断木，木质坚硬，可雕刻成符牌。	Một khúc gỗ gãy, gỗ cứng, có thể chạm khắc thành phù bài.
千里镜，能望得更远些。	Thiên lý kính, có thể nhìn xa hơn.
单只丝织手套，做工精细。	Găng tay lụa một chiếc, làm công tinh tế.
小巧的秤具，可称量药材。	Dụng cụ cân nhỏ gọn, có thể cân dược liệu.
粘液罐，内盛不明胶质，气味刺鼻。	Hũ nhầy, bên trong chứa keo không rõ, mùi hắc mũi.
玩具蛇，形似某种毒蟒。	Rắn đồ chơi, hình dạng giống loài trăn độc nào đó.
鳄鱼形玩具，栩栩如生。	Đồ chơi hình cá sấu, sống động như thật.
破碎的琉璃瓶，瓶口仍有灵气残留。	Chai thủy tinh vỡ, miệng chai vẫn còn linh khí tàn lưu.
会发声的奇异匣子，其原理难以参透。	Hộp kỳ lạ biết phát âm, nguyên lý của nó khó mà thấu suốt.
损坏的鼓风法器，已无法产生气流。	Pháp khí thổi gió bị hỏng, đã không thể tạo ra khí lưu.
一颗流光溢彩的琉璃珠，似是孩童遗失的玩物。	Một viên thủy tinh rực rỡ, dường như là đồ chơi trẻ em bị thất lạc.
一个简陋的卡祖笛，吹不出什么像样的音律。	Một cái kèn kazoo sơ sài, không thổi ra được điệu nhạc tử tế nào.
一个老旧的线轴陀螺，旋转时颇为平稳。	Một con quay ống chỉ cũ kỹ, khi xoay khá ổn định.
一颗乳牙，应是某个孩子换牙期脱落的。	Một chiếc răng sữa, hẳn là rụng trong thời kỳ thay răng của đứa trẻ nào đó.
一个精巧的机器人玩具，关节尚可活动。	Một đồ chơi robot tinh xảo, khớp xương vẫn có thể cử động.
一个带有裂痕的茶杯，曾被某人珍视。	Một cái tách trà có vết nứt, từng được ai đó trân trọng.
一个手工制作的摇摆木马，漆色已斑驳。	Một con ngựa gỗ lắc làm tay, màu sơn đã loang lổ.
一个做工尚可的陀螺，是常见的孩童玩具。	Một con quay làm công tạm được, là đồ chơi trẻ em thường thấy.
一条玩具蛇，形态逼真，足以吓唬胆小之人。	Một con rắn đồ chơi, hình thái chân thực, đủ để doạ người nhút nhát.
一个鳄鱼布偶，缝线处有些开线。	Một con rối cá sấu, chỗ đường may có chút sổ chỉ.
糖渍苹果，甜脆可口。	Táo tẩm đường, ngọt giòn ngon miệng.
玉米软糖，有着独特的甜味。	Kẹo dẻo bắp ngô, có vị ngọt đặc trưng.
玉米硬糖，甜味较淡。	Kẹo cứng bắp ngô, vị ngọt tương đối nhạt.
蜘蛛形状的软糖，造型有趣。	Kẹo dẻo hình nhện, tạo hình thú vị.
浣猫形状的糖果，模样可爱。	Kẹo hình gấu trúc Mỹ, trông đáng yêu.
葡萄干糖果，口感独特。	Kẹo nho khô, khẩu cảm độc đáo.
裹糖的葡萄干，甜中带酸。	Nho khô bọc đường, ngọt xen chua.
幽灵形状的棒棒糖，是节日的应景零食。	Kẹo que hình ma, là đồ ăn vặt ứng cảnh ngày lễ.
虫形软糖，口感Q弹。	Kẹo dẻo hình giun, khẩu cảm dai dẻo.
触手形状的棒棒糖，造型有些怪异。	Kẹo que hình xúc tu, tạo hình hơi kỳ quái.
小猪造型的巧克力，味道香醇。	Socola tạo hình lợn nhỏ, hương vị thơm nồng.
糖果虱子，只是造型如此，并非真虫。	Kẹo chấy rận, chỉ là tạo hình như vậy, không phải sâu thật.
非常坚硬的糖果，需要含化很久。	Kẹo rất cứng, cần ngậm tan rất lâu.
辣椒糖果，入口甜，后劲辣。	Kẹo ớt, vào miệng ngọt, hậu vị cay.
一个专门用来装糖果的袋子。	Một chiếc túi chuyên dùng để đựng kẹo.
幽灵形状的节日装饰。	Đồ trang trí ngày lễ hình ma.
蝙蝠形状的节日装饰。	Đồ trang trí ngày lễ hình dơi.
蜘蛛形状的节日装饰。	Đồ trang trí ngày lễ hình nhện.
触手形状的节日装饰。	Đồ trang trí ngày lễ hình xúc tu.
悬蛛形状的节日装饰。	Đồ trang trí ngày lễ hình nhện hang.
乌鸦形状的节日装饰。	Đồ trang trí ngày lễ hình quạ.
效果微弱的万灵药水。	Thuốc vạn linh hiệu quả vi nhược.
效果强劲的万灵药水。	Thuốc vạn linh hiệu quả mạnh mẽ.
据说能给人带来勇气的药水。	Thuốc nghe nói có thể mang lại can đảm cho người.
蕴含月华精华的药水，气息清冷。	Thuốc hàm chứa tinh hoa nguyệt hoa, khí tức thanh lạnh.
饮用后周身会泛起火焰特效的药水。	Thuốc sau khi uống toàn thân sẽ hiện ra hiệu ứng ngọn lửa.
一个布满奇怪仪器的工作台，用于进行古怪的实验。	Bàn làm việc đầy thiết bị kỳ lạ, dùng để tiến hành thực nghiệm quái gở.
完全正常的树根，只是看起来有些诡异。	Rễ cây hoàn toàn bình thường, chỉ là trông có vẻ kỳ quái.
一株看起来完全正常的树苗。	Một cây con trông hoàn toàn bình thường.
龙形戏服的头套部分，做工精致。	Phần đầu trang phục rồng, làm công tinh xảo.
龙形戏服的身体部分。	Phần thân trang phục rồng.
龙形戏服的尾巴部分。	Phần đuôi trang phục rồng.
火鸡祭坛，供奉着象征丰收的灵禽。	Tế đàn gà lôi, thờ phụng linh cầm tượng trưng cho mùa màng bội thu.
祭坛空置，可放置祭品以祈求好运。	Tế đàn trống, có thể đặt tế phẩm để cầu xin may mắn.
祭坛被焚毁，仪式无法进行。	Tế đàn bị thiêu huỷ, nghi lễ không thể tiến hành.
喜庆的红灯笼，寓意吉祥，可照亮前路。	Đèn lồng đỏ vui vẻ, mang ý nghĩa cát tường, có thể chiếu sáng con đường phía trước.
一块被认为能带来好运的金块。	Một khối vàng được cho là có thể mang lại may mắn.
节庆鞭炮，燃放时响声震天，可驱邪避祟。	Pháo hoa ngày lễ, khi đốt tiếng vang trời, có thể trừ tà tránh xui.
吉祥羽扇，扇动时据说能招来好运。	Quạt lông cát tường, khi quạt nghe nói có thể mang lại may mắn.
吉祥红包，内常装有小礼物或祝福语。	Bao lì xì cát tường, bên trong thường đựng quà nhỏ hoặc lời chúc phúc.
座狼祭坛，供奉着狼形图腾。	Tế đàn tọa lang, thờ phụng đồ án hình lang.
祭坛空置，等待仪式。	Tế đàn trống, chờ đợi nghi lễ.
祭坛正在燃烧。	Tế đàn đang cháy.
祭坛已化为灰烬。	Tế đàn đã hóa thành tro tàn.
陶土烧制的座狼雕像，被仪式赋予了活性。	Tượng tọa lang nung đất sét, được nghi lễ ban cho hoạt tính.
一座做工精细的座狼陶俑。	Một tượng đất sét tọa lang làm công tinh tế.
陶土猎犬，动作略显僵硬。	Liệp khuyển đất sét, động tác hơi cứng nhắc.
一座形态逼真的猎犬陶俑。	Một tượng đất sét liệp khuyển hình thái chân thực.
驯兽哨，吹响时可吸引附近的猎犬。	Tiêu thuần thú, khi thổi có thể thu hút liệp khuyển gần đó.
陶土猎犬棋盘雕像。	Tượng bàn cờ liệp khuyển đất sét.
陶土座狼棋盘雕像。	Tượng bàn cờ tọa lang đất sét.
猪人祭坛，供奉着象征富足的图腾。	Tế đàn người lợn, thờ phụng đồ án tượng trưng cho giàu có.
祭坛空置，可放置贡品以换取馈赠。	Tế đàn trống, có thể đặt cống phẩm để đổi lấy quà tặng.
祭坛已被烧毁。	Tế đàn đã bị thiêu huỷ.
猪人信物，是与其进行交易的凭证。	Tín vật người lợn, là bằng chứng để giao dịch với họ.
猪人铸币，可在猪村流通使用。	Tiền đúc người lợn, có thể lưu thông sử dụng ở làng lợn.
烤熟的肉块，是猪人喜爱的贡品。	Thịt nướng chín, là cống phẩm người lợn ưa thích.
内藏惊喜的泥馅饼，猪人对此颇有兴致。	Bánh nhân bùn ẩn chứa bất ngờ, người lợn có hứng thú khá nhiều với cái này.
串在棍子上的鱼头，是猪人的特色食物。	Đầu cá xiên que, là đặc sản của người lợn.
身着蓝袍的猪人卫士。	Vệ sĩ người lợn mặc áo lam.
身着红袍的猪人卫士。	Vệ sĩ người lợn mặc áo đỏ.
身着白袍的猪人卫士。	Vệ sĩ người lợn mặc áo trắng.
身着绿袍的猪人卫士。	Vệ sĩ người lợn mặc áo lục.
蓝袍猪人战士，手持利刃。	Chiến sĩ người lợn áo lam, tay cầm lưỡi sắc.
红袍猪人战士，攻势凶猛。	Chiến sĩ người lợn áo đỏ, tấn công hung dữ.
白袍猪人战士，眼神锐利。	Chiến sĩ người lợn áo trắng, mắt sắc bén.
绿袍猪人战士，身法敏捷。	Chiến sĩ người lợn áo lục, thân pháp lanh lẹ.
半透明的幽灵胡萝卜鼠，速度奇快。	Chuột cà rốt ma bán trong suốt, tốc độ kỳ lạ nhanh.
胡萝卜鼠竞速的起点线。	Vạch xuất phát đua chuột cà rốt.
竞速比赛的检查点。	Điểm kiểm tra cuộc đua tốc độ.
胡萝卜鼠竞速的终点线。	Vạch đích đua chuột cà rốt.
终点线被烧毁了。	Vạch đích bị thiêu huỷ.
我的胡萝卜鼠赢得了比赛。	Chuột cà rốt của ta đã thắng cuộc đua.
{winner}的胡萝卜鼠率先冲过了终点。	Chuột cà rốt của {winner} đã xung phong qua đích trước.
一套用于设置竞速起点的组件。	Bộ linh kiện để thiết lập vạch xuất phát tốc độ.
一套用于设置竞速检查点的组件。	Bộ linh kiện để thiết lập điểm kiểm tra tốc độ.
一套用于设置竞速终点的组件。	Bộ linh kiện để thiết lập vạch đích tốc độ.
一包混合种子，可以种植出各种作物。	Một gói hạt giống hỗn hợp, có thể trồng ra các loại cây trồng khác nhau.
一包精选的优质种子，生长潜力更好。	Một gói hạt giống chất lượng cao được tuyển chọn, tiềm năng sinh trưởng tốt hơn.
小船灯笼，能为夜间航行提供照明。	Đèn lồng thuyền nhỏ, có thể cung cấp chiếu sáng cho hành trình ban đêm.
胡萝卜鼠祭坛，与这些小家伙的竞速活动有关。	Tế đàn chuột cà rốt, liên quan đến hoạt động đua tốc độ của những chú nhỏ này.
祭坛空置，似乎需要放置某种祭品。	Tế đàn trống, dường như cần đặt tế phẩm nào đó.
用于训练胡萝卜鼠方向感的设施。	Cơ sở để huấn luyện cảm giác phương hướng của chuột cà rốt.
一只胡萝卜鼠正在里面接受方向感训练。	Một con chuột cà rốt đang huấn luyện cảm giác phương hướng bên trong.
方向训练设施被烧毁了。	Cơ sở huấn luyện phương hướng bị thiêu huỷ.
用于训练胡萝卜鼠速度的设施。	Cơ sở để huấn luyện tốc độ của chuột cà rốt.
一只胡萝卜鼠正在里面进行速度训练。	Một con chuột cà rốt đang huấn luyện tốc độ bên trong.
速度训练设施被烧毁了。	Cơ sở huấn luyện tốc độ bị thiêu huỷ.
用于训练胡萝卜鼠反应能力的设施。	Cơ sở để huấn luyện khả năng phản ứng của chuột cà rốt.
一只胡萝卜鼠正在里面进行反应训练。	Một con chuột cà rốt đang huấn luyện phản ứng bên trong.
反应训练设施被烧毁了。	Cơ sở huấn luyện phản ứng bị thiêu huỷ.
用于训练胡萝卜鼠耐力的设施。	Cơ sở để huấn luyện sức bền của chuột cà rốt.
一只胡萝卜鼠正在里面进行耐力训练。	Một con chuột cà rốt đang huấn luyện sức bền bên trong.
耐力训练设施被烧毁了。	Cơ sở huấn luyện sức bền bị thiêu huỷ.
用于搭建方向训练设施的组件。	Linh kiện để dựng cơ sở huấn luyện phương hướng.
用于搭建速度训练设施的组件。	Linh kiện để dựng cơ sở huấn luyện tốc độ.
用于搭建耐力训练设施的组件。	Linh kiện để dựng cơ sở huấn luyện sức bền.
用于搭建反应训练设施的组件。	Linh kiện để dựng cơ sở huấn luyện phản ứng.
用于搭建称量胡萝卜鼠体重装置的组件。	Linh kiện để dựng thiết bị cân cân nặng chuột cà rốt.
一个用来称量胡萝卜鼠体重的秤。	Một cái cân dùng để cân cân nặng chuột cà rốt.
正在称量一只胡萝卜鼠的体重。	Đang cân cân nặng một con chuột cà rốt.
这只胡萝卜鼠的体型非常理想。	Thể hình của con chuột cà rốt này rất lý tưởng.
秤被烧毁了。	Cân bị thiêu huỷ.
皮弗娄牛祭坛，与牛只的选美比赛相关。	Tế đàn bò Beefalo, liên quan đến cuộc thi hoa hậu bò.
祭坛空置，似乎需要放置某种祭品来启动仪式。	Tế đàn trống, dường như cần đặt tế phẩm nào đó để khởi động nghi lễ.
皮弗娄牛美容站，可以打理牛只的毛发。	Trạm làm đẹp bò Beefalo, có thể chăm sóc bộ lông của bò.
一只皮弗娄牛正在接受美容。	Một con bò Beefalo đang được làm đẹp.
美容站被烧毁了。	Trạm làm đẹp bị thiêu huỷ.
一套用于搭建皮弗娄牛美容站的组件。	Bộ linh kiện để dựng trạm làm đẹp bò Beefalo.
兔人祭坛，与它们的节庆活动有关。	Tế đàn người thỏ, liên quan đến hoạt động lễ hội của chúng.
祭坛空置，等待供奉。	Tế đàn trống, chờ đợi cúng tế.
一顶舒适的睡帽，有助于安眠。	Mũ ngủ thoải mái, có ích cho giấc ngủ.
胡萝卜造型的蛋糕，是兔人喜爱的食物。	Bánh tạo hình cà rốt, là thực phẩm người thỏ yêu thích.
一种甜味的糕饼，带有独特的馅料。	Một loại bánh ngọt, có nhân độc đáo.
晶莹剔透的果冻甜点，口感清爽。	Món ngọt thạch trong suốt như pha lê, khẩu cảm thanh mát.
串起来的泡芙球，是节庆小吃。	Bánh bông lan xâu chuỗi, là đồ ăn vặt ngày lễ.
挑战手套，用于向兔人发起枕头大战的邀请。	Găng tay thách đấu, dùng để mời người thỏ bắt đầu cuộc chiến gối.
一只看起来很惬意的兔人。	Một người thỏ trông rất thoải mái.
皮弗娄牛毛填充的手枕，颇为柔软。	Gối tay nhồi lông bò Beefalo, khá mềm mại.
海带填充的手枕，有些潮湿。	Gối tay nhồi tảo biển, hơi ẩm ướt.
花瓣填充的手枕，散发着淡淡花香。	Gối tay nhồi cánh hoa, tỏa ra hương hoa nhẹ nhàng.
钢丝绵填充的手枕，质地坚硬。	Gối tay nhồi len thép, chất địa cứng.
皮弗娄牛毛制成的抱枕，保暖性好。	Gối ôm làm từ lông bò Beefalo, độ giữ ấm tốt.
海带制成的抱枕，触感清凉。	Gối ôm làm từ tảo biển, xúc cảm mát lạnh.
花瓣制成的抱枕，外观雅致。	Gối ôm làm từ cánh hoa, ngoại quan nhã nhặn.
钢丝绵制成的抱枕，防御性较强。	Gối ôm làm từ len thép, tính phòng thủ khá mạnh.
被主教的能量光束击中了。	Bị chùm tia năng lượng của giám mục đánh trúng.
透气背心，适合在炎热天气穿着。	Áo ba lỗ thoáng khí, phù hợp mặc trong thời tiết nóng.
厚实背心，能有效抵御寒冷。	Áo ba lỗ dày, có thể chống lạnh hiệu quả.
烤熟的象鼻，是一种食材。	Vòi voi nướng chín, là một loại nguyên liệu.
夏季象鼻，质地较轻薄。	Vòi voi mùa hè, chất địa khá nhẹ mỏng.
冬季象鼻，更为肥厚。	Vòi voi mùa đông, dày hơn nhiều.
风滚草，滚动时可能裹挟着一些物品。	Cỏ lăn gió, khi lăn có thể cuộn theo một số vật phẩm.
烤火鸡大餐，是节日的传统食物。	Bữa đại tiệc gà lôi nướng, là thực phẩm truyền thống ngày lễ.
一捆树枝，是常用的基础材料。	Một bó cành cây, là nguyên liệu cơ bản thường dùng.
雨伞，可以遮挡雨水。	Ô, có thể che mưa.
草编雨伞，轻便但不太耐用。	Ô đan cỏ, nhẹ nhàng nhưng không bền lắm.
一件尚未完成的物品，功能未知。	Một vật phẩm chưa hoàn thành, công năng chưa biết.
华夫饼，网格状的外形使其更容易蘸取酱汁。	Bánh waffle, hình dạng lưới làm nó dễ chấm sốt hơn.
草墙，防御力非常有限。	Tường cỏ, phòng thủ lực rất hữu hạn.
草墙被烧毁了。	Tường cỏ bị thiêu huỷ.
一捆用于建造草墙的干草。	Một bó cỏ khô dùng để xây tường cỏ.
石墙，结构坚固，能提供可靠的防护。	Tường đá, kết cấu vững chắc, có thể cung cấp phòng hộ đáng tin cậy.
一堆用于建造石墙的石料。	Một đống đá liệu dùng để xây tường đá.
远古石墙，材质特殊，异常坚固。	Tường đá viễn cổ, chất liệu đặc biệt, cứng chắc dị thường.
一块远古石墙的构件，非常沉重。	Một cấu kiện tường đá viễn cổ, rất nặng.
木墙，带有尖刺，能造成一些伤害。	Tường gỗ, có gai nhọn, có thể gây ra một số thương thương.
木墙被烧毁了。	Tường gỗ bị thiêu huỷ.
一捆用于建造木墙的木桩。	Một bó cọc gỗ dùng để xây tường gỗ.
月岩墙，散发着微弱的月光能量。	Tường đá nguyệt, tỏa ra năng lượng nguyệt quang vi nhược.
一块蕴含月华之力的月岩墙块。	Một khối tường đá nguyệt hàm chứa nguyệt hoa chi lực.
绝望石墙，散发着不祥的气息。	Tường đá tuyệt vọng, tỏa ra khí tức bất tường.
一块充满负面能量的绝望石墙块。	Một khối tường đá tuyệt vọng đầy ắp âm tính năng lượng.
木栅栏，可以圈定一片区域。	Hàng rào gỗ, có thể khoanh định một vùng.
一段木栅栏的组件。	Một đoạn linh kiện hàng rào gỗ.
栅栏门，可以开关通行。	Cửa hàng rào, có thể mở đóng để thông hành.
一扇可以安装在栅栏上的门。	Một cánh cửa có thể lắp lên hàng rào.
海象，会主动攻击靠近其领地的人。	Hải tượng, sẽ chủ động tấn công người tiếp cận lãnh thổ của nó.
海象毛皮制成的帽子，保暖效果不错。	Mũ làm từ da lông hải tượng, hiệu quả giữ ấm khá tốt.
一个空的海象营地。	Một trại hải tượng trống.
海象家族的营地。	Trại của gia đình hải tượng.
海象的长牙，质地坚硬。	Ngà dài của hải tượng, chất địa cứng.
衣柜，可以用来更换衣物和装扮。	Tủ quần áo, có thể dùng để thay đổi trang phục và trang điểm.
衣柜起火了。	Tủ quần áo bốc lửa.
衣柜被烧毁了。	Tủ quần áo bị thiêu huỷ.
座狼，一种凶猛的大型犬科动物，常成群出没。	Tọa lang, một loài chó lớn hung dữ, thường xuất hiện thành đàn.
年轻的座狼，虽未长成，但已显凶性。	Tọa lang trẻ tuổi, tuy chưa trưởng thành, nhưng đã hiển lộ hung tính.
杀人蜂的巢穴，靠近会遭到蜂群攻击。	Tổ ong sát nhân, tiếp cận sẽ bị đàn ong tấn công.
水球，投掷后可泼洒液体，常用于灭火或娱乐。	Bóng nước, sau khi ném có thể vẩy chất lỏng, thường dùng để dập lửa hoặc vui chơi.
西瓜，多汁解渴的夏季水果。	Dưa hấu, trái cây mùa hè nhiều nước giải khát.
烤西瓜，风味独特，但汁水较少。	Dưa hấu nướng, hương vị độc đáo, nhưng nước ít hơn.
西瓜皮帽子，戴起来有清凉感，但容易弄脏。	Mũ vỏ dưa hấu, đội lên có cảm giác mát, nhưng dễ bẩn.
一本记载着暗影知识的古老书籍。	Một cuốn sách cổ ghi chép kiến thức ám ảnh.
一锅烹饪失败、糊状的食物。	Một nồi thức ăn nấu thất bại, dạng hồ.
鞭子，抽打时能发出响亮的声音，可用于驯兽。	Roi da, khi quất phát ra tiếng vang lớn, có thể dùng để thuần thú.
保暖冬帽，能有效防止头部热量流失。	Mũ đông giữ ấm, có thể ngăn hiệu quả nhiệt lượng đầu tản đi.
温度计，可以显示当前环境的温度。	Nhiệt kế, có thể hiển thị nhiệt độ môi trường hiện tại.
温度计被烧毁了。	Nhiệt kế bị thiêu huỷ.
节日树被烧毁了。	Cây ngày lễ bị thiêu huỷ.
节日树正在燃烧。	Cây ngày lễ đang cháy.
一棵可以装饰的节日树。	Một cây ngày lễ có thể trang trí.
一棵还未长大的小节日树。	Một cây ngày lễ nhỏ chưa lớn.
一个专门用于种植和装饰节日树的盆。	Một chậu chuyên dùng để trồng và trang trí cây ngày lễ.
树盆被烧毁了。	Chậu cây bị thiêu huỷ.
一个用于装饰节日树的小饰品。	Một đồ trang trí nhỏ để trang trí cây ngày lễ.
一个可以发光的节日树装饰灯。	Một đèn trang trí cây ngày lễ có thể phát sáng.
一个做工格外精致的节日树装饰品。	Một đồ trang trí cây ngày lễ làm công đặc biệt tinh xảo.
一个带有熔炉主题的节日树装饰。	Một đồ trang trí cây ngày lễ theo chủ đề lò nung.
一个以丰盛宴席为主题的节日树装饰。	Một đồ trang trí cây ngày lễ theo chủ đề yến tiệc thịnh soạn.
姜饼人，是节日的传统点心。	Bánh gừng người, là điểm tâm truyền thống ngày lễ.
糖霜曲奇，形状可爱，味道香甜。	Bánh quy phủ đường, hình dạng đáng yêu, hương vị ngọt thơm.
拐杖糖，红白条纹相间，是节日的象征之一。	Kẹo cây gậy, sọc đỏ trắng xen kẽ, là một trong những biểu tượng ngày lễ.
水果蛋糕，用料扎实，可以保存很久。	Bánh trái cây, nguyên liệu chắc chắn, có thể bảo quản rất lâu.
巧克力树根蛋糕，造型逼真，是节日的甜点。	Bánh gốc cây socola, tạo hình chân thực, là món ngọt ngày lễ.
葡萄干布丁，口感丰富，是节庆大餐的一部分。	Bánh pudding nho khô, khẩu cảm phong phú, là một phần bữa đại tiệc lễ hội.
苹果酒，一种清爽的节日饮品。	Rượu táo, một loại đồ uống ngày lễ thanh mát.
热可可，在寒冷天气里能带来温暖。	Cacao nóng, trong thời tiết lạnh có thể mang lại sự ấm áp.
蛋奶酒，一种口感浓郁的节日特饮。	Rượu sữa trứng, một loại đặc sản uống ngày lễ hương vị nồng đậm.
节日烤炉，专门用于烹制节庆大餐。	Lò nướng ngày lễ, chuyên dùng để chế biến bữa đại tiệc lễ hội.
烤炉正在工作中，食物正在烹制。	Lò nướng đang hoạt động, thức ăn đang được chế biến.
食物快要烹制完成了。	Thức ăn sắp chế biến xong rồi.
菜肴已经烹制完成，可以取用了。	Món ăn đã chế biến hoàn thành, có thể lấy dùng rồi.
浆果制成的酱料，酸甜可口。	Sốt làm từ quả mọng, chua ngọt ngon miệng.
一种柔软的米糕，是节日的传统食物。	Một loại bánh gạo mềm, là thực phẩm truyền thống ngày lễ.
卷心菜沙拉，口感清爽。	Salad cải bắp, khẩu cảm thanh mát.
精心烹制的节庆鱼肴，造型美观。	Món cá ngày lễ nấu cẩn thận, tạo hình đẹp.
浓郁的肉汁，常用来搭配肉类主食。	Nước sốt thịt đậm đà, thường dùng để kết hợp với thức ăn chính từ thịt.
土豆煎饼，外酥里嫩。	Bánh khoai tây chiên, bên ngoài giòn bên trong mềm.
碱渍鱼，是某些地区的传统节日菜肴。	Cá ngâm kiềm, là món ăn ngày lễ truyền thống của một số vùng.
加入了香料的温热饮品，能驱散寒意。	Đồ uống ấm nóng thêm hương liệu, có thể xua tan cái lạnh.
意大利圣诞面包，果干丰富。	Bánh mì Giáng sinh Ý, trái khô phong phú.
蛋白糖霜蛋糕，口感轻盈。	Bánh kem lòng trắng trứng, khẩu cảm nhẹ nhàng.
腌渍鲱鱼，风味独特。	Cá trích ướp muối, hương vị độc đáo.
波兰传统饼干，通常装饰精美。	Bánh quy truyền thống Ba Lan, thường trang trí tinh xảo.
南瓜派，香甜软糯。	Bánh pie bí ngô, thơm ngọt dẻo mềm.
烤火鸡，是节庆大餐的主菜。	Gà lôi nướng, là món chính của bữa đại tiệc lễ hội.
火鸡填料，由面包和香料混合而成。	Nhân gà lôi, được trộn từ bánh mì và hương liệu.
焗烤红薯，味道甘甜。	Khoai lang nướng phủ phô mai, vị ngọt bùi.
墨西哥玉米粉蒸肉，用玉米叶包裹。	Tamale Mexico, được bọc bằng lá ngô.
法式肉馅饼，馅料扎实。	Bánh pie nhân thịt Pháp, nhân chắc.
一张为冬季盛宴准备的餐桌。	Một bàn tiệc chuẩn bị cho yến tiệc mùa đông.
餐桌上摆放着节庆食物。	Trên bàn tiệc bày biện thức ăn ngày lễ.
现在不是摆放这种食物的时节。	Bây giờ không phải mùa bày loại thức ăn này.
餐桌被烧毁了。	Bàn tiệc bị thiêu huỷ.
姜饼制成的座狼造型点心。	Điểm tâm tạo hình tọa lang làm từ bánh gừng.
用姜饼搭建的可食用小屋。	Nhà nhỏ có thể ăn được xây từ bánh gừng.
姜饼制成的小猪造型点心。	Điểm tâm tạo hình lợn nhỏ làm từ bánh gừng.
吃东西时掉落的碎屑。	Vụn bánh rơi ra khi ăn.
一种能增添节日气氛的特殊燃料。	Một loại nhiên liệu đặc biệt có thể thêm không khí lễ hội.
克劳斯，一只强大的冬季boss，携带着礼物袋。	Klaus, một boss mùa đông mạnh mẽ, mang theo túi quà.
克劳斯的礼物袋，击败他后才能打开。	Túi quà của Klaus, chỉ có thể mở sau khi đánh bại hắn.
开启克劳斯礼物袋所需的鹿角钥匙。	Chìa khoá gạc hươu cần để mở túi quà Klaus.
一个不稳定的空间虫洞，通向未知地点。	Một lỗ sâu không gian không ổn định, dẫn đến nơi không biết.
虫洞已经激活，可以通行了。	Lỗ sâu đã kích hoạt, có thể thông hành rồi.
一个状态不佳、不太可靠的虫洞。	Một lỗ sâu trạng thái không tốt, không đáng tin lắm.
一个记录着各种成就的纪念碑。	Một đài kỷ niệm ghi lại các thành tựu khác nhau.
一棵看起来完全正常的树，只是有些诡异。	Một cây trông hoàn toàn bình thường, chỉ là hơi kỳ quái.
冰霜法杖，能发射冰冻射线。	Băng sương pháp trượng, có thể phát xạ tia băng đông.
告密的心，使用它可以复活倒下的队友。	Trái tim mách lẻo, dùng nó có thể hồi sinh đồng đội ngã xuống.
暗影之心，蕴含着强大的暗影能量。	Ám ảnh chi tâm, hàm chứa năng lượng ám ảnh mạnh mẽ.
壁画描绘了远古文明的仪式场景。	Tranh tường mô tả cảnh nghi lễ của văn minh viễn cổ.
石板因年代久远而出现了裂痕。	Tấm đá do năm tháng quá lâu mà xuất hiện vết nứt.
壁画上似乎刻画着某种被崇拜的存在。	Trên tranh tường dường như khắc họa một sự tồn tại được tôn sùng nào đó.
这些符号的含义难以解读。	Hàm nghĩa của những ký hiệu này khó giải đọc.
古老的壁画，记录着失落的历史。	Tranh tường cổ xưa, ghi lại lịch sử đã mất.
一尊造型奇特的远古雕像，散发着神秘气息。	Một bức tượng viễn cổ tạo hình kỳ lạ, tỏa ra khí tức thần bí.
远古灯柱被点亮，发出幽蓝的光芒。	Cột đèn viễn cổ được thắp sáng, phát ra ánh sáng xanh thẫm.
远古灯柱目前处于熄灭状态。	Cột đèn viễn cổ hiện đang ở trạng thái tắt.
远古大门已经开启，空间通道稳定。	Cổng viễn cổ đã mở, không gian thông đạo ổn định.
远古大门紧闭着。	Cổng viễn cổ đóng chặt.
大门正在积聚开启所需的能量。	Cổng đang tích tụ năng lượng cần thiết để mở.
空间通道变得不稳定，即将关闭。	Không gian thông đạo trở nên không ổn định, sắp đóng.
大门能量耗尽，暂时无法使用。	Năng lượng cổng cạn kiệt, tạm thời không thể sử dụng.
一把造型古老的钥匙，似乎是开启某处大门的关键。	Một chìa khoá tạo hình cổ xưa, dường như là then chốt để mở cổng nào đó.
强心剂，可以临时提升生命力的上限。	Thuốc cường tâm, có thể tạm thời nâng cao giới hạn máu.
一具男性冒险者的遗骸。	Hài cốt của một nhà thám hiểm nam.
一具女性冒险者的遗骸。	Hài cốt của một nhà thám hiểm nữ.
一具机械构造体的残骸。	Phế tích của một cơ giới cấu tạo thể.
一具无名者的白骨。	Bạch cốt của người vô danh.
人形生物的肉，食用它是不被允许的。	Thịt sinh vật hình người, ăn nó là không được phép.
煮熟的人形生物的肉。	Thịt sinh vật hình người nấu chín.
风干的人形生物的肉。	Thịt sinh vật hình người phơi khô.
一块来自月球的岩石，质地特殊。	Một viên đá từ mặt trăng, chất địa đặc biệt.
一块月球岩石的碎片。	Một mảnh vỡ đá mặt trăng.
一块带有天然孔洞的月球岩石。	Một viên đá mặt trăng có lỗ hổng tự nhiên.
一个散发着微光的球体，似乎与月亮有关。	Một hình cầu tỏa ra vi quang, dường như có liên quan đến mặt trăng.
红色月眼，能标记出它所见的位置。	Nguyệt nhãn đỏ, có thể đánh dấu vị trí nó nhìn thấy.
紫色月眼，功能与红色月眼类似。	Nguyệt nhãn tím, công năng tương tự nguyệt nhãn đỏ.
绿色月眼，同样用于标记位置。	Nguyệt nhãn xanh lá, cũng dùng để đánh dấu vị trí.
橙色月眼，是一种位置标记器。	Nguyệt nhãn cam, là một loại thiết bị đánh dấu vị trí.
黄色月眼，用于标记地点。	Nguyệt nhãn vàng, dùng để đánh dấu địa điểm.
蓝色月眼，能在地图上标记位置。	Nguyệt nhãn xanh lam, có thể đánh dấu vị trí trên bản đồ.
猪人勇士，身穿熔岩铠甲，非常强大。	Dũng sĩ người lợn, mặc giáp nham thạch, rất mạnh mẽ.
战猪，冲锋时势不可挡。	Chiến trư, khi xung phong thế không thể cản.
蝎子，尾部的钩刺含有剧毒。	Bọ cạp, gai móc đuôi chứa kịch độc.
野猪战士，双臂力量惊人。	Chiến sĩ lợn rừng, sức mạnh hai tay kinh người.
甲壳龟，背上的尖刺是它的武器。	Rùa giáp, gai nhọn trên lưng là vũ khí của nó.
鳄鱼指挥官，能号令其他鳄鱼。	Chỉ huy cá sấu, có thể hiệu lệnh cá sấu khác.
钻角犀牛，它的角能钻开地面。	Tê giác khoan sừng, sừng của nó có thể khoan mở mặt đất.
地狱独眼巨猪，散发着硫磺的气息。	Độc nhãn cự trư địa ngục, tỏa ra khí tức lưu huỳnh.
熔岩竞技场的传送门已经开启。	Cổng truyền tống đấu trường nham thạch đã mở.
通往熔岩竞技场的传送门。	Cổng truyền tống dẫn đến đấu trường nham thạch.
治疗法杖，能释放治愈能量。	Trị liệu pháp trượng, có thể giải phóng năng lượng chữa lành.
火球法杖，能召唤陨石攻击敌人。	Hỏa cầu pháp trượng, có thể triệu hoán thiên thạch tấn công địch.
雷神之锤，攻击时能释放闪电。	Búa lôi thần, khi tấn công có thể giải phóng sấm sét.
永恒之枪，投掷后会自动返回手中。	Thương vĩnh hằng, sau khi ném sẽ tự động trở lại tay.
岩浆吹箭，能造成持续的燃烧伤害。	Tên thổi nham thạch, có thể gây thương thương đốt cháy liên tục.
强化熔岩吹箭，威力更为强大。	Tên thổi nham thạch cường hóa, uy lực mạnh mẽ hơn.
韦伯的蜘蛛仆从，会协助他战斗。	Nô bộc nhện của Webber, sẽ hỗ trợ hắn chiến đấu.
化石书，阅读后能将敌人暂时石化。	Sách hóa thạch, sau khi đọc có thể tạm thời đá hóa địch nhân.
骑枪，适合在坐骑上使用，进行冲锋攻击。	Kỵ thương, phù hợp sử dụng trên tọa kỵ, tiến hành xung phong tấn công.
元素书，能召唤元素生物助战。	Nguyên tố thư, có thể triệu hoán sinh vật nguyên tố trợ chiến.
暴食祭坛，用于供奉特定的祭品。	Tế đàn bạo thực, dùng để thờ phụng tế phẩm đặc định.
祭坛正在处理供奉，暂时无法使用。	Tế đàn đang xử lý cúng tế, tạm thời không thể sử dụng.
糖木树，可以采集树液。	Cây gỗ đường, có thể thu thập nhựa cây.
糖木树被砍伐后留下的树桩。	Gốc cây để lại sau khi cây gỗ đường bị chặt.
糖木树的树液已被采集一空。	Nhựa cây gỗ đường đã bị thu thập hết.
糖木树已产出可供采集的树液。	Cây gỗ đường đã sản xuất nhựa cây có thể thu thập.
糖木树上爬满了蚂蚁，影响了树液采集。	Trên cây gỗ đường đầy kiến, ảnh hưởng đến việc thu thập nhựa cây.
这棵糖木树生病了，需要治疗。	Cây gỗ đường này bị bệnh, cần điều trị.
一株可以收获香料的斑点灌木。	Một bụi cây đốm có thể thu hoạch hương liệu.
灌木的香料已被采摘，需要时间重新生长。	Hương liệu bụi cây đã bị thu hái, cần thời gian để tái sinh trưởng.
盐架上的盐已经结晶完成，可以收集了。	Muối trên giá muối đã kết tinh hoàn thành, có thể thu thập rồi.
盐架正在通过蒸发海水来制盐。	Giá muối đang chế muối bằng cách bốc hơi nước biển.
一个坚固的保险箱，需要钥匙才能打开。	Một két sắt vững chắc, cần chìa khoá mới có thể mở.
保险箱被锁住了。	Két sắt bị khoá.
一个蘑菇桩，可以定期采集蘑菇。	Một thân cây nấm, có thể định kỳ thu thập nấm.
蘑菇已被采完，等待下一轮生长。	Nấm đã bị hái hết, chờ vòng sinh trưởng tiếp theo.
一座已成废墟的房屋。	Một ngôi nhà đã thành phế tích.
又一座破败的建筑。	Thêm một tòa nhà đổ nát.
这个村庄似乎遭遇了某种灾难。	Làng này dường như đã gặp phải tai họa nào đó.
沼泽猪长老，负责管理猪人村庄的事务。	Trưởng lão lợn đầm lầy, phụ trách quản lý sự vụ làng người lợn.
沼泽猪长老正在休息。	Trưởng lão lợn đầm lầy đang nghỉ ngơi.
一份准备用于献祭的食物。	Một phần thức ăn chuẩn bị dùng để hiến tế.
这份食物不符合当前的献祭要求。	Phần thức ăn này không phù hợp với yêu cầu hiến tế hiện tại.
这份食物完全符合献祭的要求。	Phần thức ăn này hoàn toàn phù hợp với yêu cầu hiến tế.
这份食物虽然符合要求，但分量太小吃起来像零食。	Phần thức ăn này tuy phù hợp yêu cầu, nhưng phần lượng quá nhỏ ăn như đồ ăn vặt.
一扇公园大门。	Một cổng công viên.
公园大门被锁住了。	Cổng công viên bị khoá.
一只死去的鸽子。	Một con bồ câu đã chết.
一只鸽子，可以捕捉作为食物。	Một con bồ câu, có thể bắt làm thức ăn.
一只正在睡觉的鸽子。	Một con bồ câu đang ngủ.
薇诺娜的投石机，能自动攻击范围内的敌人。	Máy bắn đá của Winona, có thể tự động tấn công địch trong phạm vi.
投石机目前处于关闭状态。	Máy bắn đá hiện đang ở trạng thái tắt.
投石机起火了。	Máy bắn đá bốc lửa.
投石机被烧毁了。	Máy bắn đá bị thiêu huỷ.
薇诺娜的聚光灯，能照亮一片区域。	Đèn pha của Winona, có thể chiếu sáng một vùng.
聚光灯目前处于关闭状态。	Đèn pha hiện đang ở trạng thái tắt.
聚光灯起火了。	Đèn pha bốc lửa.
聚光灯被烧毁了。	Đèn pha bị thiêu huỷ.
薇诺娜的发电机，能为她的设备供电。	Máy phát điện của Winona, có thể cung cấp điện cho thiết bị của cô.
发电机的电力输出不足。	Đầu ra điện lực của máy phát điện không đủ.
发电机目前没有运行。	Máy phát điện hiện không vận hành.
发电机起火了。	Máy phát điện bốc lửa.
发电机被烧毁了。	Máy phát điện bị thiêu huỷ.
薇诺娜的宝石发电机，能以宝石为燃料提供更强电力。	Máy phát điện đá quý của Winona, có thể dùng đá quý làm nhiên liệu cung cấp điện mạnh hơn.
宝石发电机的燃料（宝石）即将耗尽。	Nhiên liệu (đá quý) của máy phát điện đá quý sắp cạn.
宝石发电机目前处于关闭状态。	Máy phát điện đá quý hiện đang ở trạng thái tắt.
宝石发电机起火了。	Máy phát điện đá quý bốc lửa.
宝石发电机被烧毁了。	Máy phát điện đá quý bị thiêu huỷ.
肥料包，可以恢复植物的健康。	Gói phân bón, có thể phục hồi sức khỏe thực vật.
荆棘甲，能对近战攻击者造成反伤。	Giáp gai, có thể gây phản thương cho kẻ tấn công cận chiến.
荆棘陷阱，能困住踩中的生物并造成伤害。	Bẫy gai, có thể giam cầm sinh vật dẫm trúng và gây thương thương.
一块船体的碎片。	Một mảnh vỡ thân thuyền.
又一块船体的碎片。	Thêm một mảnh vỡ thân thuyền.
一块较大的船体碎片。	Một mảnh thân thuyền tương đối lớn.
船体出现了一个漏洞，需要修补。	Thân thuyền xuất hiện một lỗ hổng, cần tu bổ.
船的桅杆，用于悬挂船帆。	Cột buồm của thuyền, dùng để treo buồm.
海中的石柱，航行时需小心避让。	Cột đá trong biển, khi hành hải cần cẩn thận tránh.
一张渔网，可用于捕捞鱼类。	Một tấm lưới cá, có thể dùng để đánh cá.
一种外形奇特的小鱼。	Một loại cá nhỏ ngoại hình kỳ lạ.
船舵，用于控制船的航行方向。	Bánh lái, dùng để kiểm soát hướng hành hải của thuyền.
船锚，抛下后可以使船停泊。	Neo thuyền, sau khi thả xuống có thể cho thuyền neo đậu.
船体修补工具，可以修复船上的漏洞。	Công cụ tu bổ thân thuyền, có thể sửa chữa lỗ hổng trên thuyền.
浮木树正在燃烧。	Cây gỗ nổi đang cháy.
浮木树已被烧毁。	Cây gỗ nổi đã bị thiêu huỷ.
浮木树已被砍倒。	Cây gỗ nổi đã bị chặt ngã.
一棵生长在海边的浮木树。	Một cây gỗ nổi mọc bên bờ biển.
一段浮木，质地较轻，可用于建造或作为燃料。	Một khúc gỗ nổi, chất địa khá nhẹ, có thể dùng để xây dựng hoặc làm nhiên liệu.
月树正在燃烧。	Nguyệt thụ đang cháy.
月树已被烧毁。	Nguyệt thụ đã bị thiêu huỷ.
月树已被砍伐。	Nguyệt thụ đã bị chặt.
一棵散发着微光的月树，与月亮有着奇特的联系。	Một nguyệt thụ tỏa vi quang, có liên hệ kỳ lạ với mặt trăng.
月树的花朵，散发着柔和的光芒。	Hoa của nguyệt thụ, tỏa ra ánh sáng nhu hòa.
月蛾，翅膀上有着月亮般的纹路。	Nguyệt nga, trên cánh có hoa văn như mặt trăng.
手中握着一只月蛾。	Tay cầm một con nguyệt nga.
月蛾的翅膀，薄如蝉翼，泛着微光。	Cánh của nguyệt nga, mỏng như cánh ve, phản chiếu vi quang.
月树苗，似乎是由月蛾转化而来。	Cây nguyệt thụ con, dường như được chuyển hóa từ nguyệt nga.
石果，外壳坚硬如石。	Thạch quả, vỏ ngoài cứng như đá.
成熟的石果，外壳已经软化。	Thạch quả chín, vỏ ngoài đã mềm đi.
煮熟的石果，可以食用了。	Thạch quả nấu chín, có thể ăn rồi.
石果发芽了，可以种植。	Thạch quả nảy mầm, có thể trồng.
这棵石果灌木暂时无法结果了。	Bụi thạch quả này tạm thời không thể kết quả.
石果灌木因高温而枯萎了。	Bụi thạch quả vì nhiệt độ cao mà héo úa.
一棵石果灌木，结着外壳坚硬的果实。	Một bụi thạch quả, kết quả với vỏ ngoài cứng.
石果已被采摘，等待下次结果。	Thạch quả đã bị hái, chờ lần kết quả tiếp theo.
这棵石果灌木生病了。	Bụi thạch quả này bị bệnh.
石果灌木看起来不太健康。	Bụi thạch quả trông không khỏe lắm.
石果灌木起火了。	Bụi thạch quả bốc lửa.
一些海洋生物的化石。	Một số hóa thạch sinh vật biển.
一个天然的温泉，水温舒适。	Một suối nước nóng tự nhiên, nhiệt độ nước thoải mái.
温泉被某种东西炸过，暂时无法使用。	Suối nước nóng bị thứ gì đó nổ, tạm thời không thể sử dụng.
温泉的水凝固成了玻璃状。	Nước suối nóng đông cứng thành dạng kính.
温泉已经干涸了。	Suối nước nóng đã cạn khô.
一块锋利的月曜玻璃碎片。	Một mảnh thủy tinh nguyệt diệu sắc bén.
一块充能后的月曜玻璃，能量不稳定。	Một miếng thủy tinh nguyệt diệu sau khi nạp năng lượng, năng lượng không ổn định.
一块巨大的月曜玻璃矿石。	Một khối khoáng thạch thủy tinh nguyệt diệu khổng lồ.
沐浴球，放入温泉中会产生特殊效果。	Bóng tắm, thả vào suối nóng sẽ tạo ra hiệu ứng đặc biệt.
一个伪装成海星的陷阱。	Một cái bẫy giả trang thành sao biển.
海星陷阱闭合了，抓住了东西。	Bẫy sao biển đóng lại, bắt được thứ gì đó.
一个被挖出来的海星陷阱。	Một cái bẫy sao biển được đào lên.
一种生活在月岛上的破碎蜘蛛。	Một loài nhện vỡ sống trên đảo mặt trăng.
破碎蜘蛛正在休息。	Nhện vỡ đang nghỉ ngơi.
破碎蜘蛛死了。	Nhện vỡ chết rồi.
破碎蜘蛛的巢穴，由月曜玻璃构成。	Sào huyệt của nhện vỡ, được cấu thành bởi thủy tinh nguyệt diệu.
未成熟的沙拉蝾螈，颜色青绿。	Kỳ nhông salad chưa chín, màu xanh lục.
成熟的沙拉蝾螈，散发着果香。	Kỳ nhông salad chín, tỏa ra hương trái cây.
沙拉蝾螈睡着了。	Kỳ nhông salad ngủ rồi.
一只海鹦鹉，生活在沿海地区。	Một con vẹt biển, sống ở vùng ven biển.
手中抓着一只海鹦鹉。	Tay cầm một con vẹt biển.
一只正在睡觉的海鹦鹉。	Một con vẹt biển đang ngủ.
月曜玻璃斧，非常锋利但也很易碎。	Rìu thủy tinh nguyệt diệu, rất sắc bén nhưng cũng dễ vỡ.
玻璃刀，专门用于切割玻璃类材料。	Dao thủy tinh, chuyên dùng để cắt vật liệu loại kính.
一座小型的冰山。	Một tảng băng nhỏ.
冰山已经完全融化了。	Tảng băng đã hoàn toàn tan chảy.
一滩融化的冰水。	Một vũng nước băng tan chảy.
信号弹，发射后能发出亮光，用于标记位置或求救。	Pháo hiệu, sau khi phóng có thể phát ra ánh sáng, dùng để đánh dấu vị trí hoặc cầu cứu.
强光信号弹，能照亮更大范围，但也会吸引注意。	Pháo hiệu cường quang, có thể chiếu sáng phạm vi rộng hơn, nhưng cũng sẽ thu hút chú ý.
一道不稳定的天体裂隙，能量在其中涌动。	Một thiên thể liệt khích không ổn định, năng lượng trong đó cuộn sóng.
天体裂隙暂时平静了下来。	Thiên thể liệt khích tạm thời bình tĩnh xuống.
天体祭坛尚未建造完成。	Tế đàn thiên thể chưa xây dựng hoàn thành.
一座古老的天体祭坛，似乎与月亮有着深层的联系。	Một tế đàn thiên thể cổ xưa, dường như có liên hệ sâu xa với mặt trăng.
一个天体祭坛的雕像部件。	Bộ phận tượng của tế đàn thiên thể.
一个天体祭坛的玻璃底座部件。	Bộ phận đế kính của tế đàn thiên thể.
一个天体祭坛的核心球体部件。	Bộ phận hình cầu hạch tâm của tế đàn thiên thể.
一块嵌有雕像碎片的奇特岩石。	Một viên đá kỳ lạ khảm mảnh vỡ tượng.
一块嵌有玻璃碎片的奇特岩石。	Một viên đá kỳ lạ khảm mảnh kính.
一块嵌有球体碎片的奇特岩石。	Một viên đá kỳ lạ khảm mảnh cầu.
一个尚未激活的天体贡品。	Một cống phẩm thiên thể chưa kích hoạt.
一个已激活的天体贡品，散发着宇宙能量。	Một cống phẩm thiên thể đã kích hoạt, tỏa ra năng lượng vũ trụ.
一座完整的天体圣殿，是祭坛的最终形态。	Một thánh điện thiên thể hoàn chỉnh, là hình thái cuối cùng của tế đàn.
天体圣殿的象征物。	Vật tượng trưng của thánh điện thiên thể.
天体圣殿的守护部件，需要与其他部件组合。	Bộ phận bảo vệ của thánh điện thiên thể, cần kết hợp với các bộ phận khác.
航海科技站，用于解锁船只相关的制造配方。	Trạm khoa học hàng hải, dùng để mở khoá công thức chế tạo liên quan đến thuyền.
航海科技站被烧毁了。	Trạm khoa học hàng hải bị thiêu huỷ.
一套用于建造木船的组件。	Bộ linh kiện để xây dựng thuyền gỗ.
一套用于建造草筏的组件。	Bộ linh kiện để xây dựng bè cỏ.
一套用于安装船舵的组件。	Bộ linh kiện để lắp đặt bánh lái.
一套用于安装船锚的组件。	Bộ linh kiện để lắp đặt neo thuyền.
一套用于安装桅杆和船帆的组件。	Bộ linh kiện để lắp đặt cột buồm và buồm.
恐怖猎犬死了。	Liệp khuyển khủng khiếp chết rồi.
恐怖猎犬，一种被月岛能量扭曲的变异生物。	Liệp khuyển khủng khiếp, một loại sinh vật biến dị bị năng lượng đảo nguyệt xuyên tạc.
恐怖猎犬正在睡觉。	Liệp khuyển khủng khiếp đang ngủ.
月岩企鹅死了。	Chim cánh cụt đá nguyệt chết rồi.
月岩企鹅，一种生活在月岛的奇特企鹅。	Chim cánh cụt đá nguyệt, một loài chim cánh cụt kỳ lạ sống ở đảo nguyệt.
月岩企鹅正在睡觉。	Chim cánh cụt đá nguyệt đang ngủ.
胡萝卜鼠死了。	Chuột cà rốt chết rồi.
胡萝卜鼠，一种外形像胡萝卜的小动物。	Chuột cà rốt, một loài động vật nhỏ ngoại hình giống cà rốt.
手中抓着一只胡萝卜鼠。	Tay cầm một con chuột cà rốt.
胡萝卜鼠正在睡觉。	Chuột cà rốt đang ngủ.
一株公牛海带，生长在海中。	Một cây tảo bò, mọc trong biển.
公牛海带已被采摘。	Tảo bò đã bị hái.
公牛海带的根部。	Phần rễ của tảo bò.
海带制成的帽子，有一定的防水性。	Mũ làm từ tảo biển, có một mức độ chống nước nhất định.
一片新鲜的海带叶。	Một lá tảo biển tươi.
煮熟的海带叶。	Lá tảo biển nấu chín.
晒干的海带叶，易于保存。	Lá tảo biển phơi khô, dễ bảo quản.
一个由纯粹能量构成的虚影。	Một bóng ảo cấu thành bởi năng lượng thuần túy.
一个更大型、更具攻击性的能量虚影。	Một bóng ảo năng lượng lớn hơn, có tính tấn công hơn.
饼干切割机，一种会攻击船只的小型海洋生物。	Máy cắt bánh quy, một loại sinh vật biển nhỏ sẽ tấn công thuyền.
饼干切割机的外壳。	Vỏ ngoài của máy cắt bánh quy.
用饼干切割机外壳制成的帽子，能提供一些防护。	Mũ làm từ vỏ máy cắt bánh quy, có thể cung cấp một số phòng hộ.
盐堆？待王某探究其成因！	Đống muối? Để Vương Mỗ khám phá nguyên nhân của nó!
挖空的废物！	Đồ phế vật bị đào rỗng!
这盐堆...竟会自行生长？	Đống muối này... lại tự mình sinh trưởng?
海盐结晶？正好炼丹！	Tinh thể muối biển? Đúng lúc luyện đan!
这盐盒...可保食物不腐！	Hộp muối này... có thể giữ thức ăn không hỏng!
钓具？王某徒手便可捉鱼！	Dụng cụ câu? Vương Mỗ tay không cũng có thể bắt cá!
何人胆敢乱画？	Ai dám vẽ bậy?
邪天翁？待王某斩了这妖禽！	Hải âu tà? Để Vương Mỗ chém con yêu cầm này!
妖禽羽毛？可炼飞行符！	Lông yêu cầm? Có thể luyện phi hành phù!
妖喙？蕴含奇异法力！	Mỏ yêu? Hàm chứa pháp lực kỳ dị!
妖禽风帆？勉强一试！	Buồm yêu cầm? Miễn cưỡng thử một lần!
妖帆？不如王某御风而行！	Buồm yêu? Không bằng Vương Mỗ ngự phong mà hành!
妖羽织布？倒有些门道...	Vải dệt lông yêu? Lại có chút cơ chế...
区区海兽也敢在王某面前嬉戏？	Hải thú tầm thường cũng dám nô đùa trước mặt Vương Mỗ?
断角海兽？废物一个！	Hải thú gãy sừng? Đồ phế vật!
这海兽...倒会讨好王某！	Hải thú này... lại biết lấy lòng Vương Mỗ!
断角还跟着？自取其辱！	Gãy sừng còn theo? Tự mình chịu nhục!
海兽角？可炼分水刺！	Sừng hải thú? Có thể luyện thành Phân Thủy Thích!
木板？连造艘像样的船都不够！	Ván gỗ? Ngay cả đóng một chiếc thuyền tử tế cũng không đủ!
草板？连碧云童儿都嫌弃！	Ván cỏ? Ngay cả đồng nhi Bích Vân cũng chê!
破桨一支，费力不讨好！	Một mái chèo vỡ, tốn công không được việc!
浮木桨？勉强可划！	Mái chèo gỗ nổi? Miễn cưỡng có thể bơi!
钓竿？王某徒手便可捉鱼！	Cần câu? Vương Mỗ tay không cũng có thể bắt cá!
鱼钩？王某徒手便可捉鱼！	Lưỡi câu? Vương Mỗ tay không cũng có thể bắt cá!
木球浮标？凡人才需此物！	Phao gỗ tròn? Phàm nhân mới cần vật này!
硬物浮标？也妄想困住鱼精！	Phao vật cứng? Cũng mộng tưởng bắt nhốt ngư tinh!
黑羽浮标？连碧云童儿都嫌弃！	Phao lông đen? Ngay cả đồng nhi Bích Vân cũng chê!
红羽浮标？小心引来鲱鱼精！	Phao lông đỏ? Cẩn thận kéo đến ngư tinh cá trích!
雪鸟浮标？华而不实！	Phao chim tuyết? Hoa mà không thực!
黄羽浮标？可笑的小把戏！	Phao lông vàng? Trò nhỏ đáng cười!
鹅羽浮标？浪费材料！	Phao lông ngỗng? Lãng phí vật liệu!
邪天翁羽？勉强可入王某法眼！	Lông hải âu tà? Miễn cưỡng có thể lọt vào pháp nhãn của Vương Mỗ!
日出亮片？骗骗凡鱼罢了！	Lame bình minh? Chỉ để lừa cá phàm mà thôi!
黄昏亮片？不入流的把戏！	Lame hoàng hôn? Trò không ra gì!
夜间亮片？王某夜可视物！	Lame ban đêm? Vương Mỗ ban đêm có thể nhìn thấy vật!
日出假饵？连小鱼都骗不过！	Mồi giả bình minh? Ngay cả cá nhỏ cũng lừa không qua!
黄昏假饵？废物一个！	Mồi giả hoàng hôn? Đồ phế vật!
夜间假饵？王某何需此物！	Mồi giả ban đêm? Vương Mỗ cần gì vật này!
雨饵？弄湿法体实属不敬！	Mồi mưa? Làm ướt pháp thể thực sự bất kính!
雪饵？鱼儿岂会中计！	Mồi tuyết? Cá sao mà mắc kế!
麻饵？污了王某法手！	Mồi gây tê? Làm bẩn pháp thủ của Vương Mỗ!
重饵？连条龙都钓不起来！	Mồi nặng? Ngay cả rồng cũng câu không lên!
一阶妖鱼，也敢在我面前游弋？	Yêu ngư nhất giai, cũng dám bơi lượn trước mặt ta?
墨鱼？其墨可制符箓。	Cá mực? Mực của nó có thể chế phù lục.
未开灵智的小妖。	Tiểu yêu chưa khai linh trí.
鱼苗？连塞牙缝都不够。	Cá giống? Ngay cả nhét kẽ răng cũng không đủ.
爆裂属性的妖鱼？有点意思。	Yêu ngư thuộc tính bùng nổ? Có chút thú vị.
伪装之术，拙劣不堪。	Thuật giả trang, vụng về không chịu được.
花开鱼身，可作炼丹辅料。	Hoa nở trên thân cá, có thể dùng làm phụ liệu luyện đan.
火属性妖鱼，正好炼化。	Yêu ngư thuộc tính hỏa, đúng lúc luyện hóa.
毒涎妖鱼，污秽之物。	Yêu ngư nước dãi độc, vật ô uế.
泥潭妖鱼，腥臭难闻。	Yêu ngư đầm lầy, tanh thối khó ngửi.
斑纹妖鱼，中看不中用。	Yêu ngư sọc vằn, trông đẹp mà không dùng được.
虚张声势的废物。	Đồ phế vật hù dọa rỗng.
厄运妖鱼，避之为妙。	Yêu ngư vận xui, tránh đi là hay.
凡俗之物，不堪大用。	Vật phàm tục, không đủ dùng việc lớn.
锦鲤？倒是有些灵气。	Cá chép gấm? Lại có chút linh khí.
金鳞妖鱼，或许有些用处。	Yêu ngư vảy vàng, có lẽ có chút dùng được.
冰属性妖鱼，可炼寒系法宝。	Yêu ngư thuộc tính băng, có thể luyện pháp bảo hàn hệ.
甜腻之物，凡人所好。	Vật ngọt béo, phàm nhân ưa thích.
淡水小妖，也敢窥视修真之道？	Tiểu yêu nước ngọt, cũng dám nhìn trộm đạo tu chân?
电鳗？其电力可淬炼法宝。	Lươn điện? Điện lực của nó có thể tôi luyện pháp bảo.
生鱼肉，连妖兽都不屑一顾。	Thịt cá sống, ngay cả yêu thú cũng không thèm nhìn.
烤鱼？勉强果腹。	Cá nướng? Miễn cưỡng lấp đầy bụng.
鱼渣一堆。	Một đống xác cá.
熟鱼屑，聊胜于无。	Vụn cá chín, còn hơn không có gì.
腐鱼？腥臭难当。	Cá thối? Tanh thối không chịu nổi.
此罐似有保鲜禁制？	Hũ này dường như có cấm chế bảo tươi?
秤？我神识一扫便知轻重。	Cân? Thần thức ta quét một cái là biết nặng nhẹ.
钓具匣？可笑，我王林何需此物。	Hộp dụng cụ câu? Buồn cười, Vương Lâm ta cần gì vật này.
超级钓具匣？浪费时间。	Hộp dụng cụ câu siêu cấp? Lãng phí thời gian.
区区凡鱼，也配称量？	Cá phàm tầm thường, cũng đáng cân đo?
重{weight}斤，渔者{owner}。	Nặng {weight} cân, ngư giả {owner}.
重{weight}斤，渔者{owner}，尚可。	Nặng {weight} cân, ngư giả {owner}, tạm được.
何人施法？	Ai thi pháp?
可惜了这妖鱼材料...	Tiếc thay vật liệu yêu ngư này...
{owner}所获，重{weight}斤。	{owner} thu được, nặng {weight} cân.
{owner}所获，重{weight}斤，不错。	{owner} thu được, nặng {weight} cân, không tệ.
海底残骸，或藏机缘。	Phế tích đáy biển, hoặc ẩn cơ duyên.
凡间食物，勉强果腹。	Thức ăn phàm trần, miễn cưỡng lấp đầy bụng.
海鲜杂烩，聊胜于无。	Hải sản tạp hội, còn hơn không có gì.
肉食尚可，灵气稀薄。	Thịt ăn tạm được, linh khí thưa thớt.
虾妖？可取甲炼器。	Tôm yêu? Có thể lấy giáp luyện khí.
妖物巢穴，小心为妙。	Sào huyệt yêu vật, cẩn thận là hay.
死虾材料，可制低阶丹药。	Vật liệu tôm chết, có thể chế đan dược hạ giai.
熟虾，稍具灵气。	Tôm chín, có chút linh khí.
虾汤，勉强算药膳。	Canh tôm, miễn cưỡng tính là dược thiện.
虾餐，尚可入口。	Bữa tôm, tạm được vào miệng.
月华虾妖？倒是罕见。	Tôm yêu nguyệt hoa? Lại hiếm thấy.
月华凝聚的妖巢...	Sào yêu ngưng tụ nguyệt hoa...
三叉戟？似是水系法宝。	Đinh ba? Dường như là pháp bảo thủy hệ.
此物可代我打捞海底之物。	Vật này có thể thay ta vớt vật dưới đáy biển.
正在打捞...	Đang vớt...
且看捞到了何物。	Hãy xem vớt được vật gì.
不过是个荒废的洞府。	Chẳng qua là một động phủ hoang phế.
稍加修缮，可作临时洞府。	Tu sửa thêm một chút, có thể làm động phủ tạm thời.
这些海贝蕴含水灵气。	Những con ốc biển này hàm chứa thủy linh khí.
贝壳发出低沉道音...	Vỏ sò phát ra đạo âm trầm thấp...
中音贝壳，似含韵律。	Vỏ sò âm giữa, dường như chứa vận luật.
高音刺耳，扰人清修。	Âm cao chói tai, quấy rối tu luyện thanh tịnh.
鱼饵而已，不值一提。	Chẳng qua là mồi cá, không đáng nhắc đến.
海底沉箱，或有机缘。	Hòm chìm đáy biển, hoặc có cơ duyên.
此箱有禁制守护。	Hòm này có cấm chế thủ hộ.
这些杂物...勉强收下。	Những tạp vật này... miễn cưỡng nhận lấy.
贝壳材料，可制低阶法器。	Vật liệu vỏ sò, có thể chế pháp khí hạ giai.
此扫帚似有清洁禁制。	Cái chổi này dường như có cấm chế thanh khiết.
月华裂隙被封印了。	Liệt khích nguyệt hoa bị phong ấn.
此兽体型不小...	Thân hình thú này không nhỏ...
妖兽？小心为上。	Yêu thú? Cẩn thận là thượng sách.
小兽倒有几分灵性。	Tiểu thú lại có mấy phần linh tính.
可作看守洞府的灵宠。	Có thể làm linh thú canh giữ động phủ.
凡俗玩物，毫无灵气。	Đồ chơi phàm tục, không có chút linh khí.
弹弓？倒是件奇门法宝。	Súng cao su? Lại là pháp bảo kỳ môn.
普通石子，不堪大用。	Sỏi thường, không đủ dùng việc lớn.
玉石弹丸，尚可一用。	Đạn đá ngọc, tạm có thể dùng một lần.
诅咒弹丸？小心反噬。	Đạn nguyền rủa? Cẩn thận phản thực.
金弹奢侈，华而不实。	Đạn vàng xa xỉ, hoa mà không thực.
迟缓弹丸，可制敌速度。	Đạn làm chậm, có thể kiềm chế tốc độ địch.
寒冰弹丸，蕴含冰系法则。	Đạn hàn băng, hàm chứa pháp tắc băng hệ.
污秽之物，有损道心。	Vật ô uế, có hại đạo tâm.
打坐修行，何需帐篷。	Ngồi thiền tu hành, cần gì lều.
遮风避雨之物，凡人所用。	Vật che gió tránh mưa, phàm nhân dùng.
此音律可加固法宝。	Âm luật này có thể củng cố pháp bảo.
疗伤音律？效果有限。	Âm luật trị thương? Hiệu quả hữu hạn.
清心音律，可稳心神。	Âm luật thanh tâm, có thể ổn định tâm thần.
战意音律，略有助益。	Âm luật chiến ý, có chút trợ ích.
御火音律，还算实用。	Âm luật ngự hỏa, còn tạm thực dụng.
挑衅音律，低劣手段。	Âm luật khiêu khích, thủ đoạn thấp kém.
乱神音律，邪门歪道。	Âm luật loạn thần, tà môn lệch đạo.
此物似能改变妖兽形态？	Vật này dường như có thể thay đổi hình thái yêu thú?
蛛毒变异物，危险。	Vật biến dị độc nhện, nguy hiểm.
洞穴变异物，谨慎使用。	Vật biến dị hang động, cẩn thận sử dụng.
毒液变异物，阴损。	Vật biến dị độc dịch, âm độc.
月华变异物，或有用处。	Vật biến dị nguyệt hoa, hoặc có ích.
疗伤变异物，效果存疑。	Vật biến dị trị thương, hiệu quả còn nghi.
御虫哨？控制妖兽的法器。	Tiêu ngự trùng? Pháp khí kiểm soát yêu thú.
蛛巢装饰，无聊之举。	Trang trí sào nhện, hành động vô liêu.
疗伤蜘蛛？倒是罕见。	Nhện trị thương? Lại hiếm thấy.
驱虫香，凡人用品。	Hương đuổi trùng, đồ dùng phàm nhân.
蜘蛛分泌物，可入药。	Chất tiết của nhện, có thể làm thuốc.
缓慢回生灵药，低阶。	Linh dược hồi sinh chậm, hạ giai.
快速疗伤药，尚可。	Thuốc trị thương nhanh, tạm được.
护体灵药，保命之用。	Linh dược hộ thể, dùng bảo mệnh.
增攻灵药，战斗必备。	Linh dược tăng công, cần thiết trong chiến đấu.
提速灵药，逃遁有用。	Linh dược tăng tốc, hữu dụng khi trốn chạy.
反伤灵药，以牙还牙。	Linh dược phản thương, lấy nanh trả nanh.
这骨灰坛...还缺些阴魂滋养。	Hũ tro cốt này... còn thiếu chút âm hồn tư dưỡng.
阴气不足，还需更多魂力...	Âm khí không đủ, còn cần thêm hồn lực...
阴气凝聚，可作养魂之地。	Âm khí ngưng tụ, có thể làm nơi dưỡng hồn.
便携丹炉，可炼简单丹药。	Đan lò di động, có thể luyện đan dược đơn giản.
丹药已成。	Đan dược đã thành.
火候未到，还需耐心。	Lửa chưa đủ độ, còn cần kiên nhẫn.
即将成丹。	Sắp thành đan.
丹炉空空如也。	Đan lò rỗng không.
研磨法器，可碎药成粉。	Pháp khí nghiền, có thể nghiền dược liệu thành bột.
调味法器，可增药效。	Pháp khí gia vị, có thể tăng hiệu dược.
药散已成。	Dược tán đã thành.
此袋可保食材新鲜，尚可一用。	Túi này có thể giữ nguyên liệu tươi, tạm có thể dùng.
蒜粉，可破邪祟。	Bột tỏi, có thể phá tà chú.
糖晶，凡人所好。	Tinh thể đường, phàm nhân ưa thích.
辣椒粉，火属性材料。	Bột ớt, vật liệu thuộc tính hỏa.
盐粉，调味之用。	Bột muối, dùng để gia vị.
妖兽肉生食？谨慎为妙。	Thịt yêu thú ăn sống? Thận trọng là hay.
灵果薄饼，尚可入口。	Bánh crepe linh quả, tạm được vào miệng.
鱼蛙杂烩，味道独特。	Tạp hội cá ếch, hương vị độc đáo.
土豆旋丝，凡间小吃。	Xoắn khoai tây, đồ ăn vặt phàm trần.
龙椒沙拉，火辣异常。	Salad ớt rồng, cay nồng dị thường.
发光浆果慕斯，蕴含光灵气。	Mousse quả mọng phát sáng, hàm chứa quang linh khí.
雷羊肉冻，蕴含雷电之力。	Thạch thịt dê sấm, hàm chứa lôi điện chi lực.
梦魇馅饼，小心幻境反噬。	Bánh pie ác mộng, cẩn thận ảo cảnh phản thực.
骨汤，可补钙质。	Canh xương, có thể bổ canxi.
土豆泥，凡人之食。	Khoai tây nghiền, thức ăn của phàm nhân.
土豆舒芙蕾，做工精细。	Bánh soufflé khoai tây, làm công tinh tế.
海鲜炖菜，海味十足。	Rau hầm hải sản, đậm đà hương biển.
冷汤，清爽解暑。	Canh lạnh, thanh mát giải nhiệt.
芦笋汤，清淡养生。	Canh măng tây, thanh đạm dưỡng sinh.
蔬菜鸡尾酒，味道奇特。	Cocktail rau củ, hương vị kỳ lạ.
香蕉冰棍，消暑小食。	Que kem chuối, đồ ăn vặt giải nhiệt.
酸橘汁腌鱼，异域风味。	Cá ướp nước cam chua, hương vị ngoại quốc.
莎莎酱，辛辣开胃。	Sốt salsa, cay nồng khai vị.
辣椒爆弹，火辣刺激。	Ớt nhồi bùng nổ, cay nóng kích thích.
萝卜，普通蔬菜。	Củ cải, rau củ thông thường.
烤萝卜，味道尚可。	Củ cải nướng, hương vị tạm được.
萝卜种子。	Hạt giống củ cải.
大蒜，可驱虫辟邪。	Tỏi, có thể đuổi trùng trừ tà.
烤大蒜，香气更浓。	Tỏi nướng, hương thơm đậm hơn.
大蒜种子。	Hạt giống tỏi.
洋葱，辛辣刺眼。	Hành tây, cay nồng cay mắt.
烤洋葱，甜味显现。	Hành tây nướng, vị ngọt hiện ra.
洋葱种子。	Hạt giống hành tây.
土豆，饱腹之物。	Khoai tây, vật no bụng.
烤土豆，香气扑鼻。	Khoai tây nướng, hương thơm ngát mũi.
土豆种子。	Hạt giống khoai tây.
番茄，酸甜可口。	Cà chua, chua ngọt ngon miệng.
烤番茄，风味更佳。	Cà chua nướng, hương vị tốt hơn.
番茄种子。	Hạt giống cà chua.
芦笋，清爽蔬菜。	Măng tây, rau củ thanh mát.
烤芦笋，脆嫩可口。	Măng tây nướng, giòn mềm ngon.
芦笋种子。	Hạt giống măng tây.
辣椒，火辣调味。	Ớt, gia vị cay nóng.
烤辣椒，辣度更甚。	Ớt nướng, độ cay hơn.
辣椒种子。	Hạt giống ớt.
海狸雕像，似有妖气。	Tượng hải ly, dường như có yêu khí.
鹅雕像，造型奇特。	Tượng ngỗng, tạo hình kỳ lạ.
麋鹿雕像，蕴含野性。	Tượng nai sừng tấm, hàm chứa dã tính.
鱼人伪装，可避水族。	Trang phục giả trang người cá, có thể tránh thủy tộc.
鱼人王座？可笑。	Ngai vàng người cá? Đáng cười.
烧焦的王座，徒留残骸。	Ngai vàng bị thiêu, chỉ còn lại tàn tích.
鱼人建朝？痴心妄想。	Người cá lập triều? Hoang tưởng.
化为灰烬，正合我意。	Hóa thành tro tàn, đúng ý ta.
鱼人屋舍，简陋不堪。	Nhà ở người cá, sơ sài không chịu được.
烧毁殆尽，省我出手。	Bị thiêu rụi, đỡ ta phải ra tay.
鱼人哨塔，与我何干。	Tháp canh người cá, liên quan gì đến ta.
无主哨塔，或可利用。	Tháp canh vô chủ, hoặc có thể lợi dụng.
鱼人王？傀儡罢了。	Vua người cá? Chẳng qua là quái lỗi.
鱼人守卫，不堪一击。	Vệ sĩ người cá, không chịu được một đòn.
鱼人争位，无聊闹剧。	Người cá tranh vị, trò hề vô liêu.
鱿鱼？可作海鲜食材。	Mực ống? Có thể làm nguyên liệu hải sản.
幽灵花？蕴含阴灵气。	Hoa ma? Hàm chứa âm linh khí.
小幽灵？无害之物。	Ma nhỏ? Vật vô hại.
蟹王？体型倒是不小。	Vua cua? Thân hình lại không nhỏ.
沉睡蟹王，小心为妙。	Vua cua đang ngủ, cẩn thận là hay.
蟹钳？可作材料。	Càng cua? Có thể làm vật liệu.
瓶中信？或有机密。	Thư trong chai? Hoặc có cơ mật.
空瓶？可装丹药。	Chai rỗng? Có thể đựng đan dược.
肉已风干，可长期保存。	Thịt đã phơi khô, có thể bảo quản lâu dài.
正在风干，需耐心等待。	Đang phơi khô, cần kiên nhẫn chờ đợi.
雨天潮湿，风干缓慢。	Ngày mưa ẩm ướt, phơi khô chậm.
晾肉架？可保存食物。	Giá phơi thịt? Có thể bảo quản thức ăn.
架子烧毁，前功尽弃。	Giá bị thiêu, công trước uổng phí.
物品已干，保存完成。	Vật phẩm đã khô, bảo quản hoàn thành.
物品正在风干。	Vật phẩm đang phơi khô.
雨天影响风干效率。	Ngày mưa ảnh hưởng hiệu suất phơi khô.
蜂蜜已满，可取之用。	Mật ong đã đầy, có thể lấy dùng.
蜜满蜂箱，收获之时。	Tổ ong đầy mật, đến lúc thu hoạch.
蜂箱？且看能产何蜜。	Tổ ong? Hãy xem có thể sản xuất mật gì.
箱中无蜜，还需等待。	Trong tổ không có mật, còn cần chờ đợi.
已有少许蜂蜜，尚未满箱。	Đã có ít mật ong, chưa đầy tổ.
蜂箱被焚，可惜。	Tổ ong bị thiêu, tiếc thay.
寄居蟹？倒是懂得藏身之道。	Cua ẩn sĩ? Lại biết đạo ẩn thân.
珍珠？蕴含水灵气。	Ngọc trai? Hàm chứa thủy linh khí.
珍珠开裂，灵气外泄。	Ngọc trai nứt vỡ, linh khí ngoại tiết.
海草？普通水生植物。	Cỏ biển? Thực vật thủy sinh thông thường.
爆裂海草？小心为上。	Cỏ biển bùng nổ? Cẩn thận là thượng sách.
海草幼苗，尚未成熟。	Cây con cỏ biển, chưa chín.
海草种植处？	Nơi trồng cỏ biển?
鲨鱼？海中猛兽。	Cá mập? Mãnh thú trong biển.
船灯？照明之用。	Đèn thuyền? Dùng để chiếu sáng.
避雷针？防雷击必备。	Cột thu lôi? Cần thiết để phòng sét đánh.
水泵？取水工具。	Máy bơm nước? Công cụ lấy nước.
藤壶？海中附生物。	Hà? Sinh vật bám trong biển.
熟藤壶，可食用。	Hà nấu chín, có thể ăn.
藤壶饼，异域风味。	Bánh hà, hương vị ngoại quốc.
藤壶寿司，海鲜小吃。	Sushi hà, đồ ăn vặt hải sản.
藤壶意面，味道独特。	Mì ý hà, hương vị độc đáo.
酿鱼头，烹饪精细。	Đầu cá nhồi, nấu nướng tinh tế.
叶肉糕？素食点心。	Bánh thịt lá? Điểm tâm chay.
素肉汉堡？仿荤素食。	Burger thịt chay? Đồ ăn chay giả mặn.
素肉舒芙蕾，做工讲究。	Soufflé thịt chay, làm công cầu kỳ.
肉沙拉？荤素搭配。	Salad thịt? Mặn chay kết hợp.
鼹鼠蝙蝠？奇特生物。	Dơi chuột chũi? Sinh vật kỳ lạ.
蝙蝠丘穴？小心有兽。	Hang gò dơi? Cẩn thận có thú.
蝙蝠鼻？奇特材料。	Mũi dơi? Vật liệu kỳ lạ.
烤蝙蝠鼻？味道怪异。	Mũi dơi nướng? Hương vị kỳ quái.
蝙蝠鼻帽？防寒之用。	Mũ mũi dơi? Dùng để chống lạnh.
蘑菇地精？会移动的菌类。	Nấm địa tinh? Loại nấm biết di chuyển.
月亮孢子？小心感染。	Bào tử mặt trăng? Cẩn thận bị lây nhiễm.
月亮蘑菇？未知品种。	Nấm mặt trăng? Chủng loài chưa biết.
熟月亮蘑菇？谨慎食用。	Nấm mặt trăng nấu chín? Cẩn thận ăn.
月亮蘑菇树？散发微光。	Cây nấm mặt trăng? Tỏa vi quang.
发光飞虫？可作光源。	Côn trùng phát sáng? Có thể làm nguồn sáng.
大型水晶池？灵气充裕。	Ao tinh thể lớn? Linh khí sung túc.
小型水晶池？也有灵气。	Ao tinh thể nhỏ? Cũng có linh khí.
尘蛾？喜食灰尘。	Bướm bụi? Thích ăn bụi.
尘蛾巢穴？异常整洁。	Hang bướm bụi? Sạch sẽ dị thường.
上古宝箱？如何开启。	Rương kho thượng cổ? Làm sao mở.
远古蜈蚣？守护者。	Rết viễn cổ? Kẻ thủ hộ.
蜈蚣空壳？已无价值。	Vỏ rỗng rết? Đã không còn giá trị.
此鼎炼化需时，耐心等待。	Đỉnh này luyện hóa cần thời gian, kiên nhẫn chờ đợi.
即将功成。	Sắp thành công.
炼制完成。	Luyện chế hoàn thành.
古鼎空空，待我使用。	Cổ đỉnh rỗng không, chờ ta sử dụng.
鼎炉损毁，可惜。	Đỉnh lò bị hủy, tiếc thay.
月亮雕像？蕴含月华之力。	Tượng mặt trăng? Hàm chứa nguyệt hoa chi lực.
上古符文，晦涩难懂。	Phù văn thượng cổ, tối nghĩa khó hiểu.
符文深奥，需细细参悟。	Phù văn thâm áo, cần từ từ tham ngộ.
此等符文，非比寻常。	Phù văn loại này, phi thường.
符文玄妙，暗藏天机。	Phù văn huyền diệu, ẩn chứa thiên cơ.
上古文字，难以解读。	Văn tự thượng cổ, khó giải đọc.
星象仪？可探测方位。	Tinh tượng nghi? Có thể thăm dò phương vị.
星象仪已定位。	Tinh tượng nghi đã định vị.
探测仪器，或有用处。	Dụng cụ thăm dò, hoặc có ích.
此器需能量启动。	Dụng cụ này cần năng lượng khởi động.
奇特装置。	Thiết bị kỳ lạ.
哨所失能，暂无威胁。	Tiền đồn mất năng lực, tạm không có mối đe dọa.
远古哨所？小心为上。	Tiền đồn viễn cổ? Cẩn thận là thượng sách.
警戒脉冲？避开为妙。	Xung cảnh giới? Tránh đi là hay.
基座完好，可放置物品。	Đế tòa hoàn hảo, có thể đặt vật phẩm.
基座需宝石激活。	Đế tòa cần đá quý kích hoạt.
传送门能量尽失。	Năng lượng cổng truyền tống tận mất.
远古传送门？不知通往何处。	Cổng truyền tống viễn cổ? Không biết dẫn đến đâu.
石墙？普通防御工事。	Tường đá? Công sự phòng thủ thông thường.
远古石墙？材质特殊。	Tường đá viễn cổ? Chất liệu đặc biệt.
精炼尘土？用途不明。	Bụi đất tinh luyện? Dụng đồ không rõ.
尘沫甜点？味道奇特。	Món ngọt bụi bọt? Hương vị kỳ lạ.
蘑菇蛋糕？谨慎食用。	Bánh nấm? Cẩn thận ăn.
梦魇增生？小心幻境。	Tăng sinh ác mộng? Cẩn thận ảo cảnh.
草皮制作台？改变地形之用。	Bàn làm cỏ địa? Dùng để thay đổi địa hình.
月亮祭坛连接？能量流动。	Kết nối tế đàn mặt trăng? Năng lượng lưu động.
堆肥桶？制造肥料。	Thùng ủ phân? Chế tạo phân bón.
堆肥过湿，需调整。	Phân ủ quá ướt, cần điều chỉnh.
堆肥过干，需加水。	Phân ủ quá khô, cần thêm nước.
堆肥状态良好。	Trạng thái phân ủ tốt.
堆肥桶烧毁。	Thùng ủ phân bị thiêu.
堆肥？可滋养土壤。	Phân ủ? Có thể bồi dưỡng đất.
土壤改良剂？促进生长。	Chất cải tạo đất? Thúc đẩy sinh trưởng.
改良剂效果减弱。	Hiệu quả chất cải tạo giảm yếu.
改良剂已变质。	Chất cải tạo đã biến chất.
发酵改良剂？效果更强。	Chất cải tạo lên men? Hiệu quả mạnh hơn.
浇水壶？灌溉用具。	Bình tưới nước? Dụng cụ tưới tiêu.
水壶已空，需加水。	Bình nước đã cạn, cần thêm nước.
高级浇水壶？效率更高。	Bình tưới nước cao cấp? Hiệu suất cao hơn.
壶中无水，无法使用。	Trong bình không có nước, không thể sử dụng.
耕地机？农耕用具。	Máy cày? Dụng cụ nông canh.
便携耕地机？便于携带。	Máy cày di động? Tiện mang theo.
锄头？翻土工具。	Cái cuốc? Công cụ lật đất.
金锄？奢侈农具。	Cuốc vàng? Nông cụ xa xỉ.
营养护目帽？观察土壤之用。	Mũ kính dinh dưỡng? Dùng để quan sát đất.
植物登记帽？识别作物。	Mũ đăng ký thực vật? Nhận biết cây trồng.
农田杂物？需要清理。	Tạp vật nông điền? Cần dọn dẹp.
火荨麻？小心灼伤。	Tầm ma lửa? Cẩn thận bỏng.
勿忘我花？观赏植物。	Hoa forget-me-not? Thực vật quan thưởng.
甜茶？解渴饮品。	Trà ngọt? Đồ uống giải khát.
犁地草？田间杂草。	Cỏ cày? Cỏ dại trên đồng.
草膏？疗伤药物。	Cao cỏ? Thuốc trị thương.
常春藤？攀附植物。	Cây thường xuân? Thực vật leo.
藤蔓陷阱？小心缠绕。	Bẫy dây leo? Cẩn thận bị cuốn.
农产品秤？称量作物之用。	Cân nông sản? Dùng để cân cây trồng.
重{weight}斤，收获第{day}天。	Nặng {weight} cân, thu hoạch ngày thứ {day}.
重{weight}斤，收获第{day}天，长得不小。	Nặng {weight} cân, thu hoạch ngày thứ {day}, lớn không nhỏ.
重量过轻，价值不大。	Trọng lượng quá nhẹ, giá trị không lớn.
秤台起火，速速扑灭。	Bàn cân bốc lửa, mau mau dập tắt.
秤台烧毁，无法使用。	Bàn cân bị thiêu, không thể sử dụng.
巨型胡萝卜？长得异常。	Cà rốt khổng lồ? Lớn dị thường.
巨型玉米？个头惊人。	Bắp ngô khổng lồ? Kích thước kinh người.
巨型南瓜？可作容器。	Bí ngô khổng lồ? Có thể làm vật đựng.
巨型茄子？紫色品种。	Cà tím khổng lồ? Giống màu tím.
巨型榴莲？气味浓烈。	Sầu riêng khổng lồ? Mùi nồng nặc.
巨型石榴？籽粒饱满。	Lựu khổng lồ? Hạt căng đầy.
巨型火龙果？外形奇特。	Thanh long khổng lồ? Ngoại hình kỳ lạ.
巨型西瓜？水分充足。	Dưa hấu khổng lồ? Nước đủ đầy.
巨型番茄？红色饱满。	Cà chua khổng lồ? Đỏ căng đầy.
巨型土豆？淀粉丰富。	Khoai tây khổng lồ? Tinh bột phong phú.
巨型芦笋？清脆可口。	Măng tây khổng lồ? Giòn ngon.
巨型洋葱？辛辣刺眼。	Hành tây khổng lồ? Cay nồng cay mắt.
巨型大蒜？驱虫效果好。	Tỏi khổng lồ? Hiệu quả đuổi trùng tốt.
巨型辣椒？辣度更强。	Ớt khổng lồ? Độ cay mạnh hơn.
腐烂巨型蔬菜？已无价值。	Rau khổng lồ thối rữa? Đã không còn giá trị.
普通作物。	Cây trồng thông thường.
种子刚播下。	Hạt giống vừa gieo xuống.
作物生长中。	Cây trồng đang sinh trưởng.
作物已成熟。	Cây trồng đã chín.
作物已腐烂。	Cây trồng đã thối rữa.
长出巨型作物。	Mọc ra cây trồng khổng lồ.
巨型作物腐烂。	Cây trồng khổng lồ thối rữa.
杂草丛生。	Cỏ dại mọc um tùm.
作物起火。	Cây trồng bốc lửa.
果蝇？扰人清静。	Ruồi trái cây? Quấy rối yên tĩnh.
果蝇王？体型较大。	Vua ruồi trái cây? Thân hình tương đối lớn.
友善果蝇？有助于作物。	Ruồi trái cây thân thiện? Có ích cho cây trồng.
果蝇果实？可吸引果蝇。	Quả ruồi trái cây? Có thể thu hút ruồi trái cây.
种子袋？便于储存种子。	Túi hạt giống? Tiện lưu trữ hạt giống.
乌鸦主持人？节庆司仪。	MC quạ? Nghi lễ lễ hội.
小乌鸦？节庆助手。	Quạ nhỏ? Trợ lý lễ hội.
游戏代币？参与活动之用。	Token trò chơi? Dùng để tham gia hoạt động.
奖票？兑换奖品。	Vé thưởng? Đổi phần thưởng.
一叠奖票。	Một xấp vé thưởng.
大量奖票。	Số lượng lớn vé thưởng.
乌鸦巢穴？喂食游戏。	Tổ quạ? Trò chơi cho ăn.
喂食游戏？需准备食物。	Trò chơi cho ăn? Cần chuẩn bị thức ăn.
正在喂食乌鸦。	Đang cho quạ ăn.
喂食游戏套装？搭建用。	Bộ trò chơi cho ăn? Dùng để dựng.
幼虫？乌鸦食物。	Ấu trùng? Thức ăn của quạ.
记忆游戏套装？考验记性。	Bộ trò chơi ghi nhớ? Kiểm tra trí nhớ.
记忆游戏？需集中精神。	Trò chơi ghi nhớ? Cần tập trung tinh thần.
正在记忆蛋的位置。	Đang ghi nhớ vị trí trứng.
蛋篮？游戏道具。	Giỏ trứng? Đạo cụ trò chơi.
是这个蛋篮吗？	Có phải giỏ trứng này không?
赶蛋游戏套装？控制蛋的移动。	Bộ trò chơi đuổi trứng? Kiểm soát di chuyển trứng.
赶蛋游戏？需敏捷身手。	Trò chơi đuổi trứng? Cần thân thủ lanh lẹ.
正在追赶逃跑的蛋。	Đang đuổi theo quả trứng đang chạy.
小乌鸦？需要引导。	Quạ nhỏ? Cần dẫn dắt.
射击游戏套装？练习瞄准。	Bộ trò chơi bắn súng? Luyện tập nhắm mục tiêu.
试炼箭阵？待我破之。	Trận tên thử luyện? Để ta phá.
看我一箭破虚妄！	Xem ta một mũi tên phá ảo vọng!
试炼靶心...	Tâm bia thử luyện...
此靶暗合九宫方位。	Bia này ngầm hợp cửu cung phương vị.
机关枢纽...	Trung khu cơ quan...
阵眼显形，破！	Trận nhãn hiện hình, phá!
轮盘机缘阵...	Trận cơ duyên luân bàn...
机缘轮盘？测我气运。	Luân bàn cơ duyên? Đo khí vận của ta.
轮转生死，窥探天机！	Luân chuyển sinh tử, nhòm ngó thiên cơ!
落子问心局..	Cục hỏi tâm đặt quân..
问心棋局？考验道心。	Cờ hỏi tâm? Kiểm nghiệm đạo tâm.
落子无悔，道心坚定！	Đặt quân không hối, đạo tâm kiên định!
机缘兑换阵...	Trận đổi chác cơ duyên...
功德兑换？以物易物。	Đổi công đức? Vật đổi vật.
礼炮法器...	Pháp khí lễ pháo...
庆典礼炮？可发祥瑞。	Lễ pháo kỷ niệm? Có thể phát tường vân.
法器充能中...	Pháp khí đang nạp năng lượng...
仙缘法坛基座...	Đế tòa pháp đàn tiên duyên...
法坛初成，灵气稀薄。	Pháp đàn mới thành, linh khí thưa thớt.
法坛升级，灵气渐浓。	Pháp đàn nâng cấp, linh khí dần nồng.
法坛圆满，可聚天地元气！	Pháp đàn viên mãn, có thể tụ thiên địa nguyên khí!
灵卵流转阵基...	Trận cơ lưu chuyển linh noãn...
灵卵周天运转，暗合阴阳之道。	Linh noãn chu thiên vận chuyển, ngầm hợp âm dương chi đạo.
幻梦琉璃灯构件...	Cấu kiện đèn lưu ly huyễn mộng...
此灯汲取梦境之力，化作流光溢彩。	Ngọn đèn này hút sức mạnh cõi mộng, hóa thành lưu quang ắp đầy sắc màu.
芥子乾坤树苗...	Cây con giới tử càn khôn...
一叶一世界，此树内蕴乾坤。	Một lá một thế giới, cây này bên trong hàm chứa càn khôn.
流光摄魂幡材料...	Vật liệu phướn thu hồn lưu quang...
此幡可摄天地精光，化为己用。	Phướn này có thể thu thiên địa tinh quang, hóa thành dùng cho mình.
稀世灵偶，内蕴道韵！	Linh ngẫu hi thế, bên trong hàm chứa đạo vận!
上品灵偶，灵气充盈。	Linh ngẫu thượng phẩm, linh khí đầy ắp.
普通灵偶，聊胜于无。	Linh ngẫu thông thường, còn hơn không có gì.
青玉秘匣，或藏机缘。	Bí hộp ngọc thanh, hoặc ẩn cơ duyên.
金阙宝匣，必非凡品。	Bảo hộp kim khuyết, tất không phải phàm phẩm.
赤炎灵珠，内蕴真火。	Linh châu xích diễm, bên trong hàm chứa chân hỏa.
灵鸦食饵，可诱仙禽。	Mồi ăn linh nha, có thể dụ tiên cầm.
玉粟灵汤，饮之清心。	Linh thang ngọc túc, uống vào thanh tâm.
霓虹羽衣，光华流转。	Vũ y cầu vồng, quang hoa lưu chuyển.
青冥斗篷，隐迹藏形。	Đấu bồng thanh minh, ẩn tích tàng hình.
流云披肩，轻若无物。	Khăn choàng lưu vân, nhẹ như không có gì.
天工织机，巧夺天工。	Khung dệt thiên công, tài khéo vượt thiên công.
织天机散件，待我组装。	Bộ phận rời khung dệt thiên cơ, chờ ta lắp ráp.
论道法坛，群贤毕至。	Pháp đàn luận đạo, anh tài tề tựu.
灵兽演武场，可展神通。	Võ trường linh thú, có thể trình thần thông.
法坛基座，需精心搭建。	Đế tòa pháp đàn, cần cẩn thận dựng xây.
演武阵基，当稳固根基。	Trận cơ diễn võ, cần ổn cố căn cơ.
幽冥战甲残图，可炼阴兵。	Tàn đồ chiến giáp u minh, có thể luyện âm binh.
天宫仙铠碎片，华美非常。	Mảnh tiên khải thiên cung, hoa mỹ phi thường.
喜庆祥瑞图样，寓意吉祥。	Mẫu tường vân hỷ khánh, mang ý nghĩa cát tường.
战偶傀儡，杀气不足。	Quái lỗi chiến ngẫu, sát khí không đủ.
战意傀儡，尚缺灵性。	Quái lỗi chiến ý, vẫn thiếu linh tính.
布偶傀儡，难成大器。	Quái lỗi bố ngẫu, khó thành đại khí.
布偶之形，徒具其表。	Hình thức bố ngẫu, chỉ có bề ngoài.
喜庆傀儡，华而不实。	Quái lỗi hỷ khánh, hoa mà không thực.
庆典傀儡，热闹有余。	Quái lỗi kỷ niệm, ồn ào có thừa.
草木傀儡，生机微弱。	Quái lỗi thảo mộc, sinh cơ vi nhược.
自然傀儡，灵气尚可。	Quái lỗi tự nhiên, linh khí tạm được.
铁甲傀儡，机关之术。	Quái lỗi thiết giáp, thuật cơ quan.
机关傀儡，不知裁判如何评判。	Quái lỗi cơ quan, không biết trọng tài đánh giá thế nào.
寒冰傀儡，寒气逼人。	Quái lỗi hàn băng, hàn khí bức người.
冰系傀儡，寒意凛然。	Quái lỗi băng hệ, hàn ý lẫm nhiên.
正装傀儡，拘泥形式。	Quái lỗi trang phục chính, câu nệ hình thức.
礼仪傀儡，过于刻板。	Quái lỗi lễ nghi, quá cứng nhắc.
西洋傀儡，异域风情。	Quái lỗi tây dương, phong tình ngoại quốc.
异域傀儡，风格独特。	Quái lỗi ngoại quốc, phong cách độc đáo.
野兽傀儡，野性未驯。	Quái lỗi dã thú, dã tính chưa thuần.
凶兽傀儡，气势尚可。	Quái lỗi hung thú, khí thế tạm được.
战甲图谱，杀气凛然。	Đồ phổ chiến giáp, sát khí lẫm nhiên.
布偶图谱，过于柔弱。	Đồ phổ bố ngẫu, quá mềm yếu.
庆典图谱，华美有余。	Đồ phổ kỷ niệm, hoa mỹ có thừa.
机关图谱，巧夺天工。	Đồ phổ cơ quan, tài khéo vượt thiên công.
自然图谱，生机盎然。	Đồ phổ tự nhiên, sinh cơ tràn đầy.
正装图谱，拘谨刻板。	Đồ phổ trang phục chính, cẩn thận cứng nhắc.
西洋图谱，异域风情。	Đồ phổ tây dương, phong tình ngoại quốc.
寒冰图谱，冷冽逼人。	Đồ phổ hàn băng, lạnh lẽo bức người.
凶兽图谱，野性难驯。	Đồ phổ hung thú, dã tính khó thuần.
御兽铃，可通灵兽心意。	Linh ngự thú, có thể thông tâm ý linh thú.
浣猫巢穴，妖气弥漫。	Sào huyệt gấu trúc Mỹ, yêu khí lan tràn.
巢穴焚毁，妖物四散。	Sào huyệt bị thiêu, yêu vật tứ tán.
小妖躲藏，待我寻之。	Tiểu yêu ẩn nấp, chờ ta tìm kiếm.
时限将至，速速现身。	Thời hạn sắp đến, mau mau hiện thân.
浣猫巢穴构件，需精心搭建。	Cấu kiện sào huyệt gấu trúc Mỹ, cần cẩn thận dựng xây.
虎纹灵猫，颇具灵性。	Linh miêu hổ vằn, có khá nhiều linh tính.
灵猫离去，独自寻宝。	Linh miêu rời đi, một mình tìm kiếm bảo vật.
寻得宝物，功成身退。	Tìm được bảo vật, công thành thân thoái.
线索中断，前功尽弃。	Manh mối bị đứt, công trước uổng phí.
妖气临近，宝物不远。	Yêu khí đang đến gần, bảo vật không xa.
灵猫引路，随之前行。	Linh miêu dẫn đường, theo đó tiến lên.
此猫有主，不为我用。	Con mèo này có chủ, không phục vụ ta.
四下无宝，空手而归。	Xung quanh không có bảo vật, trắng tay trở về.
距离过远，难以企及。	Khoảng cách quá xa, khó mà đạt được.
浣猫祭坛，供奉何物？	Tế đàn gấu trúc Mỹ, thờ phụng vật gì?
需奉上祭品，方显诚意。	Cần dâng tế phẩm, mới thể hiện thành ý.
祭坛焚毁，灵气尽失。	Tế đàn bị thiêu, linh khí tận mất.
林间灵猫，身手敏捷。	Linh miêu trong rừng, thân thủ lanh lẹ.
草原灵猫，目光锐利。	Linh miêu thảo nguyên, mắt sắc bén.
沼泽灵猫，善于隐匿。	Linh miêu đầm lầy, giỏi ẩn nấp.
落叶灵猫，与环境相融。	Linh miêu lá rụng, hòa vào môi trường.
草野灵猫，行动迅捷。	Linh miêu đồng cỏ, hành động nhanh nhẹn.
岩石灵猫，攀爬高手。	Linh miêu đá, cao thủ leo trèo.
沙漠灵猫，耐旱耐热。	Linh miêu sa mạc, chịu hạn chịu nóng.
月华灵猫，灵气充盈。	Linh miêu nguyệt hoa, linh khí đầy ắp.
赛会灵猫，机灵可爱。	Linh miêu hội đua, thông minh đáng yêu.
星陨石妖，也敢挡我去路！	Yêu thiên thạch sao, cũng dám chặn đường ta!
星核破碎，灵气四散。	Hạch tâm sao vỡ vụn, linh khí tứ tán.
妖物化形，气势更盛。	Yêu vật hóa hình, khí thế mạnh hơn.
不过尔尔。	Chẳng qua vậy thôi.
月华尖刺，暗藏杀机。	Gai nhọn nguyệt hoa, ẩn sát cơ.
星妖狂怒，正合我意。	Yêu sao cuồng nộ, đúng ý ta.
迷魂阵法，扰人心神。	Pháp trận mê hồn, quấy rối tâm thần.
星核残骸，尚存余温。	Tàn tích hạch tâm sao, vẫn còn dư ôn.
星妖伏诛，天地清明。	Yêu sao bị phục chú, thiên địa thanh minh.
星辉冠冕，可聚星辰之力。	Vương miện tinh huy, có thể tụ lực sao.
星冠碎片，光华流转。	Mảnh tinh quan, quang hoa lưu chuyển.
月华琉璃，非比寻常。	Lưu ly nguyệt hoa, phi thường.
星辰之力，充盈其中。	Lực sao, đầy ắp trong đó.
星辰雷煞，威力惊人。	Lôi sát tinh thần, uy lực kinh người.
禁锢雷煞，可为我用。	Giam cầm lôi sát, có thể dùng cho ta.
月魄流萤，灵气逼人。	Lưu huỳnh nguyệt phách, linh khí bức người.
月蚀乌鸦，形态诡异。	Quạ nguyệt thực, hình thái quái dị.
变异怪鸟，凶性毕露。	Dị điểu biến dị, hung tính bộc lộ hết.
老道修士，或可相助。	Tu sĩ lão đạo, hoặc có thể tương trợ.
我辈修士，何惧劳顿。	Tu sĩ chúng ta, sao lại sợ lao nhọc.
此人遁去，不知所踪。	Người này độn đi, không biết tung tích.
此器正在炼化星妖元神。	Dụng cụ này đang luyện hóa nguyên thần yêu sao.
正是所需法器。	Chính là pháp khí cần dùng.
天机玄妙，不可轻言。	Thiên cơ huyền diệu, không thể nói bừa.
趁手法宝，得心应手。	Pháp bảo đắc lực, thuận tay.
神物感应，必有大用。	Thần vật cảm ứng, tất có đại dụng.
法宝妙用，我已洞悉。	Diệu dụng pháp bảo, ta đã thấu suốt.
星象护目，可窥天机。	Kính hộ mục tinh tượng, có thể nhòm thiên cơ.
月华虹吸大阵，果然玄妙。	Đại trận hút nguyệt hoa, quả nhiên huyền diệu.
阵法初成，灵气渐聚。	Pháp trận mới thành, linh khí dần tụ.
阵基稳固，只待启动。	Trận cơ ổn cố, chỉ chờ khởi động.
返老还童钟，可逆转光阴。	Đồng hồ trả lại tuổi xuân, có thể đảo ngược thời gian.
灵气未满，尚需温养。	Linh khí chưa đầy, vẫn cần ôn dưỡng.
续命时晷，可起死回生。	Nhật quỹ tục mệnh, có thể hồi sinh kẻ chết.
阴阳未调，生机未复。	Âm dương chưa điều hòa, sinh cơ chưa phục.
时空倒流仪，玄奥非常。	Thiết bị thời không đảo lưu, huyền áo phi thường.
逆转乾坤，需蓄力良久。	Đảo ngược càn khôn, cần tích lực lâu dài.
溯源表，可追本溯源。	Biểu truy nguyên, có thể truy gốc tìm nguồn.
贯通古今，耗费心神。	Thông suốt xưa nay, hao phí tâm thần.
时空裂隙仪，可穿梭位面。	Thiết bị liệt khích thời không, có thể xuyên thoi vị diện.
撕裂虚空，需积蓄力量。	Xé rách hư không, cần tích tụ lực lượng.
时辰丧钟，敲响必见血光。	Đại hồng chung giờ tử, gõ lên tất thấy huyết quang.
时间碎片，蕴含时空法则。	Mảnh vỡ thời gian, hàm chứa pháp tắc thời không.
时轮拆解器，专破时空禁制。	Dụng cụ tháo dỡ thời luân, chuyên phá cấm chế thời không.
时空裂缝，通往未知之境。	Liệt phùng thời không, dẫn đến cõi chưa biết.
位面通道，可跨越世界。	Thông đạo vị diện, có thể vượt qua thế giới.
时空隧道出口，重返现世。	Cửa ra đường hầm thời không, trở lại thế giới hiện tại.
擎天水木，支撑天地。	Thủy mộc kình thiên, chống đỡ thiên địa.
海中奇树，别有洞天。	Cây kỳ trong biển, biệt có thiên địa.
树果之中，暗藏生机。	Trong quả cây, ẩn chứa sinh cơ.
古树灵根，深扎海底。	Linh căn cổ thụ, cắm sâu đáy biển.
海中玉柱，虽逊原木，亦显雄奇。	Ngọc trụ trong biển, tuy kém gỗ nguyên, cũng hiển hùng kỳ.
青蛟藤蔓，缠绕如龙。	Dây leo thanh giao, quấn quýt như rồng.
无花之果，暗结灵实。	Quả không hoa, ngầm kết linh thực.
炙烤灵果，香气四溢。	Linh quả nướng nóng, hương thơm tỏa khắp.
水黾妖物，踏波而行。	Yêu vật bọ nước, bước sóng mà đi.
水黾变异丹，可化形为妖。	Đan biến dị bọ nước, có thể hóa hình thành yêu.
藤蔓茧房，内藏玄机。	Kén dây leo, bên trong ẩn huyền cơ.
焦黑残茧，灵气尽失。	Kén thiêu đen tàn, linh khí tận mất.
草鳄灵兽，似有灵性。	Linh thú cá sấu cỏ, dường như có linh tính.
古树灵浆，可促生长。	Linh tương cổ thụ, có thể thúc đẩy sinh trưởng.
灵果面条，别有风味。	Mì linh quả, hương vị riêng biệt.
灵果烤串，简便可口。	Xiên nướng linh quả, đơn giản ngon miệng.
象鼻酿果，滋味独特。	Linh quả nhồi vòi voi, hương vị độc đáo.
灵果蛙腿，腥气尽除。	Đùi ếch linh quả, tanh khí tan hết.
盒中世界，令人神往。	Thế giới trong hộp, khiến người mơ tưởng.
血光笼罩，凶兆显现。	Huyết quang bao phủ, hung triệu hiển hiện.
盒中封印，即将开启。	Phong ấn trong hộp, sắp mở.
静待夜幕，方显真容。	Tĩnh chờ màn đêm, mới hiển chân dung.
灵气未复，需待时日。	Linh khí chưa phục, cần chờ thời gian.
盒中世界，归于沉寂。	Thế giới trong hộp, quy về im lặng.
炼体法坛，可锻筋骨。	Pháp đàn luyện thể, có thể rèn gân cốt.
法坛焚毁，前功尽弃。	Pháp đàn bị thiêu, công trước uổng phí.
凡铁哑铃，轻若无物。	Tạ phàm sắt, nhẹ như không có gì.
金精哑铃，可锻体魄。	Tạ kim tinh, có thể rèn thể phách.
玄石哑铃，重若千钧。	Tạ huyền thạch, nặng như ngàn cân.
灵玉哑铃，蕴含天地之力。	Tạ linh ngọc, hàm chứa thiên địa chi lực.
灵根袋，可储土系灵物。	Túi linh căn, có thể chứa linh vật thổ hệ.
暖阳哑铃，可活血通络。	Tạ noãn dương, có thể hoạt huyết thông lạc.
火玉哑铃，灼热逼人。	Tạ hỏa ngọc, thiêu đốt bức người.
冰晶哑铃，寒气凛冽。	Tạ băng tinh, hàn khí lẫm liệt.
显眼宝箱，或藏凶险。	Rương kho lộ liễu, hoặc ẩn hung hiểm.
宝箱焚毁，凶险尽除。	Rương kho bị thiêu, hung hiểm tận trừ.
此箱灵气异常，非同寻常。	Linh khí rương này dị thường, phi thường.
眼罩面具，可遮天机。	Mặt nạ che mắt, có thể che thiên cơ.
恐怖魔眼，邪气凛然。	Ma nhãn khủng khiếp, tà khí lẫm nhiên.
窥视小妖，扰人清静。	Tiểu yêu nhòm ngó, quấy rối yên tĩnh.
魔眼之卵，即将孵化。	Trứng ma nhãn, sắp ấp nở.
冰镇灵蕉，清凉解暑。	Linh tiêu ướp lạnh, thanh lương giải nhiệt.
灵兔炖汤，滋补养身。	Canh thỏ linh hầm, bồi dưỡng dưỡng thân.
乳白灵液，功效未知。	Linh dịch nhũ trắng, công hiệu chưa biết.
驯服魔眼，或可一用。	Ma nhãn đã thuần, hoặc có thể dùng.
魔眼盾牌，可御邪祟。	Khiên ma nhãn, có thể chống tà chú.
激光魔眼，是敌是友？	Ma nhãn laser, là địch hay bạn?
魔焰之眼，凶威赫赫。	Nhãn của ma diễm, hung uy hiển hách.
红眼冠饰，似有来历。	Trang sức mão mắt đỏ, dường như có lai lịch.
金砖铺地，过于奢靡。	Gạch vàng lót nền, quá xa hoa.
青砖铺路，稳固踏实。	Gạch xanh lát đường, vững chắc thực tế.
香火微明，可安神魂。	Hương lửa mờ nhạt, có thể an thần hồn.
需奉香火，方显灵验。	Cần dâng hương lửa, mới linh nghiệm.
灵光渐盛，可助修行。	Linh quang dần mạnh, có thể trợ tu hành.
香火未燃，灵气不显。	Hương lửa chưa đốt, linh khí không hiện.
光华万丈，令人顿悟。	Quang hoa vạn trượng, khiến người đốn ngộ.
待燃香火，方现真容。	Chờ đốt hương lửa, mới hiện chân dung.
机关鼠玩，可戏灵猫。	Chuột cơ quan đồ chơi, có thể đùa linh miêu.
灵猫项圈，需赐名号。	Vòng cổ linh miêu, cần ban tên hiệu.
假凤傀儡，可娱灵猫。	Quái lỗi phượng giả, có thể vui linh miêu.
傀儡焚毁，徒留残骸。	Quái lỗi bị thiêu, chỉ còn tàn tích.
逗猫灵鱼，扰人心神。	Linh ngư đùa mèo, quấy rối tâm thần.
灵鱼焦黑，再无用处。	Linh ngư đen thui, không còn ích dụng.
假凤机关组件，待我组装。	Cấu kiện cơ quan phượng giả, chờ ta lắp ráp.
灵鱼机关部件，易如反掌。	Bộ phận cơ quan linh ngư, dễ như trở bàn tay.
护体法阵，可增气血。	Pháp trận hộ thể, có thể tăng khí huyết.
清心法印，稳守灵台。	Pháp ấn thanh tâm, ổn thủ linh đài.
定魂法阵，万邪不侵。	Pháp trận định hồn, vạn tà không xâm.
神行符箓，步若流星。	Phù lục thần hành, bước như lưu tinh.
缩地成寸，瞬息千里。	Thu địa thành tấc, thoáng chốc nghìn dặm.
炎阳真火，焚尽八荒。	Chân hỏa viêm dương, thiêu hết bát hoang.
夜明法眼，洞彻幽冥。	Pháp nhãn dạ minh, thấu suốt u minh.
玄冰寒气，冻结虚空。	Hàn khí huyền băng, đông kết hư không.
天雷法咒，诛邪灭魔。	Pháp chú thiên lôi, trừ tà diệt ma.
大光明咒，普照大千。	Chú đại quang minh, chiếu khắp đại thiên.
辟谷法门，可减食粮。	Pháp môn tịch cốc, có thể giảm lương thực.
吞天噬地，不食五谷。	Nuốt trời ăn đất, không ăn ngũ cốc.
清心仙乐，调和阴阳。	Tiên nhạc thanh tâm, điều hòa âm dương.
蜂群法咒，扰敌心神。	Pháp chú bầy ong, quấy rối tâm thần địch.
不灭金身，万劫不磨。	Kim thân bất diệt, vạn kiếp không mài mòn.
机关傀儡，竟有分神之能？	Quái lỗi cơ quan, lại có khả năng phân thần?
锁定目标，速速擒拿。	Khóa định mục tiêu, mau mau bắt lấy.
探查万物，解析天机。	Thăm dò vạn vật, giải tích thiên cơ.
此等法器，可会通灵？	Pháp khí loại này, có thể thông linh không?
急于邀功，可笑至极。	Hấp tấp lập công, đáng cười cực độ.
抽魂法器，玄妙非常。	Pháp khí trích hồn, huyền diệu phi thường.
内藏天机，需细参悟。	Bên trong ẩn thiên cơ, cần tỉ mỉ tham ngộ.
灵禽蛋膳，尚需火候。	Trứng linh cầm, vẫn cần thêm lửa.
灵蔬蛋羹，晨修佳品。	Canh trứng linh thảo, sản phẩm tốt cho buổi sáng tu luyện.
高鸟灵蛋，别有风味。	Trứng linh cầm cao, hương vị riêng biệt.
灵兽饲料，非我所需。	Thức ăn linh thú, không phải thứ ta cần.
灵兽零嘴，不合口味。	Đồ ăn vặt linh thú, không hợp khẩu vị.
定海神舵，掌控方向。	Thần đà định hải, kiểm soát phương hướng.
神舵组件，待我组装。	Cấu kiện thần đà, chờ ta lắp ráp.
海带护阵，聊作防御。	Hộ trận tảo biển, miễn cưỡng làm phòng thủ.
海带护阵材料，需精心布置。	Vật liệu hộ trận tảo biển, cần cẩn thận bố trí.
贝甲护船，坚不可摧。	Giáp vỏ sò hộ thuyền, kiên không thể phá.
贝甲法阵材料，需细心炼制。	Vật liệu pháp trận giáp vỏ sò, cần tỉ mỉ luyện chế.
震海神炮，需填弹药。	Thần pháo chấn hải, cần nạp đạn dược.
弹药就位，随时可发。	Đạn dược đã vào vị trí, bất cứ lúc nào có thể phóng.
弹药已尽，需速补充。	Đạn dược đã hết, cần bổ sung ngay.
神炮组件，他日必成利器。	Cấu kiện thần pháo, ngày sau tất thành lợi khí.
震海神雷，威力无穷。	Thần lôi chấn hải, uy lực vô cùng.
天罗地网，可捕海妖。	Thiên la địa võng, có thể bắt hải yêu.
布网已毕，静待收获。	Giăng lưới đã xong, tĩnh chờ thu hoạch.
网中有获，可起网矣。	Trong lưới có thu được, có thể kéo lưới.
猎物脱网，功亏一篑。	Con mồi thoát lưới, công thiếu một sàng.
法网修复，可再用之。	Pháp võng tu phục, có thể dùng lại.
天罗地网阵基，需布于灵气汇聚之处。	Trận cơ thiên la địa võng, cần bố trí ở nơi linh khí hội tụ.
引航罗盘，可指方位。	La bàn dẫn hàng, có thể chỉ phương vị.
罗盘起效，指引航向。	La bàn có hiệu, chỉ dẫn hướng hải.
磁航法器组件，可自寻灵脉。	Cấu kiện pháp khí từ hàng, có thể tự tìm linh mạch.
磁航灯塔，吸引万铁。	Hải đăng từ hàng, thu hút vạn sắt.
灯塔放光，指引归途。	Hải đăng tỏa sáng, chỉ dẫn đường về.
筑港阵基，一应俱全。	Trận cơ xây cảng, đầy đủ mọi thứ.
码头灵桩，稳固根基。	Cọc linh cầu tàu, ổn cố căn cơ.
灵猴巢穴，喧闹不堪。	Sào huyệt linh hầu, ồn ào không chịu nổi.
猴窝焚毁，清净许多。	Tổ khỉ bị thiêu, yên tĩnh nhiều hơn.
火药灵猴，顽劣不堪。	Linh hầu hỏa dược, ngỗ ngược không chịu nổi.
猴群大副，头戴华冠。	Đại phó đàn khỉ, đầu đội hoa quan.
发光灵蟹，夜明如灯。	Linh giải phát sáng, ban đêm sáng như đèn.
木制短剑，聊胜于无。	Đoản kiếm gỗ, còn hơn không có gì.
诅咒猴符，暗藏凶险。	Phù khỉ nguyền rủa, ẩn hung hiểm.
持桨战猴，可笑可叹。	Chiến hầu cầm mái chèo, đáng cười đáng than.
香蕉灵丛，果实累累。	Linh tùng chuối, quả trĩu nặng.
灵根离土，生机渐失。	Linh căn rời đất, sinh cơ dần mất.
异种灵木，似松非松。	Linh mộc dị chủng, giống thông mà không phải thông.
灵木种子，蕴含生机。	Hạt giống linh mộc, hàm chứa sinh cơ.
灵木幼苗，需勤照料。	Cây con linh mộc, cần chăm sóc cần cù.
灵木鳞片，坚如铁甲。	Vảy linh mộc, cứng như giáp sắt.
猴尾灵草，可入丹药。	Linh thảo đuôi khỉ, có thể vào đan dược.
灵草离土，药性渐失。	Linh thảo rời đất, dược tính dần mất.
粗制猴冠，毫无灵性。	Quan khỉ thô chế, không có chút linh tính.
简陋头巾，不值一提。	Khăn đầu sơ sài, không đáng nhắc.
灵鸟羽冠，可通鸟语。	Vũ quan linh điểu, có thể thông điểu ngữ.
通灵鹦鹉，能言善辩。	Anh vũ thông linh, tài ăn nói biện thuyết.
单向传送门，有去无回。	Cổng truyền tống một chiều, có đi không về.
残破机关，似曾相识。	Cơ quan tàn phá, dường như đã từng quen biết.
猴群女王，统御一方。	Nữ vương đàn khỉ, thống trị một phương.
猴族图腾，供奉先祖。	Đồ án tộc khỉ, thờ phụng tổ tiên.
海盗旗杆，彰显凶威。	Cột cờ hải tặc, thể hiện hung uy.
黑旗飘扬，凶猴盘踞。	Cờ đen bay phấp phới, hung hầu đóng chốt.
海盗藏宝，或有机缘。	Kho báu hải tặc, hoặc có cơ duyên.
藏宝地图，指引方向。	Bản đồ kho báu, chỉ dẫn phương hướng.
香蕉灵液，可补元气。	Linh dịch chuối, có thể bổ nguyên khí.
栅栏击剑，重整阵势。	Đấu kiếm hàng rào, chỉnh đốn lại trận thế.
幻境舞台，暗藏杀机。	Sân khấu ảo cảnh, ẩn sát cơ.
戏文剧本，操纵人心。	Kịch bản kịch văn, thao túng lòng người.
饶舌妖鸟，扰乱心神。	Yêu điểu miệng mỏ, nhiễu loạn tâm thần.
傀儡戏文，何人执笔？	Kịch văn quái lỗi, ai cầm bút?
荆棘雕像，生生不息。	Tượng gai, sinh sinh bất tức.
蔷薇狼兽，凶悍异常。	Lang thú tường vi, hung dữ dị thường.
荆棘丛生，暗藏杀机。	Gai mọc um tùm, ẩn sát cơ.
人偶面具，诡异非常。	Mặt nạ người ngẫu, quái dị phi thường.
破损人偶面具，灵气外泄。	Mặt nạ người ngẫu bị hỏng, linh khí ngoại tiết.
修补人偶面具，勉强可用。	Mặt nạ người ngẫu tu bổ, miễn cưỡng có thể dùng.
铁匠面具，匠气十足。	Mặt nạ thợ rèn, thợ khí mười phần.
镜面面具，反射虚妄。	Mặt nạ gương, phản chiếu ảo vọng.
女王面具，威仪凛然。	Mặt nạ nữ vương, uy nghi lẫm nhiên.
国王面具，霸气外露。	Mặt nạ quốc vương, bá khí lộ ra ngoài.
古树面具，生机勃勃。	Mặt nạ cổ thụ, sinh cơ bừng bừng.
愚者面具，大智若愚。	Mặt nạ kẻ ngu, đại trí nhược ngu.
人偶戏服，可扮傀儡。	Trang phục người ngẫu, có thể đóng giả quái lỗi.
女王戏服，威仪万千。	Trang phục nữ vương, uy nghi vạn phần.
国王戏服，霸气凛然。	Trang phục quốc vương, bá khí lẫm nhiên.
铁匠戏服，匠魂附体。	Trang phục thợ rèn, hồn thợ nhập thân.
镜面戏服，虚实难辨。	Trang phục gương, hư thực khó phân.
古树戏服，生机盎然。	Trang phục cổ thụ, sinh cơ tràn đầy.
愚者戏服，暗藏玄机。	Trang phục kẻ ngu, ẩn huyền cơ.
区区傀儡，也敢拦路？	Quái lỗi tầm thường, cũng dám chặn đường?
此地煞气弥漫，需谨慎行事。	Nơi này sát khí lan tràn, cần thận trọng hành sự.
衣架傀儡，毫无灵性。	Quái lỗi giá áo, hoàn toàn không có linh tính.
傀儡焚毁，化为灰烬。	Quái lỗi bị thiêu, hóa thành tro tàn.
魔术宝箱，暗藏玄机。	Rương ảo thuật, ẩn huyền cơ.
魔术高帽，似有法力。	Mũ cao ảo thuật, dường như có pháp lực.
枕头战阵，孩童把戏。	Trận chiến gối, trò của trẻ em.
战阵金钟，静待敲响。	Kim chung trận chiến, tĩnh chờ gõ vang.
钟声震耳，扰人清静。	Tiếng chuông điếc tai, quấy rối yên tĩnh.
玉兔灯盏，灵气充盈。	Đèn ngọc thỏ, linh khí đầy ắp.
灯盏熄灭，灵气消散。	Đèn tắt, linh khí tiêu tán.
高兔明灯，光华流转。	Đèn sáng thỏ cao, quang hoa lưu chuyển.
明灯失辉，暗淡无光。	Đèn sáng mất huy, tối tăm vô quang.
兔妖毛球，可作法器材料。	Cầu lông thỏ yêu, có thể làm vật liệu pháp khí.
玉兔灯组件，需妥善安置。	Cấu kiện đèn ngọc thỏ, cần đặt ổn thỏa.
高兔灯部件，当择地而置。	Bộ phận đèn thỏ cao, nên chọn đất mà đặt.
幽冥玄石，可吸光华。	Huyền thạch u minh, có thể hút quang hoa.
怨煞精华，炼器上品。	Tinh hoa oán sát, thượng phẩm luyện khí.
昼行妖物，凶煞逼人。	Yêu vật đi ban ngày, hung sát bức người.
妖物被困，犹自挣扎。	Yêu vật bị giam cầm, vẫn tự vùng vẫy.
石柱之中，煞气暗藏。	Trong thạch trụ, sát khí ẩn chứa.
玄铁现世，幽冥显形。	Huyền sắt hiện thế, u minh hiển hình.
幽冥玄甲，轻如鸿毛，坚如磐石。	Huyền giáp u minh, nhẹ như lông hồng, cứng như bàn thạch.
此盔可护元神，避邪祟。	Khôi này có thể hộ nguyên thần, tránh tà chú.
月华裂隙，近在咫尺却难入。	Liệt khích nguyệt hoa, gần trong gang tấc mà khó vào.
太阴精华，凝结成晶。	Tinh hoa thái âm, ngưng kết thành tinh.
月华妖植，也敢猖狂。	Yêu thực nguyệt hoa, cũng dám hoành hành.
妖植藤蔓，凶相毕露。	Dây leo yêu thực, hung tướng bộc lộ hết.
月华灵兽，自裂隙出。	Linh thú nguyệt hoa, từ liệt khích ra.
月华精粹，稀世珍宝。	Tinh túy nguyệt hoa, trân bảo hi thế.
月华甲壳，可炼法宝。	Giáp vỏ nguyệt hoa, có thể luyện pháp bảo.
太阴炼器炉，玄妙非常。	Lò luyện khí thái âm, huyền diệu phi thường.
太阴炉组件，需精心组装。	Cấu kiện lò thái âm, cần cẩn thận lắp ráp.
月华战甲修补材料。	Vật liệu tu bổ chiến giáp nguyệt hoa.
月华战甲，光华流转。	Chiến giáp nguyệt hoa, quang hoa lưu chuyển.
月魄头盔，可御灾劫。	Mũ trụ nguyệt phách, có thể ngự tai kiếp.
太阴雷珠，威力惊人。	Lôi châu thái âm, uy lực kinh người.
月桂枝法杖，御敌千里。	Pháp trượng cành nguyệt quế, chế địch nghìn dặm.
皓月剑锋，斩妖除魔。	Kiếm phong hạo nguyệt, chém yêu trừ ma.
太阴碎岩杵，开山裂石。	Chày nghiền đá thái âm, khai sơn liệt thạch.
月华锄铲，翻土如云。	Cuốc xẻng nguyệt hoa, lật đất như mây.
法器损毁，尚可修复。	Pháp khí bị hủy, vẫn có thể tu phục.
练功沙包，可试拳脚。	Bao cát luyện công, có thể thử quyền cước.
幽冥裂隙，阴气森森。	Liệt khích u minh, âm khí rợn rùng.
九幽炼器炉，可铸魔兵。	Lò luyện khí cửu u, có thể đúc ma binh.
幽冥炉组件，需谨慎处理。	Cấu kiện lò u minh, cần thận trọng xử lý.
融合暗影，凶煞异常。	Ám ảnh dung hợp, hung sát dị thường.
幽冥爆裂，毁天灭地。	U minh bùng nổ, hủy thiên diệt địa.
虚空玄丝，幽冥织就。	Huyền ty hư không, u minh dệt nên.
虚空织补材料。	Vật liệu vá víu hư không.
虚空风帽，可蔽天机。	Phong mạo hư không, có thể che thiên cơ.
虚空法袍，防御惊人。	Pháp bào hư không, phòng thủ kinh người.
幽冥伞，可挡酸雨。	Ô u minh, có thể chắn mưa axit.
虚空镰刀，收割生灵。	Lưỡi hái hư không, thu hoạch sinh linh.
暗影魔爪，凶戾非常。	Ma trảo ám ảnh, hung lệ phi thường.
暗影魔角，煞气逼人。	Ma giác ám ảnh, sát khí bức người.
暗影魔翼，徒具其形。	Ma dực ám ảnh, chỉ có hình thức.
此女身上，似有玄机。	Trên người người nữ này, dường như có huyền cơ.
幽冥鬼手，所求必凶。	Ma thủ u minh, những gì cầu tất hung.
九幽硝石，可炼阴雷。	Tiêu thạch cửu u, có thể luyện âm lôi.
幽冥玄石，自深渊来。	Huyền thạch u minh, từ thâm uyên đến.
凡修妄录，不足为凭。	Phàm tu vọng lục, không đủ làm bằng chứng.
树精雕像，多此一举。	Tượng điêu khắc tinh thần, thêm việc không cần.
木雕帽，工艺尚可。	Mũ chạm gỗ, công nghệ tạm được.
蟠龙杖，踏遍幽冥。	Trượng bàn long, bước khắp u minh.
污秽糖浆，不堪入口。	Xi rô ô uế, không thể vào miệng.
太阴雷珠，自行崩裂。	Lôi châu thái âm, tự mình vỡ vụn.
精魄已散，徒留躯壳。	Tinh phách đã tán, chỉ còn thân xác.
区区胡萝卜也敢成精？	Cà rốt tầm thường cũng dám thành tinh?
近观更显丑陋。	Nhìn gần càng thấy xấu xí.
沉睡时倒有几分可爱。	Lúc ngủ say lại có mấy phần đáng yêu.
袖中藏光，倒也有趣。	Ẩn ánh sáng trong tay áo, cũng khá thú vị.
灵果化龙，尚未成熟。	Linh quả hóa long, chưa chín.
时机已至，当可采摘。	Thời cơ đã đến, có thể hái rồi.
蛰伏休憩中。	Đang ẩn nấp nghỉ ngơi.
天机不可泄露。	Thiên cơ không thể tiết lộ.
待我抽空处置。	Chờ ta rảnh rỗi xử lý.
此柱可镇一方气运。	Cột này có thể trấn khí vận một phương.
昔日巍峨，今成废墟。	Xưa kia hiên ngang, nay thành phế tích.
幽冥之力，隐而未发。	Lực u minh, ẩn mà chưa phát.
九幽玄柱，亟待处置。	Huyền trụ cửu u, cần gấp xử lý.
煞气冲天，威势骇人。	Sát khí xung thiên, uy thế hãi người.
九幽玄柱，竟也崩塌...	Huyền trụ cửu u, lại cũng sụp đổ...
凡俗哨音，扰人清修。	Tiêu âm phàm tục, quấy rối tu luyện thanh tịnh.
晶体巨兽，眼中藏玄。	Cự thú tinh thể, trong mắt ẩn huyền.
妖瞳座狼，凶光毕露。	Tọa lang yêu đồng, hung quang bộc lộ hết.
异变熊獾，恐生事端。	Lửng gấu dị biến, e sẽ sinh chuyện.
月华妖蛙，莫与对视。	Yêu ếch nguyệt hoa, đừng nhìn thẳng vào mắt.
此獠当真伏诛了？	Tên này thật sự bị phục chú rồi?
焚尸灭迹，方为上策。	Thiêu xác diệt tung tích, mới là thượng sách.
竟是幻蜃之术！	Lại là thuật huyễn thần!
为何我仍感心神不宁？	Sao ta vẫn cảm thấy tâm thần bất an?
业火焚身，合该如此。	Nghiệp hỏa thiêu thân, đáng như vậy.
此乃何方妖术？	Đây là yêu thuật của phương nào?
臭不可闻的腌臜之物。	Vật bẩn thỉu thối không thể ngửi.
险些着了道。	Suýt nữa mắc bẫy.
这是哪位道友的手笔？	Đây là bút pháp của đạo hữu nào?
竟还残留着那孽畜的妖气...	Lại còn lưu lại yêu khí của nghiệt súc đó...
以妖齿为器，当真粗鄙。	Dùng nanh yêu làm khí, thật thô bỉ.
冰魄之眼，洞察秋毫。	Băng phách chi nhãn, thấu suốt từng sợi thu.
巨兽之眼，已失其主。	Nhãn của cự thú, đã mất chủ nhân.
冰眼法器，可镇心魔。	Pháp khí băng nhãn, có thể trấn tâm ma.
空荡囚笼，似有玄机。	Lồng giam rỗng không, dường như có huyền cơ.
困魔法器，囚禁灵能。	Pháp khí giam ma, giam cầm linh năng.
木工坊，可制凡间家具。	Xưởng mộc, có thể chế đồ nội thất phàm trần.
木坊焚毁，不堪再用。	Xưởng mộc bị thiêu, không dùng được nữa.
凡间木工坊，可制寻常家具。	Xưởng mộc phàm trần, có thể chế đồ nội thất thường.
材料已备，可施工艺。	Vật liệu đã chuẩn bị, có thể thi công kỹ thuật.
遭火焚毁，已无用处。	Bị lửa thiêu, đã không có ích.
木椅凡品，勉强可坐。	Ghế gỗ phàm phẩm, miễn cưỡng có thể ngồi.
已有他人就坐。	Đã có người khác ngồi.
焦木残椅，已无用处。	Ghế gỗ cháy còn lại, đã không có ích.
桌案摆件，装饰之用。	Đồ bày bàn, dùng để trang trí.
桌灯一盏，照明而已。	Một chiếc đèn bàn, chỉ để chiếu sáng.
花瓶雅致，可插灵花。	Bình hoa nhã trí, có thể cắm linh hoa.
空瓶待花，静候佳卉。	Bình rỗng chờ hoa, tĩnh chờ hoa đẹp.
花残叶败，需换新枝。	Hoa tàn lá héo, cần thay cành mới.
灵花初绽，光华流转。	Linh hoa mới nở, quang hoa lưu chuyển.
光华渐暗，需换新蕊。	Quang hoa dần tối, cần thay nhụy mới.
画框精美，可裱丹青。	Khung tranh tinh xảo, có thể bọc tranh.
素白画框，待绘佳作。	Khung tranh trắng tinh, chờ vẽ tác phẩm.
凡俗画像，难登大雅之堂。	Tranh vẽ phàm tục, khó lên đại nhã chi đường.
凡间乐器，不足为奇。	Nhạc cụ phàm trần, không đủ lạ.
音律载体，可存妙音。	Vật chứa âm luật, có thể lưu giữ âm thanh diệu.
幽森之音，煞气逼人。	Âm thanh u rừng, sát khí bức người.
凶险之音，不宜多听。	Âm thanh hung hiểm, không nên nghe nhiều.
破晓之音，生机盎然。	Âm thanh bình minh, sinh cơ tràn đầy.
异域音律，别有风味。	Âm luật ngoại quốc, hương vị riêng biệt.
黄昏之音，暮气沉沉。	Âm thanh hoàng hôn, mộ khí nặng nề.
玄妙音律，非比寻常。	Âm luật huyền diệu, phi thường.
终曲之音，余韵悠长。	Âm thanh khúc cuối, dư vận dài lâu.
主旋律音，气势恢宏。	Âm chủ nhạc, khí thế hùng tráng.
未成之曲，尚待完善。	Khúc chưa hoàn thành, vẫn chờ hoàn thiện.
远古音律，暗藏玄机。	Âm luật viễn cổ, ẩn huyền cơ.
齿轮头冠，引动真元。	Vương miện bánh răng, dẫn động chân nguyên.
机械战甲，似非凡品。	Chiến giáp cơ giới, dường như phi phàm phẩm.
废弃机关，或可再利用。	Cơ quan bỏ đi, hoặc có thể tái sử dụng.
机械残件，尚需雕琢。	Phụ kiện cơ giới, vẫn cần điêu khắc.
自动修机，巧夺天工。	Máy tự động sửa, tài khéo vượt thiên công.
变异笔记，玄妙非常。	Ghi chú biến dị, huyền diệu phi thường.
此物...似有玄机。	Vật này... dường như có huyền cơ.
幽冥无光，难辨虚实。	U minh không sáng, khó phân hư thực.
此物即将引动三昧真火。	Vật này sắp kích động Tam Muội Chân Hỏa.
此灵植生机盎然，道韵流转。	Linh thực này sinh cơ tràn đầy, đạo vận lưu chuyển.
此灵植恐遭心魔侵扰，道基不稳。	Linh thực này e bị tâm ma xâm nhiễu, đạo cơ không ổn.
此物灵气紊乱，恐生异变。	Linh khí vật này hỗn loạn, e sẽ sinh dị biến.
杂草丛生，当以剑气除之...	Cỏ dại mọc um tùm, nên dùng kiếm khí trừ đi...
孤阴不生，独阳不长。	Cô âm không sinh, độc dương không lớn.
灵植过密，灵气难聚。	Linh thực quá dày, linh khí khó tụ.
天时不济，灵韵受阻。	Thiên thời không thuận, linh vận bị cản.
真水不足，恐伤灵根。	Chân thủy không đủ, e sẽ tổn thương linh căn.
灵土贫瘠，难养仙葩。	Linh thổ nghèo nàn, khó nuôi tiên hoa.
此物似通灵性，需以道音点化。	Vật này dường như có linh tính, cần dùng đạo âm điểm hóa.
凡鸟之卵，勉强果腹。	Trứng điểu phàm, miễn cưỡng no bụng.
节庆灵食，蕴含祥瑞。	Linh thực ngày lễ, hàm chứa tường vân.
